post_permalink,comment_id,body,created_utc,score,depth
https://www.reddit.com/r/spain/comments/zmkypt/acudid_a_donar_sangre_quien_pueda_hace_falta/,j0bii46,"* **Respeta a los demás.** Debate y discute los méritos de las ideas presentadas, pero no ataques o insultes a otros usuarios.
    
* Si ves a otros usuarios violando las normas, por favor usa el **botón de Report**.",1671110537.0,1,0
https://www.reddit.com/r/spain/comments/zmkypt/acudid_a_donar_sangre_quien_pueda_hace_falta/,j0bu7si,"No soy español pero vivo aqui desde hace 3 años y desde entonces acudo cada 4 o 5 meses para donar. Es algo que hacia ya en mi pais de origen y que queria seguir aqui tambien. De hecho, queria ir de nuevo para mi cuarta donacion este año hace 2 semanas pero tuve un resfrio y todavia no estoy recuperado pero en cuanto este (y me imagino que no deberia tardar mucho ya) a 100%, volveré para ""completar"" el año. Es una cosilla pequeñita que puedo hacer para ayudar a los demas y me parece un acto muy importante de solidaridad. Si, es verdad que no te dan muchas ventajas aqui en España siendo donante (en mi pais de origen te dan el dia libre, 2 tickets restaurant (eso serian unos 12 euros) y 50% descuento a la hora de comprarte una tarjeta de transporte - y aun asi la gente no va para donar) pero al final no lo hago para que me den estas cositas, sino porque es muy sencillo y ademas despues me siento mejor conmigo mismo :) Asi que gente, a donar!",1671115938.0,82,0
https://www.reddit.com/r/spain/comments/zmkypt/acudid_a_donar_sangre_quien_pueda_hace_falta/,j0f1xi4,Aquí te dan un bocadillo de puta madre y una cocacola. No es mucho pero tampoco necesito más!,1671163536.0,6,1
https://www.reddit.com/r/spain/comments/zmkypt/acudid_a_donar_sangre_quien_pueda_hace_falta/,j0fo7ls,En Málaga te dan bollería mala y zumos malos,1671177933.0,2,2
https://www.reddit.com/r/spain/comments/zmkypt/acudid_a_donar_sangre_quien_pueda_hace_falta/,j0fswe9,Donde acudo yo (Valencia) te dan un zumito/una botella de agua y frutos secos o rosquilletas. A veces te dan un boli o algo asi :) Parece que es diferente en cada comunidad autonoma,1671181844.0,1,3
https://www.reddit.com/r/spain/comments/zmkypt/acudid_a_donar_sangre_quien_pueda_hace_falta/,j0gcqei,"Oye a mi me gustan los bollos! Yo personalmente no puedo donar porque tube cáncer de sangre, pero de las 14 ciudades en las que he vivido la bollería de Málaga de las mejores.",1671196398.0,1,3
https://www.reddit.com/r/spain/comments/zmkypt/acudid_a_donar_sangre_quien_pueda_hace_falta/,j0dj343,Muchas gracias por tu ayuda.,1671139483.0,5,1
https://www.reddit.com/r/spain/comments/zmkypt/acudid_a_donar_sangre_quien_pueda_hace_falta/,j0dt201,[removed],1671143444.0,3,1
https://www.reddit.com/r/spain/comments/zmkypt/acudid_a_donar_sangre_quien_pueda_hace_falta/,j0fsy10,Rumania,1671181883.0,5,2
https://www.reddit.com/r/spain/comments/zmkypt/acudid_a_donar_sangre_quien_pueda_hace_falta/,j0egslp,No va un poco contra el espíritu de donar algo que lo estés diciendo todo el dia,1671153683.0,-12,1
https://www.reddit.com/r/spain/comments/zmkypt/acudid_a_donar_sangre_quien_pueda_hace_falta/,j0f2nyk,"Cómo llegas a esa conclusión?

Yo creo que es al contrario. Alguien dona sangre porque lo ve como algo necesario. Como cree que está haciendo una buena acción, se enorgullece y presume de ello, además, también trata de persuadir a los demás para que sigan con su ejemplo.

No hay nada que se contradiga en esa situación. 

Otro gallo cantaría si fuese como por ejemplo los youtubers que se graban donando dinero a sintechos por la calle. Ahí ellos están ganando muchísimo más de lo que le están dando a esa persona, además de ganar fama de buena persona en las redes, están sacando un rédito económico de esa acción por todas partes.

Pero un random en Reddit que dice que dona sangre... Al siguiente post que lo leas poner algo no vas a acordarte de que era él, no está ganando ni buena ni mala fama porque no es un personaje público. No hay nada reprochable aquí.

Además dices que ""lo estés diciendo todo el día"" porque ha puesto UN COMENTARIO sobre ello... Tampoco sé de dónde sacas que está todo el día hablando de lo mismo.",1671163905.0,13,2
https://www.reddit.com/r/spain/comments/zmkypt/acudid_a_donar_sangre_quien_pueda_hace_falta/,j0ep3cl,"Si donas sangre periodicamente como si quieres llevar una bandera, mientras haya gente q no tenga problemas por falta de sangre dpm",1671157476.0,9,2
https://www.reddit.com/r/spain/comments/zmkypt/acudid_a_donar_sangre_quien_pueda_hace_falta/,j0fo8wh,Se trata del efecto llamada,1671177962.0,1,2
https://www.reddit.com/r/spain/comments/zmkypt/acudid_a_donar_sangre_quien_pueda_hace_falta/,j0fofdd,"No veo que esté echándose flores, lo veo más bien como animando al resto a hacerlo",1671178105.0,1,2
https://www.reddit.com/r/spain/comments/zmkypt/acudid_a_donar_sangre_quien_pueda_hace_falta/,j0blotj,"Son 20 minutillos cada 3 meses (4 las mujeres) y te dan un bocata y un zumo, esta guay",1671112123.0,91,0
https://www.reddit.com/r/spain/comments/zmkypt/acudid_a_donar_sangre_quien_pueda_hace_falta/,j0bxmci,Antes de que no me dejaran donar por gordo me gustaba ir periódicamente. Mi meta actual es adelgazar lo suficiente para que me dejen de nuevo,1671117358.0,14,1
https://www.reddit.com/r/spain/comments/zmkypt/acudid_a_donar_sangre_quien_pueda_hace_falta/,j0d1acy,donabas demasiado que engordaste?,1671132656.0,-1,2
https://www.reddit.com/r/spain/comments/zmkypt/acudid_a_donar_sangre_quien_pueda_hace_falta/,j0gcwnq,"Debería de ser al revés, donar sangre es lo que más calorías gasta. No le dejarán ahora porque los niveles de grasas en la sangre son demasiado altos.",1671196495.0,1,3
https://www.reddit.com/r/spain/comments/zmkypt/acudid_a_donar_sangre_quien_pueda_hace_falta/,j0gjsa5,lo se solo era una broma estupida aunque gracias por la explicación,1671199900.0,1,4
https://www.reddit.com/r/spain/comments/zmkypt/acudid_a_donar_sangre_quien_pueda_hace_falta/,j0boxfj,"Creo que lo del bocata ya no se hace, mi padre suele donar siempre y diria que es algo que ya no esta.",1671113624.0,22,1
https://www.reddit.com/r/spain/comments/zmkypt/acudid_a_donar_sangre_quien_pueda_hace_falta/,j0bqi2m,"Si se hace. Ayer en Madrid me dieron bocadillo, refresco y boli de regalo 😅",1671114328.0,27,2
https://www.reddit.com/r/spain/comments/zmkypt/acudid_a_donar_sangre_quien_pueda_hace_falta/,j0br61k,"Igual depende del sitio o la comunidad autónoma. He ido un montón de veces, pero siempre en Valencia y en la universidad, y me dan un paquete de rosquilletas (o pan de pipas en el resto de España) y un zumo.",1671114621.0,16,3
https://www.reddit.com/r/spain/comments/zmkypt/acudid_a_donar_sangre_quien_pueda_hace_falta/,j0c021r,"Sera eso, o incluso cambiará de centro a centro, a mi me dieron hace cosa de un mes, aunque esta vez eran sándwiches guarrillos del mercadona como comenta alguien mas abajo, espero que haya sido cosa de un dia",1671118333.0,8,4
https://www.reddit.com/r/spain/comments/zmkypt/acudid_a_donar_sangre_quien_pueda_hace_falta/,j0e10qo,Yo solo fui una vez en mi comunidad y daban helados 🤤 a parte del bocadillo y el refresco,1671146781.0,3,5
https://www.reddit.com/r/spain/comments/zmkypt/acudid_a_donar_sangre_quien_pueda_hace_falta/,j0bv2o7,Yo soy de la comunidad valenciana y ni siquiera de una capital xD,1671116299.0,2,4
https://www.reddit.com/r/spain/comments/zmkypt/acudid_a_donar_sangre_quien_pueda_hace_falta/,j0dyibq,Hace unos meses había donaciones en mi universidad y quería ir ahora que tengo 18 pero resulta que no llego al peso.,1671145702.0,1,4
https://www.reddit.com/r/spain/comments/zmkypt/acudid_a_donar_sangre_quien_pueda_hace_falta/,j0bxqzj,A mi me dieron un sandwich la ultima vez y no he vuelto. Bocadillo o huelga,1671117410.0,2,3
https://www.reddit.com/r/spain/comments/zmkypt/acudid_a_donar_sangre_quien_pueda_hace_falta/,j0carzh,"Siii, cuando done me dieron una caja con agua, galletas, zumo y un bocata.

Además de un hub USB que sigo usando a día de hoy y una botellita de cristal con funda ambos con el logo del centro de transfusiones.",1671122517.0,1,3
https://www.reddit.com/r/spain/comments/zmkypt/acudid_a_donar_sangre_quien_pueda_hace_falta/,j0fo9yh,En Málaga zumo y bollería malos,1671177987.0,1,3
https://www.reddit.com/r/spain/comments/zmkypt/acudid_a_donar_sangre_quien_pueda_hace_falta/,j0bxop7,en salamanca ponen sandwiches de esos cutres del mercadona,1671117384.0,5,2
https://www.reddit.com/r/spain/comments/zmkypt/acudid_a_donar_sangre_quien_pueda_hace_falta/,j0bzpmn,"La última vez que fui, hace cosa de un mes, habia de estos. Espero que sea cosa de un dia o me tendre que llevar mi propia merienda",1671118194.0,1,3
https://www.reddit.com/r/spain/comments/zmkypt/acudid_a_donar_sangre_quien_pueda_hace_falta/,j0c07az,"llevo sin ir desde la pandemia. Pero en salamanca solo he visto de esos durante años, no se en otros sitios",1671118393.0,1,4
https://www.reddit.com/r/spain/comments/zmkypt/acudid_a_donar_sangre_quien_pueda_hace_falta/,j0d0ssw,Te entiendo si al menos fueran gourmet. Es broma.,1671132465.0,1,3
https://www.reddit.com/r/spain/comments/zmkypt/acudid_a_donar_sangre_quien_pueda_hace_falta/,j0c5ngp,En mi comunidad son munchitos (bolsas de patatas fritas) chocolatinas y frutos secos. Luego agua y zumo. Y son súper generosos te dejan cuanto necesites.,1671120529.0,2,2
https://www.reddit.com/r/spain/comments/zmkypt/acudid_a_donar_sangre_quien_pueda_hace_falta/,j0cad0t,Que va tio! La ultima vez que done en La Fe me dieron orxata y fartons (cutrecillos claro pero que valenciano dice que no a una orxata?)  =),1671122359.0,1,2
https://www.reddit.com/r/spain/comments/zmkypt/acudid_a_donar_sangre_quien_pueda_hace_falta/,j0cxczg,Bocata tal vez no es tan común pero a mi siempre me han dado a elegir entre patatas un bollo y cosas así y me han hecho comermelo antes de poder irme.,1671131123.0,1,2
https://www.reddit.com/r/spain/comments/zmkypt/acudid_a_donar_sangre_quien_pueda_hace_falta/,j0fgoz2,Fui hace pocos meses a donar y me dieron un zumo y un bocadillo.,1671172263.0,1,2
https://www.reddit.com/r/spain/comments/zmkypt/acudid_a_donar_sangre_quien_pueda_hace_falta/,j0fuuxu,"En Galicia el otro día me dieron un bocadillo de jamón de puta madre, y como me quedé con hambre le pedí al tío otro y me lo dio también. Y eso junto con un par de aquarius y una bolsa (fea de cojones por cierto)",1671183536.0,1,2
https://www.reddit.com/r/spain/comments/zmkypt/acudid_a_donar_sangre_quien_pueda_hace_falta/,j0fwjdx,"Tendré que irme a Galicia entonces, también hacia mas frio, no?",1671185009.0,1,3
https://www.reddit.com/r/spain/comments/zmkypt/acudid_a_donar_sangre_quien_pueda_hace_falta/,j0go93j,"Sí, eso sí, pero en verano se está aceptable y no mueres de calor",1671201863.0,1,4
https://www.reddit.com/r/spain/comments/zmkypt/acudid_a_donar_sangre_quien_pueda_hace_falta/,j0bqji4,Tengo curiosidad. ¿Por qué el tiempo de espera entre donaciones en hombres es 3 meses y las mujeres 4?,1671114345.0,2,1
https://www.reddit.com/r/spain/comments/zmkypt/acudid_a_donar_sangre_quien_pueda_hace_falta/,j0bvbmi,"[Fuente](https://www.donarsangre.org/todo-sobre-la-sangre/preguntas-frecuentes/)

""¿Con qué frecuencia se puede donar sangre?

Se puede donar sangre con un intervalo mínimo de 2 meses. Los hombres pueden donar hasta 4 veces en un año natural, y las mujeres 3. Esta diferencia no es discriminación, sino para compensar las pérdidas que tienen las mujeres por la regla.""",1671116403.0,19,2
https://www.reddit.com/r/spain/comments/zmkypt/acudid_a_donar_sangre_quien_pueda_hace_falta/,j0bve70,a,1671116434.0,2,3
https://www.reddit.com/r/spain/comments/zmkypt/acudid_a_donar_sangre_quien_pueda_hace_falta/,j0cnk2k,Por el maldito hetero-patriarcado,1671127364.0,-1,2
https://www.reddit.com/r/spain/comments/zmkypt/acudid_a_donar_sangre_quien_pueda_hace_falta/,j0dxu2r,Pregunta seria. El sexo con condón con alguien que no es tu pareja habitual cuenta como relación de riesgo y por lo tanto descalifica a la hora de donar?,1671145418.0,2,1
https://www.reddit.com/r/spain/comments/zmkypt/acudid_a_donar_sangre_quien_pueda_hace_falta/,j0dyx0t,"Si no recuerdo mal, la pregunta al respecto (hay un listado antes de donar con unas 15 preguntas de respuesta si/no) es si has tenido relaciones sexuales SIN protección con alguien que no es tu pareja habitual, el sexo con condón te permitiría donar. La verdad es que no la recuerdo muy bien porque como se que esa no la he incumplido ni me la leo, pero estoy bastante convencido.",1671145878.0,4,2
https://www.reddit.com/r/spain/comments/zmkypt/acudid_a_donar_sangre_quien_pueda_hace_falta/,j0e1xj8,"Bueno es saberlo, la verdad que estaba evitando donar por no tener pareja",1671147161.0,1,3
https://www.reddit.com/r/spain/comments/zmkypt/acudid_a_donar_sangre_quien_pueda_hace_falta/,j0fvfzo,Yo voy con frecuencia y te confirmo que lo que se pregunta es si has tenido relaciones SIN protección.,1671184057.0,2,4
https://www.reddit.com/r/spain/comments/zmkypt/acudid_a_donar_sangre_quien_pueda_hace_falta/,j0fw4xy,¿Pero no hacen ya un análisis de la sangre una vez extraida para ver si hay infecciones?,1671184656.0,1,2
https://www.reddit.com/r/spain/comments/zmkypt/acudid_a_donar_sangre_quien_pueda_hace_falta/,j0g0vq5,"Según tengo entendido si, y en caso de tener alguna ETS u otra enfermedad te avisarían. Pero aún así se desaconseja donar si sabes que hay riesgo, quizás por logística? Eso no lo sé",1671188652.0,1,3
https://www.reddit.com/r/spain/comments/zmkypt/acudid_a_donar_sangre_quien_pueda_hace_falta/,j0bpuuj,[removed],1671114041.0,18,0
https://www.reddit.com/r/spain/comments/zmkypt/acudid_a_donar_sangre_quien_pueda_hace_falta/,j0ce5i5,"Yo no puedo porque vivía en Reino Unido durante los años 90s. :(

Pero, sí, tienes que tener al menos 18 años.",1671123792.0,13,1
https://www.reddit.com/r/spain/comments/zmkypt/acudid_a_donar_sangre_quien_pueda_hace_falta/,j0cqwfl,"Anda, y eso? Es por lo de las vacas locas o algo así?",1671128647.0,9,2
https://www.reddit.com/r/spain/comments/zmkypt/acudid_a_donar_sangre_quien_pueda_hace_falta/,j0cs7s5,"&gt;las vacas locas

Exacto eso.

&gt; Enfermedad de Creutzfeld-Jacob. Las personas que hayan residido por un periodo acumulativo de 1 año en Reino Unido en el periodo 1980-1996.

https://www.comunidad.madrid/servicios/salud/donacion-sangre",1671129149.0,15,3
https://www.reddit.com/r/spain/comments/zmkypt/acudid_a_donar_sangre_quien_pueda_hace_falta/,j0cun2e,"Yo también, es una lástima que no nos permiten donar sangre 😪",1671130076.0,3,2
https://www.reddit.com/r/spain/comments/zmkypt/acudid_a_donar_sangre_quien_pueda_hace_falta/,j0c5fqu,"Me llamaron de la red transfusional de Canarias para donar que era necesaria mi sangre por ser ""valiosa"" (0+), me concertaron cita en un centro de mayores pero he acudido ya dos veces y me lo encuentro cerrado. Se ve que la persona que comunican conmigo no es local y se equivocan con los puntos de donación. Estoy esperando a ver el puesto ambulante pero parece que no quieren que done :(",1671120446.0,18,0
https://www.reddit.com/r/spain/comments/zmkypt/acudid_a_donar_sangre_quien_pueda_hace_falta/,j0cds86,Vete a un hospital o pregunta en un centro de salud.,1671123647.0,12,1
https://www.reddit.com/r/spain/comments/zmkypt/acudid_a_donar_sangre_quien_pueda_hace_falta/,j0chd0m,Eso haré en cuanto vuelva a mi localidad gracias,1671125015.0,3,2
https://www.reddit.com/r/spain/comments/zmkypt/acudid_a_donar_sangre_quien_pueda_hace_falta/,j0d5hp9,[Aquí](https://efectodonacion.com/) tienes un montón de información. Y sino en la página del gobierno de Canarias también tienes dónde estará el punto itinerante. Ahora puedes hasta pedir cita y no pillas cola.,1671134270.0,4,1
https://www.reddit.com/r/spain/comments/zmkypt/acudid_a_donar_sangre_quien_pueda_hace_falta/,j0dfqt6,"He pedido cita anteriormente, lo que me obligan a ir a la capital a hacerlo y no estoy muy disponible para hacer ese trayecto, pero estaré al loro de la unidad móvil gracias.",1671138184.0,1,2
https://www.reddit.com/r/spain/comments/zmkypt/acudid_a_donar_sangre_quien_pueda_hace_falta/,j0fipq8,"Si por casualidad estás en Las Palmas en el Hospital Negrín tienen un punto de donación de sangre en una de sus plantas, me enteré hace poco menos de un mes mientras visitaba a un familiar ingresado y aproveché para donar. No sé si sigue activo pero tenían hasta unas flechas por el suelo del hospital que te guiaban osea que dudo que fuera cosa de una semana pero no estoy seguro.",1671173705.0,1,1
https://www.reddit.com/r/spain/comments/zmkypt/acudid_a_donar_sangre_quien_pueda_hace_falta/,j0ce4e5,"Te juro por dios que yo quiero donar, pero peso muy poco para hacerlo, no es la primera vez q hago cola de 30 min para que me saquen sangre y q me digan q lo sienten mucho pero que no pueden por mi peso",1671123780.0,12,0
https://www.reddit.com/r/spain/comments/zmkypt/acudid_a_donar_sangre_quien_pueda_hace_falta/,j0cup92,"me pasa lo mismo, ademas la tension, debes tener 9 de maxima como poco, y yo siempre ando entorno a ese numero

&amp;#x200B;

Los medicos me dicen q no puedo donar, pero las veces q estoy en 9.5 no me psaa nunca nada

&amp;#x200B;

Podrian en todo caso poner una donacion de la mitad para estos casos digo yo",1671130099.0,5,1
https://www.reddit.com/r/spain/comments/zmkypt/acudid_a_donar_sangre_quien_pueda_hace_falta/,j0d77v3,"Las bolsas son siempre del mismo tamaño y no pueden sacarte más del 10% de tu sangre. Creo que deberían tener bolsas también para gente fina que no llegue a los 50kg, pero por algún motivo no lo hacen.",1671134931.0,3,1
https://www.reddit.com/r/spain/comments/zmkypt/acudid_a_donar_sangre_quien_pueda_hace_falta/,j0obnxn,Cual es el peso mínimo?,1671338357.0,1,1
https://www.reddit.com/r/spain/comments/zmkypt/acudid_a_donar_sangre_quien_pueda_hace_falta/,j0ck473,"A mi no me dejan porque me medico, y me da rabia, me gustaría devolver las 15 bolsas que me pusieron a mi cuando tuve en accidente en 2008… son muchas bolsas no? Creo que alguien exageraba cuando me lo contaron… o no, que sabré yo!",1671126059.0,9,0
https://www.reddit.com/r/spain/comments/zmkypt/acudid_a_donar_sangre_quien_pueda_hace_falta/,j0ccu67,"Por desgracia, me gustaría donar sangre pero, porque soy de Irlanda y viví allí durante la epidemia de la enfermedad de las “vacas locas”, no me dejen.",1671123292.0,8,0
https://www.reddit.com/r/spain/comments/zmkypt/acudid_a_donar_sangre_quien_pueda_hace_falta/,j0c2p0a,"En Galicia suelen venir cada año a dar charlas sobre donar sangre y con el bus para quien quiera donar, está bastante bien que hagan cosas así por que muchas personas (o por lo menos donde estudio) se ofrecen a donar",1671119371.0,7,0
https://www.reddit.com/r/spain/comments/zmkypt/acudid_a_donar_sangre_quien_pueda_hace_falta/,j0cagu6,"La última vez que fui no me dejaron porque tenía la tensión muy alta :/

A LA MIERDA LOS MAREOS DEJADME DONAR MI PUTA SANGRE AAAAAAAAAAAA",1671122399.0,6,0
https://www.reddit.com/r/spain/comments/zmkypt/acudid_a_donar_sangre_quien_pueda_hace_falta/,j0bkpbn,Quiero donar y mi pueblo solo hace colectas cada 4 meses :(,1671111643.0,4,0
https://www.reddit.com/r/spain/comments/zmkypt/acudid_a_donar_sangre_quien_pueda_hace_falta/,j0bworq,A mí me llamaron hoy porque va a estar la unidad móvil por aquí pero no puedo por haber tomado antibióticos 😓. Esperemos que se anime mucha gente.,1671116977.0,5,0
https://www.reddit.com/r/spain/comments/zmkypt/acudid_a_donar_sangre_quien_pueda_hace_falta/,j0cpwbd,"Incluso si a alguien le interesa el tema, podéis preguntar por donar por aféresis. Es un proceso lento, tardas una hora (o algo más o algo menos) y la clave del asunto es que te sacan la sangre separando sus componentes. A mi me lo ofrecieron en mi centro. La mejor parte es que te sacan lo que necesitan y te devuelven el resto, así que puedes hacerlo cada 2 meses. 

Creo que no lo he explicado del todo bien, pero bueno, ahí tenéis algo de información.",1671128268.0,3,0
https://www.reddit.com/r/spain/comments/zmkypt/acudid_a_donar_sangre_quien_pueda_hace_falta/,j0ccwzj,"Tengo hemocromatosis, no puedo donar. Antes de donar, preguntaos si podéis.",1671123321.0,3,0
https://www.reddit.com/r/spain/comments/zmkypt/acudid_a_donar_sangre_quien_pueda_hace_falta/,j0clk9d,Mejor le dejo ese trabajo a los médicos y enfermeros...,1671126604.0,5,1
https://www.reddit.com/r/spain/comments/zmkypt/acudid_a_donar_sangre_quien_pueda_hace_falta/,j0dzs7g,"Por un bocata,un zumo,y posiblemente salvarle la vida indirectamente a alguien,lo hago de una",1671146252.0,3,0
https://www.reddit.com/r/spain/comments/zmkypt/acudid_a_donar_sangre_quien_pueda_hace_falta/,j0easd3,"Hemofilico aquí, donad por favor",1671150953.0,3,0
https://www.reddit.com/r/spain/comments/zmkypt/acudid_a_donar_sangre_quien_pueda_hace_falta/,j0cpkzf,A mí no me dejan porque no llego al peso mínimo 😞,1671128148.0,2,0
https://www.reddit.com/r/spain/comments/zmkypt/acudid_a_donar_sangre_quien_pueda_hace_falta/,j0cua41,Cuál es? Hombre o mujer?,1671129941.0,1,1
https://www.reddit.com/r/spain/comments/zmkypt/acudid_a_donar_sangre_quien_pueda_hace_falta/,j0cxxd2,Mujer,1671131342.0,0,2
https://www.reddit.com/r/spain/comments/zmkypt/acudid_a_donar_sangre_quien_pueda_hace_falta/,j0cr51y,"O-
Años donando y pensando que era una rara avis y resulta que aquí (Asturias) hay una gran proporción de O- respecto a otras provincias/comunidades.",1671128737.0,2,0
https://www.reddit.com/r/spain/comments/zmkypt/acudid_a_donar_sangre_quien_pueda_hace_falta/,j0d6xlm,"No puedo porque estuve hace tres semanas, pero lo he visto y están todos los grupos bajísimos. Chicos, animaos. Es un momento, y te van a medir antes la hemoglobina para asegurarse que estás bien.",1671134821.0,2,0
https://www.reddit.com/r/spain/comments/zmkypt/acudid_a_donar_sangre_quien_pueda_hace_falta/,j0dbowf,Si tomo anticonceptivas puedo donar?,1671136646.0,2,0
https://www.reddit.com/r/spain/comments/zmkypt/acudid_a_donar_sangre_quien_pueda_hace_falta/,j0dcz12,"Si, no hay ningún problema.",1671137136.0,3,1
https://www.reddit.com/r/spain/comments/zmkypt/acudid_a_donar_sangre_quien_pueda_hace_falta/,j0dwda6,"Gracias a cada uno de vosotros que donan. 
Durante los últimos 8 meses he tenido una transfusión de sangre o plaquetas casi todas las semanas. He estado libre de transfusiones durante casi 3 semanas después de un transplante de médula osea. 
Has ayudado a salvar mi vida.",1671144814.0,2,0
https://www.reddit.com/r/spain/comments/zmkypt/acudid_a_donar_sangre_quien_pueda_hace_falta/,j0fv1x8,"En mi familia cercana he tenido dos casos de leucemia, ambos con necesidad de transfusiones. Jamás hubo ningún comentario negativo o juicio por la cantidad de sangre usada, sólo una necesidad vital cubierta.

Después de esa experiencia llevo 23 donaciones (0-), y las que vendrán. Además, me dejan arramplar con los cacahuetes de la sala post-donación, y siempre se agradecen cacahuetes.

Espero que te vaya todo bien con el transplante!",1671183710.0,1,1
https://www.reddit.com/r/spain/comments/zmkypt/acudid_a_donar_sangre_quien_pueda_hace_falta/,j0f62la,"Venga. En serio, mañana dono sangre. Por la mañana, que no tengo nada que hacer.

Soy donante habitual y 0-",1671165688.0,2,0
https://www.reddit.com/r/spain/comments/zmkypt/acudid_a_donar_sangre_quien_pueda_hace_falta/,j0gimid,No me dejan por haberme tatuado. Es puto absurdo,1671199364.0,2,0
https://www.reddit.com/r/spain/comments/zmkypt/acudid_a_donar_sangre_quien_pueda_hace_falta/,j0gzuom,"Debes esperar 4 meses, como he hecho yo hace poco. No es absurdo, tiene sentido. Después de esos 4 meses puedes ir las veces que quieras",1671206575.0,1,1
https://www.reddit.com/r/spain/comments/zmkypt/acudid_a_donar_sangre_quien_pueda_hace_falta/,j0i77td,Es absurdo porque igualmente deberían estar haciéndole pruebas a la sangre. La gente puede tener algo y no haberse tatuado,1671223672.0,2,2
https://www.reddit.com/r/spain/comments/zmkypt/acudid_a_donar_sangre_quien_pueda_hace_falta/,j0ih8p4,"Es por el periodo de ventana y es comprensible de que se aseguren de ello por responsabilidad con el recipiente de la sangre

https://efectodonacion.com/preguntas-frecuentes/que-es-el-periodo-ventana/

Si, la gente puede tener algo pero igualmente firmas un papel en el que aceptas las condiciones para donar y conoces las condiciones para no donar.",1671227853.0,1,3
https://www.reddit.com/r/spain/comments/zmkypt/acudid_a_donar_sangre_quien_pueda_hace_falta/,j0drg3j,"50€ y de ahí no bajo! Si a mi generación nos vaís a vender casas por un pastizal y nos vais a quitar medio sueldo para mantener a media población jubilada, me pagáis la sangre! 

Un saludo y buenas noches.",1671142813.0,-3,0
https://www.reddit.com/r/spain/comments/zmkypt/acudid_a_donar_sangre_quien_pueda_hace_falta/,j0e5ube,"Se te va un poco la pinza. Si donas sangre el que la va a usar es tu vecino. No ""esos que te están quitando la posibilidad de comprar una casa o que te hacen pagar impuestos"". No confundamos las cosas. Es una manera absurda de ser egoísta.",1671148838.0,5,1
https://www.reddit.com/r/spain/comments/zmkypt/acudid_a_donar_sangre_quien_pueda_hace_falta/,j0co9en,"A mi no me dejan por calvo!! 

Antes cuanto no tenia pareja estable tampoco me dejaban...y ahora que tengo pareja pero no quiero quedarme calvo tampoco puedo por estar tomando finasterida....lo que me hace plantear quán chunga debe ser si no puedo donar sangre mientras la tome.",1671127638.0,-1,0
https://www.reddit.com/r/spain/comments/zmkypt/acudid_a_donar_sangre_quien_pueda_hace_falta/,j0e3eb7,"Que me paguen, que mucho donar y mucha caridad pero luego ellos la venden",1671147790.0,-2,0
https://www.reddit.com/r/spain/comments/zmkypt/acudid_a_donar_sangre_quien_pueda_hace_falta/,j0e61e5,No digas tonterías.,1671148925.0,2,1
https://www.reddit.com/r/spain/comments/zmkypt/acudid_a_donar_sangre_quien_pueda_hace_falta/,j0d00dy,Sin sangre llevamos desde la primera mentira de Pedro Sánchez,1671132159.0,-6,0
https://www.reddit.com/r/spain/comments/zmkypt/acudid_a_donar_sangre_quien_pueda_hace_falta/,j0cizuh,[deleted],1671125635.0,-9,0
https://www.reddit.com/r/spain/comments/zmkypt/acudid_a_donar_sangre_quien_pueda_hace_falta/,j0clirc,La posibilidad de salvar una vida,1671126589.0,13,1
https://www.reddit.com/r/spain/comments/zmkypt/acudid_a_donar_sangre_quien_pueda_hace_falta/,j0cfnlf,Hay límite de edad para donar? Tengo 15 y no sé si me dejarían,1671124367.0,1,0
https://www.reddit.com/r/spain/comments/zmkypt/acudid_a_donar_sangre_quien_pueda_hace_falta/,j0cfy9i,18 años creo,1671124480.0,3,1
https://www.reddit.com/r/spain/comments/zmkypt/acudid_a_donar_sangre_quien_pueda_hace_falta/,j0d9k7a,"Correcto, 18 años",1671135832.0,1,2
https://www.reddit.com/r/spain/comments/zmkypt/acudid_a_donar_sangre_quien_pueda_hace_falta/,j0d73c2,"Ni idea de que tipo de sangre tengo, hace falta de todos o de un tipo en concreto?",1671134883.0,1,0
https://www.reddit.com/r/spain/comments/zmkypt/acudid_a_donar_sangre_quien_pueda_hace_falta/,j0d9qyq,De todas 😉,1671135906.0,1,1
https://www.reddit.com/r/spain/comments/zmkypt/acudid_a_donar_sangre_quien_pueda_hace_falta/,j0dehax,"A mi me encanta ir a donar, por desgracia dónde yo donó suele ser de 16h a 18h y casi siempre me pilla currando...",1671137700.0,1,0
https://www.reddit.com/r/spain/comments/zmkypt/acudid_a_donar_sangre_quien_pueda_hace_falta/,j0dmqwy,Oye pero si fumas maria puedes donar? Diria que no y me jode un monton,1671140936.0,1,0
https://www.reddit.com/r/spain/comments/zmkypt/acudid_a_donar_sangre_quien_pueda_hace_falta/,j0e5x2p,Creo que no importa,1671148872.0,2,1
https://www.reddit.com/r/spain/comments/zmkypt/acudid_a_donar_sangre_quien_pueda_hace_falta/,j0dtcce,No me dejan donar a pesar de ser del grupo más común.,1671143562.0,1,0
https://www.reddit.com/r/spain/comments/zmkypt/acudid_a_donar_sangre_quien_pueda_hace_falta/,j0dwpu3,"La próxima vez que veo la posibilidad, voy a donar. Mi pareja tiene unos problemas con su tensión últimamente y no quiero excluirla.",1671144957.0,1,0
https://www.reddit.com/r/spain/comments/zmkypt/acudid_a_donar_sangre_quien_pueda_hace_falta/,j0eltj4,"Si dejasen donar más lo haría, no por altruismo, sino porque en los bancos de sangre de Cataluña dan unas patatas tostadas con sabor a tomate y orégano que son Cristo bendito. Ah, y también por altruismo, voy religiosamente cada 3 meses (salvo pandemia)",1671155976.0,1,0
https://www.reddit.com/r/spain/comments/zmkypt/acudid_a_donar_sangre_quien_pueda_hace_falta/,j0enaku,Sangre llena de graf3n0 para todos!,1671156644.0,1,0
https://www.reddit.com/r/spain/comments/zmkypt/acudid_a_donar_sangre_quien_pueda_hace_falta/,j0fgn9y,Aaaaamigo por eso me spamean el correo electrónico para ir a donar... bueno en ese caso habrá que ir.,1671172230.0,1,0
https://www.reddit.com/r/spain/comments/zmkypt/acudid_a_donar_sangre_quien_pueda_hace_falta/,j0fquig,"Porque nunca sabes lo que la vida tiene preparado para ti...

Hazte Donante de Medula ósea: Lo más seguro es que nunca te llamen pero al menos estarás en una base de datos por si alguna persona compatible que necesite médula pueda usar tu ayuda.

Da permiso para transplante de órganos y tejidos (llegado el momento) y por supuesto donante de sangre.",1671180106.0,1,0
https://www.reddit.com/r/spain/comments/zmkypt/acudid_a_donar_sangre_quien_pueda_hace_falta/,j0fzvhw,"Es una pena, pero me da a mí que llegará un día que estaremos bajo mínimos y tendrán que dar incentivos aun mayores para que la gente acuda a donar sangre...",1671187849.0,1,0
https://www.reddit.com/r/spain/comments/zmkypt/acudid_a_donar_sangre_quien_pueda_hace_falta/,j0g0kei,"Si dono desde otra Comunidad, van a enviar la sangre allí? O se la quedara mi territorio",1671188398.0,1,0
https://www.reddit.com/r/spain/comments/zmkypt/acudid_a_donar_sangre_quien_pueda_hace_falta/,j0g2cp6,No era que España es el país donde más sangre se dona? Cómo se ha llegado a esta situación?,1671189803.0,1,0
https://www.reddit.com/r/spain/comments/zmkypt/acudid_a_donar_sangre_quien_pueda_hace_falta/,j0glpiw,"Creo que bajó mucho desde la pandemia, y no sé exactamente cuando pero añadieron restricciones, la última vez que fui no me dejaron donar por haberme hecho la pedicura menos de un mes antes, antes no había problema con eso, ni te preguntaban por manicuras o pedicuras.",1671200760.0,1,1
https://www.reddit.com/r/spain/comments/zmkypt/acudid_a_donar_sangre_quien_pueda_hace_falta/,j0hs0sd,"Acabo de ir esta mañana por primera vez, contenta de aportar mi granito de arena 🤝🩸",1671217505.0,1,0
https://www.reddit.com/r/es/comments/1lzwwg2/opiniones_sobre_donar_sangre_de_forma_altruista/,n34yawl,¿por qué no lo harías? Llevo dos decenas de donaciones de sangre,1752523695.0,59,0
https://www.reddit.com/r/es/comments/1lzwwg2/opiniones_sobre_donar_sangre_de_forma_altruista/,n34zz3k,"Eso es mucho. Debe de ser un orgullo para ti. En mi caso, hasta hace poco que vi una campaña sobre esto no me había planteado hacerlo. Al final lo voy a hacer porque veo que las opiniones de la gente son muy positivas. Gracias!",1752524162.0,11,1
https://www.reddit.com/r/es/comments/1lzwwg2/opiniones_sobre_donar_sangre_de_forma_altruista/,n35hl1m,"Yo empecé a donar cada vez que pasaba el bus por la uni y debo llevar ya unas 10 veces. Es algo relativamente normal, no hay mucho que pensar; es algo que como mucho supone un ligerísimo inconveniente y salva vidas, si puedes donar (te harán varias preguntas antes para asegurarse) te animo a hacerlo",1752529162.0,8,2
https://www.reddit.com/r/es/comments/1lzwwg2/opiniones_sobre_donar_sangre_de_forma_altruista/,n3hjkju,"Pues muchas gracias por la información adicional porque sí que lo haré más pronto que tarde. De hecho, ya tengo localizado el hospital donde iré para hacérmelo. De nuevo, gracias por tu aportación!",1752689811.0,2,3
https://www.reddit.com/r/es/comments/1lzwwg2/opiniones_sobre_donar_sangre_de_forma_altruista/,n369k08,"También son importantes las donaciones de plasma, por si te interesa! Muchas gracias a todos los que donan!",1752538111.0,5,2
https://www.reddit.com/r/es/comments/1lzwwg2/opiniones_sobre_donar_sangre_de_forma_altruista/,n3hjqaq,"Por lo que he leído de otra gente aparte de ti, la donación plasma resulta también una aportación interesante. Me lo plantearé, ya que creo que no cuesta tanto esfuerzo hacerlo. Gracias y un saludo !",1752689854.0,2,3
https://www.reddit.com/r/es/comments/1lzwwg2/opiniones_sobre_donar_sangre_de_forma_altruista/,n3fv0j9,Usualmente es quedarte media hora enganchado a una vía de extracción y al terminar te dan una cola o zumo y unas patatas o algo de comer. Está bastante bien,1752671218.0,2,2
https://www.reddit.com/r/es/comments/1lzwwg2/opiniones_sobre_donar_sangre_de_forma_altruista/,n3hjvuj,"Pues al final me animo y lo voy a hacer. Creo que es una de esas cosas que tienes que hacer una vez en la vida por lo menos. Gracias por tu comentario, que fue motivante, y un saludo !",1752689898.0,1,3
https://www.reddit.com/r/es/comments/1lzwwg2/opiniones_sobre_donar_sangre_de_forma_altruista/,n3526b9,"Una consulta, debes saber tu factor Rx o ellos te sacan y después clasifican?",1752524771.0,2,1
https://www.reddit.com/r/es/comments/1lzwwg2/opiniones_sobre_donar_sangre_de_forma_altruista/,n35qdie,"No hace falta, ellos lo hacen y además testean para VIH, alguna hepatitis y del estilo.",1752531864.0,5,2
https://www.reddit.com/r/es/comments/1lzwwg2/opiniones_sobre_donar_sangre_de_forma_altruista/,n354i6m,Si no lo sabes normalmente lo sacan antes o te lo hacen después,1752525419.0,6,2
https://www.reddit.com/r/es/comments/1lzwwg2/opiniones_sobre_donar_sangre_de_forma_altruista/,n35o8hq,"Lo sepas o no da igual, ellos lo comprueban siempre (hacen analíticas de varias cosas en general)",1752531189.0,5,2
https://www.reddit.com/r/es/comments/1lzwwg2/opiniones_sobre_donar_sangre_de_forma_altruista/,n35x393,"Yo no lo haría porque **detesto** y las agujas, y no lo considero algo gratificante.",1752534015.0,-7,1
https://www.reddit.com/r/es/comments/1lzwwg2/opiniones_sobre_donar_sangre_de_forma_altruista/,n37dp8u,"¿Y? La sangre no se puede fabricar, también me dan miedo las agujas. Gratificante o no, la gente lo necesita para... ya sabes... no morir",1752552846.0,6,2
https://www.reddit.com/r/es/comments/1lzwwg2/opiniones_sobre_donar_sangre_de_forma_altruista/,n39gpzh,"Me da igual, mi sangre no es de tu propiedad.",1752588037.0,-11,3
https://www.reddit.com/r/es/comments/1lzwwg2/opiniones_sobre_donar_sangre_de_forma_altruista/,n3cs5vg,"Ojalá poder tener esto en cuenta si algún día tienes un accidente, pierdes sangre y necesitas una transfusión.",1752622472.0,5,4
https://www.reddit.com/r/es/comments/1lzwwg2/opiniones_sobre_donar_sangre_de_forma_altruista/,n3epqv6,Te has fijado que se llama DONAR sangre? Se hace para ayudar a otros.,1752651508.0,1,4
https://www.reddit.com/r/es/comments/1lzwwg2/opiniones_sobre_donar_sangre_de_forma_altruista/,n34yid1,Empecé a donar a raíz de la muerte de mi madre. Durante su último mes ingresada no paraba de necesitar 2 o 3 inyecciones de glóbulos rojos diarias. Ahí me di cuenta de la verdadera importancia de donar sangre.,1752523754.0,36,0
https://www.reddit.com/r/es/comments/1lzwwg2/opiniones_sobre_donar_sangre_de_forma_altruista/,n350ks5,Siento mucho lo de tu madre. Te agradezco la información y el haberte parado a escribir en este post. Espero que tengas un buen día,1752524329.0,9,1
https://www.reddit.com/r/es/comments/1lzwwg2/opiniones_sobre_donar_sangre_de_forma_altruista/,n35cfhl,"A veces cosas como estas pasan desapercibidas. Quiero que sepas que me pareces un héroe. Seguiré tú ejemplo. Un abrazo, gracias.",1752527663.0,7,1
https://www.reddit.com/r/es/comments/1lzwwg2/opiniones_sobre_donar_sangre_de_forma_altruista/,n34y2gx,No queda otra porque es imposible fabricarla.,1752523629.0,20,0
https://www.reddit.com/r/es/comments/1lzwwg2/opiniones_sobre_donar_sangre_de_forma_altruista/,n34zdyx,"Muy cierto, supongo que por eso los hospitales en sus campañas parecen tan agradecidos con la gente que se toma su tiempo en hacer una donación de su sangre, plaquetas o lo que sea",1752524000.0,3,1
https://www.reddit.com/r/es/comments/1lzwwg2/opiniones_sobre_donar_sangre_de_forma_altruista/,n35on82,"En realidad ☝🏻🤓 se ve que en Japón han desarrollado sangre artificial compatible con cualquier grupo (aunque poco más sé al respecto).
Y me imagino que habrá mucho que investigar antes de ir alegremente a utilizarla en la gente",1752531318.0,2,1
https://www.reddit.com/r/es/comments/1lzwwg2/opiniones_sobre_donar_sangre_de_forma_altruista/,n391qk1,Prometedor pero no se puede apostar por ello hasta ver resultados comparables a lo que pretende sustituir.,1752583038.0,1,2
https://www.reddit.com/r/es/comments/1lzwwg2/opiniones_sobre_donar_sangre_de_forma_altruista/,n34yf6y,"Si. Sienta bien espiritualmente, físicamente, y con un poco de suerte te dan un bollito.",1752523730.0,19,0
https://www.reddit.com/r/es/comments/1lzwwg2/opiniones_sobre_donar_sangre_de_forma_altruista/,n350f9u,"Jajaja Gracias por tu comentario. Ahora que lo dices, me acuerdo que en la web de un hospital viendo información sobre esto decían que luego te daban algo de comer, pero no sabía a qué se referían. De nuevo, gracias",1752524287.0,3,1
https://www.reddit.com/r/es/comments/1lzwwg2/opiniones_sobre_donar_sangre_de_forma_altruista/,n35nrb0,"Te dan un bocadillo y un refresco o agua después de donar. Pero es lo de menos: es algo rápido, seguro, que cuesta casi nada y ayuda a mucha gente.",1752531038.0,5,2
https://www.reddit.com/r/es/comments/1lzwwg2/opiniones_sobre_donar_sangre_de_forma_altruista/,n3hj1vl,"Pues me motiva tu comentario a hacerlo. Definitivamente me pasaré por el hospital en cuanto tenga algo de tiempo para empezar a hacerlo. Un saludo, y de nuevo gracias !",1752689668.0,1,3
https://www.reddit.com/r/es/comments/1lzwwg2/opiniones_sobre_donar_sangre_de_forma_altruista/,n351czt,falta la gotita en el donante O+ y receptor B+.,1752524544.0,12,0
https://www.reddit.com/r/es/comments/1lzwwg2/opiniones_sobre_donar_sangre_de_forma_altruista/,n37t5db,"Este gráfico es bastante incorrecto, [debería ser así](https://donasangregijon.org/wp-content/uploads/2021/02/compatibilidadgrupos.jpg).

Sin embargo, es bastante fácil recordar la compatibilidad sin necesitar ninguna guía o referencia, y sin tener que entender íntimamente el tema.

Hay tres componentes que se pueden tener (o no tener) en la sangre, en varias combinaciones: el ""A"", el ""B"", y el ""+"". Si eres AB+ tienes los tres, y si eres O– no tienes ninguno (""–"" simplemente significa falta de +, e igualmente ""O"" significa falta de A y B).

Ahora piensalo como si estos tres componentes (A, B, +) fueran tóxicos, pero que su presencia previa en la sangre del recipiente le diera inmunidad. Por ejemplo, sólo puedes recibir el B si tu tipo de sangre ta tiene B, y asimismo con los otros dos componentes.

Por lo tanto, el AB+ es el más tóxico (sólo se puede donar a otros AB+), pero también el que tiene inmunidad total para el recipiente que lo tenga (pueden recibir cualquier tipo de sangre).

A cambio, el O– no contiene ningún componente tóxico, (se puede donar a cualquiera), pero el recipiente que lo tenga no tiene ninguna inmunidad (sólo puede recibir de otros O–).",1752560375.0,8,1
https://www.reddit.com/r/es/comments/1lzwwg2/opiniones_sobre_donar_sangre_de_forma_altruista/,n3ymsd0,"Lo de la toxicidad como ejemplo puede resultar confuso, ya que existe una salvedad en caso de emergencia:

Cualquier grupo Rh - puede recibir sangre de su mismo grupo + en caso de necesitar sangre urgentemente y no haber de la suya. Pero a partir de ese momento, su Rh cambiará a +

Lo mismo ocurre con el grupo 0 y el resto. En caso de urgencia, podría recibir de cualquiera de los otros, pero a partir de ese momento su grupo cambiaría al del donante.",1752912559.0,1,2
https://www.reddit.com/r/es/comments/1lzwwg2/opiniones_sobre_donar_sangre_de_forma_altruista/,n352j1h,A- no puede donar a A+ pero si a B+?,1752524868.0,3,1
https://www.reddit.com/r/es/comments/1lzwwg2/opiniones_sobre_donar_sangre_de_forma_altruista/,n384xvt,jajaja está muy mal todo eso lol,1752566961.0,1,2
https://www.reddit.com/r/es/comments/1lzwwg2/opiniones_sobre_donar_sangre_de_forma_altruista/,n352ti3,Pues es una foto sacada de Internet. Desconocía que estaba incompleta. Supongo que no he tenido mucha puntería eligiendo una buena imágen para el post. Gracias por la información,1752524949.0,1,1
https://www.reddit.com/r/es/comments/1lzwwg2/opiniones_sobre_donar_sangre_de_forma_altruista/,n359er1,"Yo he donado varias veces. 

1. Salvas vidas. Hay conspiranoicos que hablan del plasma del mar, pero la única forma de ayudar a alguien que requiere sangre es donando.

2. Pierdes (un poco) el miedo a las agujas. 

3. Es bueno para la salud porque renuevas sangre. 

...y bueno, podemos decir que la cuarta es que meriendas gratis y, a veces, te dan otros detalles: bolígrafos, calendarios, bolas antiestrés...",1752526796.0,10,0
https://www.reddit.com/r/es/comments/1lzwwg2/opiniones_sobre_donar_sangre_de_forma_altruista/,n35c25t,"Los regalos siempre es un añadido o el tema de comer, pero los tres primeros puntos tendré lo que más en cuenta 😄.  Gracias por tu experiencia, esto me ayuda !",1752527556.0,1,1
https://www.reddit.com/r/es/comments/1lzwwg2/opiniones_sobre_donar_sangre_de_forma_altruista/,n350msk,"Yo he donado muchas veces, hasta que me la han dejado de aceptar por estar medicado.

Ve al hospital si puedes y evita la campaña de cruz roja, cruz roja cobra a la sanidad pública por la sangre que tú estás regalando.



Y da igual que tipo seas, da igual la compatibilidad entre tipos, siempre se usa sangre del mismo tipo que del paciente, tendría que ser una situación de emergencia y escasez para usar cualquier otra sangre por compatible que sea",1752524344.0,8,0
https://www.reddit.com/r/es/comments/1lzwwg2/opiniones_sobre_donar_sangre_de_forma_altruista/,n3522sb,"Sabes ? Eso que has dicho de la Cruz Roja lo había leído en otro hilo y hay gente que dice que es un secreto a voces, pero parece que es bastante cierto. Tendré en cuenta tu comentario, tengo que decir que pensaba ir directamente a un hospital a hacer una donación y no por otra vía. Gracias !",1752524743.0,3,1
https://www.reddit.com/r/es/comments/1lzwwg2/opiniones_sobre_donar_sangre_de_forma_altruista/,n35l67p,"Pues claro que cobran a sanidad por la sangre. Esos autobuses y ese personal se tiene que pagar de alguna forma, y el altruismo no paga facturas.",1752530235.0,0,2
https://www.reddit.com/r/es/comments/1lzwwg2/opiniones_sobre_donar_sangre_de_forma_altruista/,n35n665,"Pues sí, tienes razón.  De todas formas, me viene mejor ir al hospital a hacerlo",1752530853.0,1,3
https://www.reddit.com/r/es/comments/1lzwwg2/opiniones_sobre_donar_sangre_de_forma_altruista/,n35bbgh,"En España donar sangre siempre se hace de forma altruista, no te pagan como en otros países. La motivación es que otras personas la pueden necesitar. Aveces hay campañas para que en pocos días se recoja más, pero siempre puedes ir a donar a un hospital universitario, dentro del horario que tengan habilitado.  
La primera vez te hacen el carnet de donante del banco de sangre, así te tienen registrado para otras ocasiones. Después de donar te suelen dar un refrigerio, tipo zumo y galletas o lo que tengan disponible. También te envían a tu casa el resultado de una analítica básica. 

Y menos mal que existen donantes sino moriría la gente que necesita transfusión por pérdida de sangre en intervenciones quirúrgicas, accidentes etc",1752527342.0,7,0
https://www.reddit.com/r/es/comments/1lzwwg2/opiniones_sobre_donar_sangre_de_forma_altruista/,n35fbu5,"Pues sí, tienes toda razón. He estado mirando por lugares cerca mío donde poder donar, y me he decantado por ir al hospital directamente a hacerlo, creo que es lo mejor. Un saludo y gracias por tu tiempo, ya que me has resuelto cosas sobre el procedimiento de cómo te lo hacen",1752528501.0,2,1
https://www.reddit.com/r/es/comments/1lzwwg2/opiniones_sobre_donar_sangre_de_forma_altruista/,n35mgg9,Ya verás es algo sencillo ¡Mucha suerte!,1752530631.0,3,2
https://www.reddit.com/r/es/comments/1lzwwg2/opiniones_sobre_donar_sangre_de_forma_altruista/,n35mz1d,Muchas gracias por tus ánimos ! Un saludo,1752530791.0,2,3
https://www.reddit.com/r/es/comments/1lzwwg2/opiniones_sobre_donar_sangre_de_forma_altruista/,n362n6r,"Si te apetece ya me contarás tu experiencia y qué tal te ha ido, y algo más que necesites saber no dudes en preguntarme, gracias a ti y ¡Buenas noches!",1752535810.0,2,4
https://www.reddit.com/r/es/comments/1lzwwg2/opiniones_sobre_donar_sangre_de_forma_altruista/,n352o2e,"Quise ser donante, pero después de rellenar el formularío, me dijeron que al tener mucho la menstruación y soler tener el hierro un poco bajo, no podía donar.

Y allí acabo mi etapa de donante.",1752524907.0,8,0
https://www.reddit.com/r/es/comments/1lzwwg2/opiniones_sobre_donar_sangre_de_forma_altruista/,n3hioyi,"Al menos, te agradezco el esfuerzo de que hayas intentado hacer una aportación a la sociedad, ya que hay gente que ni se lo plantea. Un saludo y gracias por el comentario",1752689569.0,1,1
https://www.reddit.com/r/es/comments/1lzwwg2/opiniones_sobre_donar_sangre_de_forma_altruista/,n3hwdn1,"No Questa nada, y al final, esto salva vidas.",1752693362.0,2,2
https://www.reddit.com/r/es/comments/1lzwwg2/opiniones_sobre_donar_sangre_de_forma_altruista/,n3uy4hs,"Pues sí, tienes mucha razón. De nuevo, gracias por tu esfuerzo ! 😀",1752862311.0,1,3
https://www.reddit.com/r/es/comments/1lzwwg2/opiniones_sobre_donar_sangre_de_forma_altruista/,n3583sd,"Dono 3-4 veces al año desde que soy mayor de edad.

Me parece esencial. Tras años donando, estuve ingresado y al compañero de habitación le ponían sangre para que pudiera vivir, y hay que recordar que la sangre “caduca”. Que ese señor y otras muchas personas puedan seguir vivos sólo se consigue con algo que depende de la solidaridad y no de que se tenga más o menos dinero o medios materiales.",1752526431.0,6,0
https://www.reddit.com/r/es/comments/1lzwwg2/opiniones_sobre_donar_sangre_de_forma_altruista/,n35brb2,"La verdad es que tu comentario es una motivación para alguien que de momento no ha tenido la oportunidad de donar o no se le había ocurrido la idea de hacerlo, ya que al vivir en tu caso una experiencia cercana en este tema, pues recalcas lo importante que puede llegar a ser cosas como esta. De nuevo, gracias por contar tu experiencia",1752527469.0,1,1
https://www.reddit.com/r/es/comments/1lzwwg2/opiniones_sobre_donar_sangre_de_forma_altruista/,n35buht,Me gustaría hacerlo pero tengo la sospecha de que de hecho necesito sangre JAJSJAJAJJAJA creo que soy anémica,1752527495.0,5,0
https://www.reddit.com/r/es/comments/1lzwwg2/opiniones_sobre_donar_sangre_de_forma_altruista/,n35fim0,"Entonces bajo mi punto de vista, no te la juegues y guarda tu sangre para ti, ya vendrán tiempos mejores para donar.  Espero que te vaya bien el día 😀",1752528556.0,2,1
https://www.reddit.com/r/es/comments/1lzwwg2/opiniones_sobre_donar_sangre_de_forma_altruista/,n36ut2t,Los anémicos no suelen tener permitido donar,1752545489.0,2,1
https://www.reddit.com/r/es/comments/1lzwwg2/opiniones_sobre_donar_sangre_de_forma_altruista/,n353j1t,"No le veo nada malo, ni siquiera duele. Te mareas un poco y ya",1752525145.0,3,0
https://www.reddit.com/r/es/comments/1lzwwg2/opiniones_sobre_donar_sangre_de_forma_altruista/,n35nbxx,"Pues es bueno saberlo, por si me baja el azúcar o me puedo marear. Gracias!",1752530903.0,2,1
https://www.reddit.com/r/es/comments/1lzwwg2/opiniones_sobre_donar_sangre_de_forma_altruista/,n35no8y,Comprate un bocadillo de jamon y una cocacola :p seguro te ayuda mucho. No comas nada antes de sacarte sangre y hazte pruebas por si tienes alguna enfermedad en la sangre. Obviamente no bebas alcohol en unos dias 😅 mi abuelo donaba borracho y emborrachaba a la gente 🤨,1752531011.0,0,2
https://www.reddit.com/r/es/comments/1lzwwg2/opiniones_sobre_donar_sangre_de_forma_altruista/,n3hiib9,"Pues vaya con tu abuelo jajaja
Por suerte soy abstemio, no fumo y voy bien de salud. Seguro que puedo pasar las pruebas.  Gracias por tu aportación de nuevo !",1752689519.0,2,3
https://www.reddit.com/r/es/comments/1lzwwg2/opiniones_sobre_donar_sangre_de_forma_altruista/,n3laddx,Seguro que si ^^ ya verás lo bien q te sientes despues :D,1752737273.0,1,4
https://www.reddit.com/r/es/comments/1lzwwg2/opiniones_sobre_donar_sangre_de_forma_altruista/,n3lafto,"Piensa que ayudarás a salvarle la vida a las personas, eso es heavy si le das un par de vueltas. A mi me da ganas de llorar jaja (de alegría)",1752737310.0,1,4
https://www.reddit.com/r/es/comments/1lzwwg2/opiniones_sobre_donar_sangre_de_forma_altruista/,n357l4h,"No te calientes tanto la cabeza. Acércate cuando veas que están pidiendo sangre cerca de ti y pregunta tus dudas y que te digan si puedes donar. Prueba una vez y ves qué tal. La mayoría de personas no tenemos problemas. No te cuesta nada, es literalmente perder un ratito. A menos que tengas algún problema médico no te va a afectar en absoluto. Es más, yo tengo endometriosis y, aunque solo he donado una vez por circunstancias , ni me enteré, la verdad. Es algo que da más miedo de lo que realmente es. ",1752526286.0,3,0
https://www.reddit.com/r/es/comments/1lzwwg2/opiniones_sobre_donar_sangre_de_forma_altruista/,n35awpz,"Pues gracias por el comentario, me anima mucho. Tengo pensado ir este fin de semana a un hospital cerca de donde vivo que tiene servicio de donaciones de sangre y voy a ver qué tal la experiencia. De nuevo, gracias por tu tiempo en escribir esto 😀",1752527226.0,2,1
https://www.reddit.com/r/es/comments/1lzwwg2/opiniones_sobre_donar_sangre_de_forma_altruista/,n385wqb,No hay de qué! Espero actualización eh 😀,1752567530.0,2,2
https://www.reddit.com/r/es/comments/1lzwwg2/opiniones_sobre_donar_sangre_de_forma_altruista/,n358dnl,Es lo poco que hago regularmente que me hace sentirme bien,1752526508.0,3,0
https://www.reddit.com/r/es/comments/1lzwwg2/opiniones_sobre_donar_sangre_de_forma_altruista/,n35b3li,"Por lo que veo, a mucha gente le hace sentir orgullo una vez que donó al saber que hizo algo bueno por el mundo. Gracias por tu comentario, es motivante",1752527279.0,1,1
https://www.reddit.com/r/es/comments/1lzwwg2/opiniones_sobre_donar_sangre_de_forma_altruista/,n3599jr,"Aparte de la acción altruista, donar sangre o plasma puede ser una manera de [reducir la concentración de químicos eternos en tu organismo](https://pmc.ncbi.nlm.nih.gov/articles/PMC8994130/)",1752526756.0,5,0
https://www.reddit.com/r/es/comments/1lzwwg2/opiniones_sobre_donar_sangre_de_forma_altruista/,n35aebe,"Esa información la pude leer, y me pareció muy interesante. Desde luego es un detalle a tener en cuenta. Gracias por tu tiempo en buscar la info y postearla aquí 😀",1752527079.0,1,1
https://www.reddit.com/r/es/comments/1lzwwg2/opiniones_sobre_donar_sangre_de_forma_altruista/,n35afsf,"Done hasta que ya no pude, creo que no es altruista, es colaborativo. Si todos donamos todos tendremos sangre cuando haga falta, ya sean accidentes, operaciones u conversiones espontaneas a vampiros, siempre es útil.",1752527090.0,3,0
https://www.reddit.com/r/es/comments/1lzwwg2/opiniones_sobre_donar_sangre_de_forma_altruista/,n35ei1l,Tienes mucha razón. Creo que los que habéis donado tenéis que estar orgullosos de vosotros mismos por vuestra dedicación. Gracias por tu comentario,1752528258.0,1,1
https://www.reddit.com/r/es/comments/1lzwwg2/opiniones_sobre_donar_sangre_de_forma_altruista/,n35aki1,"Por que iba a estar mal donar sangre? Tengo pensado hacerlo, incluso a veces te dan un bocata jamón. Salvas a alguien y te llevas un bocata win win",1752527128.0,5,0
https://www.reddit.com/r/es/comments/1lzwwg2/opiniones_sobre_donar_sangre_de_forma_altruista/,n35enic,"Pues sí, reconozco que todo son ventajas visto de esa forma 😄",1752528303.0,2,1
https://www.reddit.com/r/es/comments/1lzwwg2/opiniones_sobre_donar_sangre_de_forma_altruista/,n3534cu,"Yo he donado dos veces, doné el año pasado el día siguiente de hacer los 18 años y medio año más tarde, este verano seguramente vuelva a ir.

Dispara tus preguntas.

Vas a la sala de donaciones, rellenas un formulario, te hacen pasar a una salita donde entregas el formulario y se aseguran que no estás donando en contra de tu voluntad y verifican tu historial médico (ninguna enfermedad ni nada) y te dejan pasar a la zona de donación.

Te estiras, te viene un enfermero/a, preparan la bolsa de sangre y todo y te pinchan con cuidado en un brazo. De ahí simplemente te van preguntando cada 2 o 3 minutos si vas bien (sé sincero, la primera vez me mareé y no llené la bolsa y eso es normal y está bien). 

Mientras te estás sacando la sangre simplemente tienes que mover un poco la mano cada un rato y con el otro brazo mirar el móvil o algo, es bastante aburrido.

Cuando esté la bolsa llena vendrá el enfermero/a y te quitará la aguja con cuidado. Luego te hacen pasar a una sala con bebidas y comida donde puedes coger lo que quieras.

La verdad es que es mucho más aburrido de lo que piensa la gente. Vas ahí, llenas un formulario, te pinchan, te pasas 20-30 minutos tumbado, te quitan la aguja y te dan de comer.

En mí limitada experiencia el personal médico es muy cuidadoso contigo y de hacerlo bien.

Quizá la experiencia es diferente para otra gente, siempre he donado en el hospital clínico de Barcelona, no sé cómo será en otros lugares.",1752525032.0,3,0
https://www.reddit.com/r/es/comments/1lzwwg2/opiniones_sobre_donar_sangre_de_forma_altruista/,n3uzy3z,"Hola ! Pues la verdad es que no tengo preguntas porque me has explicado todo muy bien. De hecho, una de las preguntas que tenía en mente era cuanto duraba el proceso.  Pero ya me lo has explicado en tu escrito. Tengo también entendido por lo que dicen otros que te Dan unos análisis de tu sangre después de hacer la donación, aunque no sé si dependerá eso del hospital al que vayas a donar. La verdad es que te agradezco toda la información que me has dado. Me aclaraste muchas dudas y te lo agradezco, que tengas un buen día !",1752862845.0,2,1
https://www.reddit.com/r/es/comments/1lzwwg2/opiniones_sobre_donar_sangre_de_forma_altruista/,n3v1t30,"Hasta donde tengo entendido el análisis te lo hacen siempre (a mí me lo han hecho las dos veces), es más bien para que no tengas una enfermedad sin diagnosticar o para asegurarse de que no hayas mentido. Solo miran si tienes enfermedades, no te miran nada más.

Buen día : )

Edit: Por cierto, depende de la persona podría ser que tardaras más rato. Esto depende de un millón de factores. De si estás nervioso, de tu edad, condición física, si hacía calor antes de entrar... Pero para la mayoría de gente 40 minutos es el máximo rato que te van a estar sacando sangre.",1752863389.0,2,2
https://www.reddit.com/r/es/comments/1lzwwg2/opiniones_sobre_donar_sangre_de_forma_altruista/,n3xptam,"Pues muchas gracias de nuevo por la información.  Es bueno saber los detalles de cómo es algo nuevo antes de hacerlo por primera vez para saber cómo es el proceso y lo que te espera. De nuevo, gracias por tu tiempo escribiendo y que pases un buen día 🙂",1752895927.0,2,3
https://www.reddit.com/r/es/comments/1lzwwg2/opiniones_sobre_donar_sangre_de_forma_altruista/,n356ucv,"Empecé a donar en la universidad.

Vi a los de cruz roja hablando con los porretas de la puerta que la gente ignoraba y me dio algo de pena supongo. 

Diría que he ido cada 3 meses a donar. 

Has de tomar algo antes pero te dan un bocata y un refresco luego. 

A veces hay jovenes que van en grupo y tardan demasiado/se quedan los sitios de descanso breve post donación pero intentan regular esto para que no sea un desmadre.",1752526077.0,3,0
https://www.reddit.com/r/es/comments/1lzwwg2/opiniones_sobre_donar_sangre_de_forma_altruista/,n359xf7,"Gracias por la información, fue muy útil. En mi caso, no tuve la oportunidad de hacer eso en mi universidad, pero nunca es tarde para empezar. De nuevo gracias y un saludo",1752526944.0,1,1
https://www.reddit.com/r/es/comments/1lzwwg2/opiniones_sobre_donar_sangre_de_forma_altruista/,n356y6o,"Yo dono desde hace unos doce años, de forma intermitente. No me cuesta nada y literalmente salvas vidas.",1752526107.0,3,0
https://www.reddit.com/r/es/comments/1lzwwg2/opiniones_sobre_donar_sangre_de_forma_altruista/,n35alvv,"Eso es mucho tiempo. Debes de estar orgulloso de ti mismo, yo lo estaría. Gracias por tu comentario en el hilo y un saludo !",1752527139.0,1,1
https://www.reddit.com/r/es/comments/1lzwwg2/opiniones_sobre_donar_sangre_de_forma_altruista/,n35by9q,"Yo intento donar lo máximo posible, para mantener el suministro se necesitan muchas donaciones al día, es muy gratificante porque haces un servicio a las sociedad que puede ser necesario en caso de emergencia. Si te gusta el tema te recomendaría hacerte donante de médula, no cuesta nada y puedes salvar una vida",1752527525.0,3,0
https://www.reddit.com/r/es/comments/1lzwwg2/opiniones_sobre_donar_sangre_de_forma_altruista/,n35ftn4,"Muchas gracias por tu comentario. Lo voy a tener en cuenta lo que me has dicho de la médula. De momento, como soy novato en esto me presentaré al de sangre pero ya he visto otra gente hablando sobre donación de médula también y es interesante. Gracias por tu tiempo y un saludo  !",1752528646.0,2,1
https://www.reddit.com/r/es/comments/1lzwwg2/opiniones_sobre_donar_sangre_de_forma_altruista/,n35cciq,"Yo lo hago con frecuencia. No se puede sintetizar, y cualquier día puedes necesitarla tú. ",1752527639.0,3,0
https://www.reddit.com/r/es/comments/1lzwwg2/opiniones_sobre_donar_sangre_de_forma_altruista/,n35gjzz,"Eso es muy cierto. Siendo honestos, es una gran verdad la que has dicho en tu última frase",1752528860.0,1,1
https://www.reddit.com/r/es/comments/1lzwwg2/opiniones_sobre_donar_sangre_de_forma_altruista/,n35d6no,"Siempre que puedo dono, y mi esposa también. Ella es 0-  y normalmente la sangre que dona se usa en uno o dos días por la demanda, es muy importante donar.",1752527879.0,3,0
https://www.reddit.com/r/es/comments/1lzwwg2/opiniones_sobre_donar_sangre_de_forma_altruista/,n35grie,"Reconozco que saber qué tipo de sangre tienes así como tus posibilidades para donar, es realmente importante. En mi caso desconozco la mía, así que será bueno saberlo. Gracias por tu comentario y un saludo a ti y a tu esposa",1752528921.0,1,1
https://www.reddit.com/r/es/comments/1lzwwg2/opiniones_sobre_donar_sangre_de_forma_altruista/,n35p4q5,"Dono plasma cada 15 días.
Anímate ",1752531471.0,3,0
https://www.reddit.com/r/es/comments/1lzwwg2/opiniones_sobre_donar_sangre_de_forma_altruista/,n3hhpp2,Eso haré ! Ahora que empiezo las vacaciones me animaré a empezar a hacerlo en el hospital de mi ciudad. Gracias por el comentario y un saludo !,1752689298.0,1,1
https://www.reddit.com/r/es/comments/1lzwwg2/opiniones_sobre_donar_sangre_de_forma_altruista/,n3rvajq,Leí por ahí que al donar sangre te limpias de microplásticos y otras mierdas como lo del teflón de las sartenes que vamos ingiriendo. Una motivación extra jeje,1752821338.0,3,0
https://www.reddit.com/r/es/comments/1lzwwg2/opiniones_sobre_donar_sangre_de_forma_altruista/,n3utsld,Sí que he leído por ahí que te limpias algo la sangre después de hacer una donación. No sé qué porcentaje te limpiará pero es interesante saberlo y un añadido. Gracias por el comentario y un saludo!,1752861065.0,1,1
https://www.reddit.com/r/es/comments/1lzwwg2/opiniones_sobre_donar_sangre_de_forma_altruista/,n34zfvg,"Salvo que tengas problemas médicos, pánico a las agujas o algo semejante, donar sangre es bueno para ti además de un acto solidario. Una búsqueda de unos segundos y das con cosas como esta: https://www.eldiario.es/consumoclaro/tu-mejor-yo/ventajas-salud-donar-sangre-no-conocias_1_9594235.html",1752524015.0,4,0
https://www.reddit.com/r/es/comments/1lzwwg2/opiniones_sobre_donar_sangre_de_forma_altruista/,n351bvv,"Te agradezco la información y el posteo del link para conocer más. Ahora le echaré un vistazo. Por suerte, no tengo problemas médicos generales así que no creo que me encuentre ninguna traba para poder donar. De nuevo, gracias",1752524536.0,1,1
https://www.reddit.com/r/es/comments/1lzwwg2/opiniones_sobre_donar_sangre_de_forma_altruista/,n350vxi,"0 problemas. Doné en un instituto cuando vinieron los del hospital y las enfermeras pilotaban muchísimo. Prácticamente ni te das cuenta, una ligera molestia. Y te dan descuentos para el cine 😁",1752524414.0,2,0
https://www.reddit.com/r/es/comments/1lzwwg2/opiniones_sobre_donar_sangre_de_forma_altruista/,n352mix,"Jajajaja Me conformo con que no me hagan mucho daño a la hora de pincharme 😂 Pero lo de las entradas de cine en un caso hipotético que las sigan repartiendo siempre es un añadido, es cierto",1752524895.0,2,1
https://www.reddit.com/r/es/comments/1lzwwg2/opiniones_sobre_donar_sangre_de_forma_altruista/,n355b6b,"Qué va, casi ni te enteras!! Y te lo dice alguien que le tiene panico a las agujas jajaja, pero todo sea por ayudar. Soy O- con lo cual es un plus porque mi sangre le vale a todo el mundo 😌",1752525647.0,2,2
https://www.reddit.com/r/es/comments/1lzwwg2/opiniones_sobre_donar_sangre_de_forma_altruista/,n358b2m,"Pues es muy interesante. A decir verdad, no sé cuál es el tipo de sangre que tengo yo así que será interesante saberlo a la hora de hacer mis donaciones. No tengo miedo a las agujas en mi caso, pero es bueno saberlo. De nuevo, gracias por tu ayuda a mi y al mundo 😄",1752526488.0,2,3
https://www.reddit.com/r/es/comments/1lzwwg2/opiniones_sobre_donar_sangre_de_forma_altruista/,n352xw1,"Siempre me alegra ver que más gente se apunta a donar sangre, pero ojalá en España se incentivara más.

Aunque el modelo actual se basa en el altruismo y está muy bien, desgraciadamente la mayor parte de la sociedad no funciona así. Hay estudios que respaldan el hecho de que incentivos como descuentos, vales culturales o una pequeña compensación económica augmenta significativamente el número de donaciones sin comprometer la seguridad del proceso ni el compromiso de los donantes que ya donan sangre de forma altruista.

Y tampoco se trata de convertir la sangre en un negocio, sino de reconocer que valorar el tiempo y el esfuerzo de las personas donantes es muy efectivo, tanto para captar nuevos donantes, como para que vuelvan aquellos que ya donaron.",1752524983.0,2,0
https://www.reddit.com/r/es/comments/1lzwwg2/opiniones_sobre_donar_sangre_de_forma_altruista/,n3hi7zs,"Creo que como tú dices es importante valorar el esfuerzo que hace la gente para poder sacar tiempo y esfuerzo y salir a donar. Además, he leído por aquí a gente que tiene miedo a las agujas y aún así hace el esfuerzo de ir a donar. Sea como sea, el reconocimiento a esa gente aunque sea por Internet como nosotros me parece lo mínimo, la verdad. Gracias por el comentario y un saludo",1752689438.0,1,1
https://www.reddit.com/r/es/comments/1lzwwg2/opiniones_sobre_donar_sangre_de_forma_altruista/,n37quv0,"España es uno de los países del mundo donde más donaciones de sangre se hacen, y de hecho, también transplantes. No hace falta dar ningún incentivo, ya te dan algo de comer y a veces tienen descuentillos en cine o eventos.

De hecho, si pagasen por las donaciones, posiblemente me costaría más ir.",1752559168.0,0,1
https://www.reddit.com/r/es/comments/1lzwwg2/opiniones_sobre_donar_sangre_de_forma_altruista/,n353h3j,"Dono regularmente. Es muy facil donar aquí en España. Siempre quería donarla en mi país también pero necesitaba ir al algunos sitios muy especificos y horas muy especificas. Estoy donante de medula también hace mucho años (he hecho en mi país). 

Porqué hago? No sé. No estoy segura si están usando mi sangre tampoco porque es un tipo muy común. 

La gente trabajando ahí son muy amables. Luego dan refrescos y frutos secos jejejej. Y donde estoy, dan billetes de cinema con descuento.",1752525130.0,2,0
https://www.reddit.com/r/es/comments/1lzwwg2/opiniones_sobre_donar_sangre_de_forma_altruista/,n355s8b,"Gracias por tu comentario. Ha sido interesantes leerte. No sé si seguirán dando billetes para el cine, pero es un buen añadido 😀 Tengamos fé en que las donaciones lleguen a un buen sitio. Gracias por tu tiempo escribiendo aquí",1752525780.0,2,1
https://www.reddit.com/r/es/comments/1lzwwg2/opiniones_sobre_donar_sangre_de_forma_altruista/,n353k6i,"Una galletita y un juguito y pa casa

Pd: no donen sangre despues de un turno de 36 hrs, van a estar bien mareados, yo hice esa mamada y para rematar la ultima vez que habia comido es la noche anterior al dia de la donación, quede echo mierda y cai a dormir al llegar a casa",1752525153.0,2,0
https://www.reddit.com/r/es/comments/1lzwwg2/opiniones_sobre_donar_sangre_de_forma_altruista/,n3563c0,"Gracias por escribir. Por lo que leído, hay personas que le Dan mareos después de hacer una donación. Creo que por eso iré a donar después de comer algo, así que evitaré los posibles efectos de un mareo. Gracias por tu tiempo escribiendo",1752525867.0,2,1
https://www.reddit.com/r/es/comments/1lzwwg2/opiniones_sobre_donar_sangre_de_forma_altruista/,n353z6p,"&gt;Opiniones sobre donar sangre de forma altruista

Es que en España no hay otra forma de donar sangre. Si lo haces será siempre de forma altruista y para ayudar a los demás porque no está remunerado. Y esto es así por ley. Lo que  sí te darán será alguna bebida azucarada y algún dulce o algo así, básicamente para que repongas glucosa y líquidos tras la donación.

En cuanto a las opiniones, qué es exactamente lo que quieres saber? 

La experiencia, pues nada que no te puedas imaginar. Vas al sitio de la donación, te verá un médico, te hará algunas preguntas acerca de tu estado de salud general, peso, etc. Te tomarán la tensión y te medirán la glucosa y si todo está bien, pasarás a una camilla. Te pincharán con una aguja relativamente gruesa para que el flujo de sangre sea correcto, te sacarán como 1/2 L o así, y después te darán algo con azúcar para que te repongas y te quedas allí un ratito hasta estar seguro de que no te va a dar una pájara.

En cuanto a los motivos, creo que eso ya está respondido. No sé si hay algo más que necesites saber.",1752525270.0,2,0
https://www.reddit.com/r/es/comments/1lzwwg2/opiniones_sobre_donar_sangre_de_forma_altruista/,n357371,"Lo primero de todo, pues gracias por escribir de forma tan detallada la experiencia y lo que te hacen. En términos generales esto es lo que buscaba en cuanto a información; saber cuanto tiempo estabas allí, algún consejo sobre si ir en ayunas o después de comer, El protocolo general antes de pincharte... en realidad, has respondido a prácticamente todo lo que tenía en mente, así que gracias por tu tiempo escribiendome",1752526147.0,1,1
https://www.reddit.com/r/es/comments/1lzwwg2/opiniones_sobre_donar_sangre_de_forma_altruista/,n35b8gx,"No vayas en ayunas ni hagas deporte ese día, ni antes ni después. Tampoco hace falta que vayas justo después de comer, mientras no estés en ayunas, cualquier hora sirve. No tomes alcohol ese día. Si consumes algún tipo de droga o medicación habitualmente, según lo que sea es muy probable que te echen p'atrás. Si es algo ""suave"" y ocasional, ese día no es buen día para hacerlo. Si pesas muy poco también te dirán que no, y si eres mujer y tienes la regla, espérate a terminarla.

En cuanto a posibles enfermedades infecciosas, si sabes que tienes alguna es obvio y creo que sabes que no debes donar. En cualquier caso tu sangre se analizará al llegar al depósito y si aparece algo se descartará. En ese caso también contactarían contigo para informarte de lo que hayan encontrado.

Cuando termines, independientemente de lo que te den ellos, hidrátate bien (sobre todo, pero no solo, ahora en verano), y si te quieres pegar un pequeño homenaje con la comida (sin que se te vaya de las manos y sin alcohol), es buen día para hacerlo sin remordimientos.",1752527318.0,2,2
https://www.reddit.com/r/es/comments/1lzwwg2/opiniones_sobre_donar_sangre_de_forma_altruista/,n35f11i,"Pues de nuevo, gracias por tu texto ya que eres de los que más me ha resuelto las dudas y probablemente se la has resulto también a alguien que estuviera leyendo y en mi misma situación. Gracias por el escrito, así lo tengo todo más claro",1752528413.0,2,3
https://www.reddit.com/r/es/comments/1lzwwg2/opiniones_sobre_donar_sangre_de_forma_altruista/,n35g7fu,No hay de qué. Gracias a ti por plantearte donar.,1752528758.0,2,4
https://www.reddit.com/r/es/comments/1lzwwg2/opiniones_sobre_donar_sangre_de_forma_altruista/,n35433h,"Yo lo he hecho muchas veces, es muy sencillo y no se tarda nada y encima te invitan a algo, te animo a que lo hagas, es muy poco esfuerzo para el bien que haces.",1752525301.0,2,0
https://www.reddit.com/r/es/comments/1lzwwg2/opiniones_sobre_donar_sangre_de_forma_altruista/,n357j19,"Pues muchas gracias ! Tendo decidido que lo voy a hacer, preferiblemente lo haré en fin de semana que es cuando tengo tiempo. Más o menos cuánto es la duración de la donación según tu experiencia ? Creo que leí a otro compañero que decía que era unos 30 minutos  a una hora. Gracias por tu tiempo escribiendo y un saludo",1752526270.0,1,1
https://www.reddit.com/r/es/comments/1lzwwg2/opiniones_sobre_donar_sangre_de_forma_altruista/,n35f8cd,"Sobre todo, lo importante es no donarlo a la cruz roja. Cogen tu sangre que has donado y la venden a los hospitales. Mejor dona en un hospital de verdad.",1752528473.0,2,0
https://www.reddit.com/r/es/comments/1lzwwg2/opiniones_sobre_donar_sangre_de_forma_altruista/,n35hfyv,"Justamente, esa es mi idea. Ir a un hospital. He leído bastantes comentarios negativos sobre la Cruz Roja, así que supongo que la opción del Hospital es lo más seguro. Gracias por la información, la verdad es que me fue útil !",1752529121.0,1,1
https://www.reddit.com/r/es/comments/1lzwwg2/opiniones_sobre_donar_sangre_de_forma_altruista/,n35fgo9,"Es una muy buena idea hacerlo, y, es más, sugeriría también presentarse para estar disponible como donante de médula. Yo lo hice después de que una de mis compañeras de la uni falleciera por leucemia, cuya solución es, precisamente, el transplante de médula ósea.",1752528540.0,2,0
https://www.reddit.com/r/es/comments/1lzwwg2/opiniones_sobre_donar_sangre_de_forma_altruista/,n3hggjt,"Vaya, lo siento de tu compañera, sinceramente. Veo a bastante gente diciendo que fue o es donante de médula en los comentarios. De momento tengo pensado presentarme a donar sangre y plasma, y lo de la médula me lo pensaré para el futuro. Gracias y un saludo !",1752688949.0,2,1
https://www.reddit.com/r/es/comments/1lzwwg2/opiniones_sobre_donar_sangre_de_forma_altruista/,n35gpj2,"Ya que A- no es de los tipos más comunes ni de los que más tipo de sangre puede recibir, aporto mi granito de arena donando mi sangre.",1752528905.0,2,0
https://www.reddit.com/r/es/comments/1lzwwg2/opiniones_sobre_donar_sangre_de_forma_altruista/,n35iyw5,Seguro que alguien en el futuro que reciba tu sangre te lo agradece aunque tú no lo conozcas al ser tu sangre de las poco comunes.  Gracias por escribir por aquí !,1752529569.0,1,1
https://www.reddit.com/r/es/comments/1lzwwg2/opiniones_sobre_donar_sangre_de_forma_altruista/,n35gr4f,"La sangre es vida. Donar sangre es donar vida. Si estás sano, ni te lo pienses. Puede que el día de mañana necesites una transfusión de alguien que previamente donó de manera altruista. Es de esas cosas que te reconcilian con la humanidad 😊",1752528918.0,2,0
https://www.reddit.com/r/es/comments/1lzwwg2/opiniones_sobre_donar_sangre_de_forma_altruista/,n3hg62p,"Pues sí, tienes razón.  A decir verdad, que haya tanta gente en este hilo que ha donado o está donando actualmente te hace recuperar un poco la esperanza en la humanidad al ver cómo se mueve la gente. Gracias por tu comentario !",1752688868.0,1,1
https://www.reddit.com/r/es/comments/1lzwwg2/opiniones_sobre_donar_sangre_de_forma_altruista/,n35irss,"Sienta muy bien, yo dono en Málaga frecuentemente desde hace unos tres años, y el personal del centro de donaciones es muy agradable y profesional. Te dan dulces gratis tras donar, y sabes que estás ayudando mucho a alguien sin esperar nada a cambio, solo costándote un poco de tiempo. 

A mí me alegra el día cada vez que voy el poder hacer ese gesto!!",1752529510.0,2,0
https://www.reddit.com/r/es/comments/1lzwwg2/opiniones_sobre_donar_sangre_de_forma_altruista/,n35jhy7,"Pues me alegro por ti. Debes de sentirte orgulloso por tu labor, yo lo estaría, la verdad. Además, tres años es mucho tiempo donando. Gracias por contar tu experiencia!",1752529728.0,1,1
https://www.reddit.com/r/es/comments/1lzwwg2/opiniones_sobre_donar_sangre_de_forma_altruista/,n397e4v,Graciaas :) Te aconsejo que lo pruebes a ver que tal te sienta a ti!!,1752585107.0,2,2
https://www.reddit.com/r/es/comments/1lzwwg2/opiniones_sobre_donar_sangre_de_forma_altruista/,n3hfxnl,"Muchas gracias ! Eso haré, ya que creo que es una de esas cosas que al menos tiene que probar a hacer una vez en la vida 😀",1752688805.0,2,3
https://www.reddit.com/r/es/comments/1lzwwg2/opiniones_sobre_donar_sangre_de_forma_altruista/,n35jh38,"Es una las mejores sensaciones que he tenido en la vida 😊 llevo unas donaciones desde 2023, y es mi manera de aportar a la sociedad española (más alla de pagar impuestos 😆)

Un poco de contexto, nací en Filipinas y me mudé a España en 2022 tras casarme con mi marido. Me daba vergüenza beneficiarme de la seguridad social sin haber hecho cotizaciones (antes de encontrar trabajo), y decidí donar sangre.

https://preview.redd.it/2ctlfvc3swcf1.jpeg?width=1170&amp;format=pjpg&amp;auto=webp&amp;s=694e10551966156d9e3aa012bf3edcf94d67d6bb",1752529720.0,2,0
https://www.reddit.com/r/es/comments/1lzwwg2/opiniones_sobre_donar_sangre_de_forma_altruista/,n3hft84,"Hola! Pues es muy bonito detalle de tu parte ! Yo creo que eso te tiene que hacer crecer mucho la autoestima, la labor que estás haciendo por la sociedad. Gracias por tu escrito, que es motivador, y un saludo !",1752688772.0,2,1
https://www.reddit.com/r/es/comments/1lzwwg2/opiniones_sobre_donar_sangre_de_forma_altruista/,n35lk9f,"Donar sangre es siempre altruista y es siempre por ayudar a otros.

  
O me estoy perdiendo de algo?

(yo personalmente llevo 20 años donando cada seis meses)",1752530354.0,2,0
https://www.reddit.com/r/es/comments/1lzwwg2/opiniones_sobre_donar_sangre_de_forma_altruista/,n3hfg2z,"Tienes que estar muy orgulloso de ti. Seguramente la cantidad de gente que hayas podido ayudar gracias a tus donaciones después de tanto tiempo tiene que ser alta. Es motivante, así que te doy las gracias",1752688674.0,1,1
https://www.reddit.com/r/es/comments/1lzwwg2/opiniones_sobre_donar_sangre_de_forma_altruista/,n35naux,"Hola, yo hace poco que empecé a donar y la experiencia siempre ha sido buena. El trato ha sido excelente siempre y la gente con la que coincides es muy amable. Desde luego, si puedes, lo recomiendo del todo. Además te hacen una analítica cada vez que vas, por lo que también tienes eso sin tener que ir con cita.",1752530894.0,2,0
https://www.reddit.com/r/es/comments/1lzwwg2/opiniones_sobre_donar_sangre_de_forma_altruista/,n3hf63c,"Lo de la analítica me llama la atención porque es algo bueno y está bien saberlo. Gracias por tu donación, desde luego. Un saludo y que vaya bien el día !",1752688599.0,2,1
https://www.reddit.com/r/es/comments/1lzwwg2/opiniones_sobre_donar_sangre_de_forma_altruista/,n35nt21,"Hasta ahora solo he donado dos veces ya que este año es cuando he alcanzado la mayoria de edad. De momento todo genial, los encargados muy amables, y sin complicacion alguna, no veo que razones habria para no donar sangre.",1752531053.0,2,0
https://www.reddit.com/r/es/comments/1lzwwg2/opiniones_sobre_donar_sangre_de_forma_altruista/,n3hesjr,"Pues lo haré ! Realmente creo que es algo que merece la pena hacer, aunque sea una vez en la vida. Muchas gracias por tu comentario !",1752688499.0,2,1
https://www.reddit.com/r/es/comments/1lzwwg2/opiniones_sobre_donar_sangre_de_forma_altruista/,n3hf5gk,"Gracias a ti, muchisma suerte, ojala te vaya genial",1752688594.0,2,2
https://www.reddit.com/r/es/comments/1lzwwg2/opiniones_sobre_donar_sangre_de_forma_altruista/,n3hhs0o,Muchas gracias. Seguro que sí que lo es y va bien 😄,1752689316.0,2,3
https://www.reddit.com/r/es/comments/1lzwwg2/opiniones_sobre_donar_sangre_de_forma_altruista/,n35prvc,"No fui donante hasta hace unos 5-6 años, porque tenía una tremenda fobia a las agujas. Lo superé, y no podría estar más orgullosa. Si estás sano y quieres ayudar, no lo dudes!",1752531672.0,2,0
https://www.reddit.com/r/es/comments/1lzwwg2/opiniones_sobre_donar_sangre_de_forma_altruista/,n3heno5,"Sin duda, debes de estar muy orgullosa con cómo eres y lo que has conseguido. No todo el mundo supera su miedo a las agujas. Creo que es de mucho valor ! Gracias por tu aportación y un saludo 😊",1752688463.0,1,1
https://www.reddit.com/r/es/comments/1lzwwg2/opiniones_sobre_donar_sangre_de_forma_altruista/,n35pyha,"Yo en su momento lo hice bastante, la verdad tengo que volver a hacerlo, nunca hubo ningún problema, tengo buenas venas, más allá de algún mareo, ahora voy después de tomarme un café suave, quizás no te lo recomienden pero siempre se lo digo en el centro para que sepan porque tengo la tensión un pelín más alta, me sirve para no marearme, estás un rato ahí y al menos donde vivo te dan un par de zumos y cositas así, uno de los efectos secundarios positivos de donar sangre es que luego cuando te toca analítica te hace hasta gracia de lo rápido que es jajajaja.

En cuanto al ""momento aguja"" molesta un poquito al ponértela porque es algo gruesa pero una vez puesta no se nota mucho, además la gente que trabaja en los centros tiene mucha experiencia.",1752531730.0,2,0
https://www.reddit.com/r/es/comments/1lzwwg2/opiniones_sobre_donar_sangre_de_forma_altruista/,n3heg76,"Hola ! Pues gracias por tu escrito. Me anima a hacerlo yo también, ya que veo que aquí la gente ha tenido experiencias positivas haciendo cosas como esta. Quien sabe, puede que incluso este hilos y sus respuestas motive a alguien más a donar aparte de mi. Un saludo y gracias !",1752688407.0,2,1
https://www.reddit.com/r/es/comments/1lzwwg2/opiniones_sobre_donar_sangre_de_forma_altruista/,n35rjfi,"La verdad es algo que me alegra hacer, nunca sabes a quien vas a salvar al final pero sabes que vas a aportar un salvavidas con la donación de sangre. 
Además, en mi caso, me es muy conveniente ya que poseo una cantidad de globulos rojos bastante elevada de la media, encima luego no me siento tan decaido cuando termino la sesión, es más hasta nos tratan bien dejandonos beber zumos y comer cosas. Me lo paso genial bebiendo siempre un Lacao jejeje.",1752532235.0,2,0
https://www.reddit.com/r/es/comments/1lzwwg2/opiniones_sobre_donar_sangre_de_forma_altruista/,n3he557,"Muchas gracias por tu comentario. La gente que ha tenido buenas experiencias me motiva a hacerlo, así que te agradezco tu aporte. Un saludo y que te vaya bien, gracias por tu aportación",1752688326.0,2,1
https://www.reddit.com/r/es/comments/1lzwwg2/opiniones_sobre_donar_sangre_de_forma_altruista/,n36v6ky,"Soy una persona con problemas de salud por lo que no dono, pero me parece muy bonito lo que estoy leyendo. Nunca he necesitado sangre pero gracias a todos los que donan. Me hace sentir que hay gente buena a la que le importan los enfermos. Mucha gente no trata bien a los que están mal de salud, ver que hay extraños que donan parte de su sangre me da un poco de sentimiento.",1752545620.0,2,0
https://www.reddit.com/r/es/comments/1lzwwg2/opiniones_sobre_donar_sangre_de_forma_altruista/,n3h09vy,"Gracias por tu comentario. No sé qué problemas de salud tienes, pero espero que te encuentres bien. Y si no, espero que te mejores dentro de poco. Fue un comentario bonito el tuyo y te lo agradezco. Muchas gracias y cuídate! 😀",1752684603.0,2,1
https://www.reddit.com/r/es/comments/1lzwwg2/opiniones_sobre_donar_sangre_de_forma_altruista/,n38dnty,Mejor cosa que puedes hacer gratis a ayudar alguien sin esperar nada a cambio.... Encima tiene sus beneficios a ti también renovando tu sangre.... No la dudes....,1752572160.0,2,0
https://www.reddit.com/r/es/comments/1lzwwg2/opiniones_sobre_donar_sangre_de_forma_altruista/,n3h0y4m,Muchas gracias.  Tengo pensado en los próximos días ir a donar teniendo en cuenta la cantidad de comentarios positivos que estoy escuchando del tema. Gracias por tu apoyo y un saludo !,1752684788.0,1,1
https://www.reddit.com/r/es/comments/1lzwwg2/opiniones_sobre_donar_sangre_de_forma_altruista/,n39q6ij,"Desde que tengo 18 doné sangre (siempre que me acuerdo, para ser justos) en el hospital de mi ciudad. Son gestos altruistas que no cuestan absolutamente nada y puede, literalmente, significar la supervivencia de otra persona. Además, las enfermeras que lo realizan son de las personas más amables y graciosas que me he encontrado nunca. Ánimo!",1752590812.0,2,0
https://www.reddit.com/r/es/comments/1lzwwg2/opiniones_sobre_donar_sangre_de_forma_altruista/,n3h1mox,"Pues muchas gracias por tu comentario. No sé cuanto tiempo llevas donando pero tiene que ser todo un orgullo para ti, seguro que ayudaste a mucha gente aunque nunca sepamos quiénes son. Gracias por tu comentario, fue una motivación",1752684972.0,1,1
https://www.reddit.com/r/es/comments/1lzwwg2/opiniones_sobre_donar_sangre_de_forma_altruista/,n3a7t21,"Yo done sangre porque a mí mamá la van a operar y le solicitaban voluntarios, cabe aclarar que odio las agujas. Todo salió muy bien y me dieron un sándwich y un jugo, te sientes bien contigo mismo y sabes que estás ayudando.
Pienso donar más constantemente.",1752595744.0,2,0
https://www.reddit.com/r/es/comments/1lzwwg2/opiniones_sobre_donar_sangre_de_forma_altruista/,n3h1ssn,Me parece genial y me ha gustado tu historia. Creo que tienes que sentirte orgulloso que aunque odies las agujas hagas ese gesto por la gente. Yo en tu lugar estaría orgulloso.  Gracias por tu comentario,1752685019.0,2,1
https://www.reddit.com/r/es/comments/1lzwwg2/opiniones_sobre_donar_sangre_de_forma_altruista/,n3an68c,"En la universidad y cuando tuve un familiar ingresado donaba con asiduidad. Es rápid, indoloro te daban un bocadillo/galletas y un zumo.

No encontrarás una forma más fácil de ayudar.",1752599932.0,2,0
https://www.reddit.com/r/es/comments/1lzwwg2/opiniones_sobre_donar_sangre_de_forma_altruista/,n3h25rn,Muchas gracias! Me anima tu comentario a hacerlo. Espero que tengas un buen día y gracias por pararte a escribir por aquí :),1752685116.0,1,1
https://www.reddit.com/r/es/comments/1lzwwg2/opiniones_sobre_donar_sangre_de_forma_altruista/,n3bg6tx,"Llevo desde los 18 donando (32F) y no Tengo nada malo que decir. Si li haces por forma altruista y porque quieres, adelante.
Incluso si te genera alguna duda te diría que pruebes a hacerlo para tener tu propia opinión.",1752607969.0,2,0
https://www.reddit.com/r/es/comments/1lzwwg2/opiniones_sobre_donar_sangre_de_forma_altruista/,n3hdbw8,"Me llama mucho la atención la cantidad de años que llevas donando. Debe de ser todo un orgullo para ti! Seguro que has ayudado a mucha gente desde entonces. Gracias por tu comentario, fue motivante. Y un saludo !",1752688111.0,1,1
https://www.reddit.com/r/es/comments/1lzwwg2/opiniones_sobre_donar_sangre_de_forma_altruista/,n3i34zu,"No te creas, tampoco soy muy constante, lo máximo que puedo hacer es uno cada 4 meses y a veces tardo más. Otras veces me han rechazado la donación por anemia, porque me he mareado, lo que fuera...
Llevo muchos años haciéndolo de vez en cuando (que mejor eso que nada, supongo!)
Si te animas cuentanos que te ha parecido, animo!!!",1752695283.0,1,2
https://www.reddit.com/r/es/comments/1lzwwg2/opiniones_sobre_donar_sangre_de_forma_altruista/,n3e9e1i,Siempre que voy al hospital a visitar un familiar voy a donar sangre. No cuesta nada y encima te dan galletas y zumo para desayunar 😁,1752642777.0,2,0
https://www.reddit.com/r/es/comments/1lzwwg2/opiniones_sobre_donar_sangre_de_forma_altruista/,n3e9ill,"Y como tip, si se te pone morado el trozo del pinchazo comprate 'afterbite' o cualquier producto con arnica para que se vaya rapido.",1752642840.0,2,1
https://www.reddit.com/r/es/comments/1lzwwg2/opiniones_sobre_donar_sangre_de_forma_altruista/,n3hcmls,"Ey, muchas gracias por el comentario.  No sabía de la existencia del ""afterbite"" que hablas. Lo tendré en cuenta cuando me toque hacer la donación y me pinchen. Gracias y un saludo !",1752687926.0,1,2
https://www.reddit.com/r/es/comments/1lzwwg2/opiniones_sobre_donar_sangre_de_forma_altruista/,n3ewpy8,"Yo empecé por tres motivos, saber mí tipo de sangre, altruismo, y reservas muy muy bajas en mi comunidad (al punto de tener que posponer operaciones), soy universal así que dono cada vez que puedo (pospuse una cita pa un tatuaje para ir a donar por ejemplo), si le tienes miedo a las agujas mira a otro lado y ya lo tienes solucionado y si notas que sientes la vía por dentro del brazo pide una pelotita anti estrés que ayuda bastante. 

Es algo importante y que no cuesta nada y también está la posibilidad de hacerse donante de médula por si te interesase.",1752655573.0,2,0
https://www.reddit.com/r/es/comments/1lzwwg2/opiniones_sobre_donar_sangre_de_forma_altruista/,n3h2hn7,"Comentarios como el tuyo me animan a hacerlo definitivamente. Gracias por la información que me has dado, así sé que debo de hacer en caso de ponerme nervioso en esa situación.  Gracias por tu escrito y un saludo !",1752685206.0,1,1
https://www.reddit.com/r/es/comments/1lzwwg2/opiniones_sobre_donar_sangre_de_forma_altruista/,n3f76gl,"Yo dono sangre, porque creo que es una contribución que puedo hacer y solo me influye 20 minutos de mi tiempo.

Además, con mis hermanos, iniciamos un pique sano, de donaciones de Sangre, así, hay cierto aliciente, y dan detallitos muy interesantes, el año pasado, era una bolsa para que no se moje el móvil.

Y por salud, no se el motivo real, pero siento menos dolores de cabeza, sobre todo lo relacionaria con nerviosismo.

Y que estás donando una parte de tu cuerpo que se va regenerando, y tiene un uso.

Y por último, facilita el trámite de donar médula, ya que en la misma donación, pueden revisar (si quieres) y registrarte como posible donante.",1752661464.0,2,0
https://www.reddit.com/r/es/comments/1lzwwg2/opiniones_sobre_donar_sangre_de_forma_altruista/,n3hceqt,"Hola, gracias por tu aportación y tu comentario. Es motivante saber que hay gente por allí que hace donaciones como es el caso de tu familia.  Gracias por tu escrito y por tu información!",1752687868.0,1,1
https://www.reddit.com/r/es/comments/1lzwwg2/opiniones_sobre_donar_sangre_de_forma_altruista/,n3ungh9,"Gracias a ti, creo que este hilo ha sido una campaña más efectiva para animar a la donación de sangre, y plasma, que un cartel en mitad de la calle más transcurrida de las principales ciudades. 

Ya que la gente está expresando buenas intenciones, y puras ventajas. 

Y ya de paso desmontar las prácticas (privatizadas, creo que solo lo hacen en ""la tierra de la Libertad"", Madrid), de cobrar dinero público por recoger sangre, en Valencia, Castellón y Alicante, esta el centro de Transfusión y su servicio itinerante y son profesionales como la copa de un pino.",1752859310.0,1,2
https://www.reddit.com/r/es/comments/1lzwwg2/opiniones_sobre_donar_sangre_de_forma_altruista/,n3v1ks1,"Realmente, llevo pensando en eso desde ayer.  Me sorprende la buena acogida que ha tenido esta publicación de Reddit. También es cierto, que como contesto a la gente quizás eso ha movido el algoritmo de Reddit y por eso se lo ha mostrado a mucha más gente. Y pienso lo mismo que tú; venía de forma genuina a preguntar por opiniones antes de empezar a buscar centros de donación y al final mucha más gente se ha unido a contar su experiencia. Nunca sabremos si esto motivó a alguien más aparte de mi a donar con la cantidad de gente que hay aquí pero la lógica me dice que así ha sido. Gracias por tu comentario, de nuevo  😀",1752863323.0,1,3
https://www.reddit.com/r/es/comments/1lzwwg2/opiniones_sobre_donar_sangre_de_forma_altruista/,n3hk1zb,"Si me permites un consejo, si tienes tendencia a tener la tensión un poco baja, y ahora con el calor que está haciendo, más vale que el refresco lo tomes antes o durante la donación, porque si esperas a después es posible que te marees. Nones grave, porque estarás sentado y no te vas a caer, pero no es agradable sentirse así.",1752689946.0,2,0
https://www.reddit.com/r/es/comments/1lzwwg2/opiniones_sobre_donar_sangre_de_forma_altruista/,n3hpixv,"Pues te agradezco mucho esta información porque sí que es cierto que tiendo a ser un poco hipotenso y este consejo me puede ayudar bastante, así que lo tendré en cuenta. Gracias de nuevo y que te vaya bien el día !",1752691468.0,1,1
https://www.reddit.com/r/es/comments/1lzwwg2/opiniones_sobre_donar_sangre_de_forma_altruista/,n3kypcc,"Yo hubo un periodo de mi vida que donaba bastante, hasta que vi que se le vendía sangre a centros privados. Eso me cabreó muchísimo. Si van a sacar dinero de mi cuerpo, que compartan.",1752731204.0,2,0
https://www.reddit.com/r/es/comments/1lzwwg2/opiniones_sobre_donar_sangre_de_forma_altruista/,n3ux7z7,"Entiendo tu punto de vista, de hecho hay gente que ha opinado lo mismo  ( que se vende la sangre ). Por lo que comentan otros si vas directamente a la planta de los hospitales a hacer donaciones directamente al no haber intermediarios en esto nadie vende nada. Que es mi idea al ser un novato, y por lo que me recomienda la gente, ir a un hospital y hacer allí la donación. Gracias por tu punto de vista, el comentario y un saludo !",1752862047.0,2,1
https://www.reddit.com/r/es/comments/1lzwwg2/opiniones_sobre_donar_sangre_de_forma_altruista/,n3lby72,"Donar sangre, si es en un hospital público mejor, la sangre no se venderá. 

Aunque el proceso es más lento, si tienes tiempo puedes informarte sobre la donación de plasma, también muy necesario. 

Y ya para los más generosos también está la donación de médula, de esta os comparto un vídeo donde te explican cómo funciona.

https://youtu.be/QlsTCSCHCPs

Resumiendo, donar vida siempre es bien. 🫶",1752738163.0,2,0
https://www.reddit.com/r/es/comments/1lzwwg2/opiniones_sobre_donar_sangre_de_forma_altruista/,n3uwsnc,"Gracias por la información aportada, así como el vídeo de YouTube. Me lo guardo en favoritos para verlo más tarde. En mi caso, he decidido que voy a ir a donar sangre al hospital de mi ciudad directamente. Gracias por tu comentario y un saludo!",1752861924.0,1,1
https://www.reddit.com/r/es/comments/1lzwwg2/opiniones_sobre_donar_sangre_de_forma_altruista/,n3lctkm,"Bueno, aunque yo sea del tipo ""menos util"" (AB+), me han dicho que el plasma es el mejor de todos por no tener ningún de los anticuerpos (o algo así - ya que podemos recibir todos los tipos). Entonces siempre que puedo, hago mi donación, aunque sepa que no se va aprovechar mucho.

Lo hago desde joven, y siempre me ha sentado bien, sabiendo que algo se aprovecha. Al menos tres veces al año estoy ahí.",1752738647.0,2,0
https://www.reddit.com/r/es/comments/1lzwwg2/opiniones_sobre_donar_sangre_de_forma_altruista/,n3uwj8b,"Desde mi punto de vista, cualquier cosa que aporte una persona tenga la sangre que tenga me parece que ya es muy útil. Quien sabe si hay alguien en el mundo que recibió tu donación y te lo está agradeciendo aunque tú no seas consciente de ello. No hay que infravalorar los actos, en otras palabras. Gracias por tu escrito y que te vaya bien el día !",1752861848.0,1,1
https://www.reddit.com/r/es/comments/1lzwwg2/opiniones_sobre_donar_sangre_de_forma_altruista/,n3llwga,"Si, yo dono desde que tengo 18 años, pero como mi sangre es AB+ prefiero donar plasma que es más útil para mi factor (en sangre soy receptor universal pero solo puedo donar a mi mismo factor, en cambio en plasma soy donante universal).
No veo por qué no lo harías, es un acto de amor al prójimo que solo te cuesta 30 min de tu vida pero puede salvar la vida de otro!",1752743860.0,2,0
https://www.reddit.com/r/es/comments/1lzwwg2/opiniones_sobre_donar_sangre_de_forma_altruista/,n3uw6i9,"Sea plasma o sangre, creo que es muy útil lo que haces. No sé qué edad tienes, pero si llevas desde los 18 años llevas tiempo y deberías de estar muy orgulloso por tus actos desde mi punto de vista. Gracias por tu comentario y que tengas un buen día !",1752861747.0,1,1
https://www.reddit.com/r/es/comments/1lzwwg2/opiniones_sobre_donar_sangre_de_forma_altruista/,n3lvjfr,"Voy camino de las 50 ya, llevo desde los 18 donando regularmente. Es de las maneras más sencillas de colaboración social, y no te cuesta prácticamente nada.",1752748943.0,2,0
https://www.reddit.com/r/es/comments/1lzwwg2/opiniones_sobre_donar_sangre_de_forma_altruista/,n3utc8s,"Esos son muchas veces donadas. Debes de estar orgulloso de ti mismo, ciertamente. Yo lo estaría en tu lugar. Gracias por tu comentario y un saludo !",1752860937.0,1,1
https://www.reddit.com/r/es/comments/1lzwwg2/opiniones_sobre_donar_sangre_de_forma_altruista/,n3njqzv,"Una cosa que no entiendo de los sitios de donaciones es porque ponen toda esa bollería industrial y dulces y cocacola a punta pala, de hecho te dicen que te bebas una cocacola antes de donar. 
Unos sándwiches normales de toda la vida De Dios creo que es mejor que esa basura que tienen.",1752768546.0,2,0
https://www.reddit.com/r/es/comments/1lzwwg2/opiniones_sobre_donar_sangre_de_forma_altruista/,n3ut3dd,"Supongo que eso será para que el azúcar en sangre te vuelva a subir ya que quizás te pueda bajar después de la donación. También te digo, que lo comento desde el desconocimiento, es sólo una idea. Gracias por el escrito y un saludo !",1752860867.0,1,1
https://www.reddit.com/r/es/comments/1lzwwg2/opiniones_sobre_donar_sangre_de_forma_altruista/,n64qbq7,Un sándwich mismamente también te sube el azúcar en sangre si tengo que comer esa basura de bollería y joder mi salud encima que dono sangre para restaurar la salud de otras personas no tiene sentido.,1753951171.0,1,2
https://www.reddit.com/r/es/comments/1lzwwg2/opiniones_sobre_donar_sangre_de_forma_altruista/,n3oecuj,Los que tenemos AB+ nuestra sangre solo vale para los de AB+ y para los demás no y la de los demás nos valen todas,1752776974.0,2,0
https://www.reddit.com/r/es/comments/1lzwwg2/opiniones_sobre_donar_sangre_de_forma_altruista/,n3usqt9,"Es bueno saber esa información para que la gente tenga algo de conocimiento, como es mi caso. Gracias por tu comentario y un saludo !",1752860770.0,1,1
https://www.reddit.com/r/es/comments/1lzwwg2/opiniones_sobre_donar_sangre_de_forma_altruista/,n3oolax,"Llevaré un par de años ya que dono unas 3 veces al año. Lo único de lo que me arrepiento es no haber empezado a hacerlo nada más cumplir los 18 en vez haber esperado hasta ahora.

No sé, la sensación de que por estar sentado un ratillo esté salvando vidas me parece increíble. Y además...el bocadillo siempre se agradece.",1752779892.0,2,0
https://www.reddit.com/r/es/comments/1lzwwg2/opiniones_sobre_donar_sangre_de_forma_altruista/,n3ushhb,"Algo de comida después de hacer un buen acto nunca viene mal 😀 . Aparte de hacer algo bueno, por supuesto. Gracias por el comentario y un saludo",1752860698.0,1,1
https://www.reddit.com/r/es/comments/1lzwwg2/opiniones_sobre_donar_sangre_de_forma_altruista/,n3se7t4,"Sí lo he hecho, es fácil y casi no duele. Solo notas un pinchacito de nada al principio, luego nada. Te tumbas ahí 15 minutos, como si te quieres dormir, y ya estaría.


Lo ""malo"" es que ese día te encontrarás más débil de lo habitual, pero con descansar un poco y beber agua en lugar de ir a hacer deporte es suficiente.",1752832016.0,2,0
https://www.reddit.com/r/es/comments/1lzwwg2/opiniones_sobre_donar_sangre_de_forma_altruista/,n3urvbr,"Pues muchas gracias por tu comentario, ya que es reconfortante saber que el proceso es bien sencillo y nada del otro mundo. Es bueno escuchar opiniones de otra gente. Gracias por tu escrito y un saludo !",1752860527.0,1,1
https://www.reddit.com/r/es/comments/1lzwwg2/opiniones_sobre_donar_sangre_de_forma_altruista/,n3sqx4g,Es el glitch de comida gratis.,1752838224.0,2,0
https://www.reddit.com/r/es/comments/1lzwwg2/opiniones_sobre_donar_sangre_de_forma_altruista/,n3urnk8,Y de regalos en ocasiones puntuales. Hay gente que en algún comentario han dicho que le regalaron hasta entradas de cine :D,1752860469.0,2,1
https://www.reddit.com/r/es/comments/1lzwwg2/opiniones_sobre_donar_sangre_de_forma_altruista/,n3wuy9w,Ostia! Un upgrade del glitch! Anotado!,1752883976.0,2,2
https://www.reddit.com/r/es/comments/1lzwwg2/opiniones_sobre_donar_sangre_de_forma_altruista/,n3tsjmk,"No hay otra forma de donación que no sea altruista. En realidad, es un acto sencillo e inocuo que salva vidas (literalmente).

Hay muchos mitos acerca de las donaciones. En términos generales la sangre se guarda, analiza, procesa para separarla en fases y componentes, se pone en cuarentena, se congela, y se va liberando según la demanda. Pasan varios días, necesarios, para poner a disposición de un paciente esa sangre.

Tanto centros públicos como privados pueden usar sangre de los bancos de tejidos y naturalmente eso tiene un coste económico, porque congelar cosas a 80° bajo cero y hacer múltiples pruebas de laboratorio tienen un coste. Los sistemas públicos de salud que gestionan su propio banco ahorran dinero.

De hecho, ciertos componentes de la sangre donada se entregan a farmacéuticas para fabricar medicamentos que no pueden ser fabricados de otra forma.

Y, respecto a conocer o no tu grupo sanguíneo, es irrelevante porque se comprueba cada vez que una persona dona, y requiere una transfusión, tanto del donante como del receptor.

Como observación final, si tienes venas ""complicadas"" yo creo que es mejor no donar. No merece la pena pasar el mal rato y conviene guardar esas venas imposibles para momentos de una necesidad propia mayor, como una cirugía.",1752850614.0,2,0
https://www.reddit.com/r/es/comments/1lzwwg2/opiniones_sobre_donar_sangre_de_forma_altruista/,n3urhhx,Hola ! Gracias por tu comentario extenso contando tu punto de vista y lo que sabes sobre el tema. Me ha parecido muy interesante. Espero que tengas un buen día y gracias por tu tiempo escribiendo!,1752860427.0,1,1
https://www.reddit.com/r/es/comments/1lzwwg2/opiniones_sobre_donar_sangre_de_forma_altruista/,nk30fve,"Tengo 18 años y doné por primera vez el mes pasado y me sentí muy agradecida, aunque creo que va de persona a persona, me siento bien, siempre he soñado con ayudar en todo lo que pueda, sobre todo porque puedo donar a cualquier tipo de sangre (soy O-), ¡me siento bien sabiendo que estoy ayudando a salvar vidas!",1760756746.0,2,0
https://www.reddit.com/r/es/comments/1lzwwg2/opiniones_sobre_donar_sangre_de_forma_altruista/,nk3h9bb,"Gracias por tu comentario. Es bonito saber que estás ayudando a otras personas con tus actos, cierto? Yo estaría orgulloso de mí mismo si fuera tú, así que enhorabuena  :)",1760764741.0,1,1
https://www.reddit.com/r/es/comments/1lzwwg2/opiniones_sobre_donar_sangre_de_forma_altruista/,n351zmh,"Además de todo lo que han dicho por aquí, es la única manera de reducir tus niveles de PFAS en sangre.

https://jamanetwork.com/journals/jamanetworkopen/fullarticle/2790905",1752524719.0,1,0
https://www.reddit.com/r/es/comments/1lzwwg2/opiniones_sobre_donar_sangre_de_forma_altruista/,n3549gn,Me leído la información después de traducirla y  la he encontrado muy interesante. Gracias por compartirla ! Seguro que mucha gente desconocía este pequeño gran detalle sobre las donaciones,1752525351.0,1,1
https://www.reddit.com/r/es/comments/1lzwwg2/opiniones_sobre_donar_sangre_de_forma_altruista/,n355pek,Si te interesa el tema aqui hay un video muy bueno sobre ello https://youtu.be/xRjqSoiH-jA?si=sjnVr1hA0LasHrku,1752525758.0,2,2
https://www.reddit.com/r/es/comments/1lzwwg2/opiniones_sobre_donar_sangre_de_forma_altruista/,n358vq6,"Voy a ponerlo en vídeo favoritos y me lo veré más tarde. En los ratos libres estudio medicina como entretenimiento y este tipo de vídeos sean se la misma índole que estudio o no me parece interesante conocerlos para saber otros puntos de vista. De nuevo, gracias",1752526648.0,1,3
https://www.reddit.com/r/es/comments/1lzwwg2/opiniones_sobre_donar_sangre_de_forma_altruista/,n352m4a,"Ehh... La imagen está mal.
 
Podrías quitarla 😰

Esto podría costar vidas",1752524892.0,1,0
https://www.reddit.com/r/es/comments/1lzwwg2/opiniones_sobre_donar_sangre_de_forma_altruista/,n35f7ob,No va a costar vidas. Los médicos saben la verdadera tabla y las verdaderas equivalencias y no van a hacer caso a nadie que venga al hospital con información de internet diciendo que a su familiar le pueden poner X tipo de sangre cuando no es así.,1752528468.0,2,1
https://www.reddit.com/r/es/comments/1lzwwg2/opiniones_sobre_donar_sangre_de_forma_altruista/,n35g6to,"A ver claro que los médicos se lo saben, pero imagina que algún pringao encuentra esta tabla en una situación de emergencia sin posibilidad de atención sanitaria, pero con acceso a sangre. 
 
Este no es el tipo de información que convenga tener mal online. Es hasta cierto punto peligroso que una tabla como esta corretee por Internet.",1752528753.0,0,2
https://www.reddit.com/r/es/comments/1lzwwg2/opiniones_sobre_donar_sangre_de_forma_altruista/,n3hhijn,"Pues creo que no puedo editarlo 😓 . Lo siento, lo he intentado pero como ha pasado 24 horas creo que ya no puedo editar la imágen. Espero que la imagen no de problemas en el futuro.",1752689243.0,1,3
https://www.reddit.com/r/es/comments/1lzwwg2/opiniones_sobre_donar_sangre_de_forma_altruista/,n35ephp,"No te cuesta nada, es de perro no Donat si hasta vienen a la facu",1752528319.0,1,0
https://www.reddit.com/r/es/comments/1lzwwg2/opiniones_sobre_donar_sangre_de_forma_altruista/,n35h91n,"En mi caso, cuando estuve en la universidad no tuve la oportunidad.  Pero ahora lo voy a intentar, nunca es tarde para hacer algo bueno. Gracias por el comentario y que te vaya bien 😀",1752529064.0,1,1
https://www.reddit.com/r/es/comments/1lzwwg2/opiniones_sobre_donar_sangre_de_forma_altruista/,n35hmll,"Me parece fatal y no lo haria nunca, yo quiero un zumito",1752529174.0,1,0
https://www.reddit.com/r/es/comments/1lzwwg2/opiniones_sobre_donar_sangre_de_forma_altruista/,n35j3ns,"Bueno, hay gente para todos los gustos, supongo 😀 Al menos te gustan Los zumos jajaja",1752529609.0,1,1
https://www.reddit.com/r/es/comments/1lzwwg2/opiniones_sobre_donar_sangre_de_forma_altruista/,n35rywl,Si tengo ab+ vale la pena? Porque se puede recibir de todos pero cuando donas solo le puedes donar a otros ab+,1752532373.0,1,0
https://www.reddit.com/r/es/comments/1lzwwg2/opiniones_sobre_donar_sangre_de_forma_altruista/,n386c90,"Sin ninguna duda merece la pena. Por mucho que a los AB+ les valga el resto de grupos, si yo por ejemplo te pongo una bolsa 0+ eso supone ""quitarle"" una bolsa de sangre a alguien 0+ que la pueda necesitar y que no tiene esa suerte de que le valen de el resto de grupos.

Mientras más donaciones haya de TODOS los grupos mucho mejor, ninguna donación sobra. Todas son igualmente importantes.",1752567812.0,2,1
https://www.reddit.com/r/es/comments/1lzwwg2/opiniones_sobre_donar_sangre_de_forma_altruista/,n3hdvox,"Desde el conocimiento, pero yo creo que sí que merece la pena. La gente que tiene una sangre AB+, seguramente agradezcan las donaciones venga de donde venga. No creo que haya se poner en menos valor tu tipo de sangre frente a otras porque nunca sabremos si aportará menos o más ayuda a una persona que la puede necesitar. Esa es mi opinión",1752688257.0,1,1
https://www.reddit.com/r/es/comments/1lzwwg2/opiniones_sobre_donar_sangre_de_forma_altruista/,n35slmr,"En España creo que se dona bastante, al menos órganos, así que sangre incluso mejor porque no necesitas morirte XD

¡Donar plasma también ayuda!",1752532575.0,1,0
https://www.reddit.com/r/es/comments/1lzwwg2/opiniones_sobre_donar_sangre_de_forma_altruista/,n3gz3h2,"La verdad es que mucha gente me dice de donar plasma. Me lo voy a apuntar eso de ir a donar plasma algún día, ya que parece interesante. Gracias por El comentario !",1752684276.0,1,1
https://www.reddit.com/r/es/comments/1lzwwg2/opiniones_sobre_donar_sangre_de_forma_altruista/,n361p37,Celebré mi 18 cumpleaños donando sangre. Y lo hago siempre que puedo. Es importantisimo y el esfuerzo es mínimo.,1752535499.0,1,0
https://www.reddit.com/r/es/comments/1lzwwg2/opiniones_sobre_donar_sangre_de_forma_altruista/,n3gzbda,Esa es una gran forma de cumplir que eres mayor de edad. Puedes estar orgullos@ de ti misma 😀 Gracias por el comentario y un saludo !,1752684338.0,1,1
https://www.reddit.com/r/es/comments/1lzwwg2/opiniones_sobre_donar_sangre_de_forma_altruista/,n362awh,Le tengo un pánico a las agujas que me hace casi que imposible el donar sangre…,1752535698.0,1,0
https://www.reddit.com/r/es/comments/1lzwwg2/opiniones_sobre_donar_sangre_de_forma_altruista/,n3gzjsx,"Lo veo normal. Tengo algún conocido que también se lo tienen y lo pasa realmente mal en inspecciones médicas. Tal vez algún día se te pase, por tu bien más que por la donación. Un saludo !",1752684403.0,1,1
https://www.reddit.com/r/es/comments/1lzwwg2/opiniones_sobre_donar_sangre_de_forma_altruista/,n363hpe,"Es recomendable, sobre todo si estas en la uni dona cuando este el bus por tu campus, pues a veces cae dinero para la facultad que mas dona. Yo estaría encantado de donar pero como soy hipotenso, como que  mejor no donar no sea que después me desmaye me reviente la cabeza y en vez de donar gaste 3 bolsas",1752536087.0,1,0
https://www.reddit.com/r/es/comments/1lzwwg2/opiniones_sobre_donar_sangre_de_forma_altruista/,n3gzuik,"En mi caso, al final he optado por ir directamente al hospital a hacer la donación. En el campus de mi ciudad nunca vi esos movimientos, así que mejor voy directamente a donde sé que más será de ayuda. Gracias por tu comentario !",1752684486.0,1,1
https://www.reddit.com/r/es/comments/1lzwwg2/opiniones_sobre_donar_sangre_de_forma_altruista/,n3681qo,"Pues lo normal, si tengo la opción de ayudar a otros y no me cuesta más que cinco minutos pq no lo iba a hacer?",1752537594.0,1,0
https://www.reddit.com/r/es/comments/1lzwwg2/opiniones_sobre_donar_sangre_de_forma_altruista/,n3gzzwt,Pues tienes razón. Es la idea que se me pasó por la mente cuando decidí mirar cómo se podía hacer esto de las donaciones. Gracias y un saludo,1752684527.0,1,1
https://www.reddit.com/r/es/comments/1lzwwg2/opiniones_sobre_donar_sangre_de_forma_altruista/,n37l0qz,Cuando era pequeña tuve un accidente... Por varios motivos tarde mucho en llegar al hospital. Perdí tanta sangre que tenía convulsiones... Necesité varias trasfusiones. Por poco no lo cuento. Hoy día estoy aquí gracias a que otras personas donaron sangre.,1752556218.0,1,0
https://www.reddit.com/r/es/comments/1lzwwg2/opiniones_sobre_donar_sangre_de_forma_altruista/,n3h0geu,"Tu comentario es una motivación, a mi me ayuda a saber que hay ciertas personas que se ayudaron gracias a todo esto de donar. Gracias por tu comentario, en serio",1752684653.0,1,1
https://www.reddit.com/r/es/comments/1lzwwg2/opiniones_sobre_donar_sangre_de_forma_altruista/,n37xnn9,"Ser el eslabón más importante y el menos beneficiado no me parece justo. Acá todos cobran, enfermeras, hospitales, buses medicalizados, campaña, bancos de sangre... Todos cobran pero yo que soy la materia prima, yo que también tengo buena fé como supuestamente todos, yo no tengo derecho a cobrar como el autobusero sin Ir más lejos o el laboratorio que suministra viales y también cobra. Todos menos yo. . .pos va a ser que no. Por cierto soy rh 0- y no está el horno pa bollos.",1752562828.0,1,0
https://www.reddit.com/r/es/comments/1lzwwg2/opiniones_sobre_donar_sangre_de_forma_altruista/,n3h0r5z,"Entiendo tu comentario. No sé si en algún lugar alguien te aportará algo económicamente por donar, como soy novato en esto no lo sé aunque hay gente que comenta que ha recibido regalos por hacer donaciones. De nuevo, gracias por tu comentario",1752684735.0,1,1
https://www.reddit.com/r/es/comments/1lzwwg2/opiniones_sobre_donar_sangre_de_forma_altruista/,n3l1o5f,Los enfermeros no cobran regalos los laboratorios tampoco y las agencias de publicidad que hacen los anuncios tampoco el único que regala soy yo.,1752732685.0,1,2
https://www.reddit.com/r/es/comments/1lzwwg2/opiniones_sobre_donar_sangre_de_forma_altruista/,n3lx3mj,Qué manera más rastrera de verlo,1752749663.0,1,1
https://www.reddit.com/r/es/comments/1lzwwg2/opiniones_sobre_donar_sangre_de_forma_altruista/,n3np5gg,Exacto es rastrero que todos se beneficien y a mí me den caramelos y pegatinas. 😙,1752770054.0,1,2
https://www.reddit.com/r/es/comments/1lzwwg2/opiniones_sobre_donar_sangre_de_forma_altruista/,n38gb29,"Yo lo he hecho varias veces porque soy O+ y mi sangre puede ayudar a bastante gente. Lo importante es que dones en un centro salud/centro de transfusiones/hospital porque los de cruz roja venden tu sangre a la seguridad social sin darte a ti ninguna parte de ese dinero, mientras que si vas a uno de esos centros le saldrá gratis al Estado.

Además, esto ya es basado en experiencia personal, me parecen mejor las enfermeras de los centros de donaciones que las de la cruz roja (mi primera vez fue en cruz roja, después me enteré de cómo funcionaba el tinglado y no volví a donarles a ellos más).",1752573628.0,1,0
https://www.reddit.com/r/es/comments/1lzwwg2/opiniones_sobre_donar_sangre_de_forma_altruista/,n3h18d1,"Gracias por tu comentario. Después de leer varios comentarios diciéndome lo mismo, tengo decidido que empezaré a donar directamente en el hospital de mi ciudad, me parece lo más seguro y directo en este caso. Gracias por tu escrito y que te vaya bien el día !",1752684865.0,2,1
https://www.reddit.com/r/es/comments/1lzwwg2/opiniones_sobre_donar_sangre_de_forma_altruista/,n38q75q,A mí me gustaría pero no puedo por medicación 🥲,1752578472.0,1,0
https://www.reddit.com/r/es/comments/1lzwwg2/opiniones_sobre_donar_sangre_de_forma_altruista/,n3h1f2o,"Quizás algún día puedas hacerlo. Si no, no te sientas mal. Ya me ayudas con tu comentario para hacerme más popular el hilo y ver opiniones de otra gente. Gracias por escribir y que te vaya bien el día :)",1752684915.0,2,1
https://www.reddit.com/r/es/comments/1lzwwg2/opiniones_sobre_donar_sangre_de_forma_altruista/,n3agjwj,"yo donaba sangre periódicamente, pero dado que en mis vacaciones pasadas el barco estuvo en un puerto de república dominicana. me prohibieron donar sangre al menos por un año.",1752598155.0,1,0
https://www.reddit.com/r/es/comments/1lzwwg2/opiniones_sobre_donar_sangre_de_forma_altruista/,n3h1yw0,"Ya he leído en algún otro lugar que depende de que viajes hayas hecho no puedes donar durante un tiempo. Es bueno saberlo, gracias por tu comentario !",1752685064.0,1,1
https://www.reddit.com/r/es/comments/1lzwwg2/opiniones_sobre_donar_sangre_de_forma_altruista/,n3b9e3e,"Tipo eléctrico: O-
Tipo hielo: AB+",1752606031.0,1,0
https://www.reddit.com/r/es/comments/1lzwwg2/opiniones_sobre_donar_sangre_de_forma_altruista/,n3cwcpi,"Yo soy donante y lo hago ocasionalmente, pero solo en hospitales de la comunidad,  antes lo hacía en autobuses de la cruz roja hasta que me enteré que el material lo ponía la comunidad autónoma y está les pagaba a la cruz roja 61€..  desde entonces no quiero saber nada de estos que hacen negocio con el altruismo de los ciudadanos.",1752623873.0,1,0
https://www.reddit.com/r/es/comments/1lzwwg2/opiniones_sobre_donar_sangre_de_forma_altruista/,n3hd3lf,"Hola ! Por lo que comentas tú y otra gente es mejor evitar si tienes posibilidades la Cruz Roja. En mi caso, he decidido ir directamente al hospital a donar, así que está información me ayuda. Gracias y un saludo para ti !",1752688051.0,2,1
https://www.reddit.com/r/es/comments/1lzwwg2/opiniones_sobre_donar_sangre_de_forma_altruista/,n3d2o18,"Yo antes donaba sangre, pero durante la pandemia me dejaron tirado dos veces (había que ir ""con cita"") y, teniendo en cuenta que a mí me cuesta gasolina ir a donar, me jodió bastante.
Desde entonces no he vuelto y mientras no tenga medios cerca de casa para donar, no lo haré, o por lo menos que me paguen la gasolina.",1752626075.0,1,0
https://www.reddit.com/r/es/comments/1lzwwg2/opiniones_sobre_donar_sangre_de_forma_altruista/,n3hcumk,"Hola, siento mucho lo que comentas que te pasó. De todas formas te doy las gracias por haber donado en el tiempo que estuviste o te dejaron y por haberme dejado aquí tu experiencia. Que te vaya bien y un saludo !",1752687985.0,1,1
https://www.reddit.com/r/es/comments/1lzwwg2/opiniones_sobre_donar_sangre_de_forma_altruista/,n3hdtle,"Gracias. No quiero desincentivar la donación, pero si advertir que a algunas personas nos ""cuesta"" ir a donar, y que vale que la donación sea a cambio de nada pero al menos deberían compensar los gastos de desplazamiento",1752688241.0,2,2
https://www.reddit.com/r/es/comments/1lzwwg2/opiniones_sobre_donar_sangre_de_forma_altruista/,n3hp4ou,"Sí, tienes razón. Además que mínimo que se os tenga en consideración o se os tenga un tipo de reconocimiento ya que hacéis esto por voluntad propia. Tal vez con el tiempo, esto cambie",1752691358.0,1,3
https://www.reddit.com/r/es/comments/1lzwwg2/opiniones_sobre_donar_sangre_de_forma_altruista/,n3ewp0l,Yo deberia hacerlo soy o- pero tengo panico a las agujas,1752655558.0,1,0
https://www.reddit.com/r/es/comments/1lzwwg2/opiniones_sobre_donar_sangre_de_forma_altruista/,n3gincr,"Tranquilo, compañero. Yo también tengo un compañero de trabajo que no puede ni ver las agujas.  Pero bueno, tal vez ese día se te pase ese miedo. Más por ti que por el asunto de las donaciones. Un saludo !",1752678340.0,1,1
https://www.reddit.com/r/es/comments/1lzwwg2/opiniones_sobre_donar_sangre_de_forma_altruista/,n3g6cg6,"Si corriera sangre por mis venas, donaba..... 

![gif](giphy|8YsjVmpIpEjNKlrL3D)",1752674826.0,1,0
https://www.reddit.com/r/es/comments/1lzwwg2/opiniones_sobre_donar_sangre_de_forma_altruista/,n3i2qqp,"Yo dono sangre cada 6 meses, si lo haces que sea porque quieres de verdad no para luego subirlo a las redes cual influencer con falta de ego y necesitado de halagos",1752695165.0,1,0
https://www.reddit.com/r/es/comments/1lzwwg2/opiniones_sobre_donar_sangre_de_forma_altruista/,n3uxl78,"No es mi intención hacerme eco de ello, aunque a alguna persona de por aquí me ha comentado que le de un toque cuando haya hecho la donación para saber qué tal ha ido mi experiencia y tal. Además, apenas tengo redes sociales para expandirlo 😅😄 Gracias por el comentario y un saludo !",1752862155.0,1,1
https://www.reddit.com/r/es/comments/1lzwwg2/opiniones_sobre_donar_sangre_de_forma_altruista/,n3lg61b,"Llevo donando sangre más de 10 años, con el único objetivo de ayudar. Un pequeño gesto muy útil para mucha gente.",1752740548.0,1,0
https://www.reddit.com/r/es/comments/1lzwwg2/opiniones_sobre_donar_sangre_de_forma_altruista/,n3uvxw8,"Tienes razón y como he dicho en algún otro comentario los que lleváis haciendo esto tiempo tenéis que sentir bastante orgullo dentro de vosotros  por hacer eso. Al menos, tenéis mi reconocimiento por vuestro acto. Gracias por el comentario y un saludo !",1752861677.0,1,1
https://www.reddit.com/r/es/comments/1lzwwg2/opiniones_sobre_donar_sangre_de_forma_altruista/,n3nkn9s,Los AB. Somos la Burger 😎😎,1752768797.0,1,0
https://www.reddit.com/r/es/comments/1lzwwg2/opiniones_sobre_donar_sangre_de_forma_altruista/,n3oe0bb,Es que la sangre en euros se da de forma altruista,1752776875.0,1,0
https://www.reddit.com/r/es/comments/1lzwwg2/opiniones_sobre_donar_sangre_de_forma_altruista/,n3p1w8t,"Yo he donado sangre dos veces y podría hacerlo de nuevo sí me lo pidieran, pero de manera desinteresada no, porque no la pasé bien en ninguna de las dos veces que lo hice y no tengo necesidad de hacerlo más veces sólo por donar y ya está, pero sí me lo pidieran para algún familiar o amigo, sin problemas lo haría. Sé que suena un tanto egoísta de mi parte, pero no quiero pasarla mal porque sí",1752783720.0,1,0
https://www.reddit.com/r/es/comments/1lzwwg2/opiniones_sobre_donar_sangre_de_forma_altruista/,n3us7vb,"Cada uno tiene su experiencia y no tiene por qué ser la misma. No creo que seas egoísta por eso, simplemente sabes tus preferencias y preferías no hacerlo. De todas formas te doy las gracias por contar tu experiencia y así saber diferentes puntos de vista",1752860622.0,1,1
https://www.reddit.com/r/Madrid/comments/1pmblgw/campaña_de_navidad_para_la_donación_de_sangre/,nu0cogr,"Os animo a donar sangre. Lo hice hace poco tiempo, y no puedo donar este mes, 0ero en enero volveré a donar. También os animo a registrarse como donante de médula. Ayudemos a nuestra comunidad!",1765733370.0,4,0
https://www.reddit.com/r/Madrid/comments/1pmblgw/campaña_de_navidad_para_la_donación_de_sangre/,nu0z22f,"Muy bien! Lo mismo digo, siempre velar por el prójimo aunque sea con poquito",1765739820.0,4,1
https://www.reddit.com/r/Madrid/comments/1pmblgw/campaña_de_navidad_para_la_donación_de_sangre/,nuf5b3x,sangre de vacunados?,1765927541.0,1,0
https://www.reddit.com/r/Madrid/comments/1pmblgw/campaña_de_navidad_para_la_donación_de_sangre/,nuapu6f,"Antemano

Si, la cruz roja cobra 70 pavos por bolsa de sangre que dan, pero eso es por cubrir costes. Basicamnete se les paga los costes de recogida, manipulacion y transporte de la sangre (entiendes que no es exactamente un kebab que lo puede llevar por ahi un glovo...). 

Es mas para que la gente no venga por eso de ""la cruz roja cobra por la sagre"", la cruz roja hace muchas cosas que son una mierda, pero esto no es una de ellas. 

https://maldita.es/malditobulo/20251028/vender-donaciones-sangre-cruz-roja/",1765869755.0,1,0
https://www.reddit.com/r/Madrid/comments/1pmblgw/campaña_de_navidad_para_la_donación_de_sangre/,nudu3sz,"Pues para ti, yo seguiré donando en los hospitales públicos y 70€ que se ahorra en donaciones (estás mal informado, son 70€, más  el material médico).",1765912958.0,1,1
https://www.reddit.com/r/Madrid/comments/1pmblgw/campaña_de_navidad_para_la_donación_de_sangre/,ntzk4oh,Que paguen 50-100€ ya verás como hacían record de donaciones,1765724565.0,-7,0
https://www.reddit.com/r/Madrid/comments/1pmblgw/campaña_de_navidad_para_la_donación_de_sangre/,nu1v01t,Entonces no serían donaciones sino compra-venta de sangre,1765749214.0,8,1
https://www.reddit.com/r/Madrid/comments/1pmblgw/campaña_de_navidad_para_la_donación_de_sangre/,nu4gejy,"en eso la cruz roja es experta, lo q pasa q a ti t dan in bocata y ellos la venden por vaya usted a saber cuanto",1765785721.0,1,2
https://www.reddit.com/r/Madrid/comments/1pmblgw/campaña_de_navidad_para_la_donación_de_sangre/,nu6tetj,"Hace años era 60 napos la bolsa, que se dice deprisa. No sé si ahora habrán subido precios. Por eso hay que donar en centros de salud y camiones médicos de la comunidad donde uno vive, NUNCA en Cruz Roja.",1765820131.0,2,3
https://www.reddit.com/r/Madrid/comments/1pmblgw/campaña_de_navidad_para_la_donación_de_sangre/,nuduau6,"Era eso más el material medico, que en la comunidad de Madrid salía de hospitales públicos.",1765913014.0,1,4
https://www.reddit.com/r/esConversacion/comments/1lzw9hh/alguna_vez_hab%C3%A9is_donado_sangre_para_ayudar_a_la/,n350r2r,"Yo soy donante de sangre habitual, ya me toca volver a donar pero estoy vago.",1752524376.0,6,0
https://www.reddit.com/r/esConversacion/comments/1lzw9hh/alguna_vez_hab%C3%A9is_donado_sangre_para_ayudar_a_la/,n352d8u,"Bueno, ya haces mucho más que otros que no pueden hacerlo o no tienen los recursos para hacerlo, te de a ti pereza o no :D",1752524823.0,2,1
https://www.reddit.com/r/esConversacion/comments/1lzw9hh/alguna_vez_hab%C3%A9is_donado_sangre_para_ayudar_a_la/,n36igek,si done varias veces a familiares y familiares de amigos. mientras no tengas dramas con las agujas no es nada del otro mundo. al terminar te suelen dar algun desayuno ya que luego de donar es posiblemque te baje la presion.,1752541185.0,5,0
https://www.reddit.com/r/esConversacion/comments/1lzw9hh/alguna_vez_hab%C3%A9is_donado_sangre_para_ayudar_a_la/,n3ggttl,"Gracias por tu comentario. Para mí suerte, nunca he tenido problemas con las agujas así que no será ningún drama. De nuevo, gracias por pararte a escribir aquí",1752677834.0,1,1
https://www.reddit.com/r/esConversacion/comments/1lzw9hh/alguna_vez_hab%C3%A9is_donado_sangre_para_ayudar_a_la/,n39uj3u,"Buenas ! Soy donante de sangre y encima 0- que significa que cada 4 meses me asaltan a mensajes para sacarme sangre si o si, no tienen compasión 😂 De médula o plasma a día de hoy no me atrevo, pero soy donante de órganos también llegado a su debido momento.",1752592036.0,4,0
https://www.reddit.com/r/esConversacion/comments/1lzw9hh/alguna_vez_hab%C3%A9is_donado_sangre_para_ayudar_a_la/,n3gfwjo,"Qué bueno. Realmente creo que tienes mucho valor por haber donado alguna vez, aparte del tema de los órganos. Gracias por tu comentario y un saludo",1752677580.0,2,1
https://www.reddit.com/r/esConversacion/comments/1lzw9hh/alguna_vez_hab%C3%A9is_donado_sangre_para_ayudar_a_la/,n3922ni,"No puedo. En cambio, he recibido sangre y órganos.",1752583180.0,3,0
https://www.reddit.com/r/esConversacion/comments/1lzw9hh/alguna_vez_hab%C3%A9is_donado_sangre_para_ayudar_a_la/,n3ggm8x,Pues tu comentario me parece una motivación y muy a tener en cuenta. El hecho de que aparezca alguien que diga abiertamente que ha tenido donaciones dice que donar sirve para algo si llega a Personas como tú. Gracias por tu comentario y un saludo !,1752677776.0,2,1
https://www.reddit.com/r/esConversacion/comments/1lzw9hh/alguna_vez_hab%C3%A9is_donado_sangre_para_ayudar_a_la/,n3a4mhi,"Yo no me he muerto en ninguna de las veces que he donado cuando pasa el autobús de cruz roja por el pueblo, pero a lo mejor he salvado alguna vida, así que ¿Por qué no donar?",1752594861.0,3,0
https://www.reddit.com/r/esConversacion/comments/1lzw9hh/alguna_vez_hab%C3%A9is_donado_sangre_para_ayudar_a_la/,n3gg2ha,Pues tienes razón. Realmente me parece un comentario con mucha lógica el tuyo.  Gracias por pararte a escribir y un saludo !,1752677625.0,1,1
https://www.reddit.com/r/esConversacion/comments/1lzw9hh/alguna_vez_hab%C3%A9is_donado_sangre_para_ayudar_a_la/,n37imve,"Sí, en mi familia tenemos la costumbre de cada cierto tiempo donar sangre.
Si no te molestan las agujas es muy buena ayuda para la gente que lo necesita.",1752555079.0,2,0
https://www.reddit.com/r/esConversacion/comments/1lzw9hh/alguna_vez_hab%C3%A9is_donado_sangre_para_ayudar_a_la/,n3gejty,"Al contrario que algún amigo mío, no me asuntan los pinchazos o las agujas, así que creo que no tengo problemas en ese sentido. Gracias por tu comentario, fue motivante :)",1752677202.0,1,1
https://www.reddit.com/r/esConversacion/comments/1lzw9hh/alguna_vez_hab%C3%A9is_donado_sangre_para_ayudar_a_la/,n37sm82,Por ahora solo sangre,1752560087.0,2,0
https://www.reddit.com/r/esConversacion/comments/1lzw9hh/alguna_vez_hab%C3%A9is_donado_sangre_para_ayudar_a_la/,n3gecpn,"Pues eso es mucho mejor que nada  :)
Hay gente como yo que nunca ha podido o tuvo la oportunidad de empezar a donar",1752677146.0,1,1
https://www.reddit.com/r/esConversacion/comments/1lzw9hh/alguna_vez_hab%C3%A9is_donado_sangre_para_ayudar_a_la/,n3gqxf1,"No sé si vives en España, en donde vivo, sean barrios o pequeños pueblos siempre de vez en cuando se ve carteles del centro de hemodonación.",1752680590.0,2,2
https://www.reddit.com/r/esConversacion/comments/1lzw9hh/alguna_vez_hab%C3%A9is_donado_sangre_para_ayudar_a_la/,n3ged6a,"Solía donar regularmente, ahora he parado porque me tatuo más a menudo de lo que recomiendan esperar entre tatuaje y donación",1752677150.0,2,0
https://www.reddit.com/r/esConversacion/comments/1lzw9hh/alguna_vez_hab%C3%A9is_donado_sangre_para_ayudar_a_la/,n3gh6ga,"Bueno, el hecho de que hayas donado alguna vez antes del asunto del tatuado me parece que es algo que merece la pena contar por la buena acción que hiciste en el pasado. Al menos yo lo veo así, gracias por tu comentario por cierto",1752677931.0,1,1
https://www.reddit.com/r/esConversacion/comments/1lzw9hh/alguna_vez_hab%C3%A9is_donado_sangre_para_ayudar_a_la/,n3ghk8y,"Empecé cuando venía una campaña al instituto y seguí durante años,  no cuesta nada y seguramente ayude",1752678037.0,2,2
https://www.reddit.com/r/esConversacion/comments/1lzw9hh/alguna_vez_hab%C3%A9is_donado_sangre_para_ayudar_a_la/,n3gi4o4,"Pues sí, tienes razón.  Yo en mi caso donde estudiaba nunca hubo campañas de ningún tipo pero me alegra ver que en otros lugares es una práctica algo más común y como tú dices algo de ayuda aportas de esa forma también",1752678195.0,1,3
https://www.reddit.com/r/esConversacion/comments/1lzw9hh/alguna_vez_hab%C3%A9is_donado_sangre_para_ayudar_a_la/,n3joxb7,soy donante de todo (órganos y tejidos) pero últimamente no he podido donar sangre pq estoy baja de peso.,1752712657.0,2,0
https://www.reddit.com/r/esConversacion/comments/1lzw9hh/alguna_vez_hab%C3%A9is_donado_sangre_para_ayudar_a_la/,n3uqpiu,"Realmente, creo que la gente como tú tenéis mucho mérito, por hacer un acto voluntario de ese tipo. Espero que recuperes dentro de poco tu peso ideal. Gracias por el comentario y un saludo !",1752860218.0,1,1
https://www.reddit.com/r/esConversacion/comments/1lzw9hh/alguna_vez_hab%C3%A9is_donado_sangre_para_ayudar_a_la/,n3mfkrs,3 veces,1752756835.0,2,0
https://www.reddit.com/r/esConversacion/comments/1lzw9hh/alguna_vez_hab%C3%A9is_donado_sangre_para_ayudar_a_la/,n3uqgvt,Me alegro. Ya has hecho más esfuerzo que muchos que nunca lo han hecho por ciertos motivos o simplemente por pereza. Un saludo y gracias por el comentario!,1752860150.0,1,1
https://www.reddit.com/r/esConversacion/comments/1lzw9hh/alguna_vez_hab%C3%A9is_donado_sangre_para_ayudar_a_la/,n3ogqj2,Más bien soy la q ha recibido 🫠 si estás en capacidad de donar puedes hacerlo. A alguien le ayudarás :0,1752777660.0,2,0
https://www.reddit.com/r/esConversacion/comments/1lzw9hh/alguna_vez_hab%C3%A9is_donado_sangre_para_ayudar_a_la/,n3uqc7z,"Pues muchas gracias. Tu comentario es una motivación, leer que a alguien le ayuda actos como estos pues es una inspiración.  Gracias por tu comentario !",1752860114.0,1,1
https://www.reddit.com/r/esConversacion/comments/1lzw9hh/alguna_vez_hab%C3%A9is_donado_sangre_para_ayudar_a_la/,n370uo2,"Qué bueno que te animes a donar, sirve un montón a las personas que lo necesitan!",1752547666.0,1,0
https://www.reddit.com/r/esConversacion/comments/1lzw9hh/alguna_vez_hab%C3%A9is_donado_sangre_para_ayudar_a_la/,n3gf1ck,Muchas gracias ! Tu comentario es una motivación para mi. Ahora empiezo mi épica de vacaciones y me parece un buen momento para acercarme a un hospital y empezar a hacerlo. Gracias por el comentario y un saludo !,1752677338.0,1,1
https://www.reddit.com/r/esConversacion/comments/1lzw9hh/alguna_vez_hab%C3%A9is_donado_sangre_para_ayudar_a_la/,n3hsaiq,"No hay de qué! Yo soy voluntaria en una ONG donde constantemente estamos dando una mano con donaciones de sangre y siempre me llamó mucho la atención la cantidad de personas que donan de manera habitual. Es un hermoso gesto que salva vidas, así que ánimo y mucha suerte. Ojalá sea una bonita experiencia para vos y que veas el gran impacto que tiene ❤️",1752692223.0,2,2
https://www.reddit.com/r/esConversacion/comments/1lzw9hh/alguna_vez_hab%C3%A9is_donado_sangre_para_ayudar_a_la/,n3huhdy,"Muchas gracias por tus ánimos. Realmente me animas. También, gracias por toda la labor que haces y tu hermoso gesto. Más gente como tú necesita el mundo. Un saludo y gracias de nuevo por todo :D",1752692830.0,1,3
https://www.reddit.com/r/esConversacion/comments/1lzw9hh/alguna_vez_hab%C3%A9is_donado_sangre_para_ayudar_a_la/,n3v7eoe,Muchas gracias 🫂 Luego contanos como te fue donando!,1752865027.0,2,4
https://www.reddit.com/r/esConversacion/comments/1lzw9hh/alguna_vez_hab%C3%A9is_donado_sangre_para_ayudar_a_la/,n37d5h8,Vaias veces..,1752552607.0,1,0
https://www.reddit.com/r/esConversacion/comments/1lzw9hh/alguna_vez_hab%C3%A9is_donado_sangre_para_ayudar_a_la/,n3geu3x,"Me alegro, pese a los pinchazos de la aguja, seguro que fue un orgullo hacerlo y alguien te lo habrá agradecido en algún lugar del mundo. Un saludo !",1752677282.0,1,1
https://www.reddit.com/r/esConversacion/comments/1lzw9hh/alguna_vez_hab%C3%A9is_donado_sangre_para_ayudar_a_la/,n3hq7ae,"Si, lo hice principalmente para conocidos y parientes de amigos, hasta que me pesque una hepatits y el medico me dijo que ya no podria continuar donando..
Si puedes hacerlo, pues esta muy bien ayudar, sobre todo esto. No mucha gente lo hace.  Un saludo para vos también.",1752691654.0,2,2
https://www.reddit.com/r/esConversacion/comments/1lzw9hh/alguna_vez_hab%C3%A9is_donado_sangre_para_ayudar_a_la/,n3hqplh,"Vaya, espero que estés ahora mejor. En cualquier caso, te doy las gracias por las donaciones que hiciste a gente en su momento, incluso si fueron conocidos tuyos",1752691792.0,1,3
https://www.reddit.com/r/esConversacion/comments/1lzw9hh/alguna_vez_hab%C3%A9is_donado_sangre_para_ayudar_a_la/,n3hrtxr,"Si, por suerte sali bien de esa, como 2 meses en cama pase.. Segun el medico, si vuelvo a donar la pasare el virus que quedo en mi sangre, pudiendo generar la enfermedad en el receptor",1752692098.0,2,4
https://www.reddit.com/r/esConversacion/comments/1lzw9hh/alguna_vez_hab%C3%A9is_donado_sangre_para_ayudar_a_la/,n3hu74p,"Entonces lo mejor es que te cuides tú primero. La salud de uno es más importante que otras cosas. En serio, cuídate. Pero me alegra leer que saliste bien de eso :)",1752692750.0,1,5
https://www.reddit.com/r/esConversacion/comments/1lzw9hh/alguna_vez_hab%C3%A9is_donado_sangre_para_ayudar_a_la/,n3hulh4,Ya hace 30 años de eso. 😅,1752692862.0,2,6
https://www.reddit.com/r/esConversacion/comments/1lzw9hh/alguna_vez_hab%C3%A9is_donado_sangre_para_ayudar_a_la/,n3i5bbz,"Ah, de acuerdo 😅",1752695918.0,1,7
https://www.reddit.com/r/esConversacion/comments/1lzw9hh/alguna_vez_hab%C3%A9is_donado_sangre_para_ayudar_a_la/,n38m9hm,"Soy donante de sangre y plasma desde los 18, ahora voy a cumplir 30. Es verdad que llevo un tiempo sin poder donar por medicación, pero estoy deseando que me la bajen para poder volver a hacerlo.

También me apunté al registro de médula. Hay gente que no lo sabe, pero te sacan un botecito y, si en algún momento eres compatible con alguien, entonces se realiza la donación. Y normalmente es también como una donación de plasma.

Si te apetece, siempre es bienvenido, más en verano que hay pocas reservas.",1752576682.0,1,0
https://www.reddit.com/r/esConversacion/comments/1lzw9hh/alguna_vez_hab%C3%A9is_donado_sangre_para_ayudar_a_la/,n3ge7sq,"Honestamente, creo que debes de sentir orgullo por haber hecho donaciones durante tanto tiempo. Yo al menos me sentiría así si estuviera en tu lugar. Gracias por la información de lo de la médula, me lo pensaré. Un saludo 👋",1752677108.0,1,1
https://www.reddit.com/r/esConversacion/comments/1lzw9hh/alguna_vez_hab%C3%A9is_donado_sangre_para_ayudar_a_la/,n39f7yg,"La sangre es un negocio que mueve millones de euros.

Haced por vosotros mismos una búsqueda por internet de cómo se mueve ese negocio y cómo a través de este, instituciones como Cruz Roja ingresan dinero en sus arcas.",1752587586.0,1,0
https://www.reddit.com/r/esConversacion/comments/1lzw9hh/alguna_vez_hab%C3%A9is_donado_sangre_para_ayudar_a_la/,n3gdxsp,"Gracias por tu comentario. Por lo que he podido leer de otros compañeros, me han comentado que la forma más segura de que eso no pase es que me vaya directamente al hospital de la ciudad a hacer una donación y que no me vaya a intermediarios tipo la Cruz Roja, de forma que creo que así lo haré. Gracias por tu escrito y un saludo",1752677028.0,1,1
https://www.reddit.com/r/esConversacion/comments/1lzw9hh/alguna_vez_hab%C3%A9is_donado_sangre_para_ayudar_a_la/,n3bqce2,"yo aún no porque recién alcancé la mayoría de edad, pero mi papá fue donante de sangre durante muchos años cuando nació mi hermana menor.


ella tenía una sangre poco común que él le heredó y al investigar de algunas cosas porque quería ser un buen padre para ella, se decidió por empezar a donar para otras personas con el mismo tipo de sangre para ayudar a otras personas.",1752610829.0,1,0
https://www.reddit.com/r/esConversacion/comments/1lzw9hh/alguna_vez_hab%C3%A9is_donado_sangre_para_ayudar_a_la/,n3gd5jl,"Esa es una muy buena historia ! Realmente me ha gustado leerla. Creo que tu pare intentó hacer un mundo mejor haciendo eso, y eso siempre está bien. Gracias por tu comentario y un saludo",1752676808.0,1,1
https://www.reddit.com/r/esConversacion/comments/1lzw9hh/alguna_vez_hab%C3%A9is_donado_sangre_para_ayudar_a_la/,n43qegw,"un saludo. y si estabas pensando en donar sangre, entonces faitin",1752979956.0,2,2
https://www.reddit.com/r/esConversacion/comments/1lzw9hh/alguna_vez_hab%C3%A9is_donado_sangre_para_ayudar_a_la/,n3dosfm,"No he donado pq básicamente me ha dado pereza jaja, pero si lo haces es una gran ayuda a la comunidad sanitaria, sobretodo dependiendo de tu tipo de sangre.


Si eres un O- básicamente estarías obligado a donar por las oportunidades q das, en mi caso q soy AB+ pues si dono o no tampoco será gran diferencia",1752633895.0,1,0
https://www.reddit.com/r/esConversacion/comments/1lzw9hh/alguna_vez_hab%C3%A9is_donado_sangre_para_ayudar_a_la/,n3gcwhx,"Bueno, quien sabe. Una donación venga de donde venga puede ser una gran ayuda. Yo no daría por perdida la oportunidad pese a que el tipo de sangre sea más o menos parecida. Aún tengo que saber cuál es la mía. Gracias  por el comentario y un saludo !",1752676736.0,1,1
https://www.reddit.com/r/esConversacion/comments/1lzw9hh/alguna_vez_hab%C3%A9is_donado_sangre_para_ayudar_a_la/,n3enna0,"Donaba, pero deje de hacerlo por tanta enfermera que no sabe encontrarme la vena o que directamente es una salvaje con ella. Las ultimas veces se me dormia el brazo, acaba con un moraton y a veces me dolia el moverlo 1-3 dias. Deben mejorar las tecninas y mira que soy o+ y mi sangre es cotizada.",1752650320.0,1,0
https://www.reddit.com/r/esConversacion/comments/1lzw9hh/alguna_vez_hab%C3%A9is_donado_sangre_para_ayudar_a_la/,n3gcm58,"Pues ya lo siento mucho, porque no hayan sabido hacértelo bien. Supongo que hay profesionales y profesionales en el mundo de la medicina. Un saludo y  gracias por el comentario",1752676654.0,1,1
https://www.reddit.com/r/esConversacion/comments/1lzw9hh/alguna_vez_hab%C3%A9is_donado_sangre_para_ayudar_a_la/,n3f0xyy,"Mi madre era donante habitual y está muy bien porque le hacen una analítica básica a la sangre que le llega por correo, así que de paso es un buen control constante. Ahora no le permiten ya donar por la edad. Yo no puedo por el peso, si estás por debajo de un umbral no te permiten.",1752658029.0,1,0
https://www.reddit.com/r/esConversacion/comments/1lzw9hh/alguna_vez_hab%C3%A9is_donado_sangre_para_ayudar_a_la/,n3gcedl,"Creo que es un orgullo que tu madre haya donado.  En mi familia no hay nadie que lo haya hecho, así que en mi caso. Yo sería el primero. Un saludo y gracias por el comentario",1752676593.0,1,1
https://www.reddit.com/r/esConversacion/comments/1lzw9hh/alguna_vez_hab%C3%A9is_donado_sangre_para_ayudar_a_la/,n3shqmm,Una vez nos sacaron muestras en clase para ver si podíamos donar (veíamos clase en el hospital) y así descubrí que tenía anemia,1752833895.0,1,0
https://www.reddit.com/r/esConversacion/comments/1lzw9hh/alguna_vez_hab%C3%A9is_donado_sangre_para_ayudar_a_la/,n3uq71c,"Bueno, al menos sirvió para algo y pudisteis ver tempranamente que lo tenías. Supongo que habría sido peor si lo hubieras descubierto mucho tiempo después",1752860073.0,1,1
https://www.reddit.com/r/esConversacion/comments/1lzw9hh/alguna_vez_hab%C3%A9is_donado_sangre_para_ayudar_a_la/,n3559vl,"Yo paso, te roban el alma y los trigliceridos.",1752525636.0,1,0
https://www.reddit.com/r/esConversacion/comments/1lzw9hh/alguna_vez_hab%C3%A9is_donado_sangre_para_ayudar_a_la/,n357x3k,"Hombre, tanto como el alma no sé que decirte, pero yo no soy el mejor para responder que soy un novato en eso 😄",1752526379.0,3,1
https://www.reddit.com/r/esConversacion/comments/1lzw9hh/alguna_vez_hab%C3%A9is_donado_sangre_para_ayudar_a_la/,n37f9of,"Estaba ironizando. Dona la sangre siempre que puedas en hospitales públicos, no en centros de hemodonación privados. Y no presumas de ello.",1752553544.0,4,2
https://www.reddit.com/r/esConversacion/comments/1lzw9hh/alguna_vez_hab%C3%A9is_donado_sangre_para_ayudar_a_la/,n3gfciw,"Muchas gracias por el comentario, lo tengo en cuenta. Realmente no creo que vaya a intermediarios y me vaya directamente al hospital a hacer una donación. No soy mucho de presumir, la verdad. Ya que creo que le quita valor a las cosas. Gracias por tu comentario y un saludo",1752677424.0,1,3
