post_permalink,comment_id,body,created_utc,score,depth
https://www.reddit.com/r/spain/comments/zmkypt/acudid_a_donar_sangre_quien_pueda_hace_falta/,j0bii46,"* **Respeta a los demás.** Debate y discute los méritos de las ideas presentadas, pero no ataques o insultes a otros usuarios.
    
* Si ves a otros usuarios violando las normas, por favor usa el **botón de Report**.",1671110537.0,1,0
https://www.reddit.com/r/spain/comments/zmkypt/acudid_a_donar_sangre_quien_pueda_hace_falta/,j0bu7si,"No soy español pero vivo aqui desde hace 3 años y desde entonces acudo cada 4 o 5 meses para donar. Es algo que hacia ya en mi pais de origen y que queria seguir aqui tambien. De hecho, queria ir de nuevo para mi cuarta donacion este año hace 2 semanas pero tuve un resfrio y todavia no estoy recuperado pero en cuanto este (y me imagino que no deberia tardar mucho ya) a 100%, volveré para ""completar"" el año. Es una cosilla pequeñita que puedo hacer para ayudar a los demas y me parece un acto muy importante de solidaridad. Si, es verdad que no te dan muchas ventajas aqui en España siendo donante (en mi pais de origen te dan el dia libre, 2 tickets restaurant (eso serian unos 12 euros) y 50% descuento a la hora de comprarte una tarjeta de transporte - y aun asi la gente no va para donar) pero al final no lo hago para que me den estas cositas, sino porque es muy sencillo y ademas despues me siento mejor conmigo mismo :) Asi que gente, a donar!",1671115938.0,79,0
https://www.reddit.com/r/spain/comments/zmkypt/acudid_a_donar_sangre_quien_pueda_hace_falta/,j0f1xi4,Aquí te dan un bocadillo de puta madre y una cocacola. No es mucho pero tampoco necesito más!,1671163536.0,7,1
https://www.reddit.com/r/spain/comments/zmkypt/acudid_a_donar_sangre_quien_pueda_hace_falta/,j0fo7ls,En Málaga te dan bollería mala y zumos malos,1671177933.0,2,2
https://www.reddit.com/r/spain/comments/zmkypt/acudid_a_donar_sangre_quien_pueda_hace_falta/,j0fswe9,Donde acudo yo (Valencia) te dan un zumito/una botella de agua y frutos secos o rosquilletas. A veces te dan un boli o algo asi :) Parece que es diferente en cada comunidad autonoma,1671181844.0,1,3
https://www.reddit.com/r/spain/comments/zmkypt/acudid_a_donar_sangre_quien_pueda_hace_falta/,j0gcqei,"Oye a mi me gustan los bollos! Yo personalmente no puedo donar porque tube cáncer de sangre, pero de las 14 ciudades en las que he vivido la bollería de Málaga de las mejores.",1671196398.0,1,3
https://www.reddit.com/r/spain/comments/zmkypt/acudid_a_donar_sangre_quien_pueda_hace_falta/,j0dj343,Muchas gracias por tu ayuda.,1671139483.0,6,1
https://www.reddit.com/r/spain/comments/zmkypt/acudid_a_donar_sangre_quien_pueda_hace_falta/,j0dt201,[removed],1671143444.0,3,1
https://www.reddit.com/r/spain/comments/zmkypt/acudid_a_donar_sangre_quien_pueda_hace_falta/,j0fsy10,Rumania,1671181883.0,6,2
https://www.reddit.com/r/spain/comments/zmkypt/acudid_a_donar_sangre_quien_pueda_hace_falta/,j0egslp,No va un poco contra el espíritu de donar algo que lo estés diciendo todo el dia,1671153683.0,-12,1
https://www.reddit.com/r/spain/comments/zmkypt/acudid_a_donar_sangre_quien_pueda_hace_falta/,j0f2nyk,"Cómo llegas a esa conclusión?

Yo creo que es al contrario. Alguien dona sangre porque lo ve como algo necesario. Como cree que está haciendo una buena acción, se enorgullece y presume de ello, además, también trata de persuadir a los demás para que sigan con su ejemplo.

No hay nada que se contradiga en esa situación. 

Otro gallo cantaría si fuese como por ejemplo los youtubers que se graban donando dinero a sintechos por la calle. Ahí ellos están ganando muchísimo más de lo que le están dando a esa persona, además de ganar fama de buena persona en las redes, están sacando un rédito económico de esa acción por todas partes.

Pero un random en Reddit que dice que dona sangre... Al siguiente post que lo leas poner algo no vas a acordarte de que era él, no está ganando ni buena ni mala fama porque no es un personaje público. No hay nada reprochable aquí.

Además dices que ""lo estés diciendo todo el día"" porque ha puesto UN COMENTARIO sobre ello... Tampoco sé de dónde sacas que está todo el día hablando de lo mismo.",1671163905.0,13,2
https://www.reddit.com/r/spain/comments/zmkypt/acudid_a_donar_sangre_quien_pueda_hace_falta/,j0ep3cl,"Si donas sangre periodicamente como si quieres llevar una bandera, mientras haya gente q no tenga problemas por falta de sangre dpm",1671157476.0,9,2
https://www.reddit.com/r/spain/comments/zmkypt/acudid_a_donar_sangre_quien_pueda_hace_falta/,j0fo8wh,Se trata del efecto llamada,1671177962.0,1,2
https://www.reddit.com/r/spain/comments/zmkypt/acudid_a_donar_sangre_quien_pueda_hace_falta/,j0fofdd,"No veo que esté echándose flores, lo veo más bien como animando al resto a hacerlo",1671178105.0,1,2
https://www.reddit.com/r/spain/comments/zmkypt/acudid_a_donar_sangre_quien_pueda_hace_falta/,j0blotj,"Son 20 minutillos cada 3 meses (4 las mujeres) y te dan un bocata y un zumo, esta guay",1671112123.0,89,0
https://www.reddit.com/r/spain/comments/zmkypt/acudid_a_donar_sangre_quien_pueda_hace_falta/,j0bxmci,Antes de que no me dejaran donar por gordo me gustaba ir periódicamente. Mi meta actual es adelgazar lo suficiente para que me dejen de nuevo,1671117358.0,13,1
https://www.reddit.com/r/spain/comments/zmkypt/acudid_a_donar_sangre_quien_pueda_hace_falta/,j0d1acy,donabas demasiado que engordaste?,1671132656.0,-1,2
https://www.reddit.com/r/spain/comments/zmkypt/acudid_a_donar_sangre_quien_pueda_hace_falta/,j0gcwnq,"Debería de ser al revés, donar sangre es lo que más calorías gasta. No le dejarán ahora porque los niveles de grasas en la sangre son demasiado altos.",1671196495.0,1,3
https://www.reddit.com/r/spain/comments/zmkypt/acudid_a_donar_sangre_quien_pueda_hace_falta/,j0gjsa5,lo se solo era una broma estupida aunque gracias por la explicación,1671199900.0,1,4
https://www.reddit.com/r/spain/comments/zmkypt/acudid_a_donar_sangre_quien_pueda_hace_falta/,j0boxfj,"Creo que lo del bocata ya no se hace, mi padre suele donar siempre y diria que es algo que ya no esta.",1671113624.0,21,1
https://www.reddit.com/r/spain/comments/zmkypt/acudid_a_donar_sangre_quien_pueda_hace_falta/,j0bqi2m,"Si se hace. Ayer en Madrid me dieron bocadillo, refresco y boli de regalo 😅",1671114328.0,25,2
https://www.reddit.com/r/spain/comments/zmkypt/acudid_a_donar_sangre_quien_pueda_hace_falta/,j0br61k,"Igual depende del sitio o la comunidad autónoma. He ido un montón de veces, pero siempre en Valencia y en la universidad, y me dan un paquete de rosquilletas (o pan de pipas en el resto de España) y un zumo.",1671114621.0,17,3
https://www.reddit.com/r/spain/comments/zmkypt/acudid_a_donar_sangre_quien_pueda_hace_falta/,j0c021r,"Sera eso, o incluso cambiará de centro a centro, a mi me dieron hace cosa de un mes, aunque esta vez eran sándwiches guarrillos del mercadona como comenta alguien mas abajo, espero que haya sido cosa de un dia",1671118333.0,7,4
https://www.reddit.com/r/spain/comments/zmkypt/acudid_a_donar_sangre_quien_pueda_hace_falta/,j0e10qo,Yo solo fui una vez en mi comunidad y daban helados 🤤 a parte del bocadillo y el refresco,1671146781.0,3,5
https://www.reddit.com/r/spain/comments/zmkypt/acudid_a_donar_sangre_quien_pueda_hace_falta/,j0bv2o7,Yo soy de la comunidad valenciana y ni siquiera de una capital xD,1671116299.0,2,4
https://www.reddit.com/r/spain/comments/zmkypt/acudid_a_donar_sangre_quien_pueda_hace_falta/,j0dyibq,Hace unos meses había donaciones en mi universidad y quería ir ahora que tengo 18 pero resulta que no llego al peso.,1671145702.0,1,4
https://www.reddit.com/r/spain/comments/zmkypt/acudid_a_donar_sangre_quien_pueda_hace_falta/,j0bxqzj,A mi me dieron un sandwich la ultima vez y no he vuelto. Bocadillo o huelga,1671117410.0,2,3
https://www.reddit.com/r/spain/comments/zmkypt/acudid_a_donar_sangre_quien_pueda_hace_falta/,j0carzh,"Siii, cuando done me dieron una caja con agua, galletas, zumo y un bocata.

Además de un hub USB que sigo usando a día de hoy y una botellita de cristal con funda ambos con el logo del centro de transfusiones.",1671122517.0,1,3
https://www.reddit.com/r/spain/comments/zmkypt/acudid_a_donar_sangre_quien_pueda_hace_falta/,j0fo9yh,En Málaga zumo y bollería malos,1671177987.0,1,3
https://www.reddit.com/r/spain/comments/zmkypt/acudid_a_donar_sangre_quien_pueda_hace_falta/,j0bxop7,en salamanca ponen sandwiches de esos cutres del mercadona,1671117384.0,4,2
https://www.reddit.com/r/spain/comments/zmkypt/acudid_a_donar_sangre_quien_pueda_hace_falta/,j0bzpmn,"La última vez que fui, hace cosa de un mes, habia de estos. Espero que sea cosa de un dia o me tendre que llevar mi propia merienda",1671118194.0,1,3
https://www.reddit.com/r/spain/comments/zmkypt/acudid_a_donar_sangre_quien_pueda_hace_falta/,j0c07az,"llevo sin ir desde la pandemia. Pero en salamanca solo he visto de esos durante años, no se en otros sitios",1671118393.0,1,4
https://www.reddit.com/r/spain/comments/zmkypt/acudid_a_donar_sangre_quien_pueda_hace_falta/,j0d0ssw,Te entiendo si al menos fueran gourmet. Es broma.,1671132465.0,1,3
https://www.reddit.com/r/spain/comments/zmkypt/acudid_a_donar_sangre_quien_pueda_hace_falta/,j0c5ngp,En mi comunidad son munchitos (bolsas de patatas fritas) chocolatinas y frutos secos. Luego agua y zumo. Y son súper generosos te dejan cuanto necesites.,1671120529.0,2,2
https://www.reddit.com/r/spain/comments/zmkypt/acudid_a_donar_sangre_quien_pueda_hace_falta/,j0cad0t,Que va tio! La ultima vez que done en La Fe me dieron orxata y fartons (cutrecillos claro pero que valenciano dice que no a una orxata?)  =),1671122359.0,1,2
https://www.reddit.com/r/spain/comments/zmkypt/acudid_a_donar_sangre_quien_pueda_hace_falta/,j0cxczg,Bocata tal vez no es tan común pero a mi siempre me han dado a elegir entre patatas un bollo y cosas así y me han hecho comermelo antes de poder irme.,1671131123.0,1,2
https://www.reddit.com/r/spain/comments/zmkypt/acudid_a_donar_sangre_quien_pueda_hace_falta/,j0fgoz2,Fui hace pocos meses a donar y me dieron un zumo y un bocadillo.,1671172263.0,1,2
https://www.reddit.com/r/spain/comments/zmkypt/acudid_a_donar_sangre_quien_pueda_hace_falta/,j0fuuxu,"En Galicia el otro día me dieron un bocadillo de jamón de puta madre, y como me quedé con hambre le pedí al tío otro y me lo dio también. Y eso junto con un par de aquarius y una bolsa (fea de cojones por cierto)",1671183536.0,1,2
https://www.reddit.com/r/spain/comments/zmkypt/acudid_a_donar_sangre_quien_pueda_hace_falta/,j0fwjdx,"Tendré que irme a Galicia entonces, también hacia mas frio, no?",1671185009.0,1,3
https://www.reddit.com/r/spain/comments/zmkypt/acudid_a_donar_sangre_quien_pueda_hace_falta/,j0go93j,"Sí, eso sí, pero en verano se está aceptable y no mueres de calor",1671201863.0,1,4
https://www.reddit.com/r/spain/comments/zmkypt/acudid_a_donar_sangre_quien_pueda_hace_falta/,j0bqji4,Tengo curiosidad. ¿Por qué el tiempo de espera entre donaciones en hombres es 3 meses y las mujeres 4?,1671114345.0,2,1
https://www.reddit.com/r/spain/comments/zmkypt/acudid_a_donar_sangre_quien_pueda_hace_falta/,j0bvbmi,"[Fuente](https://www.donarsangre.org/todo-sobre-la-sangre/preguntas-frecuentes/)

""¿Con qué frecuencia se puede donar sangre?

Se puede donar sangre con un intervalo mínimo de 2 meses. Los hombres pueden donar hasta 4 veces en un año natural, y las mujeres 3. Esta diferencia no es discriminación, sino para compensar las pérdidas que tienen las mujeres por la regla.""",1671116403.0,21,2
https://www.reddit.com/r/spain/comments/zmkypt/acudid_a_donar_sangre_quien_pueda_hace_falta/,j0bve70,a,1671116434.0,2,3
https://www.reddit.com/r/spain/comments/zmkypt/acudid_a_donar_sangre_quien_pueda_hace_falta/,j0cnk2k,Por el maldito hetero-patriarcado,1671127364.0,0,2
https://www.reddit.com/r/spain/comments/zmkypt/acudid_a_donar_sangre_quien_pueda_hace_falta/,j0dxu2r,Pregunta seria. El sexo con condón con alguien que no es tu pareja habitual cuenta como relación de riesgo y por lo tanto descalifica a la hora de donar?,1671145418.0,2,1
https://www.reddit.com/r/spain/comments/zmkypt/acudid_a_donar_sangre_quien_pueda_hace_falta/,j0dyx0t,"Si no recuerdo mal, la pregunta al respecto (hay un listado antes de donar con unas 15 preguntas de respuesta si/no) es si has tenido relaciones sexuales SIN protección con alguien que no es tu pareja habitual, el sexo con condón te permitiría donar. La verdad es que no la recuerdo muy bien porque como se que esa no la he incumplido ni me la leo, pero estoy bastante convencido.",1671145878.0,4,2
https://www.reddit.com/r/spain/comments/zmkypt/acudid_a_donar_sangre_quien_pueda_hace_falta/,j0e1xj8,"Bueno es saberlo, la verdad que estaba evitando donar por no tener pareja",1671147161.0,1,3
https://www.reddit.com/r/spain/comments/zmkypt/acudid_a_donar_sangre_quien_pueda_hace_falta/,j0fvfzo,Yo voy con frecuencia y te confirmo que lo que se pregunta es si has tenido relaciones SIN protección.,1671184057.0,2,4
https://www.reddit.com/r/spain/comments/zmkypt/acudid_a_donar_sangre_quien_pueda_hace_falta/,j0fw4xy,¿Pero no hacen ya un análisis de la sangre una vez extraida para ver si hay infecciones?,1671184656.0,1,2
https://www.reddit.com/r/spain/comments/zmkypt/acudid_a_donar_sangre_quien_pueda_hace_falta/,j0g0vq5,"Según tengo entendido si, y en caso de tener alguna ETS u otra enfermedad te avisarían. Pero aún así se desaconseja donar si sabes que hay riesgo, quizás por logística? Eso no lo sé",1671188652.0,1,3
https://www.reddit.com/r/spain/comments/zmkypt/acudid_a_donar_sangre_quien_pueda_hace_falta/,j0bpuuj,[removed],1671114041.0,18,0
https://www.reddit.com/r/spain/comments/zmkypt/acudid_a_donar_sangre_quien_pueda_hace_falta/,j0ce5i5,"Yo no puedo porque vivía en Reino Unido durante los años 90s. :(

Pero, sí, tienes que tener al menos 18 años.",1671123792.0,14,1
https://www.reddit.com/r/spain/comments/zmkypt/acudid_a_donar_sangre_quien_pueda_hace_falta/,j0cqwfl,"Anda, y eso? Es por lo de las vacas locas o algo así?",1671128647.0,9,2
https://www.reddit.com/r/spain/comments/zmkypt/acudid_a_donar_sangre_quien_pueda_hace_falta/,j0cs7s5,"&gt;las vacas locas

Exacto eso.

&gt; Enfermedad de Creutzfeld-Jacob. Las personas que hayan residido por un periodo acumulativo de 1 año en Reino Unido en el periodo 1980-1996.

https://www.comunidad.madrid/servicios/salud/donacion-sangre",1671129149.0,14,3
https://www.reddit.com/r/spain/comments/zmkypt/acudid_a_donar_sangre_quien_pueda_hace_falta/,j0cun2e,"Yo también, es una lástima que no nos permiten donar sangre 😪",1671130076.0,3,2
https://www.reddit.com/r/spain/comments/zmkypt/acudid_a_donar_sangre_quien_pueda_hace_falta/,j0c5fqu,"Me llamaron de la red transfusional de Canarias para donar que era necesaria mi sangre por ser ""valiosa"" (0+), me concertaron cita en un centro de mayores pero he acudido ya dos veces y me lo encuentro cerrado. Se ve que la persona que comunican conmigo no es local y se equivocan con los puntos de donación. Estoy esperando a ver el puesto ambulante pero parece que no quieren que done :(",1671120446.0,18,0
https://www.reddit.com/r/spain/comments/zmkypt/acudid_a_donar_sangre_quien_pueda_hace_falta/,j0cds86,Vete a un hospital o pregunta en un centro de salud.,1671123647.0,11,1
https://www.reddit.com/r/spain/comments/zmkypt/acudid_a_donar_sangre_quien_pueda_hace_falta/,j0chd0m,Eso haré en cuanto vuelva a mi localidad gracias,1671125015.0,4,2
https://www.reddit.com/r/spain/comments/zmkypt/acudid_a_donar_sangre_quien_pueda_hace_falta/,j0d5hp9,[Aquí](https://efectodonacion.com/) tienes un montón de información. Y sino en la página del gobierno de Canarias también tienes dónde estará el punto itinerante. Ahora puedes hasta pedir cita y no pillas cola.,1671134270.0,4,1
https://www.reddit.com/r/spain/comments/zmkypt/acudid_a_donar_sangre_quien_pueda_hace_falta/,j0dfqt6,"He pedido cita anteriormente, lo que me obligan a ir a la capital a hacerlo y no estoy muy disponible para hacer ese trayecto, pero estaré al loro de la unidad móvil gracias.",1671138184.0,1,2
https://www.reddit.com/r/spain/comments/zmkypt/acudid_a_donar_sangre_quien_pueda_hace_falta/,j0fipq8,"Si por casualidad estás en Las Palmas en el Hospital Negrín tienen un punto de donación de sangre en una de sus plantas, me enteré hace poco menos de un mes mientras visitaba a un familiar ingresado y aproveché para donar. No sé si sigue activo pero tenían hasta unas flechas por el suelo del hospital que te guiaban osea que dudo que fuera cosa de una semana pero no estoy seguro.",1671173705.0,1,1
https://www.reddit.com/r/spain/comments/zmkypt/acudid_a_donar_sangre_quien_pueda_hace_falta/,j0ce4e5,"Te juro por dios que yo quiero donar, pero peso muy poco para hacerlo, no es la primera vez q hago cola de 30 min para que me saquen sangre y q me digan q lo sienten mucho pero que no pueden por mi peso",1671123780.0,12,0
https://www.reddit.com/r/spain/comments/zmkypt/acudid_a_donar_sangre_quien_pueda_hace_falta/,j0cup92,"me pasa lo mismo, ademas la tension, debes tener 9 de maxima como poco, y yo siempre ando entorno a ese numero

&amp;#x200B;

Los medicos me dicen q no puedo donar, pero las veces q estoy en 9.5 no me psaa nunca nada

&amp;#x200B;

Podrian en todo caso poner una donacion de la mitad para estos casos digo yo",1671130099.0,6,1
https://www.reddit.com/r/spain/comments/zmkypt/acudid_a_donar_sangre_quien_pueda_hace_falta/,j0d77v3,"Las bolsas son siempre del mismo tamaño y no pueden sacarte más del 10% de tu sangre. Creo que deberían tener bolsas también para gente fina que no llegue a los 50kg, pero por algún motivo no lo hacen.",1671134931.0,3,1
https://www.reddit.com/r/spain/comments/zmkypt/acudid_a_donar_sangre_quien_pueda_hace_falta/,j0obnxn,Cual es el peso mínimo?,1671338357.0,1,1
https://www.reddit.com/r/spain/comments/zmkypt/acudid_a_donar_sangre_quien_pueda_hace_falta/,j0ck473,"A mi no me dejan porque me medico, y me da rabia, me gustaría devolver las 15 bolsas que me pusieron a mi cuando tuve en accidente en 2008… son muchas bolsas no? Creo que alguien exageraba cuando me lo contaron… o no, que sabré yo!",1671126059.0,11,0
https://www.reddit.com/r/spain/comments/zmkypt/acudid_a_donar_sangre_quien_pueda_hace_falta/,j0ccu67,"Por desgracia, me gustaría donar sangre pero, porque soy de Irlanda y viví allí durante la epidemia de la enfermedad de las “vacas locas”, no me dejen.",1671123292.0,9,0
https://www.reddit.com/r/spain/comments/zmkypt/acudid_a_donar_sangre_quien_pueda_hace_falta/,j0c2p0a,"En Galicia suelen venir cada año a dar charlas sobre donar sangre y con el bus para quien quiera donar, está bastante bien que hagan cosas así por que muchas personas (o por lo menos donde estudio) se ofrecen a donar",1671119371.0,6,0
https://www.reddit.com/r/spain/comments/zmkypt/acudid_a_donar_sangre_quien_pueda_hace_falta/,j0cagu6,"La última vez que fui no me dejaron porque tenía la tensión muy alta :/

A LA MIERDA LOS MAREOS DEJADME DONAR MI PUTA SANGRE AAAAAAAAAAAA",1671122399.0,6,0
https://www.reddit.com/r/spain/comments/zmkypt/acudid_a_donar_sangre_quien_pueda_hace_falta/,j0bkpbn,Quiero donar y mi pueblo solo hace colectas cada 4 meses :(,1671111643.0,5,0
https://www.reddit.com/r/spain/comments/zmkypt/acudid_a_donar_sangre_quien_pueda_hace_falta/,j0bworq,A mí me llamaron hoy porque va a estar la unidad móvil por aquí pero no puedo por haber tomado antibióticos 😓. Esperemos que se anime mucha gente.,1671116977.0,6,0
https://www.reddit.com/r/spain/comments/zmkypt/acudid_a_donar_sangre_quien_pueda_hace_falta/,j0cpwbd,"Incluso si a alguien le interesa el tema, podéis preguntar por donar por aféresis. Es un proceso lento, tardas una hora (o algo más o algo menos) y la clave del asunto es que te sacan la sangre separando sus componentes. A mi me lo ofrecieron en mi centro. La mejor parte es que te sacan lo que necesitan y te devuelven el resto, así que puedes hacerlo cada 2 meses. 

Creo que no lo he explicado del todo bien, pero bueno, ahí tenéis algo de información.",1671128268.0,4,0
https://www.reddit.com/r/spain/comments/zmkypt/acudid_a_donar_sangre_quien_pueda_hace_falta/,j0ccwzj,"Tengo hemocromatosis, no puedo donar. Antes de donar, preguntaos si podéis.",1671123321.0,3,0
https://www.reddit.com/r/spain/comments/zmkypt/acudid_a_donar_sangre_quien_pueda_hace_falta/,j0clk9d,Mejor le dejo ese trabajo a los médicos y enfermeros...,1671126604.0,7,1
https://www.reddit.com/r/spain/comments/zmkypt/acudid_a_donar_sangre_quien_pueda_hace_falta/,j0dzs7g,"Por un bocata,un zumo,y posiblemente salvarle la vida indirectamente a alguien,lo hago de una",1671146252.0,3,0
https://www.reddit.com/r/spain/comments/zmkypt/acudid_a_donar_sangre_quien_pueda_hace_falta/,j0easd3,"Hemofilico aquí, donad por favor",1671150953.0,3,0
https://www.reddit.com/r/spain/comments/zmkypt/acudid_a_donar_sangre_quien_pueda_hace_falta/,j0cpkzf,A mí no me dejan porque no llego al peso mínimo 😞,1671128148.0,2,0
https://www.reddit.com/r/spain/comments/zmkypt/acudid_a_donar_sangre_quien_pueda_hace_falta/,j0cua41,Cuál es? Hombre o mujer?,1671129941.0,1,1
https://www.reddit.com/r/spain/comments/zmkypt/acudid_a_donar_sangre_quien_pueda_hace_falta/,j0cxxd2,Mujer,1671131342.0,0,2
https://www.reddit.com/r/spain/comments/zmkypt/acudid_a_donar_sangre_quien_pueda_hace_falta/,j0cr51y,"O-
Años donando y pensando que era una rara avis y resulta que aquí (Asturias) hay una gran proporción de O- respecto a otras provincias/comunidades.",1671128737.0,2,0
https://www.reddit.com/r/spain/comments/zmkypt/acudid_a_donar_sangre_quien_pueda_hace_falta/,j0d6xlm,"No puedo porque estuve hace tres semanas, pero lo he visto y están todos los grupos bajísimos. Chicos, animaos. Es un momento, y te van a medir antes la hemoglobina para asegurarse que estás bien.",1671134821.0,2,0
https://www.reddit.com/r/spain/comments/zmkypt/acudid_a_donar_sangre_quien_pueda_hace_falta/,j0dbowf,Si tomo anticonceptivas puedo donar?,1671136646.0,2,0
https://www.reddit.com/r/spain/comments/zmkypt/acudid_a_donar_sangre_quien_pueda_hace_falta/,j0dcz12,"Si, no hay ningún problema.",1671137136.0,3,1
https://www.reddit.com/r/spain/comments/zmkypt/acudid_a_donar_sangre_quien_pueda_hace_falta/,j0dwda6,"Gracias a cada uno de vosotros que donan. 
Durante los últimos 8 meses he tenido una transfusión de sangre o plaquetas casi todas las semanas. He estado libre de transfusiones durante casi 3 semanas después de un transplante de médula osea. 
Has ayudado a salvar mi vida.",1671144814.0,2,0
https://www.reddit.com/r/spain/comments/zmkypt/acudid_a_donar_sangre_quien_pueda_hace_falta/,j0fv1x8,"En mi familia cercana he tenido dos casos de leucemia, ambos con necesidad de transfusiones. Jamás hubo ningún comentario negativo o juicio por la cantidad de sangre usada, sólo una necesidad vital cubierta.

Después de esa experiencia llevo 23 donaciones (0-), y las que vendrán. Además, me dejan arramplar con los cacahuetes de la sala post-donación, y siempre se agradecen cacahuetes.

Espero que te vaya todo bien con el transplante!",1671183710.0,1,1
https://www.reddit.com/r/spain/comments/zmkypt/acudid_a_donar_sangre_quien_pueda_hace_falta/,j0f62la,"Venga. En serio, mañana dono sangre. Por la mañana, que no tengo nada que hacer.

Soy donante habitual y 0-",1671165688.0,2,0
https://www.reddit.com/r/spain/comments/zmkypt/acudid_a_donar_sangre_quien_pueda_hace_falta/,j0gimid,No me dejan por haberme tatuado. Es puto absurdo,1671199364.0,2,0
https://www.reddit.com/r/spain/comments/zmkypt/acudid_a_donar_sangre_quien_pueda_hace_falta/,j0gzuom,"Debes esperar 4 meses, como he hecho yo hace poco. No es absurdo, tiene sentido. Después de esos 4 meses puedes ir las veces que quieras",1671206575.0,1,1
https://www.reddit.com/r/spain/comments/zmkypt/acudid_a_donar_sangre_quien_pueda_hace_falta/,j0i77td,Es absurdo porque igualmente deberían estar haciéndole pruebas a la sangre. La gente puede tener algo y no haberse tatuado,1671223672.0,2,2
https://www.reddit.com/r/spain/comments/zmkypt/acudid_a_donar_sangre_quien_pueda_hace_falta/,j0ih8p4,"Es por el periodo de ventana y es comprensible de que se aseguren de ello por responsabilidad con el recipiente de la sangre

https://efectodonacion.com/preguntas-frecuentes/que-es-el-periodo-ventana/

Si, la gente puede tener algo pero igualmente firmas un papel en el que aceptas las condiciones para donar y conoces las condiciones para no donar.",1671227853.0,1,3
https://www.reddit.com/r/spain/comments/zmkypt/acudid_a_donar_sangre_quien_pueda_hace_falta/,j0drg3j,"50€ y de ahí no bajo! Si a mi generación nos vaís a vender casas por un pastizal y nos vais a quitar medio sueldo para mantener a media población jubilada, me pagáis la sangre! 

Un saludo y buenas noches.",1671142813.0,-3,0
https://www.reddit.com/r/spain/comments/zmkypt/acudid_a_donar_sangre_quien_pueda_hace_falta/,j0e5ube,"Se te va un poco la pinza. Si donas sangre el que la va a usar es tu vecino. No ""esos que te están quitando la posibilidad de comprar una casa o que te hacen pagar impuestos"". No confundamos las cosas. Es una manera absurda de ser egoísta.",1671148838.0,5,1
https://www.reddit.com/r/spain/comments/zmkypt/acudid_a_donar_sangre_quien_pueda_hace_falta/,j0co9en,"A mi no me dejan por calvo!! 

Antes cuanto no tenia pareja estable tampoco me dejaban...y ahora que tengo pareja pero no quiero quedarme calvo tampoco puedo por estar tomando finasterida....lo que me hace plantear quán chunga debe ser si no puedo donar sangre mientras la tome.",1671127638.0,-1,0
https://www.reddit.com/r/spain/comments/zmkypt/acudid_a_donar_sangre_quien_pueda_hace_falta/,j0e3eb7,"Que me paguen, que mucho donar y mucha caridad pero luego ellos la venden",1671147790.0,-2,0
https://www.reddit.com/r/spain/comments/zmkypt/acudid_a_donar_sangre_quien_pueda_hace_falta/,j0e61e5,No digas tonterías.,1671148925.0,2,1
https://www.reddit.com/r/spain/comments/zmkypt/acudid_a_donar_sangre_quien_pueda_hace_falta/,j0d00dy,Sin sangre llevamos desde la primera mentira de Pedro Sánchez,1671132159.0,-7,0
https://www.reddit.com/r/spain/comments/zmkypt/acudid_a_donar_sangre_quien_pueda_hace_falta/,j0cizuh,[deleted],1671125635.0,-9,0
https://www.reddit.com/r/spain/comments/zmkypt/acudid_a_donar_sangre_quien_pueda_hace_falta/,j0clirc,La posibilidad de salvar una vida,1671126589.0,12,1
https://www.reddit.com/r/spain/comments/zmkypt/acudid_a_donar_sangre_quien_pueda_hace_falta/,j0cfnlf,Hay límite de edad para donar? Tengo 15 y no sé si me dejarían,1671124367.0,1,0
https://www.reddit.com/r/spain/comments/zmkypt/acudid_a_donar_sangre_quien_pueda_hace_falta/,j0cfy9i,18 años creo,1671124480.0,3,1
https://www.reddit.com/r/spain/comments/zmkypt/acudid_a_donar_sangre_quien_pueda_hace_falta/,j0d9k7a,"Correcto, 18 años",1671135832.0,1,2
https://www.reddit.com/r/spain/comments/zmkypt/acudid_a_donar_sangre_quien_pueda_hace_falta/,j0d73c2,"Ni idea de que tipo de sangre tengo, hace falta de todos o de un tipo en concreto?",1671134883.0,1,0
https://www.reddit.com/r/spain/comments/zmkypt/acudid_a_donar_sangre_quien_pueda_hace_falta/,j0d9qyq,De todas 😉,1671135906.0,1,1
https://www.reddit.com/r/spain/comments/zmkypt/acudid_a_donar_sangre_quien_pueda_hace_falta/,j0dehax,"A mi me encanta ir a donar, por desgracia dónde yo donó suele ser de 16h a 18h y casi siempre me pilla currando...",1671137700.0,1,0
https://www.reddit.com/r/spain/comments/zmkypt/acudid_a_donar_sangre_quien_pueda_hace_falta/,j0dmqwy,Oye pero si fumas maria puedes donar? Diria que no y me jode un monton,1671140936.0,1,0
https://www.reddit.com/r/spain/comments/zmkypt/acudid_a_donar_sangre_quien_pueda_hace_falta/,j0e5x2p,Creo que no importa,1671148872.0,2,1
https://www.reddit.com/r/spain/comments/zmkypt/acudid_a_donar_sangre_quien_pueda_hace_falta/,j0dtcce,No me dejan donar a pesar de ser del grupo más común.,1671143562.0,1,0
https://www.reddit.com/r/spain/comments/zmkypt/acudid_a_donar_sangre_quien_pueda_hace_falta/,j0dwpu3,"La próxima vez que veo la posibilidad, voy a donar. Mi pareja tiene unos problemas con su tensión últimamente y no quiero excluirla.",1671144957.0,1,0
https://www.reddit.com/r/spain/comments/zmkypt/acudid_a_donar_sangre_quien_pueda_hace_falta/,j0eltj4,"Si dejasen donar más lo haría, no por altruismo, sino porque en los bancos de sangre de Cataluña dan unas patatas tostadas con sabor a tomate y orégano que son Cristo bendito. Ah, y también por altruismo, voy religiosamente cada 3 meses (salvo pandemia)",1671155976.0,1,0
https://www.reddit.com/r/spain/comments/zmkypt/acudid_a_donar_sangre_quien_pueda_hace_falta/,j0enaku,Sangre llena de graf3n0 para todos!,1671156644.0,1,0
https://www.reddit.com/r/spain/comments/zmkypt/acudid_a_donar_sangre_quien_pueda_hace_falta/,j0fgn9y,Aaaaamigo por eso me spamean el correo electrónico para ir a donar... bueno en ese caso habrá que ir.,1671172230.0,1,0
https://www.reddit.com/r/spain/comments/zmkypt/acudid_a_donar_sangre_quien_pueda_hace_falta/,j0fquig,"Porque nunca sabes lo que la vida tiene preparado para ti...

Hazte Donante de Medula ósea: Lo más seguro es que nunca te llamen pero al menos estarás en una base de datos por si alguna persona compatible que necesite médula pueda usar tu ayuda.

Da permiso para transplante de órganos y tejidos (llegado el momento) y por supuesto donante de sangre.",1671180106.0,1,0
https://www.reddit.com/r/spain/comments/zmkypt/acudid_a_donar_sangre_quien_pueda_hace_falta/,j0fzvhw,"Es una pena, pero me da a mí que llegará un día que estaremos bajo mínimos y tendrán que dar incentivos aun mayores para que la gente acuda a donar sangre...",1671187849.0,1,0
https://www.reddit.com/r/spain/comments/zmkypt/acudid_a_donar_sangre_quien_pueda_hace_falta/,j0g0kei,"Si dono desde otra Comunidad, van a enviar la sangre allí? O se la quedara mi territorio",1671188398.0,1,0
https://www.reddit.com/r/spain/comments/zmkypt/acudid_a_donar_sangre_quien_pueda_hace_falta/,j0g2cp6,No era que España es el país donde más sangre se dona? Cómo se ha llegado a esta situación?,1671189803.0,1,0
https://www.reddit.com/r/spain/comments/zmkypt/acudid_a_donar_sangre_quien_pueda_hace_falta/,j0glpiw,"Creo que bajó mucho desde la pandemia, y no sé exactamente cuando pero añadieron restricciones, la última vez que fui no me dejaron donar por haberme hecho la pedicura menos de un mes antes, antes no había problema con eso, ni te preguntaban por manicuras o pedicuras.",1671200760.0,1,1
https://www.reddit.com/r/spain/comments/zmkypt/acudid_a_donar_sangre_quien_pueda_hace_falta/,j0hs0sd,"Acabo de ir esta mañana por primera vez, contenta de aportar mi granito de arena 🤝🩸",1671217505.0,1,0
https://www.reddit.com/r/spain/comments/onv1ta/mi_primer_trabajo_fue_ayer_y_solo_he_durado_5h/,h5uhdqp,"Lo que explicas se asemeja más a los años 80 que a la actualidad. 
El no proporcionar material de protección ( EPI) como guantes, es una negligencia por parte de la empresa. Sí los zapatos de protección te hacen daño, deben cambiarlos por otro modelo, los descansos deben estar regulados y él no poder ir al servicio demuestra un mal funcionamiento de dicha "" empresa"" . No te diré que lo denúncies porque con cinco horas a tus espaldas tienes poco que conseguir, dicho esto, lo habitual es lo contrario a lo que has vivido, la normativa en materia de seguridad y riesgos laborales es cada vez más estricta, aunque la aplicación de la misma depende de la voluntad del lugar donde trabajes. El consejo consiste en no rendirse y continuar buscando, seguro que encuentras un centro de trabajo serio que cumple con la normativa vigente.",1626761821.0,53,0
https://www.reddit.com/r/spain/comments/onv1ta/mi_primer_trabajo_fue_ayer_y_solo_he_durado_5h/,h5uhx4x,"Muchas gracias❤, lo se pero me mandaron de una ett y ahi me dieron las votas, al llegar todo el mundo llevaba guantes y cascos excepto los de la ett, y claro en la ett me dijieron que no me quejara que como es mi primer empleo y soy joven que aguante y gane experiencia para el futuro, lo que menos me gusto es que estaba a punto de desmayarme y ni ke dieron agua lo unico que hicieron es echarme",1626762256.0,17,1
https://www.reddit.com/r/spain/comments/onv1ta/mi_primer_trabajo_fue_ayer_y_solo_he_durado_5h/,h5v1n7v,Todo mentiras para explotar gente. Experiencia de un trabajo así vale nada,1626779334.0,18,2
https://www.reddit.com/r/spain/comments/onv1ta/mi_primer_trabajo_fue_ayer_y_solo_he_durado_5h/,h5uja7f,"En primer lugar calma, acabas de empezar y cuesta acostumbrarse a esta etapa. Las ETT tienen la obligación de proporcionar todo el material necesario en materia de protección ( EPI) que se necesite en función del tipo de empresa y la labor que deba desempeñarse en la misma salvo que sea la empresa, previo convenio, quién se haga cargo. 
Las botas que te han dado suelen ser bastante molestas , existen diversos modelos de calzado de seguridad, debes avisar del problema que te genera para que busquen una solución.
Lo importante es la actitud, ser responsable y cumplir con los horarios, ser serio , es la fórmula para superar estos inicios que siempre resultan complicados. También decirte que seguramente, encontrarás buena gente que estará dispuesta a echarte una mano.
Ánimo y a por todas.....💪🏽💪🏽",1626763365.0,12,2
https://www.reddit.com/r/spain/comments/onv1ta/mi_primer_trabajo_fue_ayer_y_solo_he_durado_5h/,h5uwg4g,"Yo soy del 82 y nunca me paso , pon un denuncia  anónima a la empresa si te pasa eso, mandaran a un inspector y preguntarán de todo a los empleados por separado , tu no estarás comprometido en nada , solo tiene que llamar , muy fácil",1626775028.0,9,1
https://www.reddit.com/r/spain/comments/onv1ta/mi_primer_trabajo_fue_ayer_y_solo_he_durado_5h/,h5uywam,👍🏼,1626777150.0,1,2
https://www.reddit.com/r/spain/comments/onv1ta/mi_primer_trabajo_fue_ayer_y_solo_he_durado_5h/,h5unoey,[deleted],1626767141.0,-15,1
https://www.reddit.com/r/spain/comments/onv1ta/mi_primer_trabajo_fue_ayer_y_solo_he_durado_5h/,h5uodf4,"Llevo más de treinta años trabajando, quizás el flipao seas tú....☝🏼",1626767738.0,13,2
https://www.reddit.com/r/spain/comments/onv1ta/mi_primer_trabajo_fue_ayer_y_solo_he_durado_5h/,h5uonuv,[deleted],1626767991.0,-4,3
https://www.reddit.com/r/spain/comments/onv1ta/mi_primer_trabajo_fue_ayer_y_solo_he_durado_5h/,h5up2fz,"De hecho , estoy más cerca de los 40. Que haya sinvergüenzas que se aprovechen de la situación, sobre todo de la gente joven, no quiere decir que sea la norma, si te engañan tienes dos opciones, callar y dejar de quejarte o buscar otra cosa y una vez la encuentres, denunciar al sinvergüenza de turno. Por aquí han pasado muchos chavales de ETT, la mayoría de han acabado quedando en plantilla, los que no, han salido por ""méritos propios"" .",1626768339.0,8,4
https://www.reddit.com/r/spain/comments/onv1ta/mi_primer_trabajo_fue_ayer_y_solo_he_durado_5h/,h5upi30,[deleted],1626768722.0,-5,5
https://www.reddit.com/r/spain/comments/onv1ta/mi_primer_trabajo_fue_ayer_y_solo_he_durado_5h/,h5uquk9,"Hablas de comodidad!!!! 
Desde los 15 años haciendo trabajos desde jardinero, paleta o pintor, en fábricas con turnos de 12 horas de lunes a sábado, encadenando contratos de seis meses, hasta que llega el momento de revelarte y ponerte en pie de guerra, para conseguir la regularización de una situación totalmente ilegal, de eso hace unos cuantos años, muchos. Sí pretendes que los demás te solucionen los problemas, ya puedes ponerte cómodo. Como he dicho antes, si te callas no te quejes, la cosa está difícil pero hay que insistir y no dejar de buscar, ahh...y formarse, con formación tendrás más opciones. 
Atentamente:  "" el Pureta"" ...☝🏼",1626769936.0,7,6
https://www.reddit.com/r/spain/comments/onv1ta/mi_primer_trabajo_fue_ayer_y_solo_he_durado_5h/,h5ur5pr,[deleted],1626770221.0,-1,7
https://www.reddit.com/r/spain/comments/onv1ta/mi_primer_trabajo_fue_ayer_y_solo_he_durado_5h/,h5uxsmn,"&gt;Campeon me echaron de una empresa por reclamar un descanso mio y de todos mis compañeros despues de cumplir la jornada laboral

Eso es una situación caramelito para cualquier sindicato. Si lo hubieras denunciado te hubiera caído una buena indemnización.

Pero como no lo denunciaste, la empresa siguió haciendo de las suyas, sin consecuencias.",1626776215.0,3,8
https://www.reddit.com/r/spain/comments/onv1ta/mi_primer_trabajo_fue_ayer_y_solo_he_durado_5h/,h5uzc4j,"Tienes razón, pero no siempre hay gente dispuesta a dar la cara en situaciones así. En el ámbito sindical, también son muchas las empresas, suelen ser pequeñas pimes, las que carecen de representación sindical, por lo que resulta más complicado luchar en condiciones por los derechos laborales. Se aprovechan de la situación y de la necesidad de algunos.",1626777507.0,5,9
https://www.reddit.com/r/spain/comments/onv1ta/mi_primer_trabajo_fue_ayer_y_solo_he_durado_5h/,h5urcmd,"Parece que crees que eres el único que puede tener una realidadsobre esto, siendo esta y sólo esta la unica posible...
No se donde vives tu, pero definitivamente el no entregar los EPIs no es algo común aqui en el norte. Mi primo con 19 años ha conseguido su primer trabajo (en un empresa agricola con invernaderos) y se le trata bien y se le aporta los EPIs que sean necesarios. En mi caso fue hace unos 8 años, pero mi primer trabajo fue en una fabrica de conservas y lo primero que hicieron (estando contratado por ETT) fue darme el EPI.
El mercado laboral es una mierda y todavía lo es más si tienes 20 años, pero de ahí a normalizar el trabajo semiesclavo hay un mundo.",1626770399.0,3,6
https://www.reddit.com/r/spain/comments/onv1ta/mi_primer_trabajo_fue_ayer_y_solo_he_durado_5h/,h5uqxsx,"Y por que aceptas esas condiciones?

Me parece a mí que las hostias te las estás llevando tú ya.",1626770017.0,4,2
https://www.reddit.com/r/spain/comments/onv1ta/mi_primer_trabajo_fue_ayer_y_solo_he_durado_5h/,h5ur9kp,[deleted],1626770318.0,3,3
https://www.reddit.com/r/spain/comments/onv1ta/mi_primer_trabajo_fue_ayer_y_solo_he_durado_5h/,h5vchn4,r/usernamechecksout,1626786249.0,3,4
https://www.reddit.com/r/spain/comments/onv1ta/mi_primer_trabajo_fue_ayer_y_solo_he_durado_5h/,h5uy8vn,Mucho asumes tú. Que sabrás de la vida de los demás. Pero yo no me dejó esclavizar por mucha necesidad que pase. También me lo he currado para poder vivir hoy cómodamente.,1626776599.0,1,4
https://www.reddit.com/r/spain/comments/onv1ta/mi_primer_trabajo_fue_ayer_y_solo_he_durado_5h/,h5uby7t,"Me paso algo parecido la primera vez que trabaje en linea :'v
No me dieron cuter ni guantes y las botas de ett pesaban 3 kilos. Literal el dia siguiente me lo tuve que traer todo de casa y tuve que comprarme otras botas. 
Cuanto mas grande la fábrica y cuanta mas gente de ett haya peor tratan a la gente. Hace poco estuve en una fábrica pequeña y me lo dieron todo sin problemas. 
El dolor corporal es normal, yo tambien me corte mucho al principio asi que al final me compre un abridor de cajas por amazon x'd.",1626757768.0,17,0
https://www.reddit.com/r/spain/comments/onv1ta/mi_primer_trabajo_fue_ayer_y_solo_he_durado_5h/,h5ui6wa,De verdad que no entiendo porque si trabajas en linea no te dan una silla o algo madre mia te juro que ni me notaba los pies y ahora tengo astillas,1626762482.0,3,1
https://www.reddit.com/r/spain/comments/onv1ta/mi_primer_trabajo_fue_ayer_y_solo_he_durado_5h/,h5ul8hv,"El problema es que si estas sentando en linea y si algo va mal tardas mas en reaccionar(lo que me dijeron). 
Tambien estuve haciendo cajas como tu asi que se como te sientes. El primer dia trabando en cadena siempre es duro (yo no estaba en forma que digamos) y los dos primeros dias el encargado me grito dos veces a lo bruto :'). No me enseñaron nada al principio y me las tuve que arreglar como pude, fue un asco pero me seguieron llamando y cada vez trabajaba mas rapido asi que al final habian algunos puestos que solo yo podia hacer lel. 
He perdido la cuenta de gente que se iba a las dos horas de estar ahi, es normal.
PD: para el dolor en general te recomiendo que te compres la fisiocrem en la farmacia x'd.",1626764999.0,8,2
https://www.reddit.com/r/spain/comments/onv1ta/mi_primer_trabajo_fue_ayer_y_solo_he_durado_5h/,h5ulqf6,Me parece denunciable que no te den el equipamiento necesario. Y si te lo tenías que comprar tú te lo tendrían que haber dicho de antemano y tú decidir si te parecía bien o no.,1626765425.0,13,0
https://www.reddit.com/r/spain/comments/onv1ta/mi_primer_trabajo_fue_ayer_y_solo_he_durado_5h/,h5um9j4,"Cuando ocurra algo así, denuncia y ponlo en conocimiento de las autoridades, grábalo y consigue las pruebas necesarias para que tu denuncia sea eficaz. Siempre habrá el pirata que no le importe los demás más que ganarse unos euros más en el bolsillo, pero para eso está la ley y funciona cuando se le aporta la información adecuada",1626765889.0,13,0
https://www.reddit.com/r/spain/comments/onv1ta/mi_primer_trabajo_fue_ayer_y_solo_he_durado_5h/,h5umsb3,"Se puede denunciar anónimamente? Es que sinceramente me da miedo porque solo estuve 5h y no tengo prueba alguna, solamente los moratones de los pies y las astillas de llevar los pales sin guantes",1626766349.0,4,1
https://www.reddit.com/r/spain/comments/onv1ta/mi_primer_trabajo_fue_ayer_y_solo_he_durado_5h/,h5uqop0,"Lamentablemente, y según el ministerio, no ya que han de tramitar la denuncia con todos los datos, pero tus datos personales jamás serán revelados a la empresa. Te ánimo a que denuncies, es la única forma de que cierta gente aprenda y se integre para mejorar nuestra sociedad (además de que servirá de ejemplo para que otros no hagan lo mismo y con el tiempo ya no encontrarás trabajos así en esa zona, te lo aseguro). Te dejo un enlace con más información:

https://www.mites.gob.es/itss/web/Utilidades/FAQs/IYP/iyp.html",1626769790.0,9,2
https://www.reddit.com/r/spain/comments/onv1ta/mi_primer_trabajo_fue_ayer_y_solo_he_durado_5h/,h5uved6,Esto es el mundo de yupi. No funciona así. No le yenes la cabeza de tonterías porque la realidad es mucho mas triste,1626774088.0,-2,1
https://www.reddit.com/r/spain/comments/onv1ta/mi_primer_trabajo_fue_ayer_y_solo_he_durado_5h/,h5uzcgp,"Lamentablemente no soy capaz de entenderte, si quieres decir que denunciar no sirve de nada y que este acto pertenece y es llevado por gente que vive en el mundo de “yupi”, la verdad no puedo llegar a entenderte. Si puedieras explicarte un poco mejor, no expongas tus sentimientos sin tus razones",1626777515.0,3,2
https://www.reddit.com/r/spain/comments/onv1ta/mi_primer_trabajo_fue_ayer_y_solo_he_durado_5h/,h5v18jy,"Que lo unico que va a conseguir denunciando es que le pongan en la lista negra de la ett y no le vuelvan a llamar para nada.

Se cómo vsn estas cosas y lo mejor que puede hacer es, si no le gusta, pirsrae y ya está. Denunciando solo consigues herirte a ti mismo y que al dueño igual le pongan una multa (o igual no) de aquí a 5 años.

Si está en una ett es porque necesita pasta, no justicia social. Hay que saber poner en orden las prioridades",1626779029.0,-1,3
https://www.reddit.com/r/spain/comments/onv1ta/mi_primer_trabajo_fue_ayer_y_solo_he_durado_5h/,h5v1wyp,"Eso es falso, no existe tal lista ETT. No existe ninguna lista negra de trabajo temporal. La denuncia es anónima en referente a la empresa. Las denuncias son los únicos medios de que situaciones de este tipo no pasen, la seguridad social te llama de igual manera. De dónde has sacado eso de la lista? Por favor muestra un enlace, donde haya la información que tú estás reivindicando. Ya que hablas como el típico que le importa todo nada, y le da igual el avance social, principal problema de todos. Provocando que el trabajador no sepa sus derechos y cualquiera pueda abusar de él.",1626779543.0,2,4
https://www.reddit.com/r/spain/comments/onv1ta/mi_primer_trabajo_fue_ayer_y_solo_he_durado_5h/,h5v2pvc,"Vsmos a ver tu te crees que una fabricucha que hace esas cosas no tiene sospechas de algunos trabajadores? Yo eso lo he visto en persona. Llamar y decir no me vuelvas a mandar a esta porque va mucho al baño, a este porque pierde el tiempo y a este porque me contestó mal.

Que una cosa es la ley y otra cómo funciona la industria de verdad. Y para empresas pequeñas y jefes hijosdeputa eso está a la orden del dia. Sobre todo cuando el puesto lo cubren al dia siguiente",1626780139.0,0,5
https://www.reddit.com/r/spain/comments/onv1ta/mi_primer_trabajo_fue_ayer_y_solo_he_durado_5h/,h5v3asa,"Y de hay la función de las denuncias, tú hablas de ir al baño y mala contestaciones, pero eso fueron comentarios sin importancia que hizo, así que no diluyas esta conversación en temas no punibles; los cuales si son no tener el equipo adecuado para la seguridad personal del trabajador, las mascarillas de protección, y demás irregularidades que ha visto. 
Las sospechas que una empresa crees que tiene sobre ti son absurdas sobretodo cómo bien dices el puesto de trabajo los cubren día si y día también. La empresa no hace un análisis del trabajador pensando este me va a denunciar. Tengo la total seguridad de que no tienes ni idea de lo que hablas dado tus comentarios. Incluso cuando un trabajador es despedido y al día siguiente aparece una denuncia en la empresa, la propia empresa no tiene ni idea de quién fue ya que por ese periodo de tiempo u otros más largos han pasado muchos trabajadores. Segundo, cuando una empresa te despide no esperes que algún día te vuelva a contratar, y mejor que no lo haga, ya habrá otras donde encajes mejor.
(Sigo esperando que nos aclares lo de la lista negra)",1626780554.0,0,6
https://www.reddit.com/r/spain/comments/onv1ta/mi_primer_trabajo_fue_ayer_y_solo_he_durado_5h/,h5xsju9,"Lo que se refiere de la lista negra, se conoce como Buró Laboral, de las ett no tengo ni idea si existe, pero soy consciente que es una practica utilizada en españa, para una definición exacta de que es sería:

""El buró laboral es una herramienta para marginar a trabajadores, lo que constituye un acto de discriminación. La primera posibilidad de defensa de los trabajadores es acudir al Inai para presentar una queja o una denuncia. Otra es presentar una demanda por discriminación""

Es denunciable obviamente, pero puede tardar hasta años en salir adelante el juicio.

Sinceramente, después de ver donde el enchufismo, corrupción y demás son como el pan de cada día en este pais, ya no debería sorprendernos que ocurran cosas así, por desgracia...",1626824894.0,0,7
https://www.reddit.com/r/spain/comments/onv1ta/mi_primer_trabajo_fue_ayer_y_solo_he_durado_5h/,h5zf91w,"El Buró Laboral; primero no tiene nada que ver con esa lista negra de la que hablaba. La práctica del buró laboral es temida en Mexico y por lo visto no corroborada y posiblemente bulo para amedrentar al trabajador de realizar quejas y denuncias (ya sabemos que America Latina está aún a años luz de Europa y se realizan prácticas delictivas en el ámbito empresarial sin perjuicio moral o legal), de todos modos, se realiza en ámbitos de grandes empresas como base de datos, no en las pequeñas, y en Méjico, además de que allí las denuncias han de reflejar los datos del denunciante por lo que tengo entendido, cosa que aquí no pasa, los datos han de ser recogidos por el ministerio, pero nunca serán revelados ya que el propio ministerio es quien actúa de oficio contra la empresa, no el ciudadano. Aquí en España no existe tal práctica y menos si proviene el empleado de la seguridad social ya que supondría un grave menoscabo a la legalidad española y seguridad del ciudadano.
No hay lista negra, y nunca ha existido! Dejad de promover bulos falsos e investigad o informaros a través de fuentes verídicas y no de blogs de dudosa procedencia o conspiraciones de medio pelo.",1626858822.0,1,8
https://www.reddit.com/r/spain/comments/onv1ta/mi_primer_trabajo_fue_ayer_y_solo_he_durado_5h/,h607gky,"Perdona que te diga pero el que veo que no se informado y contrastado eres tu, pero no me informo de blogs, contrasto noticias de varias fuentes y voy tirando del hilo hasta dar con la información verifica y no por bulos, que estamos en 2021 no en 2015 que entonces si se creía que las listas negras eran ""cuentos de brujas"" y por entonces si te daría la razón.

Que por cierto, me parece que ni me has leído el primer párrafo completo, porque has obviado ""de las ett no tengo ni idea si existe"", por lo tanto no dado por hecho lo que el otro usuario a comentado de las ett, partiendo de eso, quiero que me lo refutas porque no existen.

Quieres datos? 

[https://www.eleconomista.es/civil/noticias/7161557/11/15/La-inclusion-en-listas-negras-vulnera-la-proteccion-de-datos.html](https://www.eleconomista.es/civil/noticias/7161557/11/15/La-inclusion-en-listas-negras-vulnera-la-proteccion-de-datos.html)

[https://noticias.juridicas.com/actualidad/jurisprudencia/10672-una-empresa-no-puede-comunicar-a-otra-la-causa-de-despido-de-un-trabajador-para-incluirlo-en-una-ldquo;lista-negrardquo;/](https://noticias.juridicas.com/actualidad/jurisprudencia/10672-una-empresa-no-puede-comunicar-a-otra-la-causa-de-despido-de-un-trabajador-para-incluirlo-en-una-ldquo;lista-negrardquo;/)

Quieres más datos, pues tan fácil como buscar en Google la información e ir contrastando, te lo pongo más fácil todavía con que copies y pegues lo siguiente en el buscador, y luego es cosa tuya de sacar tus conclusiones y no quedarte con la primera información que encuentres (sí es el caso  de no informarte ni me molestare en responder)

""Sentencia 609/2015 del Tribunal Supremo sobre listas negras de trabajadores. Agencia Española de Protección de Datos (AEPD). Informe 0201/2010.""

Pues creo que te lo dejado en bandeja de plata, de encontrar por ti mismo la información, ahora depende de ti si informarte o no como dicho.

Además el mundo no es de color de rosa, hay matices, si no las quieres contrastar pues como quieras, por cierto insisto en lo que dicho al principio de mi comentario ""quiero que me lo refutas porque no existen."" 

Por último, porque tan arisco? ni te faltado ni nada por el estilo, me parece que solo gusta lo que uno quiere oír, haber si te entrara en la cabeza que no todo el mundo respeta por igual la ley, habrá gente que sí, siempre existirá gente honrada y ladrones, buenos conductores y conductores temerarios, tanto si nos gusta como si no, es el mundo que nos a tocado vivir.

saludos.",1626877072.0,1,9
https://www.reddit.com/r/spain/comments/onv1ta/mi_primer_trabajo_fue_ayer_y_solo_he_durado_5h/,h5vji3k,"No existe ninguna lista negra de ETT ni de historial laboral ni zarandajas. Y si estos negreros no le vuelven a llamar es la mejor de las noticias posibles para su salud.

Si una empresa en un acto de locura decide crear su propia lista negra está violando la ley RGPD por las cuatro esquinas. Me encantaría ver las consecuencias.

[Aquí una recopilación de sentencias recientes a empresarios por robar y estafar](https://www.iberley.es/jurisprudencia/?voces%5B0%5D=Inspecci%C3%B3n+de+trabajo+y+Seguridad+Social&amp;sort=fecha)

[Enlace a Laboro Spain, blog de derecho laboral para trabajadores que es de lo mejorcito](https://laboro-spain.blogspot.com/)

/u/boredinlife9",1626789771.0,1,4
https://www.reddit.com/r/spain/comments/onv1ta/mi_primer_trabajo_fue_ayer_y_solo_he_durado_5h/,h5vjzfz,"Yo ya te he digo que es un secreto a voces. Vamos que a mi me lo dijeron en voz baja y fuera de la oficina.

 A las ETT hay que meterles mano legslmente por todas partes pero la putada es que hay tanta gente (sin estudios sobre todo) que depende de ellas para vivir que los muy hijosdeputa en la administración no se atreven.",1626789994.0,1,5
https://www.reddit.com/r/spain/comments/onv1ta/mi_primer_trabajo_fue_ayer_y_solo_he_durado_5h/,h5vkcv2,"Experiencia personal: he trabajado para ETT grandes y pequeñas, he tenido movidas en ETT grandes y pequeñas y me han seguido llamando desde ETT grandes y pequeñas. O la lista negra no funciona o alguien te ha intentado impresionar.",1626790167.0,1,6
https://www.reddit.com/r/spain/comments/onv1ta/mi_primer_trabajo_fue_ayer_y_solo_he_durado_5h/,h5vkkgq,"Sinceramente. Espero que tengas razón y no sea así porque me dio tanto puto asco que dejé ese trabajo en cuanto pude. Yo solo se que la rotación era demasiado, y muchas veces por un par de jefes que echaban a todo dios",1626790266.0,1,7
https://www.reddit.com/r/spain/comments/onv1ta/mi_primer_trabajo_fue_ayer_y_solo_he_durado_5h/,h5um40e,"Hiciste bien en irte, la seguridad es lo primero, lo segundo sería avisar a inspección de trabajo porque si tú has sufrido esas irregularidades en el primer día ten por seguro que hay más, y lo tercero sería sindicatarte para que eso no vuelva a pasar. Ánimo",1626765752.0,11,0
https://www.reddit.com/r/spain/comments/onv1ta/mi_primer_trabajo_fue_ayer_y_solo_he_durado_5h/,h5umhgo,Yolanda diaz pisa ese sitio y les cierra el chiringuito en 3s,1626766088.0,1,1
https://www.reddit.com/r/spain/comments/onv1ta/mi_primer_trabajo_fue_ayer_y_solo_he_durado_5h/,h5up1px,"Denunciar en la inspección de trabajo es gratis y anónimo. A las 2 empresas, la ett y la demandante, no sólo por lo que te ocurrió, también por las condiciones de seguridad en general. Los/as trabajadores/as tenemos que denunciar este tipo de abusos o nadie lo hará, hay varias formas, comité de empresa, inspección, juzgado. Un trabajo en condiciones de esclavitud no es un trabajo que valga la pena, ni se debe consentir. Cuando alguien comienza una relación laboral, debe hacerlo de pleno derecho y con todas las garantías a las que tiene derecho. Es la única forma de que este maravilloso sistema de empleo pueda cambiarse, eso y la derogación de las reformas laborales del pp y psoe.",1626768322.0,11,0
https://www.reddit.com/r/spain/comments/onv1ta/mi_primer_trabajo_fue_ayer_y_solo_he_durado_5h/,h5zrd8h,Lo he hecho,1626868550.0,2,1
https://www.reddit.com/r/spain/comments/onv1ta/mi_primer_trabajo_fue_ayer_y_solo_he_durado_5h/,h60edjj,"Me alegro mucho. Bien por tí, ejemplar! 👌✊",1626880104.0,2,2
https://www.reddit.com/r/spain/comments/onv1ta/mi_primer_trabajo_fue_ayer_y_solo_he_durado_5h/,h5uatoq,"Yo he trabajado en fábricas pero como ingeniero y te digo que no había oído nada ni parecido. Al principio te iba a acusar de invent. Es que me parece increible. Pillan a esa fabrica sin medidas justas de protección y le meten una multa al dueño que lo dejan en bancarrota.

Por lo menos en mi experiencia la seguridad del personal operario es la primera prioridad. Y no lo digo ni en broma, del dinero se ocupan los de arriba, en planta primero va la seguridad y luego ya la calidad. Tambien esverdad que mis fabricas eran modernas jajaja. No de cajas",1626757002.0,13,0
https://www.reddit.com/r/spain/comments/onv1ta/mi_primer_trabajo_fue_ayer_y_solo_he_durado_5h/,h5ub47i,"Ojala fuera un invent porque iba to ilusionado con ganas y me da un yuyu k me tuve que ir, era raro porque también embotellaban detergente y revistas. Alomejor no me dieron nada y lo pase asi porque yo venia de la ett",1626757201.0,2,1
https://www.reddit.com/r/spain/comments/onv1ta/mi_primer_trabajo_fue_ayer_y_solo_he_durado_5h/,h5ubau6,"Nada nada. Da igual de dónde vengas. Te tienen que proteger. Segun entras en planta tu seguridad es su labor. Vamos que te pasa cualquier cosa, vas a un abogado laboral y se les cae el pelo. Es que no lo entiendo de verdad.

Al ingeniero que estuviera ahi le tendrían que quitar la licencia",1626757327.0,7,2
https://www.reddit.com/r/spain/comments/onv1ta/mi_primer_trabajo_fue_ayer_y_solo_he_durado_5h/,h5ubh0u,"Deberia ngl porque estaba a punto de tirarme al suelo y me llevan con el jefe y lo unico que me dice es vete xd, mi madre hasta me ha echado la bronca",1626757444.0,1,3
https://www.reddit.com/r/spain/comments/onv1ta/mi_primer_trabajo_fue_ayer_y_solo_he_durado_5h/,h5uby9f,Bufff. Tio búscate algo mejor o estudia algo. Hsy cursos de operario muy bien pagados,1626757768.0,5,4
https://www.reddit.com/r/spain/comments/onv1ta/mi_primer_trabajo_fue_ayer_y_solo_he_durado_5h/,h5uqpy0,"Te ha tocado una mala, dicen por aquí que cuanto mas grande peor pero por lo que he visto yo es al revés. Las empresas grandes tienen servicios propios de prevención y saben lo que se juegan mejor que talleres Pepe, el de las estructuras de aluminio.

Cuanto vale un puto cutter? Eso no es por dinero es dejadez y esos sitios cuanto mas lejos mejor.
Cerca de casa habia una fabrica de tela asfaltica que trataba a los empleados como mierda, comian en un comedor con ratas y los sistemas de seguridad de las maquinas estaban rotos y para que siguieran funcionando los tenían manipulados.

Resultado: hace unos meses un chaval se quedó enganchado a un rollo de tela y la maquina lo aplastó. Ahora tienen que pagar mas de 328k€ de multa y es posible que los dueños sean imputados por homicidio. Habia denuncias previas.

Hay gente que sigue en la puta edad de piedra, unos guantes y un cutter valen menos que una hora de sueldo y si no los das (dejando a un lado la humanidad) lo mínimo te arriesgas a perder media jornada o mas por una baja por un corte o astillas clavadas e infección y lo máximo lo que he puesto arriba.

Algunos empresarios son anormales. Después dicen que tenemos mala productividad.",1626769821.0,6,0
https://www.reddit.com/r/spain/comments/onv1ta/mi_primer_trabajo_fue_ayer_y_solo_he_durado_5h/,h5zrekk,"Agree, sinceramente queria amazon porque me hablaban muy bien de ella",1626868575.0,1,1
https://www.reddit.com/r/spain/comments/onv1ta/mi_primer_trabajo_fue_ayer_y_solo_he_durado_5h/,h5v0n58,"Toma esto es anonimo, no es exactamente como una denuncia, pues no al no personarte en una demanda laboral no sacarás nada pero por lo menos pondrás en conocimiento de los inspectores de trabajo la situación y quizás los próximos tengan mejores condiciones. Es el buzón de fraude, está pensado para los que timan a la seguridad social y esto parece más una negligencia pero no pierdes nada por rellenarlo.

Suerte

https://expinterweb.mitramiss.gob.es/buzonfraude/",1626778563.0,4,0
https://www.reddit.com/r/spain/comments/onv1ta/mi_primer_trabajo_fue_ayer_y_solo_he_durado_5h/,h5uknfd,"Yo también trabajé en una fábrica (Picnic) pero en Amsterdam, ahí era obligatorio llevar los zapatos, camisetas y guantes específicos en cualquier departamento. Incluso te daban abrigo para la zona que estaba a -20 grados.",1626764506.0,3,0
https://www.reddit.com/r/spain/comments/onv1ta/mi_primer_trabajo_fue_ayer_y_solo_he_durado_5h/,h5uqh1n,"Has hecho muy bien en irte. Estas cosas pasan porque la gente traga con los abusos. Cuando la ETT deje de enviarle gente porque todos los temporales como tú se van, quizás empiecen a recapacitar. 

No hay que tener miedo a decir que algo está mal, es la única manera de mejorar. También es importante conocer tus derechos como trabajador, hay mucha información disponible. Los sindicatos son herramientas muy útiles para saber qué cosas son aceptables y cuáles son denunciables.

En mi opinion, la gente que acepta condiciones laborales de explotación son casi tan culpables como quienes les explotan. Entiendo que todos tenemos que cubrir nuestras necesidades, pero o los trabajadores nos plantamos o acabaremos trabajando 12 horas al día 7 días a la semana si fuera por la patronal.

Como dijo el maestro José Luis Sampedro, ""En mi hambre, mando yo"".",1626769600.0,3,0
https://www.reddit.com/r/spain/comments/onv1ta/mi_primer_trabajo_fue_ayer_y_solo_he_durado_5h/,h5uuxfs,"Comisiones obreras son los únicos capaces de asustar a estas picadoras de carne con nombre de empresa. Ya sé que los sindicatos tienen muy mala fama en internet por anécdotas de corrupción, pero en la vida real no he visto a nadie más capaz de forzar a una empresa a cumplir una ley. Meterse en denuncias y juicios como individuo es una ruina tanto para la cartera como para la salud mental y ellos cuentan con eso para seguir maltratando.",1626773668.0,3,0
https://www.reddit.com/r/spain/comments/onv1ta/mi_primer_trabajo_fue_ayer_y_solo_he_durado_5h/,h5vn9hn,Bienvenido al mundo de las ett dónde cada empresa es peor que la anterior,1626791478.0,3,0
https://www.reddit.com/r/spain/comments/onv1ta/mi_primer_trabajo_fue_ayer_y_solo_he_durado_5h/,h5v5fmz,"Lo del cúter normalmente es porque está prohibido llevar este tipo de cosas por si se caen en una caja o se cuelan donde no deberían. Las botas, por curiosidad, eran unas de agua? A mi me dieron una vez unas de agua sin puntera y no veas no sé cómo no me rompí el dedo. Luego lo de los guantes también está muy mal, raro es que tansiquiera se hayan preocupado de que mancharas las cajas y se arriesgaran a tener alguna devolución. Además es obligatorio tapar las heridas en ese tipo de casos con una tirita y luego guantes. En fin, los jefes cuando más dinero tienen mas se alejan de los trabajadores pobres y menos les importan, solo piensan en reducir gastos. Luego lo irónico es que sucede lo contrario, acaban gastando más en encontrar gente nueva, bajas... que haciendo las cosas bien.",1626782024.0,2,0
https://www.reddit.com/r/spain/comments/onv1ta/mi_primer_trabajo_fue_ayer_y_solo_he_durado_5h/,h5v7n5e,Unas panam modelo oslo,1626783454.0,1,1
https://www.reddit.com/r/spain/comments/onv1ta/mi_primer_trabajo_fue_ayer_y_solo_he_durado_5h/,h5vwax4,"A mí me ha pasado también aunque duré seis meses por pura necesidad.
Yo estaba como encajadora/enmalladora en una fábrica de importación/exportación de cítricos.
Contrato a media jornada pero en realidad trabajaba entre 10 y 14 horas diarias, de lunes a domingo durante dos semanas seguidas, libraba un domingo y vuelta a empezar. Todo esto con 30 minutos de descanso al día.

Como digo, fue pura necesidad porque nos iban a embargar la casa. Pagaban bien...

Pero si no vuelvo a estar en una situación tan precaria...no voy a volver a algo así jamás. Antes me como las bolitas de pelo y polvo de debajo de la cama.

Al empezar pesaba 55kg (soy mujer) y mido 1,65m, cuando acabé estaba en 45kg, puro músculo xD
Ahora me río cuando me acuerdo, pero había días que llegaba a casa y no podía dormir porque cuando cerraba los ojos lo veía todo de color naranja y me entraba la risa rollo panic attack.
Y cuando sonaba el despertador...lloraba.",1626795354.0,2,0
https://www.reddit.com/r/spain/comments/onv1ta/mi_primer_trabajo_fue_ayer_y_solo_he_durado_5h/,h5uqlfo,"Acostumbrate, es normal. Triste, pero normal.",1626769709.0,0,0
https://www.reddit.com/r/spain/comments/onv1ta/mi_primer_trabajo_fue_ayer_y_solo_he_durado_5h/,h5up45r,"5 horas?? 😂😂😂😂 

Luego os preguntais que porque España se va a la mierda.",1626768381.0,-6,0
https://www.reddit.com/r/spain/comments/onv1ta/mi_primer_trabajo_fue_ayer_y_solo_he_durado_5h/,h5untrd,[deleted],1626767271.0,-8,0
https://www.reddit.com/r/spain/comments/onv1ta/mi_primer_trabajo_fue_ayer_y_solo_he_durado_5h/,h5unzfr,Por que estas tan enfadado?,1626767402.0,5,1
https://www.reddit.com/r/spain/comments/onv1ta/mi_primer_trabajo_fue_ayer_y_solo_he_durado_5h/,h5uoccv,[deleted],1626767712.0,-7,2
https://www.reddit.com/r/spain/comments/onv1ta/mi_primer_trabajo_fue_ayer_y_solo_he_durado_5h/,h5up1a5,Solo explico una experiencia personal,1626768311.0,2,3
https://www.reddit.com/r/spain/comments/onv1ta/mi_primer_trabajo_fue_ayer_y_solo_he_durado_5h/,h5upll4,[deleted],1626768811.0,-4,4
https://www.reddit.com/r/spain/comments/onv1ta/mi_primer_trabajo_fue_ayer_y_solo_he_durado_5h/,h5upoxm,"Jajaj no estoy enfadado, pero bueno respeto tu opinión",1626768896.0,3,5
https://www.reddit.com/r/spain/comments/onv1ta/mi_primer_trabajo_fue_ayer_y_solo_he_durado_5h/,h5uz9dh,El que tienes que dejar de llorar eres tú y empezar a exigir tus derechos por ley. Tu discurso es increíblemente conformista y no lleva a nada excepto a la frustración.,1626777445.0,5,1
https://www.reddit.com/r/spain/comments/onv1ta/mi_primer_trabajo_fue_ayer_y_solo_he_durado_5h/,h5uoq0a,A esta gente le falta calle bro,1626768042.0,-1,1
https://www.reddit.com/r/spain/comments/onv1ta/mi_primer_trabajo_fue_ayer_y_solo_he_durado_5h/,h5vq3o8,Denuncia a inspección del trabajo,1626792719.0,1,0
https://www.reddit.com/r/spain/comments/onv1ta/mi_primer_trabajo_fue_ayer_y_solo_he_durado_5h/,h5wifa0,Bienvenido al maravilloso mundo del capitalismo...,1626804544.0,1,0
https://www.reddit.com/r/spain/comments/onv1ta/mi_primer_trabajo_fue_ayer_y_solo_he_durado_5h/,h5xbauq,"Me ocurrió algo parecido los que estaban por fábrica insultando y faltando el respeto a los de ETT condiciones infrahumanas los encargados unos sinvergüenzas los de la ETT me dieron unas botas 2 tallas menos, los pantalones eran una basura y el ritmo de trabajo se rompieron la primera semana niñatas de 20 años y indigentes mentales insultandote y mandandote más que los encargados. En esa fábrica dure un mes y no se la recomiendo ni a mi peor enemigo",1626816829.0,1,0
https://www.reddit.com/r/spain/comments/onv1ta/mi_primer_trabajo_fue_ayer_y_solo_he_durado_5h/,h61a5uw,"Es importante denunciar esos casos sobre todo el no dar epis porque es un riesgo para la salud. Luego pasan cosas serias y todos las manos a la cabeza.

Donde curra mi hermano una máquina de guillotina de esas se llevó la mano de una chica. Pues lio porque todos sabían que la máquina funcionaba mal, pero por no bajar la producción, anularon el freno de seguridad. Resultado operaría manca y juicios y líos. 
Si temes represalias, denuncia dentro de dos meses, que ya habrán pasado 10 o 12 por ese infierno y no sabrán qué fuiste tu.",1626893371.0,1,0
https://www.reddit.com/r/askspain/comments/1qhtxdb/how_can_we_help/,o0mkadr,"I’m commenting because I have the same question. How would I donate blood, I have one of the blood types they always want too?",1768892171.0,8,0
https://www.reddit.com/r/askspain/comments/1qhtxdb/how_can_we_help/,o0mn6n1,In most hospitals,1768893664.0,6,1
https://www.reddit.com/r/askspain/comments/1qhtxdb/how_can_we_help/,o0moqdj,"Thank you! I might as well ask at my centro de salud, I have an appointment today anyway and I’m in Andalucia.",1768894494.0,3,2
https://www.reddit.com/r/askspain/comments/1qhtxdb/how_can_we_help/,o0mlrms,I’m looking up locations now.,1768892921.0,2,1
https://www.reddit.com/r/askspain/comments/1qhtxdb/how_can_we_help/,o0njxhf,"In almost any hospital. You can also look for donation campaigns.

edit: you can check here: [https://www.sanidad.gob.es/profesionales/saludPublica/medicinaTransfusional/dondedonar.htm](https://www.sanidad.gob.es/profesionales/saludPublica/medicinaTransfusional/dondedonar.htm)",1768911135.0,2,1
https://www.reddit.com/r/askspain/comments/1qhtxdb/how_can_we_help/,o0mpn3r,"Giving blood it's always important, thanks for wanting to help. There is going to be a lot of donations this first days giving it a couple weeks later may be even more useful",1768894984.0,6,0
https://www.reddit.com/r/askspain/comments/1qhtxdb/how_can_we_help/,o0mst2h,"That’s actually a great idea. I think I’ll start doing it periodically. I have the universal donor type. It’s the least I can do. 

This was a reminder for me. I want to bring added value to my host country in general. Any other suggestions, feel free to share.",1768896704.0,10,1
https://www.reddit.com/r/askspain/comments/1qhtxdb/how_can_we_help/,o0nkutx,You can donate in almost any hospital. [Here](https://www.sanidad.gob.es/profesionales/saludPublica/medicinaTransfusional/dondedonar.htm) you can check donation locations.,1768911535.0,4,0
https://www.reddit.com/r/askspain/comments/1qhtxdb/how_can_we_help/,o0nl1v3,Got it! Thanks!,1768911619.0,2,1
https://www.reddit.com/r/askspain/comments/1qhtxdb/how_can_we_help/,o0npkxo,"If you're based in Valencia, you can always go to Hospital General. The Transfusion Center for the Valencian Community is there, and they are open Mon to Fri to receive blood donations.",1768913474.0,2,0
https://www.reddit.com/r/askspain/comments/1qhtxdb/how_can_we_help/,o0nsq8m,Awesome! Thanks so much!,1768914663.0,1,1
https://www.reddit.com/r/askspain/comments/onv28r/como_fue_vuestro_primer_trabajo_mi_primer_trabajo/,h5ub4z0,"Yo aun me acuerdo de ver volver a mi padre de la fábrica molido. Es un trabajo duro y no tan bien pagado cuando tienes en cuenta lo asquerosamente repetitivo que es. Sinceramente verle asi es lo que me motivo a estudiar jajajaja.

Mi padre cambio varias veces y si que es verdad que algunas fabricas tienen jefes hijosdeputa pero hasta donde yo se has tenido la peor suerte posible.",1626757215.0,39,0
https://www.reddit.com/r/askspain/comments/onv28r/como_fue_vuestro_primer_trabajo_mi_primer_trabajo/,h5ubbiy,"Realmente antes si que era la tortura viva, me alegro por ti tio sigue estudiando",1626757339.0,11,1
https://www.reddit.com/r/askspain/comments/onv28r/como_fue_vuestro_primer_trabajo_mi_primer_trabajo/,h5wm52q,"Es que esa es la puta vida. Sin estudios eres en muchos escenarios un peón reemplazable y te colocan en escenarios de o lo tomas o lo dejas. Y no lo digo como un ataque vaya, sino como la realidad que te toca vivir. Como se ha dicho toda la vida, si no querías un trabajo físico... “haber estudiao”",1626806107.0,2,1
https://www.reddit.com/r/askspain/comments/onv28r/como_fue_vuestro_primer_trabajo_mi_primer_trabajo/,k0kk4c1,"""Lo que te toca"" 

XD

En fin, especie débil",1694708980.0,1,2
https://www.reddit.com/r/askspain/comments/onv28r/como_fue_vuestro_primer_trabajo_mi_primer_trabajo/,h5xir0l,No es necesario estudiar para trabajo no físico man,1626820219.0,1,1
https://www.reddit.com/r/askspain/comments/onv28r/como_fue_vuestro_primer_trabajo_mi_primer_trabajo/,h5uote0,"Tio, he trabajado en fabricas como ingeniero en practicas, lo que significa que no lo pasaba mal (más aburrimiento que otra cosa), pero me he recorrido fabricas viendo a los operarios trabajar y lo que tu comentas es totalmente ilegal, tu no tienes que llevar nada a la fabrica, tu vas en ropa casual de calle y ellos te tienen que dar todo completamente y cualquier proteccion igual. Planteate  denunciar en el buzon de la consejeria de trabajo de la CCAA donde se encuentre.",1626768124.0,71,0
https://www.reddit.com/r/askspain/comments/onv28r/como_fue_vuestro_primer_trabajo_mi_primer_trabajo/,h5up3ox,Muchas gracias por el consejo me lo pienso seriamente,1626768370.0,33,1
https://www.reddit.com/r/askspain/comments/onv28r/como_fue_vuestro_primer_trabajo_mi_primer_trabajo/,h5upo7m,"Por favor, hazlo, entre todos podemos acabar con esas empresas nefastas.",1626768878.0,37,2
https://www.reddit.com/r/askspain/comments/onv28r/como_fue_vuestro_primer_trabajo_mi_primer_trabajo/,h5uwcfo,"Si no lo haces tú, que lo has sufrido, no lo va a hacer nadie y esa empresa va a seguir haciendo con otra gente lo mismo que han hecho contigo.

Para otros que estén en situaciones parecidas: hacer parte de lesiones en hospital (si, como al OP, trabajar os ha supuesto heridas u otras afecciones) y denuncia a la consejería de trabajo con dicho parte de lesiones.",1626774937.0,24,2
https://www.reddit.com/r/askspain/comments/onv28r/como_fue_vuestro_primer_trabajo_mi_primer_trabajo/,h5w76bo,"Denuncia. No es que te haya tocado una mala fábrica, es que lo que cuentas es ilegal. Denuncia por favor o lo seguirán haciendo.",1626799842.0,7,2
https://www.reddit.com/r/askspain/comments/onv28r/como_fue_vuestro_primer_trabajo_mi_primer_trabajo/,h5uf1zv,"Joder, esto suena a explotación del ser humano. 😕 Espero que encuentres otra cosa pronto.",1626760016.0,26,0
https://www.reddit.com/r/askspain/comments/onv28r/como_fue_vuestro_primer_trabajo_mi_primer_trabajo/,h5v13ux,❤️,1626778930.0,4,1
https://www.reddit.com/r/askspain/comments/onv28r/como_fue_vuestro_primer_trabajo_mi_primer_trabajo/,h5un4y2,"Hombre claro esas son las mismas empresas que luego se quejan que no encuentran gente buena para trabajar.Lo de cuidar de tus trabajadores para que ellos cuiden de tu empresa a algunos les cuesta entenderlo,hijos de puta vamos.Hiciste muy bien irte que les den por el culo. En fin,animo hermano seguro que encuentres algo mejor.


En mi caso puedo contarte de cuando trabajaba en una empresa 11 horas al dia y en pleno verano tenian el agua guardado bajo llave y si tomabas demasiada agua te taban un toque de atención a y nos hacian limpiar el suelo con el agua que dejaba el aire acondicionado que tenian ellos en la oficina.",1626766659.0,20,0
https://www.reddit.com/r/askspain/comments/onv28r/como_fue_vuestro_primer_trabajo_mi_primer_trabajo/,h5unbiw,"100% con lo que has dicho, yo iba con ilusión ns por k era mi primer trabajo y me dijieron en la ett que aguantara y no intentara quejarme, me siento pringaillo por no haber aguantao ni 1 dia pero bueno, salario mínimo esfuerzo mínimo",1626766820.0,7,1
https://www.reddit.com/r/askspain/comments/onv28r/como_fue_vuestro_primer_trabajo_mi_primer_trabajo/,h5uty4k,"&gt; me siento pringaillo por no haber aguantao ni 1 dia

Pringaillo es el que se mata por otro tío, apartar la mano cuando te cortas es una reacción que indica que tu sistema nervioso funciona como debería",1626772779.0,8,2
https://www.reddit.com/r/askspain/comments/onv28r/como_fue_vuestro_primer_trabajo_mi_primer_trabajo/,h5voxh8,"Vamos, que los de la ETT sabían perfectamente donde te llevaban y te han hecho creer que si no aguantas es tu culpa.

Denuncia a la empresa tio, esos hijos de puta no pueden seguir abiertos",1626792209.0,7,2
https://www.reddit.com/r/askspain/comments/onv28r/como_fue_vuestro_primer_trabajo_mi_primer_trabajo/,h5uv9dx,"No te plantees la denuncia, hazlo. No debemos permitir estas cosas, ya no solo por la explotación a la que nos someten, si no por las vidas con las que acaban. 

&amp;#x200B;

De verdad, denúncia.",1626773963.0,15,0
https://www.reddit.com/r/askspain/comments/onv28r/como_fue_vuestro_primer_trabajo_mi_primer_trabajo/,h5uowml,"Madre mía dinos qué empresa es, y denúnciala a la Inspección de Prevención de Riesgos Laborales. Son una empresa pirata.",1626768201.0,11,0
https://www.reddit.com/r/askspain/comments/onv28r/como_fue_vuestro_primer_trabajo_mi_primer_trabajo/,h5uuvzg,"En mi experiencia, gran parte de los trabajos como operario en este país están muy lejos de cumplir las leyes de Prevención de Riesgos Laborales.

A mi me han hecho subir a alturas de 3m sin arnés, y con posibilidad de caerme yo, y el objeto al que estaba subido. Se trabaja sin protecciones en muchos de ellos.
En las obras muchas veces no hay ni barandillas de protección. La gente que trabaja construyendo casas individuales muchas veces no utiliza arnés anti-caida (ni cuando están montando tejados). 

Yo he tenido que llevar mis propias botas de seguridad a muchos de ellos porque ""ya hemos hecho el pedido, pero aún no han llegado"", mucho menos ropa de trabajo, que te la dan pasada los seis meses, no vaya a ser que dejes el trabajo y te lleves la camiseta fea con el logo de la empresa.

En este país hay mucha prevención que aplicar aún, para ello se necesitan más inspecciones laborales. En el tiempo que yo he trabajado solo he visto una inspección.
Y aún así no consiguen ver todos los fallos porque desconocen el proceso productivo de la empresa.

Mi consejo es que si ves las cosas muy crudas, dejes el trabajo. Nadie debería arriesgar la vida por ganar un sueldo. El problema es que al haber gente dispuesta a todo por ese mismo sueldo, nunca se mejorarán las condiciones para los demás.

No tienes que salir sangrando de un trabajo para darte cuenta de que las cosas no se hacen bien.

PD: lo del dolor de pies es algo a lo que te acostumbras, irás viendo que no es lo peor que te encuentras.",1626773634.0,9,0
https://www.reddit.com/r/askspain/comments/onv28r/como_fue_vuestro_primer_trabajo_mi_primer_trabajo/,h5v1av2,"Joer tio lo tuyo si k es fuerte, buah t juro k lo de los pies era insoportable, les pedi un 43 y me dieron un 45 y me reventaba todo el pie xd",1626779076.0,6,1
https://www.reddit.com/r/askspain/comments/onv28r/como_fue_vuestro_primer_trabajo_mi_primer_trabajo/,h5vd5c9,"Y tuviste suerte que te las dieron grandes y no pequeñas jajajaja

Fuerza compañero, de todo se acaba saliendo",1626786599.0,3,2
https://www.reddit.com/r/askspain/comments/onv28r/como_fue_vuestro_primer_trabajo_mi_primer_trabajo/,h5uz6oy,"Tienes que tener buena paciencia, yo me hubiese ido a los 10 minutos con las condiciones que cuentas.

Yo en mi primer empleo estuve en soporte de internet/adsl. El sueldo muy justito, pero las condiciones bien.",1626777383.0,6,0
https://www.reddit.com/r/askspain/comments/onv28r/como_fue_vuestro_primer_trabajo_mi_primer_trabajo/,h5uenw2,"Yo trabajé en una fábrica española hace un par de años. Duré 2 horas (lo que duraba la ""introducción"" que en realidad era ponerte a trabajar de gratis a ver qué hacías) porque no me querían dar contrato.

Ahora soy programador y lider de tecnología para una empresa extranjera, tengo mi despachito privado de 30m2, aire acondicionado pal invierno, calefacción pal veranito, neverita y almuerzos pagados y aunque trabaje 10h/dia 6d/semana no lo cambiaría por nada.

Siempre podrás encontrar algo mejor. No desesperes.

Edit: Se que trabajar tanto no es legal en España. Sinceramente me da igual. El 40% de mi tiempo lo paso en internet o durmiendo a puerta cerrada porque he conseguido optimizar el sistema de mi predecesor hasta ese punto.",1626759721.0,15,0
https://www.reddit.com/r/askspain/comments/onv28r/como_fue_vuestro_primer_trabajo_mi_primer_trabajo/,h5ujsv6,Me encantan estas historias de éxito en las que uno consigue ganar horas de tiempo al optimizar el proceso de trabajo xD No se lo digas al jefe o te pondrá el doble de trabajo para optimizar!,1626763792.0,8,1
https://www.reddit.com/r/askspain/comments/onv28r/como_fue_vuestro_primer_trabajo_mi_primer_trabajo/,h5ukvbd,Nl hace falta que me lo digas 2 veces xD Mi boca es una tumba,1626764686.0,3,2
https://www.reddit.com/r/askspain/comments/onv28r/como_fue_vuestro_primer_trabajo_mi_primer_trabajo/,h5uobg9,"como que aire acondicionado pal invierno calefa pal verano. A ver, esto a mi me lo tienes que explicar a mi más en detalle, que creo que entonces lo he estado haciendo mal toda mi vía ;)",1626767691.0,7,1
https://www.reddit.com/r/askspain/comments/onv28r/como_fue_vuestro_primer_trabajo_mi_primer_trabajo/,h5usgo6,Fuego al fuego!,1626771427.0,4,2
https://www.reddit.com/r/askspain/comments/onv28r/como_fue_vuestro_primer_trabajo_mi_primer_trabajo/,h5ueteq," me alegro mucho por ti enhorabuena, dreaming teniendo despacho propio",1626759838.0,5,1
https://www.reddit.com/r/askspain/comments/onv28r/como_fue_vuestro_primer_trabajo_mi_primer_trabajo/,h5v1h73,60 horas semanales y feliz?  XD,1626779206.0,1,1
https://www.reddit.com/r/askspain/comments/onv28r/como_fue_vuestro_primer_trabajo_mi_primer_trabajo/,h5v3dw9,Dificilmente trabajo mas de 20 asi que sí. El resto del tiempo con estar atento al telefono me va bien.,1626780613.0,1,2
https://www.reddit.com/r/askspain/comments/onv28r/como_fue_vuestro_primer_trabajo_mi_primer_trabajo/,h5vzmyj,Pues te contradices o dejabas a medias la información por alguna razón que desconozco.,1626796727.0,0,3
https://www.reddit.com/r/askspain/comments/onv28r/como_fue_vuestro_primer_trabajo_mi_primer_trabajo/,h5vzwrf,Se ve que no sabes leer hasta el final de un comentario porque bien claro que lo pone en el Edit,1626796840.0,2,4
https://www.reddit.com/r/askspain/comments/onv28r/como_fue_vuestro_primer_trabajo_mi_primer_trabajo/,h5v602u,"Mi unica experiencia laboral han sido las prácticas del CFGS. Entré en el ayuntamiento de mi pueblo, que es chiquitito, y en el mes y medio que duraron actualicé una parte de la infraestructura informática, instalé nuevas medidas de seguridad, puse en marcha una web de pedir citas previas para los servicios del ayto (por lo del covid), moví uno de los servidores a otro edificio para tener copias de seguridad en caso de catástrofe, etc.

La verdad les caí bien a muchos de los que trabajaban ahí, y especialmente al informático le encantaba que estuviese allí porque soy bastante amañado, por lo que le sacaba bastante trabajo y encima implementabamos tecnologias nuevas/mejorabamos lo que estaba.

El tema es que es un organismo público, y a no ser que tuviese un enchufe importante o llevase 400 años apuntado en el SEPE, no me podían hacer un contrato. A los de arriba que podían hacer algo pa meterme no les importé mucho, y no me han contratado.

Lo peor es que llegó una subvención para modernizar las instalaciones, y aunque yo me presenté, por mi formación/años esperando/yoquesé no fui yo el que entré (eso lo lleva el SEPE de la CCAA, no el Ayto), y según me ha comentado el informático del ayto - con el que me llevo bien - el que han puesto nuevo lleva varios meses y es un incompetente total, no sabe ni hacer cosas básicas de informática. Así va España",1626782403.0,4,0
https://www.reddit.com/r/askspain/comments/onv28r/como_fue_vuestro_primer_trabajo_mi_primer_trabajo/,kv0axk3,"Hola, que tipos de programa usaste? Yo el día 9 empiezo también en el ayuntamiento entre por enchufe literal he de admitirlo porque la mitad de los concejales y una ex-alcaldesa me conocían, si yo vengo de un grado medio de SMR que tipo de tareas haré relacionadas con la seguridad informática?? El secretario de ahí me habló de servidores,contraseñas y antivirus pero no me lo detallo,de hecho estaré yo solo creo o con un compañero de clase. Ahí no hay informáticos en si. Es lo que me comentaron. Necesito algún consejo o lo que sea,tengo la sensación de que me mandaran hacer cosas que no me han enseñado en clase. Hable con una senadora que trabajaba ahí en ese ayuntamiento y me ha dicho que no esté nervioso y que esté tranquilo. 

De seguridad informática solo se hacer 2 o 3 cosas y ya está, tema de gestión de raids, auditar una red wifi y poco más relacionado con seguridad,poco se da de eso en un grado medio. Necesito algo de ayuda porque estaré ahí 3 meses y me comentaron que si lo hago bien me alargarán el contrato. Yo ya les avisé que no soy aquí Edward Snowden pero si hay algo que nose me empeñare en aprender,es lo que me dijo mi instructor de ahí que aquí se viene a aprender.",1710518501.0,1,1
https://www.reddit.com/r/askspain/comments/onv28r/como_fue_vuestro_primer_trabajo_mi_primer_trabajo/,h5wnygq,"Tío lo que te hicieron es una violacion total a las normas de seguridad y derechos del empleado. 

Yo de ti llamaría al inspector de trabajo para denunciar esos hechos ya de cabron por hacerte pasar eso ademas. 

PD: mi primer trabajo fue en una de las empresas de mi padre y trabajé en planta “para no recibir nada de gratis” y me dieron todos los guantes, botas, elementos  y guía para trabajar en la maquinaria. Que vamos, que esos mínimos son dictados por ley!",1626806881.0,4,0
https://www.reddit.com/r/askspain/comments/onv28r/como_fue_vuestro_primer_trabajo_mi_primer_trabajo/,h5urg4n,"Trabajé por primera vez con mi padre ayudándole en agricultura. Yo estoy haciendo carrera de música y mis primeros trabajos han sido colaboraciones con orquestas sinfónicas, conciertos y sustituciones como profesor.",1626770490.0,2,0
https://www.reddit.com/r/askspain/comments/onv28r/como_fue_vuestro_primer_trabajo_mi_primer_trabajo/,h5wbskk,"Hey ya he denunciado de forma telemática, gracias por el apoyo realmente no lo hubiera hecho sin vosotros porque en parte creía que era mi culpa y no podia hacer nada pero la culpa era suya y ahora les caera una inspección y al menos los que estan ahí estaran un poco mejor",1626801759.0,2,0
https://www.reddit.com/r/askspain/comments/onv28r/como_fue_vuestro_primer_trabajo_mi_primer_trabajo/,h5xg5uj,¡Has hecho bien! Así no has sufrido en vano. Suerte con tu segundo trabajo. Seguro que encontrarás algo mejor.,1626819028.0,1,1
https://www.reddit.com/r/askspain/comments/onv28r/como_fue_vuestro_primer_trabajo_mi_primer_trabajo/,h5wdl1f,"Mi primer trabajo fue de camarera en las fiestas de mi pueblo en plena plaza, entraba a las 10 am y salía a las 4-5 am. Lo mejor era la gente, el aprender como es estar detrás de la barra, a servir una buena caña, la primera fueron 1 cm de cerveza y 20 de espuma. Y con lo que saque pude pagar las tasas para mi diploma universitario.",1626802505.0,2,0
https://www.reddit.com/r/askspain/comments/onv28r/como_fue_vuestro_primer_trabajo_mi_primer_trabajo/,h5wf3gg,"Denuncia, esto no tiene sentido. Los epis, o la ropa de proteccion, te la tiene que dar la empresa. Al baño puedes ir las veces que sea necesario, faltaría más! Lo que hacían allá era pura explotación.",1626803145.0,2,0
https://www.reddit.com/r/askspain/comments/onv28r/como_fue_vuestro_primer_trabajo_mi_primer_trabajo/,h5v5rys,"Denunciales YA,
Es totalmente ilegal que el empleador no disponga de los medios adecuados de trabajo al empleado, te tienen que dar todo el equipamiento, uniforme, botas, guantes, casco(de ser necesario), etc...
Ademas, es obligatorio por ley media hora de descanso por cada 6 horas de trabajo y en jornada completa 1 hora de descanso minimo.
Lo de la mascarilla ya es un poco como lo quiera la empresa y los trabajadores, eso nada, pero todo lo demás, ilegal.
Aprovecha que aun tienes las heridas en los pies y denuncia que lo que te dieron, aparte de ser poco, es ineficiente, lo cual, mas ilegal aún.

Ve a la comisaria mas cercana y que te asesorem un poco durante la demuncia (o a un abogado, vale igual)",1626782254.0,1,0
https://www.reddit.com/r/askspain/comments/onv28r/como_fue_vuestro_primer_trabajo_mi_primer_trabajo/,h5vdsg3,Perdona? Eran 8h en total y solo 1 descanso de 15m,1626786946.0,2,1
https://www.reddit.com/r/askspain/comments/onv28r/como_fue_vuestro_primer_trabajo_mi_primer_trabajo/,h5wez3g,"No, ciertamente, fallo mio, quizas me acostumbre a tener jefes de puta madre, mis perdones.

Es, como bien dices, 8 horas de trabajo minimo 15 min de descanso.


Pero lo demas, eso no tengo duda alguna, ilegal.",1626803094.0,1,2
https://www.reddit.com/r/askspain/comments/onv28r/como_fue_vuestro_primer_trabajo_mi_primer_trabajo/,h5wvktk,Que fea experiencia. Yo no resido en España así que no puedo aportar mucho a la conversación.,1626810103.0,1,0
https://www.reddit.com/r/askspain/comments/onv28r/como_fue_vuestro_primer_trabajo_mi_primer_trabajo/,kv0d4mv,"Mi primer trabajo también fue así, 8 horas con la mascarilla y metiendo bollos en una caja y montando palets, el primer día fue duro,ya luego iba a acostumbrándome, de los mejores puestos que me pusieron fue limpiar y elaborar con otra persona la masa. Lo peor para mí fue cuando tenía que estar cerca de un horno y vigilar que la máquina que coge los panes de hamburguesa lo haga bien y no caigan sobre el resto ya que ahí es cuando se lía y tienen que paralizar la línea y ir recogiendo todo el pan mientras los técnicos la reparan la máquina. Dure 322 horas y me salí por mi propia voluntad,les dije que me iba de vacaciones y que después estudiaría y ya está para que no se lo tomarán a malas.

Después me llamaban o me escribían por Wasap si quería ir algún día o finde y ahí acepte hasta que cambiaron de idea y quisieron a que fuera todos los días y era imposible ya que también tenía que ir a clase que el instituto estaba a 30km de donde vivo. Nada a partir de ahí no me volvieron a llamar jajajajaja. 

Lo de las botas también me pasó,las que te suelen dar gratis me destrozaron el pie a los pocos días pero luego las cambie por unas que tenía en casa de electromecánico. Tengo amigos que también entraron en aquellas conmigo a trabajar ahí y aún siguen trabajando 2 años ya,lo bueno que trabajas 2 semanas bien y luego les dices que no puedes ir un tal día y ese día te lo coges libre.

En resumen: el trabajo de ahí es pesado y aburrido  pero pagaban bastante bien. Trabajaba 2 semanas de lunes a viernes y el resto del mes igual me llamaban 3 días y tranquilamente cobraba 1400€

Por lo menos aquí si que dejan ir al baño siempre que venga uno a sustituirte un rato. Recuerdo que las 8 horas que estaba iba 2 veces al baño y 1 a comer,llege a decir que no fui al baño cuando en verdad si fui para descansar un rató hasta que me pillaron y me echaron una pequeña bronca pero nada más. Eso sí la protección me la daban siempre,si me cortaba con un cartón enseguida iban corriendo a por tiritas y guantes,y cuando me tocaba limpiar con manguera las cuchillas de las máquinas siempre me daban guantes de metal típicos que usan los carniceros.",1710519250.0,1,0
https://www.reddit.com/r/askspain/comments/onv28r/como_fue_vuestro_primer_trabajo_mi_primer_trabajo/,h5uq9c0,"No se si soy muy 3rmundista, pero esto suena a quejas dramatizadas, ¿botas que te hacen sangrar solo por 5h parado? ¿Cortés en los dedos, tienes problemas automotores, o simplemente hiciste todo de tan mala gana que te cortaste por descuidado?
 No se, es un trabajo de fábrica aburrido y repetitivo (algo que nadie quiere, pero si es lo que hay, es lo que hay)

Esta bien si dejaste el trabajo y no es lo tuyo. Yo no podría trabajar en una, la monotonía me volvería loco.",1626769405.0,-9,0
https://www.reddit.com/r/askspain/comments/onv28r/como_fue_vuestro_primer_trabajo_mi_primer_trabajo/,h5uwh4f,"He trabajado clasificando cajas de fruta en palets alguna temporada. Solamente llevándolas de la máquina que separa las frutas por calibres a la cámara frigorífica.

De coger las cajas varias horas al día las manos acaban llenas de cortecitos por los bordes afilados del cartón, que poco a poco va haciendo mella. Me imagino que el desgaste de la piel será mucho mayor siendo quien monta esas cajas.",1626775052.0,3,1
https://www.reddit.com/r/askspain/comments/onv28r/como_fue_vuestro_primer_trabajo_mi_primer_trabajo/,h5v0u5b,Bueno casi me da un yuyu y me desmayo en medio de la fábrica y lo único que hicieron es echarme no era cuestión de ai que malo todo,1626778721.0,2,1
https://www.reddit.com/r/askspain/comments/onv28r/como_fue_vuestro_primer_trabajo_mi_primer_trabajo/,h5v1myy,"Ignora al macaco este. Yo estuve en Carrefour despaletizando y abriendo cajas en almacén y me dieron cutter, guantes, botas, chaleco de seguridad... Y es lo mínimo. 

El día que se me olvidaron los guantes llegue con los dedos en carne viva, culpa mía.",1626779329.0,3,2
https://www.reddit.com/r/askspain/comments/onv28r/como_fue_vuestro_primer_trabajo_mi_primer_trabajo/,h5v1m88,"Francamente, me suena a que ha exagerado si no inventado por dramatizar. Te están negativizando, pero me suena todo a drama.",1626779312.0,1,1
https://www.reddit.com/r/askspain/comments/onv28r/como_fue_vuestro_primer_trabajo_mi_primer_trabajo/,h5v4bic,"Bueno era de esperarse, yo se a que publico le hablo y este publico cree que todos los empresarios son malos y que los empleados no pueden hacer mal. No quiero generalizar porque es de mal gusto, pero es lo que observado. 

No me interesa ir por ningún lado de la balanza solo ser odjetivo en mi observación.",1626781261.0,0,1
https://www.reddit.com/r/askspain/comments/onv28r/como_fue_vuestro_primer_trabajo_mi_primer_trabajo/,h5v572i,"Lo de las cajas es cierto que sin guantes es un marronazo, quién más quien menos se ha cortado alguna vez con una caja de cartón y sabemos lo fácil que es y lo que jode, como para estar 8h al día sin guantes haciendo cajas.

Dicho esto, tb dice por ahí en un comentario que pidió un 43 de botas y le dieron un 45 y le sangraban los pies. ¿Como? O sea si estuviera haciendo una maratón podría llegar a entenderlo pero estando de pie estático haciendo cajas en una línea con una bota que le viene ancha, y le hace sangre??? Ahí hay algo que se me escapa :/

Así que a mí tb me parece que está exagerando un poco, pese a que me creo perfectamente que haya estado en una fábrica de mierda esclavista, hay muchas así, y más si fué a través de una ETT.",1626781863.0,1,1
https://www.reddit.com/r/askspain/comments/onv28r/como_fue_vuestro_primer_trabajo_mi_primer_trabajo/,h5v7arv,"Ha sido un montaje. Es un servicio que muchos padres contratan para que sus hijos reaccionen, estudien, saquen sobres y hagan una carrera que les lleve a un trabajo bien pagado. Es caro, pero te garantizan que el 90% acaba estudiando una STEM.",1626783241.0,1,0
https://www.reddit.com/r/askspain/comments/onv28r/como_fue_vuestro_primer_trabajo_mi_primer_trabajo/,h5v7hib,"Chaval, he trabajado en 5 trabajos distintos en más de 8 empresas y te entiendo perfectamente. Llegas nuevo, piensas que hay que aguantar y te da miedo decir algo, pero de lo poco que he aprendido en estos años es que no hay que tragar NI UNA. Denuncia, anima a denunciar y mucha suerte encontrando algo mejor. Y por supuesto, no te sientas ni un poco mal por “haber durado 5h”. Esto es solo culpa de una empresa de explotadores.",1626783358.0,1,0
https://www.reddit.com/r/askspain/comments/onv28r/como_fue_vuestro_primer_trabajo_mi_primer_trabajo/,h5v8q13,Has firmado contrato?,1626784111.0,1,0
https://www.reddit.com/r/askspain/comments/onv28r/como_fue_vuestro_primer_trabajo_mi_primer_trabajo/,h5w9f1t,"12 horas diarias de pie fregando platos y cazuelas a mano en un restaurante. Lo de 12 horas es flexible, porque ya sabemos lo mucho que se respetan los horarios en hostelería y lo mucho que le importa a la gente entrar a la hora de cerrar cuando ya se está recogiendo la cocina. 

El trabajo era una mierda y estaba sin contrato pero sirvió para pagarme la universidad y varios cursos de idiomas. Además de ser una entrada por todo lo alto en la jungla laboral.

Aguanté 5 años (los años de la uni)  y después de eso estuve AÑOS comiendo mierdas porque me negaba a cocinar nada de lo asqueada que estaba de entrar en una cocina.",1626800772.0,1,0
https://www.reddit.com/r/askspain/comments/onv28r/como_fue_vuestro_primer_trabajo_mi_primer_trabajo/,h5wdjq6,"Mi primera experiencia de empleo en España fue para una ONG captando socios. 5h al día (con unos 20 o 15min de descanso si mal no recuerdo). Todo el rato de pie parando a la gente por la calle para soltarles un discurso aprendido. Había que hacer mínimo un socio al día en los primeros 5 o te echaban (creo que después se reducía a un socio cada dos o tres días). Lo dejé a la semana porque me sentía una auténtica mierda haciendo eso.

De todas formas tu caso es muchísimo peor, merecen una buena denuncia y haces bien en dejarlo, nadie debería tolerar una situación así, triste pensar que hay gente en situaciones tan desesperadas que tratarían de mantenerse en el puesto a pesar de estar poniendo en peligro su salud.",1626802490.0,1,0
https://www.reddit.com/r/askspain/comments/onv28r/como_fue_vuestro_primer_trabajo_mi_primer_trabajo/,h5wm9p4,"Hostia tio, yo llevo currando en el sector del metal desde los 16 y eso esta todo mal.

Las epis (uniforme, guantes anticorte, botas de punta reforzada, casco, gafas y todo lo que requiera ese puesto) te las tienen que dar. Si estas en linea de produccion entiendo que no puedas parar pero deberia haber descansos designados cada X tiempo, no me acuerdo de las horas fijas asi de cabeza. Ah  y la mascarilla bueno, las naves son espaciosas y en general muy bien ventiladas, asi que si la distancias se respetan y en el comedor/vestuario se respetan turnos creo que ok.

Eso si, vas a acabar cansado, te saldran callos en las manos y hasta que pilles destreza te cortarás aun con guantes. Las botas y todo cerciorate que son de tu talla, al menos a mi nunca me dieron molestia pero a saber.

En caso de duda, convenio colectivo, sindicato y a llamar a inspeccion de trabajo

Mi primera experiencia fue una mierda, embalando piezas en cajas todo el dia xD",1626806162.0,1,0
https://www.reddit.com/r/askspain/comments/onv28r/como_fue_vuestro_primer_trabajo_mi_primer_trabajo/,h5x3hre,Denúncia a esos hijos de puta. Seguro que encontrarás algo mucho mejor y pronto,1626813444.0,1,0
https://www.reddit.com/r/askspain/comments/onv28r/como_fue_vuestro_primer_trabajo_mi_primer_trabajo/,h5xliyz,Por curiosidad ¿nombre y lugar de la fábrica?,1626821525.0,1,0
https://www.reddit.com/r/askspain/comments/onv28r/como_fue_vuestro_primer_trabajo_mi_primer_trabajo/,h66c9gf,"Realmente no, tuviste muy mala suerte. Las fábricas en España suelen tener un sindicato que protege muy bien a los trabajadores, los sueldos están por encima de la media y están obligados a facilitar material de protección. 

Es un trabajo duro y no lo recomiendo más de 1 o 2 años porque te deja lesiones a largo plazo.",1626989580.0,1,0
https://www.reddit.com/r/askspain/comments/onv28r/como_fue_vuestro_primer_trabajo_mi_primer_trabajo/,h6d3cag,Esto es lo que te da la izquierda,1627133350.0,1,0
https://www.reddit.com/r/askspain/comments/onv28r/como_fue_vuestro_primer_trabajo_mi_primer_trabajo/,h7xj1hq,"Él mio fue burger king una mierda y muy esclavo salia a las 3am y entraba a las 10 am y te pedían un ritmo de trabajo frenético para poder cumplir todos los pedidos en menos de 5 minutos si no lo hacías todo a velocidades vertiginosas te echaban.

Creo que muy poca gente tiene la suerte de tener un buen trabajo a la primera.

Saludos y suerte con todo!!",1628255417.0,1,0
https://www.reddit.com/r/askspain/comments/1py8o4i/consejos_para_repulsión_a_la_analítica_de_sangre/,nwgwbtq,"A mi me pasa que me marea que me saquen sangre, no me importa ver la sangre de los demás o que me pongan vacunas... Me va bastante bien tratar de pensar en otras cosas (como tratar de hacer cuentas matemáticas, tratar de tener la mente muy ocupada) y al salir, yo ya estoy bien, no me pasa como a ti, en eso si que no sé cómo ayudarte... Te recomendaría, quizás, que lo hablaras alguna vez con un/a psicologo/a, que quizás te puedan ayudar para ver a que se debe este asco y seguro que te puedan dar algun consejo útil... Muchos ánimos! :) ",1766972435.0,4,0
https://www.reddit.com/r/askspain/comments/1py8o4i/consejos_para_repulsión_a_la_analítica_de_sangre/,nwh5sxv,"Creo que lo mejor es que vayas a un psicólogo que te pueda aconsejar mejor, a mí antes me daban miedo las agujas, pero era un caso distinto al tuyo, así que no sabría cómo ayudarte. Pero espero que encuentres una solución y te encuentres mejor!",1766975704.0,3,0
https://www.reddit.com/r/askspain/comments/1py8o4i/consejos_para_repulsión_a_la_analítica_de_sangre/,nwhdzzm,"Deberías hacer algunas cuantas sesiones con un psicólogo para que te ayude a controlar tu miedo. Tal vez también puedas intentar practicar mindfulness con vídeos de Youtube. Y esto te parecerá una tontería, pero hay estudios que dicen que jugar al Tetris después de un evento traumático previene los flashbacks intrusivos del mismo...Por probar no se pierde nada! Quizá te ayude en el viaje de vuelta.",1766978571.0,3,0
https://www.reddit.com/r/askspain/comments/1py8o4i/consejos_para_repulsión_a_la_analítica_de_sangre/,nwikv24,"Te doy dos consejos: 

El primero es que cuando entres le digas a la enfermera que a veces te desmayas cuando sacas sangre. Normalmente te tumban en una camilla y te sacan sangre tumbado, y luego te dejan unos minutillos hasta que te recosmpones.

Otro consejo es que antes de salir de casa pongas calor sobre la vena unos minutos, con un paño húmedo o un saquito de semillas si tienes. De esa manera la vena se dilata y la van a encontrar más fácil y más rápido.

No te agobies, que por muy desangradable que sea, al final solo son unos segundos.",1766998151.0,3,0
https://www.reddit.com/r/askspain/comments/1py8o4i/consejos_para_repulsión_a_la_analítica_de_sangre/,nwj2akv,"Yo me mareo cuando me sacan sangre así que les aviso antes y me tumbo en una camilla durante el proceso... igual les puedes comentar tu situación y que te dejen quedarte allí por un rato después de haber sacado la sangre hasta que te sientas mejor (quizá tener a mano algún snack o algo para picar después te ayuda a pensar en otra cosa?). También ve con tu madre o una amiga o amigo cercano con el que te sientas segura, no te preocupes por la edad o lo que vayan a pensar los demás, a la gente de la clínica no les va a importar mucho y no serás ni la primera ni la última persona que tiene algún problema con este proceso.


 Como comentan por aquí la idea de ir a un psicólogo y que te ayude con el problema sin duda que es lo mejor.",1767007808.0,2,0
https://www.reddit.com/r/Madrid/comments/1lxy4cr/la_comunidad_de_madrid_recuerda_la_necesidad_de/,n2ri680,"Aprovecho este post para mencionar que España se encuentra rozando mínimos históricos de donaciones sanguíneas, solamente siendo menores las obtenidas durante el confinamiento por la pandemia de la Covid-19.

Así que todos los que lean este mensaje, sean de la Comunidad de Madrid o de cualquier otra, porfa porfa porfa considerad haceros donantes de sangre, que es un recurso fundamental y cada vez más escaso.",1752342927.0,16,0
https://www.reddit.com/r/Madrid/comments/1lxy4cr/la_comunidad_de_madrid_recuerda_la_necesidad_de/,n2u3bml,I tried to donate but the doctor turned me away because I was speaking English. He said that I need to be fluent in Spanish or can understand the language to be able to donate. The thing was I already donated in there before and I even showed him my donor card. He still declined.,1752375098.0,3,0
https://www.reddit.com/r/Madrid/comments/1lxy4cr/la_comunidad_de_madrid_recuerda_la_necesidad_de/,n2vj8hp,That's a shame.,1752402049.0,1,1
https://www.reddit.com/r/Madrid/comments/1lxy4cr/la_comunidad_de_madrid_recuerda_la_necesidad_de/,n312dcz,"Ya pasé el periodo de cuatro meses después de un tatuaje y ya he hecho la segunda donación del año, ahora en septiembre la próxima.",1752472060.0,2,0
https://www.reddit.com/r/Madrid/comments/1lxy4cr/la_comunidad_de_madrid_recuerda_la_necesidad_de/,n2rz7oa,[removed],1752348338.0,1,0
https://www.reddit.com/r/Madrid/comments/1lxy4cr/la_comunidad_de_madrid_recuerda_la_necesidad_de/,n2rzotd,"**English:**
Posts must be directly related to the subreddit’s main topic and purpose. Off-topic content, including unrelated discussions, personal stories that don’t connect to the community theme, or content that belongs in other subreddits will be removed. Before posting, ask yourself: “Does this clearly relate to what this community is about?”

**Spanish:**
Las publicaciones deben estar directamente relacionadas con el tema principal y propósito del subreddit. El contenido fuera de tema, incluyendo discusiones no relacionadas, historias personales que no se conecten con la temática de la comunidad, o contenido que pertenezca a otros subreddits será eliminado. Antes de publicar, pregúntate: “¿Esto se relaciona claramente con lo que trata esta comunidad?“​​​​​​​​​​​​​​​​",1752348493.0,0,1
https://www.reddit.com/r/Madrid/comments/1lxy4cr/la_comunidad_de_madrid_recuerda_la_necesidad_de/,n2y6fmy,Me toca ya este mes antes de las vacaciones,1752434776.0,1,0
https://www.reddit.com/r/Madrid/comments/1lxy4cr/la_comunidad_de_madrid_recuerda_la_necesidad_de/,n2r4nt6,[removed],1752338852.0,1,0
https://www.reddit.com/r/Madrid/comments/1lxy4cr/la_comunidad_de_madrid_recuerda_la_necesidad_de/,n2r6ela,"**English:**
Posts must be directly related to the subreddit’s main topic and purpose. Off-topic content, including unrelated discussions, personal stories that don’t connect to the community theme, or content that belongs in other subreddits will be removed. Before posting, ask yourself: “Does this clearly relate to what this community is about?”

**Spanish:**
Las publicaciones deben estar directamente relacionadas con el tema principal y propósito del subreddit. El contenido fuera de tema, incluyendo discusiones no relacionadas, historias personales que no se conecten con la temática de la comunidad, o contenido que pertenezca a otros subreddits será eliminado. Antes de publicar, pregúntate: “¿Esto se relaciona claramente con lo que trata esta comunidad?“​​​​​​​​​​​​​​​​",1752339383.0,1,1
https://www.reddit.com/r/Madrid/comments/16ff4nj/donde_donar_sangre/,k02wbyj,"Da un vistazo :

https://www.comunidad.madrid/servicios/salud/donacion-sangre",1694416159.0,3,0
https://www.reddit.com/r/Madrid/comments/16ff4nj/donde_donar_sangre/,k02x6ii,[deleted],1694416832.0,3,0
https://www.reddit.com/r/Madrid/comments/16ff4nj/donde_donar_sangre/,k0356pi,"Pues ya podrían hacer uso de ella en la propia app, que no tengas que ir a un buscador y escribir esas “exotéricas” cosas.

Es más fácil en google escribir lo que buscas y añadir a la cadena de búsqueda “reddit”",1694423173.0,3,1
https://www.reddit.com/r/Madrid/comments/16ff4nj/donde_donar_sangre/,k02uu2k,"Buenos días,   
Creo que lo que indicas es un mito.   
Sin embargo si lo deseas todos los grandes hospitales tienen un lugar donde donar sangre, que termina directamente una vez procesado en el banco de sangre.  
Tienes mucha información en el centro de transfusión.  
[https://www.comunidad.madrid/hospital/centrodetransfusion/](https://www.comunidad.madrid/hospital/centrodetransfusion/)",1694415029.0,2,0
https://www.reddit.com/r/Madrid/comments/16ff4nj/donde_donar_sangre/,k02x1xa,"No es un mito... Como explican en su web, ""en sanidad nada es gratis"" (sic). El convenio actual fija que el importe de cada bolsa de sangre que obtiene Cruz Roja sea de 69,75€ en 2021-2025. Ese coste corresponde en un 80% a los costes de personal cualificado y el 20% restante a costes de suministros y material sanitario.

https://www.donarsangre.org/notainformativaconvenio/#:~:text=El%20convenio%20actual%20fija%20que,de%20suministros%20y%20material%20sanitario.",1694416733.0,5,1
https://www.reddit.com/r/Madrid/comments/16ff4nj/donde_donar_sangre/,k03osnm,gracias,1694435691.0,1,2
https://www.reddit.com/r/Madrid/comments/16ff4nj/donde_donar_sangre/,k02v04y,"Añado, si aún tienes dudas. Seguro que están encantados de resolverlas:  
 Teléfono: 91 3017249 Correo electrónico:  [**atencion.donante@salud.madrid.org**](mailto:atencion.donante@salud.madrid.org)",1694415156.0,2,1
https://www.reddit.com/r/Madrid/comments/16ff4nj/donde_donar_sangre/,k03ch8y,Hospitales grandes con banco de sangre como La Paz y Ramón y Cajal.,1694428610.0,1,0
https://www.reddit.com/r/Madrid/comments/16ff4nj/donde_donar_sangre/,k05elbd,los hospitales no tienen dias de donacion ?,1694459239.0,1,0
https://www.reddit.com/r/Madrid/comments/16ff4nj/donde_donar_sangre/,k05h3yr,Sí pero cerca de casa no hay ningún hospital grande. Antes doné en un puesto de la cruz roja pero no lo quiero repetir,1694460136.0,1,1
https://www.reddit.com/r/Madrid/comments/16ff4nj/donde_donar_sangre/,k0899m2,"Buenos días, 

en Vl barrio de Valdebernardo tienes un centro de transfusión de sangre, Espero haberte ayudado. Un saludo",1694505470.0,1,0
https://www.reddit.com/r/Madrid/comments/101gm49/como_donar_sangre_en_madrid/,j2negux,"https://www.comunidad.madrid/servicios/salud/donacion-sangre

Mira bien la parte de puntos móviles.",1672678880.0,4,0
https://www.reddit.com/r/Madrid/comments/101gm49/como_donar_sangre_en_madrid/,j2nommd,"También está la opción de donar a la Cruz Roja

https://www.donarsangre.org/donde-donar/",1672682814.0,1,1
https://www.reddit.com/r/Madrid/comments/101gm49/como_donar_sangre_en_madrid/,j2o80og,"Si vas a donar sangre dónala en hospitales, no a la cruz roja. La cruz roja ""vende"" esa sangre que donas a la comunidad por ~80 pavos la bolsa. No es una venta directa, pero básicamente se les paga para hacer extracciones fuera de hospitales y luego la llevan a los hospitales",1672690216.0,1,2
https://www.reddit.com/r/Madrid/comments/101gm49/como_donar_sangre_en_madrid/,j2o96ws,Sin problema. He donado en la Cruz Roja toda la vida.,1672690676.0,1,3
https://www.reddit.com/r/Madrid/comments/101gm49/como_donar_sangre_en_madrid/,j2qsqw9,[removed],1672732222.0,1,3
https://www.reddit.com/r/Madrid/comments/101gm49/como_donar_sangre_en_madrid/,j2qtzhj,"Lo acordado es que se les paga el material, el personal y el servicio de extracción en remoto por así decir. No es tan horrible como ""tengo tanta sangre, cuánto me pagas?"" como si fuera un mercado, por eso puse ""vende"" y explique de donde sale el precio. Pero al fin y al cabo, es un pago que se hace para que la sangre donada llegue al mismo sitio. Si donas directamente en el hospital ahorras a la comunidad 70 euros. Para lugares donde no hay acceso rápido a hospitales, es un servicio decente ya que estarían obligados a desplazamientos. Pero si tienes relativo fácil acceso a un hospital, mejor hacerlo ahí que en la cruz roja",1672733169.0,2,4
https://www.reddit.com/r/Madrid/comments/101gm49/como_donar_sangre_en_madrid/,j2qxg8c,"&gt;  Si donas directamente en el hospital ahorras a la comunidad 70 euros. 

Como si el hospital no tuviera que cubrir casi los mismos costes. La gran diferencia es básicamente el bus. Puede que les ahorres 5 o 10 de diferencia. Y con la diferencia de sueldos entre sanidad y la cruz roja puede que no sea ahorro de ningún tipo.

Tienes que saber cuánto les cuesta en el hospital para hacer la comparativa bien.",1672735909.0,3,5
https://www.reddit.com/r/Madrid/comments/101gm49/como_donar_sangre_en_madrid/,j2onlok,Donar plasma no es difícil tampoco y se puede hacer cada mes. El único inconveniente es que hay que ir al centro de transfusiones de la CAM en Vicálvaro,1672696294.0,1,0
https://www.reddit.com/r/Madrid/comments/1pmblgw/campaña_de_navidad_para_la_donación_de_sangre/,nu0cogr,"Os animo a donar sangre. Lo hice hace poco tiempo, y no puedo donar este mes, 0ero en enero volveré a donar. También os animo a registrarse como donante de médula. Ayudemos a nuestra comunidad!",1765733370.0,6,0
https://www.reddit.com/r/Madrid/comments/1pmblgw/campaña_de_navidad_para_la_donación_de_sangre/,nu0z22f,"Muy bien! Lo mismo digo, siempre velar por el prójimo aunque sea con poquito",1765739820.0,3,1
https://www.reddit.com/r/Madrid/comments/1pmblgw/campaña_de_navidad_para_la_donación_de_sangre/,nuf5b3x,sangre de vacunados?,1765927541.0,1,0
https://www.reddit.com/r/Madrid/comments/1pmblgw/campaña_de_navidad_para_la_donación_de_sangre/,nuapu6f,"Antemano

Si, la cruz roja cobra 70 pavos por bolsa de sangre que dan, pero eso es por cubrir costes. Basicamnete se les paga los costes de recogida, manipulacion y transporte de la sangre (entiendes que no es exactamente un kebab que lo puede llevar por ahi un glovo...). 

Es mas para que la gente no venga por eso de ""la cruz roja cobra por la sagre"", la cruz roja hace muchas cosas que son una mierda, pero esto no es una de ellas. 

https://maldita.es/malditobulo/20251028/vender-donaciones-sangre-cruz-roja/",1765869755.0,1,0
https://www.reddit.com/r/Madrid/comments/1pmblgw/campaña_de_navidad_para_la_donación_de_sangre/,nudu3sz,"Pues para ti, yo seguiré donando en los hospitales públicos y 70€ que se ahorra en donaciones (estás mal informado, son 70€, más  el material médico).",1765912958.0,1,1
https://www.reddit.com/r/Madrid/comments/1pmblgw/campaña_de_navidad_para_la_donación_de_sangre/,ntzk4oh,Que paguen 50-100€ ya verás como hacían record de donaciones,1765724565.0,-5,0
https://www.reddit.com/r/Madrid/comments/1pmblgw/campaña_de_navidad_para_la_donación_de_sangre/,nu1v01t,Entonces no serían donaciones sino compra-venta de sangre,1765749214.0,9,1
https://www.reddit.com/r/Madrid/comments/1pmblgw/campaña_de_navidad_para_la_donación_de_sangre/,nu4gejy,"en eso la cruz roja es experta, lo q pasa q a ti t dan in bocata y ellos la venden por vaya usted a saber cuanto",1765785721.0,1,2
https://www.reddit.com/r/Madrid/comments/1pmblgw/campaña_de_navidad_para_la_donación_de_sangre/,nu6tetj,"Hace años era 60 napos la bolsa, que se dice deprisa. No sé si ahora habrán subido precios. Por eso hay que donar en centros de salud y camiones médicos de la comunidad donde uno vive, NUNCA en Cruz Roja.",1765820131.0,2,3
https://www.reddit.com/r/Madrid/comments/1pmblgw/campaña_de_navidad_para_la_donación_de_sangre/,nuduau6,"Era eso más el material medico, que en la comunidad de Madrid salía de hospitales públicos.",1765913014.0,1,4
