post_permalink,comment_id,body,clean_text,score,depth
https://www.reddit.com/r/spain/comments/zmkypt/acudid_a_donar_sangre_quien_pueda_hace_falta/,j0bu7si,"No soy español pero vivo aqui desde hace 3 años y desde entonces acudo cada 4 o 5 meses para donar. Es algo que hacia ya en mi pais de origen y que queria seguir aqui tambien. De hecho, queria ir de nuevo para mi cuarta donacion este año hace 2 semanas pero tuve un resfrio y todavia no estoy recuperado pero en cuanto este (y me imagino que no deberia tardar mucho ya) a 100%, volveré para ""completar"" el año. Es una cosilla pequeñita que puedo hacer para ayudar a los demas y me parece un acto muy importante de solidaridad. Si, es verdad que no te dan muchas ventajas aqui en España siendo donante (en mi pais de origen te dan el dia libre, 2 tickets restaurant (eso serian unos 12 euros) y 50% descuento a la hora de comprarte una tarjeta de transporte - y aun asi la gente no va para donar) pero al final no lo hago para que me den estas cositas, sino porque es muy sencillo y ademas despues me siento mejor conmigo mismo :) Asi que gente, a donar!",no soy español pero vivo aqui desde hace años y desde entonces acudo cada o meses para donar es algo que hacia ya en mi pais de origen y que queria seguir aqui tambien de hecho queria ir de nuevo para mi cuarta donacion este año hace semanas pero tuve un resfrio y todavia no estoy recuperado pero en cuanto este y me imagino que no deberia tardar mucho ya a volveré para completar el año es una cosilla pequeñita que puedo hacer para ayudar a los demas y me parece un acto muy importante de solidaridad si es verdad que no te dan muchas ventajas aqui en españa siendo donante en mi pais de origen te dan el dia libre tickets restaurant eso serian unos euros y descuento a la hora de comprarte una tarjeta de transporte y aun asi la gente no va para donar pero al final no lo hago para que me den estas cositas sino porque es muy sencillo y ademas despues me siento mejor conmigo mismo asi que gente a donar,82,0
https://www.reddit.com/r/spain/comments/zmkypt/acudid_a_donar_sangre_quien_pueda_hace_falta/,j0fswe9,Donde acudo yo (Valencia) te dan un zumito/una botella de agua y frutos secos o rosquilletas. A veces te dan un boli o algo asi :) Parece que es diferente en cada comunidad autonoma,donde acudo yo valencia te dan un zumitouna botella de agua y frutos secos o rosquilletas a veces te dan un boli o algo asi parece que es diferente en cada comunidad autonoma,1,3
https://www.reddit.com/r/spain/comments/zmkypt/acudid_a_donar_sangre_quien_pueda_hace_falta/,j0gcqei,"Oye a mi me gustan los bollos! Yo personalmente no puedo donar porque tube cáncer de sangre, pero de las 14 ciudades en las que he vivido la bollería de Málaga de las mejores.",oye a mi me gustan los bollos yo personalmente no puedo donar porque tube cáncer de sangre pero de las ciudades en las que he vivido la bollería de málaga de las mejores,1,3
https://www.reddit.com/r/spain/comments/zmkypt/acudid_a_donar_sangre_quien_pueda_hace_falta/,j0egslp,No va un poco contra el espíritu de donar algo que lo estés diciendo todo el dia,no va un poco contra el espíritu de donar algo que lo estés diciendo todo el dia,-12,1
https://www.reddit.com/r/spain/comments/zmkypt/acudid_a_donar_sangre_quien_pueda_hace_falta/,j0f2nyk,"Cómo llegas a esa conclusión?

Yo creo que es al contrario. Alguien dona sangre porque lo ve como algo necesario. Como cree que está haciendo una buena acción, se enorgullece y presume de ello, además, también trata de persuadir a los demás para que sigan con su ejemplo.

No hay nada que se contradiga en esa situación. 

Otro gallo cantaría si fuese como por ejemplo los youtubers que se graban donando dinero a sintechos por la calle. Ahí ellos están ganando muchísimo más de lo que le están dando a esa persona, además de ganar fama de buena persona en las redes, están sacando un rédito económico de esa acción por todas partes.

Pero un random en Reddit que dice que dona sangre... Al siguiente post que lo leas poner algo no vas a acordarte de que era él, no está ganando ni buena ni mala fama porque no es un personaje público. No hay nada reprochable aquí.

Además dices que ""lo estés diciendo todo el día"" porque ha puesto UN COMENTARIO sobre ello... Tampoco sé de dónde sacas que está todo el día hablando de lo mismo.",cómo llegas a esa conclusión yo creo que es al contrario alguien dona sangre porque lo ve como algo necesario como cree que está haciendo una buena acción se enorgullece y presume de ello además también trata de persuadir a los demás para que sigan con su ejemplo no hay nada que se contradiga en esa situación otro gallo cantaría si fuese como por ejemplo los youtubers que se graban donando dinero a sintechos por la calle ahí ellos están ganando muchísimo más de lo que le están dando a esa persona además de ganar fama de buena persona en las redes están sacando un rédito económico de esa acción por todas partes pero un random en reddit que dice que dona sangre al siguiente post que lo leas poner algo no vas a acordarte de que era él no está ganando ni buena ni mala fama porque no es un personaje público no hay nada reprochable aquí además dices que lo estés diciendo todo el día porque ha puesto un comentario sobre ello tampoco sé de dónde sacas que está todo el día hablando de lo mismo,13,2
https://www.reddit.com/r/spain/comments/zmkypt/acudid_a_donar_sangre_quien_pueda_hace_falta/,j0ep3cl,"Si donas sangre periodicamente como si quieres llevar una bandera, mientras haya gente q no tenga problemas por falta de sangre dpm",si donas sangre periodicamente como si quieres llevar una bandera mientras haya gente q no tenga problemas por falta de sangre dpm,9,2
https://www.reddit.com/r/spain/comments/zmkypt/acudid_a_donar_sangre_quien_pueda_hace_falta/,j0bxmci,Antes de que no me dejaran donar por gordo me gustaba ir periódicamente. Mi meta actual es adelgazar lo suficiente para que me dejen de nuevo,antes de que no me dejaran donar por gordo me gustaba ir periódicamente mi meta actual es adelgazar lo suficiente para que me dejen de nuevo,14,1
https://www.reddit.com/r/spain/comments/zmkypt/acudid_a_donar_sangre_quien_pueda_hace_falta/,j0gcwnq,"Debería de ser al revés, donar sangre es lo que más calorías gasta. No le dejarán ahora porque los niveles de grasas en la sangre son demasiado altos.",debería de ser al revés donar sangre es lo que más calorías gasta no le dejarán ahora porque los niveles de grasas en la sangre son demasiado altos,1,3
https://www.reddit.com/r/spain/comments/zmkypt/acudid_a_donar_sangre_quien_pueda_hace_falta/,j0boxfj,"Creo que lo del bocata ya no se hace, mi padre suele donar siempre y diria que es algo que ya no esta.",creo que lo del bocata ya no se hace mi padre suele donar siempre y diria que es algo que ya no esta,22,1
https://www.reddit.com/r/spain/comments/zmkypt/acudid_a_donar_sangre_quien_pueda_hace_falta/,j0c021r,"Sera eso, o incluso cambiará de centro a centro, a mi me dieron hace cosa de un mes, aunque esta vez eran sándwiches guarrillos del mercadona como comenta alguien mas abajo, espero que haya sido cosa de un dia",sera eso o incluso cambiará de centro a centro a mi me dieron hace cosa de un mes aunque esta vez eran sándwiches guarrillos del mercadona como comenta alguien mas abajo espero que haya sido cosa de un dia,8,4
https://www.reddit.com/r/spain/comments/zmkypt/acudid_a_donar_sangre_quien_pueda_hace_falta/,j0dyibq,Hace unos meses había donaciones en mi universidad y quería ir ahora que tengo 18 pero resulta que no llego al peso.,hace unos meses había donaciones en mi universidad y quería ir ahora que tengo pero resulta que no llego al peso,1,4
https://www.reddit.com/r/spain/comments/zmkypt/acudid_a_donar_sangre_quien_pueda_hace_falta/,j0carzh,"Siii, cuando done me dieron una caja con agua, galletas, zumo y un bocata.

Además de un hub USB que sigo usando a día de hoy y una botellita de cristal con funda ambos con el logo del centro de transfusiones.",siii cuando done me dieron una caja con agua galletas zumo y un bocata además de un hub usb que sigo usando a día de hoy y una botellita de cristal con funda ambos con el logo del centro de transfusiones,1,3
https://www.reddit.com/r/spain/comments/zmkypt/acudid_a_donar_sangre_quien_pueda_hace_falta/,j0bxop7,en salamanca ponen sandwiches de esos cutres del mercadona,en salamanca ponen sandwiches de esos cutres del mercadona,5,2
https://www.reddit.com/r/spain/comments/zmkypt/acudid_a_donar_sangre_quien_pueda_hace_falta/,j0cad0t,Que va tio! La ultima vez que done en La Fe me dieron orxata y fartons (cutrecillos claro pero que valenciano dice que no a una orxata?)  =),que va tio la ultima vez que done en la fe me dieron orxata y fartons cutrecillos claro pero que valenciano dice que no a una orxata,1,2
https://www.reddit.com/r/spain/comments/zmkypt/acudid_a_donar_sangre_quien_pueda_hace_falta/,j0fgoz2,Fui hace pocos meses a donar y me dieron un zumo y un bocadillo.,fui hace pocos meses a donar y me dieron un zumo y un bocadillo,1,2
https://www.reddit.com/r/spain/comments/zmkypt/acudid_a_donar_sangre_quien_pueda_hace_falta/,j0bqji4,Tengo curiosidad. ¿Por qué el tiempo de espera entre donaciones en hombres es 3 meses y las mujeres 4?,tengo curiosidad por qué el tiempo de espera entre donaciones en hombres es meses y las mujeres,2,1
https://www.reddit.com/r/spain/comments/zmkypt/acudid_a_donar_sangre_quien_pueda_hace_falta/,j0bvbmi,"[Fuente](https://www.donarsangre.org/todo-sobre-la-sangre/preguntas-frecuentes/)

""¿Con qué frecuencia se puede donar sangre?

Se puede donar sangre con un intervalo mínimo de 2 meses. Los hombres pueden donar hasta 4 veces en un año natural, y las mujeres 3. Esta diferencia no es discriminación, sino para compensar las pérdidas que tienen las mujeres por la regla.""",fuente con qué frecuencia se puede donar sangre se puede donar sangre con un intervalo mínimo de meses los hombres pueden donar hasta veces en un año natural y las mujeres esta diferencia no es discriminación sino para compensar las pérdidas que tienen las mujeres por la regla,19,2
https://www.reddit.com/r/spain/comments/zmkypt/acudid_a_donar_sangre_quien_pueda_hace_falta/,j0dxu2r,Pregunta seria. El sexo con condón con alguien que no es tu pareja habitual cuenta como relación de riesgo y por lo tanto descalifica a la hora de donar?,pregunta seria el sexo con condón con alguien que no es tu pareja habitual cuenta como relación de riesgo y por lo tanto descalifica a la hora de donar,2,1
https://www.reddit.com/r/spain/comments/zmkypt/acudid_a_donar_sangre_quien_pueda_hace_falta/,j0dyx0t,"Si no recuerdo mal, la pregunta al respecto (hay un listado antes de donar con unas 15 preguntas de respuesta si/no) es si has tenido relaciones sexuales SIN protección con alguien que no es tu pareja habitual, el sexo con condón te permitiría donar. La verdad es que no la recuerdo muy bien porque como se que esa no la he incumplido ni me la leo, pero estoy bastante convencido.",si no recuerdo mal la pregunta al respecto hay un listado antes de donar con unas preguntas de respuesta sino es si has tenido relaciones sexuales sin protección con alguien que no es tu pareja habitual el sexo con condón te permitiría donar la verdad es que no la recuerdo muy bien porque como se que esa no la he incumplido ni me la leo pero estoy bastante convencido,4,2
https://www.reddit.com/r/spain/comments/zmkypt/acudid_a_donar_sangre_quien_pueda_hace_falta/,j0e1xj8,"Bueno es saberlo, la verdad que estaba evitando donar por no tener pareja",bueno es saberlo la verdad que estaba evitando donar por no tener pareja,1,3
https://www.reddit.com/r/spain/comments/zmkypt/acudid_a_donar_sangre_quien_pueda_hace_falta/,j0fw4xy,¿Pero no hacen ya un análisis de la sangre una vez extraida para ver si hay infecciones?,pero no hacen ya un análisis de la sangre una vez extraida para ver si hay infecciones,1,2
https://www.reddit.com/r/spain/comments/zmkypt/acudid_a_donar_sangre_quien_pueda_hace_falta/,j0g0vq5,"Según tengo entendido si, y en caso de tener alguna ETS u otra enfermedad te avisarían. Pero aún así se desaconseja donar si sabes que hay riesgo, quizás por logística? Eso no lo sé",según tengo entendido si y en caso de tener alguna ets u otra enfermedad te avisarían pero aún así se desaconseja donar si sabes que hay riesgo quizás por logística eso no lo sé,1,3
https://www.reddit.com/r/spain/comments/zmkypt/acudid_a_donar_sangre_quien_pueda_hace_falta/,j0ce5i5,"Yo no puedo porque vivía en Reino Unido durante los años 90s. :(

Pero, sí, tienes que tener al menos 18 años.",yo no puedo porque vivía en reino unido durante los años s pero sí tienes que tener al menos años,13,1
https://www.reddit.com/r/spain/comments/zmkypt/acudid_a_donar_sangre_quien_pueda_hace_falta/,j0cs7s5,"&gt;las vacas locas

Exacto eso.

&gt; Enfermedad de Creutzfeld-Jacob. Las personas que hayan residido por un periodo acumulativo de 1 año en Reino Unido en el periodo 1980-1996.

https://www.comunidad.madrid/servicios/salud/donacion-sangre",gtlas vacas locas exacto eso gt enfermedad de creutzfeldjacob las personas que hayan residido por un periodo acumulativo de año en reino unido en el periodo,15,3
https://www.reddit.com/r/spain/comments/zmkypt/acudid_a_donar_sangre_quien_pueda_hace_falta/,j0cun2e,"Yo también, es una lástima que no nos permiten donar sangre 😪",yo también es una lástima que no nos permiten donar sangre,3,2
https://www.reddit.com/r/spain/comments/zmkypt/acudid_a_donar_sangre_quien_pueda_hace_falta/,j0c5fqu,"Me llamaron de la red transfusional de Canarias para donar que era necesaria mi sangre por ser ""valiosa"" (0+), me concertaron cita en un centro de mayores pero he acudido ya dos veces y me lo encuentro cerrado. Se ve que la persona que comunican conmigo no es local y se equivocan con los puntos de donación. Estoy esperando a ver el puesto ambulante pero parece que no quieren que done :(",me llamaron de la red transfusional de canarias para donar que era necesaria mi sangre por ser valiosa me concertaron cita en un centro de mayores pero he acudido ya dos veces y me lo encuentro cerrado se ve que la persona que comunican conmigo no es local y se equivocan con los puntos de donación estoy esperando a ver el puesto ambulante pero parece que no quieren que done,18,0
https://www.reddit.com/r/spain/comments/zmkypt/acudid_a_donar_sangre_quien_pueda_hace_falta/,j0d5hp9,[Aquí](https://efectodonacion.com/) tienes un montón de información. Y sino en la página del gobierno de Canarias también tienes dónde estará el punto itinerante. Ahora puedes hasta pedir cita y no pillas cola.,aquí tienes un montón de información y sino en la página del gobierno de canarias también tienes dónde estará el punto itinerante ahora puedes hasta pedir cita y no pillas cola,4,1
https://www.reddit.com/r/spain/comments/zmkypt/acudid_a_donar_sangre_quien_pueda_hace_falta/,j0fipq8,"Si por casualidad estás en Las Palmas en el Hospital Negrín tienen un punto de donación de sangre en una de sus plantas, me enteré hace poco menos de un mes mientras visitaba a un familiar ingresado y aproveché para donar. No sé si sigue activo pero tenían hasta unas flechas por el suelo del hospital que te guiaban osea que dudo que fuera cosa de una semana pero no estoy seguro.",si por casualidad estás en las palmas en el hospital negrín tienen un punto de donación de sangre en una de sus plantas me enteré hace poco menos de un mes mientras visitaba a un familiar ingresado y aproveché para donar no sé si sigue activo pero tenían hasta unas flechas por el suelo del hospital que te guiaban osea que dudo que fuera cosa de una semana pero no estoy seguro,1,1
https://www.reddit.com/r/spain/comments/zmkypt/acudid_a_donar_sangre_quien_pueda_hace_falta/,j0ce4e5,"Te juro por dios que yo quiero donar, pero peso muy poco para hacerlo, no es la primera vez q hago cola de 30 min para que me saquen sangre y q me digan q lo sienten mucho pero que no pueden por mi peso",te juro por dios que yo quiero donar pero peso muy poco para hacerlo no es la primera vez q hago cola de min para que me saquen sangre y q me digan q lo sienten mucho pero que no pueden por mi peso,12,0
https://www.reddit.com/r/spain/comments/zmkypt/acudid_a_donar_sangre_quien_pueda_hace_falta/,j0cup92,"me pasa lo mismo, ademas la tension, debes tener 9 de maxima como poco, y yo siempre ando entorno a ese numero

&amp;#x200B;

Los medicos me dicen q no puedo donar, pero las veces q estoy en 9.5 no me psaa nunca nada

&amp;#x200B;

Podrian en todo caso poner una donacion de la mitad para estos casos digo yo",me pasa lo mismo ademas la tension debes tener de maxima como poco y yo siempre ando entorno a ese numero ampxb los medicos me dicen q no puedo donar pero las veces q estoy en no me psaa nunca nada ampxb podrian en todo caso poner una donacion de la mitad para estos casos digo yo,5,1
https://www.reddit.com/r/spain/comments/zmkypt/acudid_a_donar_sangre_quien_pueda_hace_falta/,j0d77v3,"Las bolsas son siempre del mismo tamaño y no pueden sacarte más del 10% de tu sangre. Creo que deberían tener bolsas también para gente fina que no llegue a los 50kg, pero por algún motivo no lo hacen.",las bolsas son siempre del mismo tamaño y no pueden sacarte más del de tu sangre creo que deberían tener bolsas también para gente fina que no llegue a los kg pero por algún motivo no lo hacen,3,1
https://www.reddit.com/r/spain/comments/zmkypt/acudid_a_donar_sangre_quien_pueda_hace_falta/,j0ck473,"A mi no me dejan porque me medico, y me da rabia, me gustaría devolver las 15 bolsas que me pusieron a mi cuando tuve en accidente en 2008… son muchas bolsas no? Creo que alguien exageraba cuando me lo contaron… o no, que sabré yo!",a mi no me dejan porque me medico y me da rabia me gustaría devolver las bolsas que me pusieron a mi cuando tuve en accidente en son muchas bolsas no creo que alguien exageraba cuando me lo contaron o no que sabré yo,9,0
https://www.reddit.com/r/spain/comments/zmkypt/acudid_a_donar_sangre_quien_pueda_hace_falta/,j0ccu67,"Por desgracia, me gustaría donar sangre pero, porque soy de Irlanda y viví allí durante la epidemia de la enfermedad de las “vacas locas”, no me dejen.",por desgracia me gustaría donar sangre pero porque soy de irlanda y viví allí durante la epidemia de la enfermedad de las vacas locas no me dejen,8,0
https://www.reddit.com/r/spain/comments/zmkypt/acudid_a_donar_sangre_quien_pueda_hace_falta/,j0c2p0a,"En Galicia suelen venir cada año a dar charlas sobre donar sangre y con el bus para quien quiera donar, está bastante bien que hagan cosas así por que muchas personas (o por lo menos donde estudio) se ofrecen a donar",en galicia suelen venir cada año a dar charlas sobre donar sangre y con el bus para quien quiera donar está bastante bien que hagan cosas así por que muchas personas o por lo menos donde estudio se ofrecen a donar,7,0
https://www.reddit.com/r/spain/comments/zmkypt/acudid_a_donar_sangre_quien_pueda_hace_falta/,j0cagu6,"La última vez que fui no me dejaron porque tenía la tensión muy alta :/

A LA MIERDA LOS MAREOS DEJADME DONAR MI PUTA SANGRE AAAAAAAAAAAA",la última vez que fui no me dejaron porque tenía la tensión muy alta a la mierda los mareos dejadme donar mi puta sangre aaaaaaaaaaaa,6,0
https://www.reddit.com/r/spain/comments/zmkypt/acudid_a_donar_sangre_quien_pueda_hace_falta/,j0bkpbn,Quiero donar y mi pueblo solo hace colectas cada 4 meses :(,quiero donar y mi pueblo solo hace colectas cada meses,4,0
https://www.reddit.com/r/spain/comments/zmkypt/acudid_a_donar_sangre_quien_pueda_hace_falta/,j0bworq,A mí me llamaron hoy porque va a estar la unidad móvil por aquí pero no puedo por haber tomado antibióticos 😓. Esperemos que se anime mucha gente.,a mí me llamaron hoy porque va a estar la unidad móvil por aquí pero no puedo por haber tomado antibióticos esperemos que se anime mucha gente,5,0
https://www.reddit.com/r/spain/comments/zmkypt/acudid_a_donar_sangre_quien_pueda_hace_falta/,j0cpwbd,"Incluso si a alguien le interesa el tema, podéis preguntar por donar por aféresis. Es un proceso lento, tardas una hora (o algo más o algo menos) y la clave del asunto es que te sacan la sangre separando sus componentes. A mi me lo ofrecieron en mi centro. La mejor parte es que te sacan lo que necesitan y te devuelven el resto, así que puedes hacerlo cada 2 meses. 

Creo que no lo he explicado del todo bien, pero bueno, ahí tenéis algo de información.",incluso si a alguien le interesa el tema podéis preguntar por donar por aféresis es un proceso lento tardas una hora o algo más o algo menos y la clave del asunto es que te sacan la sangre separando sus componentes a mi me lo ofrecieron en mi centro la mejor parte es que te sacan lo que necesitan y te devuelven el resto así que puedes hacerlo cada meses creo que no lo he explicado del todo bien pero bueno ahí tenéis algo de información,3,0
https://www.reddit.com/r/spain/comments/zmkypt/acudid_a_donar_sangre_quien_pueda_hace_falta/,j0ccwzj,"Tengo hemocromatosis, no puedo donar. Antes de donar, preguntaos si podéis.",tengo hemocromatosis no puedo donar antes de donar preguntaos si podéis,3,0
https://www.reddit.com/r/spain/comments/zmkypt/acudid_a_donar_sangre_quien_pueda_hace_falta/,j0clk9d,Mejor le dejo ese trabajo a los médicos y enfermeros...,mejor le dejo ese trabajo a los médicos y enfermeros,5,1
https://www.reddit.com/r/spain/comments/zmkypt/acudid_a_donar_sangre_quien_pueda_hace_falta/,j0cr51y,"O-
Años donando y pensando que era una rara avis y resulta que aquí (Asturias) hay una gran proporción de O- respecto a otras provincias/comunidades.",o años donando y pensando que era una rara avis y resulta que aquí asturias hay una gran proporción de o respecto a otras provinciascomunidades,2,0
https://www.reddit.com/r/spain/comments/zmkypt/acudid_a_donar_sangre_quien_pueda_hace_falta/,j0d6xlm,"No puedo porque estuve hace tres semanas, pero lo he visto y están todos los grupos bajísimos. Chicos, animaos. Es un momento, y te van a medir antes la hemoglobina para asegurarse que estás bien.",no puedo porque estuve hace tres semanas pero lo he visto y están todos los grupos bajísimos chicos animaos es un momento y te van a medir antes la hemoglobina para asegurarse que estás bien,2,0
https://www.reddit.com/r/spain/comments/zmkypt/acudid_a_donar_sangre_quien_pueda_hace_falta/,j0dwda6,"Gracias a cada uno de vosotros que donan. 
Durante los últimos 8 meses he tenido una transfusión de sangre o plaquetas casi todas las semanas. He estado libre de transfusiones durante casi 3 semanas después de un transplante de médula osea. 
Has ayudado a salvar mi vida.",gracias a cada uno de vosotros que donan durante los últimos meses he tenido una transfusión de sangre o plaquetas casi todas las semanas he estado libre de transfusiones durante casi semanas después de un transplante de médula osea has ayudado a salvar mi vida,2,0
https://www.reddit.com/r/spain/comments/zmkypt/acudid_a_donar_sangre_quien_pueda_hace_falta/,j0fv1x8,"En mi familia cercana he tenido dos casos de leucemia, ambos con necesidad de transfusiones. Jamás hubo ningún comentario negativo o juicio por la cantidad de sangre usada, sólo una necesidad vital cubierta.

Después de esa experiencia llevo 23 donaciones (0-), y las que vendrán. Además, me dejan arramplar con los cacahuetes de la sala post-donación, y siempre se agradecen cacahuetes.

Espero que te vaya todo bien con el transplante!",en mi familia cercana he tenido dos casos de leucemia ambos con necesidad de transfusiones jamás hubo ningún comentario negativo o juicio por la cantidad de sangre usada sólo una necesidad vital cubierta después de esa experiencia llevo donaciones y las que vendrán además me dejan arramplar con los cacahuetes de la sala postdonación y siempre se agradecen cacahuetes espero que te vaya todo bien con el transplante,1,1
https://www.reddit.com/r/spain/comments/zmkypt/acudid_a_donar_sangre_quien_pueda_hace_falta/,j0f62la,"Venga. En serio, mañana dono sangre. Por la mañana, que no tengo nada que hacer.

Soy donante habitual y 0-",venga en serio mañana dono sangre por la mañana que no tengo nada que hacer soy donante habitual y,2,0
https://www.reddit.com/r/spain/comments/zmkypt/acudid_a_donar_sangre_quien_pueda_hace_falta/,j0i77td,Es absurdo porque igualmente deberían estar haciéndole pruebas a la sangre. La gente puede tener algo y no haberse tatuado,es absurdo porque igualmente deberían estar haciéndole pruebas a la sangre la gente puede tener algo y no haberse tatuado,2,2
https://www.reddit.com/r/spain/comments/zmkypt/acudid_a_donar_sangre_quien_pueda_hace_falta/,j0ih8p4,"Es por el periodo de ventana y es comprensible de que se aseguren de ello por responsabilidad con el recipiente de la sangre

https://efectodonacion.com/preguntas-frecuentes/que-es-el-periodo-ventana/

Si, la gente puede tener algo pero igualmente firmas un papel en el que aceptas las condiciones para donar y conoces las condiciones para no donar.",es por el periodo de ventana y es comprensible de que se aseguren de ello por responsabilidad con el recipiente de la sangre si la gente puede tener algo pero igualmente firmas un papel en el que aceptas las condiciones para donar y conoces las condiciones para no donar,1,3
https://www.reddit.com/r/spain/comments/zmkypt/acudid_a_donar_sangre_quien_pueda_hace_falta/,j0drg3j,"50€ y de ahí no bajo! Si a mi generación nos vaís a vender casas por un pastizal y nos vais a quitar medio sueldo para mantener a media población jubilada, me pagáis la sangre! 

Un saludo y buenas noches.",y de ahí no bajo si a mi generación nos vaís a vender casas por un pastizal y nos vais a quitar medio sueldo para mantener a media población jubilada me pagáis la sangre un saludo y buenas noches,-3,0
https://www.reddit.com/r/spain/comments/zmkypt/acudid_a_donar_sangre_quien_pueda_hace_falta/,j0e5ube,"Se te va un poco la pinza. Si donas sangre el que la va a usar es tu vecino. No ""esos que te están quitando la posibilidad de comprar una casa o que te hacen pagar impuestos"". No confundamos las cosas. Es una manera absurda de ser egoísta.",se te va un poco la pinza si donas sangre el que la va a usar es tu vecino no esos que te están quitando la posibilidad de comprar una casa o que te hacen pagar impuestos no confundamos las cosas es una manera absurda de ser egoísta,5,1
https://www.reddit.com/r/spain/comments/zmkypt/acudid_a_donar_sangre_quien_pueda_hace_falta/,j0co9en,"A mi no me dejan por calvo!! 

Antes cuanto no tenia pareja estable tampoco me dejaban...y ahora que tengo pareja pero no quiero quedarme calvo tampoco puedo por estar tomando finasterida....lo que me hace plantear quán chunga debe ser si no puedo donar sangre mientras la tome.",a mi no me dejan por calvo antes cuanto no tenia pareja estable tampoco me dejabany ahora que tengo pareja pero no quiero quedarme calvo tampoco puedo por estar tomando finasteridalo que me hace plantear quán chunga debe ser si no puedo donar sangre mientras la tome,-1,0
https://www.reddit.com/r/spain/comments/zmkypt/acudid_a_donar_sangre_quien_pueda_hace_falta/,j0e3eb7,"Que me paguen, que mucho donar y mucha caridad pero luego ellos la venden",que me paguen que mucho donar y mucha caridad pero luego ellos la venden,-2,0
https://www.reddit.com/r/spain/comments/zmkypt/acudid_a_donar_sangre_quien_pueda_hace_falta/,j0d00dy,Sin sangre llevamos desde la primera mentira de Pedro Sánchez,sin sangre llevamos desde la primera mentira de pedro sánchez,-6,0
https://www.reddit.com/r/spain/comments/zmkypt/acudid_a_donar_sangre_quien_pueda_hace_falta/,j0cfnlf,Hay límite de edad para donar? Tengo 15 y no sé si me dejarían,hay límite de edad para donar tengo y no sé si me dejarían,1,0
https://www.reddit.com/r/spain/comments/zmkypt/acudid_a_donar_sangre_quien_pueda_hace_falta/,j0d73c2,"Ni idea de que tipo de sangre tengo, hace falta de todos o de un tipo en concreto?",ni idea de que tipo de sangre tengo hace falta de todos o de un tipo en concreto,1,0
https://www.reddit.com/r/spain/comments/zmkypt/acudid_a_donar_sangre_quien_pueda_hace_falta/,j0dehax,"A mi me encanta ir a donar, por desgracia dónde yo donó suele ser de 16h a 18h y casi siempre me pilla currando...",a mi me encanta ir a donar por desgracia dónde yo donó suele ser de h a h y casi siempre me pilla currando,1,0
https://www.reddit.com/r/spain/comments/zmkypt/acudid_a_donar_sangre_quien_pueda_hace_falta/,j0dmqwy,Oye pero si fumas maria puedes donar? Diria que no y me jode un monton,oye pero si fumas maria puedes donar diria que no y me jode un monton,1,0
https://www.reddit.com/r/spain/comments/zmkypt/acudid_a_donar_sangre_quien_pueda_hace_falta/,j0dtcce,No me dejan donar a pesar de ser del grupo más común.,no me dejan donar a pesar de ser del grupo más común,1,0
https://www.reddit.com/r/spain/comments/zmkypt/acudid_a_donar_sangre_quien_pueda_hace_falta/,j0dwpu3,"La próxima vez que veo la posibilidad, voy a donar. Mi pareja tiene unos problemas con su tensión últimamente y no quiero excluirla.",la próxima vez que veo la posibilidad voy a donar mi pareja tiene unos problemas con su tensión últimamente y no quiero excluirla,1,0
https://www.reddit.com/r/spain/comments/zmkypt/acudid_a_donar_sangre_quien_pueda_hace_falta/,j0eltj4,"Si dejasen donar más lo haría, no por altruismo, sino porque en los bancos de sangre de Cataluña dan unas patatas tostadas con sabor a tomate y orégano que son Cristo bendito. Ah, y también por altruismo, voy religiosamente cada 3 meses (salvo pandemia)",si dejasen donar más lo haría no por altruismo sino porque en los bancos de sangre de cataluña dan unas patatas tostadas con sabor a tomate y orégano que son cristo bendito ah y también por altruismo voy religiosamente cada meses salvo pandemia,1,0
https://www.reddit.com/r/spain/comments/zmkypt/acudid_a_donar_sangre_quien_pueda_hace_falta/,j0fgn9y,Aaaaamigo por eso me spamean el correo electrónico para ir a donar... bueno en ese caso habrá que ir.,aaaaamigo por eso me spamean el correo electrónico para ir a donar bueno en ese caso habrá que ir,1,0
https://www.reddit.com/r/spain/comments/zmkypt/acudid_a_donar_sangre_quien_pueda_hace_falta/,j0fquig,"Porque nunca sabes lo que la vida tiene preparado para ti...

Hazte Donante de Medula ósea: Lo más seguro es que nunca te llamen pero al menos estarás en una base de datos por si alguna persona compatible que necesite médula pueda usar tu ayuda.

Da permiso para transplante de órganos y tejidos (llegado el momento) y por supuesto donante de sangre.",porque nunca sabes lo que la vida tiene preparado para ti hazte donante de medula ósea lo más seguro es que nunca te llamen pero al menos estarás en una base de datos por si alguna persona compatible que necesite médula pueda usar tu ayuda da permiso para transplante de órganos y tejidos llegado el momento y por supuesto donante de sangre,1,0
https://www.reddit.com/r/spain/comments/zmkypt/acudid_a_donar_sangre_quien_pueda_hace_falta/,j0fzvhw,"Es una pena, pero me da a mí que llegará un día que estaremos bajo mínimos y tendrán que dar incentivos aun mayores para que la gente acuda a donar sangre...",es una pena pero me da a mí que llegará un día que estaremos bajo mínimos y tendrán que dar incentivos aun mayores para que la gente acuda a donar sangre,1,0
https://www.reddit.com/r/spain/comments/zmkypt/acudid_a_donar_sangre_quien_pueda_hace_falta/,j0g0kei,"Si dono desde otra Comunidad, van a enviar la sangre allí? O se la quedara mi territorio",si dono desde otra comunidad van a enviar la sangre allí o se la quedara mi territorio,1,0
https://www.reddit.com/r/spain/comments/zmkypt/acudid_a_donar_sangre_quien_pueda_hace_falta/,j0g2cp6,No era que España es el país donde más sangre se dona? Cómo se ha llegado a esta situación?,no era que españa es el país donde más sangre se dona cómo se ha llegado a esta situación,1,0
https://www.reddit.com/r/spain/comments/zmkypt/acudid_a_donar_sangre_quien_pueda_hace_falta/,j0glpiw,"Creo que bajó mucho desde la pandemia, y no sé exactamente cuando pero añadieron restricciones, la última vez que fui no me dejaron donar por haberme hecho la pedicura menos de un mes antes, antes no había problema con eso, ni te preguntaban por manicuras o pedicuras.",creo que bajó mucho desde la pandemia y no sé exactamente cuando pero añadieron restricciones la última vez que fui no me dejaron donar por haberme hecho la pedicura menos de un mes antes antes no había problema con eso ni te preguntaban por manicuras o pedicuras,1,1
https://www.reddit.com/r/es/comments/1lzwwg2/opiniones_sobre_donar_sangre_de_forma_altruista/,n34yawl,¿por qué no lo harías? Llevo dos decenas de donaciones de sangre,por qué no lo harías llevo dos decenas de donaciones de sangre,59,0
https://www.reddit.com/r/es/comments/1lzwwg2/opiniones_sobre_donar_sangre_de_forma_altruista/,n35hl1m,"Yo empecé a donar cada vez que pasaba el bus por la uni y debo llevar ya unas 10 veces. Es algo relativamente normal, no hay mucho que pensar; es algo que como mucho supone un ligerísimo inconveniente y salva vidas, si puedes donar (te harán varias preguntas antes para asegurarse) te animo a hacerlo",yo empecé a donar cada vez que pasaba el bus por la uni y debo llevar ya unas veces es algo relativamente normal no hay mucho que pensar es algo que como mucho supone un ligerísimo inconveniente y salva vidas si puedes donar te harán varias preguntas antes para asegurarse te animo a hacerlo,8,2
https://www.reddit.com/r/es/comments/1lzwwg2/opiniones_sobre_donar_sangre_de_forma_altruista/,n3hjkju,"Pues muchas gracias por la información adicional porque sí que lo haré más pronto que tarde. De hecho, ya tengo localizado el hospital donde iré para hacérmelo. De nuevo, gracias por tu aportación!",pues muchas gracias por la información adicional porque sí que lo haré más pronto que tarde de hecho ya tengo localizado el hospital donde iré para hacérmelo de nuevo gracias por tu aportación,2,3
https://www.reddit.com/r/es/comments/1lzwwg2/opiniones_sobre_donar_sangre_de_forma_altruista/,n369k08,"También son importantes las donaciones de plasma, por si te interesa! Muchas gracias a todos los que donan!",también son importantes las donaciones de plasma por si te interesa muchas gracias a todos los que donan,5,2
https://www.reddit.com/r/es/comments/1lzwwg2/opiniones_sobre_donar_sangre_de_forma_altruista/,n3hjqaq,"Por lo que he leído de otra gente aparte de ti, la donación plasma resulta también una aportación interesante. Me lo plantearé, ya que creo que no cuesta tanto esfuerzo hacerlo. Gracias y un saludo !",por lo que he leído de otra gente aparte de ti la donación plasma resulta también una aportación interesante me lo plantearé ya que creo que no cuesta tanto esfuerzo hacerlo gracias y un saludo,2,3
https://www.reddit.com/r/es/comments/1lzwwg2/opiniones_sobre_donar_sangre_de_forma_altruista/,n35x393,"Yo no lo haría porque **detesto** y las agujas, y no lo considero algo gratificante.",yo no lo haría porque detesto y las agujas y no lo considero algo gratificante,-7,1
https://www.reddit.com/r/es/comments/1lzwwg2/opiniones_sobre_donar_sangre_de_forma_altruista/,n37dp8u,"¿Y? La sangre no se puede fabricar, también me dan miedo las agujas. Gratificante o no, la gente lo necesita para... ya sabes... no morir",y la sangre no se puede fabricar también me dan miedo las agujas gratificante o no la gente lo necesita para ya sabes no morir,6,2
https://www.reddit.com/r/es/comments/1lzwwg2/opiniones_sobre_donar_sangre_de_forma_altruista/,n3cs5vg,"Ojalá poder tener esto en cuenta si algún día tienes un accidente, pierdes sangre y necesitas una transfusión.",ojalá poder tener esto en cuenta si algún día tienes un accidente pierdes sangre y necesitas una transfusión,5,4
https://www.reddit.com/r/es/comments/1lzwwg2/opiniones_sobre_donar_sangre_de_forma_altruista/,n3epqv6,Te has fijado que se llama DONAR sangre? Se hace para ayudar a otros.,te has fijado que se llama donar sangre se hace para ayudar a otros,1,4
https://www.reddit.com/r/es/comments/1lzwwg2/opiniones_sobre_donar_sangre_de_forma_altruista/,n34yid1,Empecé a donar a raíz de la muerte de mi madre. Durante su último mes ingresada no paraba de necesitar 2 o 3 inyecciones de glóbulos rojos diarias. Ahí me di cuenta de la verdadera importancia de donar sangre.,empecé a donar a raíz de la muerte de mi madre durante su último mes ingresada no paraba de necesitar o inyecciones de glóbulos rojos diarias ahí me di cuenta de la verdadera importancia de donar sangre,36,0
https://www.reddit.com/r/es/comments/1lzwwg2/opiniones_sobre_donar_sangre_de_forma_altruista/,n34zdyx,"Muy cierto, supongo que por eso los hospitales en sus campañas parecen tan agradecidos con la gente que se toma su tiempo en hacer una donación de su sangre, plaquetas o lo que sea",muy cierto supongo que por eso los hospitales en sus campañas parecen tan agradecidos con la gente que se toma su tiempo en hacer una donación de su sangre plaquetas o lo que sea,3,1
https://www.reddit.com/r/es/comments/1lzwwg2/opiniones_sobre_donar_sangre_de_forma_altruista/,n35on82,"En realidad ☝🏻🤓 se ve que en Japón han desarrollado sangre artificial compatible con cualquier grupo (aunque poco más sé al respecto).
Y me imagino que habrá mucho que investigar antes de ir alegremente a utilizarla en la gente",en realidad se ve que en japón han desarrollado sangre artificial compatible con cualquier grupo aunque poco más sé al respecto y me imagino que habrá mucho que investigar antes de ir alegremente a utilizarla en la gente,2,1
https://www.reddit.com/r/es/comments/1lzwwg2/opiniones_sobre_donar_sangre_de_forma_altruista/,n35nrb0,"Te dan un bocadillo y un refresco o agua después de donar. Pero es lo de menos: es algo rápido, seguro, que cuesta casi nada y ayuda a mucha gente.",te dan un bocadillo y un refresco o agua después de donar pero es lo de menos es algo rápido seguro que cuesta casi nada y ayuda a mucha gente,5,2
https://www.reddit.com/r/es/comments/1lzwwg2/opiniones_sobre_donar_sangre_de_forma_altruista/,n37t5db,"Este gráfico es bastante incorrecto, [debería ser así](https://donasangregijon.org/wp-content/uploads/2021/02/compatibilidadgrupos.jpg).

Sin embargo, es bastante fácil recordar la compatibilidad sin necesitar ninguna guía o referencia, y sin tener que entender íntimamente el tema.

Hay tres componentes que se pueden tener (o no tener) en la sangre, en varias combinaciones: el ""A"", el ""B"", y el ""+"". Si eres AB+ tienes los tres, y si eres O– no tienes ninguno (""–"" simplemente significa falta de +, e igualmente ""O"" significa falta de A y B).

Ahora piensalo como si estos tres componentes (A, B, +) fueran tóxicos, pero que su presencia previa en la sangre del recipiente le diera inmunidad. Por ejemplo, sólo puedes recibir el B si tu tipo de sangre ta tiene B, y asimismo con los otros dos componentes.

Por lo tanto, el AB+ es el más tóxico (sólo se puede donar a otros AB+), pero también el que tiene inmunidad total para el recipiente que lo tenga (pueden recibir cualquier tipo de sangre).

A cambio, el O– no contiene ningún componente tóxico, (se puede donar a cualquiera), pero el recipiente que lo tenga no tiene ninguna inmunidad (sólo puede recibir de otros O–).",este gráfico es bastante incorrecto debería ser así sin embargo es bastante fácil recordar la compatibilidad sin necesitar ninguna guía o referencia y sin tener que entender íntimamente el tema hay tres componentes que se pueden tener o no tener en la sangre en varias combinaciones el a el b y el si eres ab tienes los tres y si eres o no tienes ninguno simplemente significa falta de e igualmente o significa falta de a y b ahora piensalo como si estos tres componentes a b fueran tóxicos pero que su presencia previa en la sangre del recipiente le diera inmunidad por ejemplo sólo puedes recibir el b si tu tipo de sangre ta tiene b y asimismo con los otros dos componentes por lo tanto el ab es el más tóxico sólo se puede donar a otros ab pero también el que tiene inmunidad total para el recipiente que lo tenga pueden recibir cualquier tipo de sangre a cambio el o no contiene ningún componente tóxico se puede donar a cualquiera pero el recipiente que lo tenga no tiene ninguna inmunidad sólo puede recibir de otros o,8,1
https://www.reddit.com/r/es/comments/1lzwwg2/opiniones_sobre_donar_sangre_de_forma_altruista/,n3ymsd0,"Lo de la toxicidad como ejemplo puede resultar confuso, ya que existe una salvedad en caso de emergencia:

Cualquier grupo Rh - puede recibir sangre de su mismo grupo + en caso de necesitar sangre urgentemente y no haber de la suya. Pero a partir de ese momento, su Rh cambiará a +

Lo mismo ocurre con el grupo 0 y el resto. En caso de urgencia, podría recibir de cualquiera de los otros, pero a partir de ese momento su grupo cambiaría al del donante.",lo de la toxicidad como ejemplo puede resultar confuso ya que existe una salvedad en caso de emergencia cualquier grupo rh puede recibir sangre de su mismo grupo en caso de necesitar sangre urgentemente y no haber de la suya pero a partir de ese momento su rh cambiará a lo mismo ocurre con el grupo y el resto en caso de urgencia podría recibir de cualquiera de los otros pero a partir de ese momento su grupo cambiaría al del donante,1,2
https://www.reddit.com/r/es/comments/1lzwwg2/opiniones_sobre_donar_sangre_de_forma_altruista/,n359er1,"Yo he donado varias veces. 

1. Salvas vidas. Hay conspiranoicos que hablan del plasma del mar, pero la única forma de ayudar a alguien que requiere sangre es donando.

2. Pierdes (un poco) el miedo a las agujas. 

3. Es bueno para la salud porque renuevas sangre. 

...y bueno, podemos decir que la cuarta es que meriendas gratis y, a veces, te dan otros detalles: bolígrafos, calendarios, bolas antiestrés...",yo he donado varias veces salvas vidas hay conspiranoicos que hablan del plasma del mar pero la única forma de ayudar a alguien que requiere sangre es donando pierdes un poco el miedo a las agujas es bueno para la salud porque renuevas sangre y bueno podemos decir que la cuarta es que meriendas gratis y a veces te dan otros detalles bolígrafos calendarios bolas antiestrés,10,0
https://www.reddit.com/r/es/comments/1lzwwg2/opiniones_sobre_donar_sangre_de_forma_altruista/,n350msk,"Yo he donado muchas veces, hasta que me la han dejado de aceptar por estar medicado.

Ve al hospital si puedes y evita la campaña de cruz roja, cruz roja cobra a la sanidad pública por la sangre que tú estás regalando.



Y da igual que tipo seas, da igual la compatibilidad entre tipos, siempre se usa sangre del mismo tipo que del paciente, tendría que ser una situación de emergencia y escasez para usar cualquier otra sangre por compatible que sea",yo he donado muchas veces hasta que me la han dejado de aceptar por estar medicado ve al hospital si puedes y evita la campaña de cruz roja cruz roja cobra a la sanidad pública por la sangre que tú estás regalando y da igual que tipo seas da igual la compatibilidad entre tipos siempre se usa sangre del mismo tipo que del paciente tendría que ser una situación de emergencia y escasez para usar cualquier otra sangre por compatible que sea,8,0
https://www.reddit.com/r/es/comments/1lzwwg2/opiniones_sobre_donar_sangre_de_forma_altruista/,n3522sb,"Sabes ? Eso que has dicho de la Cruz Roja lo había leído en otro hilo y hay gente que dice que es un secreto a voces, pero parece que es bastante cierto. Tendré en cuenta tu comentario, tengo que decir que pensaba ir directamente a un hospital a hacer una donación y no por otra vía. Gracias !",sabes eso que has dicho de la cruz roja lo había leído en otro hilo y hay gente que dice que es un secreto a voces pero parece que es bastante cierto tendré en cuenta tu comentario tengo que decir que pensaba ir directamente a un hospital a hacer una donación y no por otra vía gracias,3,1
https://www.reddit.com/r/es/comments/1lzwwg2/opiniones_sobre_donar_sangre_de_forma_altruista/,n35l67p,"Pues claro que cobran a sanidad por la sangre. Esos autobuses y ese personal se tiene que pagar de alguna forma, y el altruismo no paga facturas.",pues claro que cobran a sanidad por la sangre esos autobuses y ese personal se tiene que pagar de alguna forma y el altruismo no paga facturas,0,2
https://www.reddit.com/r/es/comments/1lzwwg2/opiniones_sobre_donar_sangre_de_forma_altruista/,n35bbgh,"En España donar sangre siempre se hace de forma altruista, no te pagan como en otros países. La motivación es que otras personas la pueden necesitar. Aveces hay campañas para que en pocos días se recoja más, pero siempre puedes ir a donar a un hospital universitario, dentro del horario que tengan habilitado.  
La primera vez te hacen el carnet de donante del banco de sangre, así te tienen registrado para otras ocasiones. Después de donar te suelen dar un refrigerio, tipo zumo y galletas o lo que tengan disponible. También te envían a tu casa el resultado de una analítica básica. 

Y menos mal que existen donantes sino moriría la gente que necesita transfusión por pérdida de sangre en intervenciones quirúrgicas, accidentes etc",en españa donar sangre siempre se hace de forma altruista no te pagan como en otros países la motivación es que otras personas la pueden necesitar aveces hay campañas para que en pocos días se recoja más pero siempre puedes ir a donar a un hospital universitario dentro del horario que tengan habilitado la primera vez te hacen el carnet de donante del banco de sangre así te tienen registrado para otras ocasiones después de donar te suelen dar un refrigerio tipo zumo y galletas o lo que tengan disponible también te envían a tu casa el resultado de una analítica básica y menos mal que existen donantes sino moriría la gente que necesita transfusión por pérdida de sangre en intervenciones quirúrgicas accidentes etc,7,0
https://www.reddit.com/r/es/comments/1lzwwg2/opiniones_sobre_donar_sangre_de_forma_altruista/,n35fbu5,"Pues sí, tienes toda razón. He estado mirando por lugares cerca mío donde poder donar, y me he decantado por ir al hospital directamente a hacerlo, creo que es lo mejor. Un saludo y gracias por tu tiempo, ya que me has resuelto cosas sobre el procedimiento de cómo te lo hacen",pues sí tienes toda razón he estado mirando por lugares cerca mío donde poder donar y me he decantado por ir al hospital directamente a hacerlo creo que es lo mejor un saludo y gracias por tu tiempo ya que me has resuelto cosas sobre el procedimiento de cómo te lo hacen,2,1
https://www.reddit.com/r/es/comments/1lzwwg2/opiniones_sobre_donar_sangre_de_forma_altruista/,n352o2e,"Quise ser donante, pero después de rellenar el formularío, me dijeron que al tener mucho la menstruación y soler tener el hierro un poco bajo, no podía donar.

Y allí acabo mi etapa de donante.",quise ser donante pero después de rellenar el formularío me dijeron que al tener mucho la menstruación y soler tener el hierro un poco bajo no podía donar y allí acabo mi etapa de donante,8,0
https://www.reddit.com/r/es/comments/1lzwwg2/opiniones_sobre_donar_sangre_de_forma_altruista/,n3583sd,"Dono 3-4 veces al año desde que soy mayor de edad.

Me parece esencial. Tras años donando, estuve ingresado y al compañero de habitación le ponían sangre para que pudiera vivir, y hay que recordar que la sangre “caduca”. Que ese señor y otras muchas personas puedan seguir vivos sólo se consigue con algo que depende de la solidaridad y no de que se tenga más o menos dinero o medios materiales.",dono veces al año desde que soy mayor de edad me parece esencial tras años donando estuve ingresado y al compañero de habitación le ponían sangre para que pudiera vivir y hay que recordar que la sangre caduca que ese señor y otras muchas personas puedan seguir vivos sólo se consigue con algo que depende de la solidaridad y no de que se tenga más o menos dinero o medios materiales,6,0
https://www.reddit.com/r/es/comments/1lzwwg2/opiniones_sobre_donar_sangre_de_forma_altruista/,n35brb2,"La verdad es que tu comentario es una motivación para alguien que de momento no ha tenido la oportunidad de donar o no se le había ocurrido la idea de hacerlo, ya que al vivir en tu caso una experiencia cercana en este tema, pues recalcas lo importante que puede llegar a ser cosas como esta. De nuevo, gracias por contar tu experiencia",la verdad es que tu comentario es una motivación para alguien que de momento no ha tenido la oportunidad de donar o no se le había ocurrido la idea de hacerlo ya que al vivir en tu caso una experiencia cercana en este tema pues recalcas lo importante que puede llegar a ser cosas como esta de nuevo gracias por contar tu experiencia,1,1
https://www.reddit.com/r/es/comments/1lzwwg2/opiniones_sobre_donar_sangre_de_forma_altruista/,n35buht,Me gustaría hacerlo pero tengo la sospecha de que de hecho necesito sangre JAJSJAJAJJAJA creo que soy anémica,me gustaría hacerlo pero tengo la sospecha de que de hecho necesito sangre jajsjajajjaja creo que soy anémica,5,0
https://www.reddit.com/r/es/comments/1lzwwg2/opiniones_sobre_donar_sangre_de_forma_altruista/,n35fim0,"Entonces bajo mi punto de vista, no te la juegues y guarda tu sangre para ti, ya vendrán tiempos mejores para donar.  Espero que te vaya bien el día 😀",entonces bajo mi punto de vista no te la juegues y guarda tu sangre para ti ya vendrán tiempos mejores para donar espero que te vaya bien el día,2,1
https://www.reddit.com/r/es/comments/1lzwwg2/opiniones_sobre_donar_sangre_de_forma_altruista/,n35no8y,Comprate un bocadillo de jamon y una cocacola :p seguro te ayuda mucho. No comas nada antes de sacarte sangre y hazte pruebas por si tienes alguna enfermedad en la sangre. Obviamente no bebas alcohol en unos dias 😅 mi abuelo donaba borracho y emborrachaba a la gente 🤨,comprate un bocadillo de jamon y una cocacola p seguro te ayuda mucho no comas nada antes de sacarte sangre y hazte pruebas por si tienes alguna enfermedad en la sangre obviamente no bebas alcohol en unos dias mi abuelo donaba borracho y emborrachaba a la gente,0,2
https://www.reddit.com/r/es/comments/1lzwwg2/opiniones_sobre_donar_sangre_de_forma_altruista/,n357l4h,"No te calientes tanto la cabeza. Acércate cuando veas que están pidiendo sangre cerca de ti y pregunta tus dudas y que te digan si puedes donar. Prueba una vez y ves qué tal. La mayoría de personas no tenemos problemas. No te cuesta nada, es literalmente perder un ratito. A menos que tengas algún problema médico no te va a afectar en absoluto. Es más, yo tengo endometriosis y, aunque solo he donado una vez por circunstancias , ni me enteré, la verdad. Es algo que da más miedo de lo que realmente es. ",no te calientes tanto la cabeza acércate cuando veas que están pidiendo sangre cerca de ti y pregunta tus dudas y que te digan si puedes donar prueba una vez y ves qué tal la mayoría de personas no tenemos problemas no te cuesta nada es literalmente perder un ratito a menos que tengas algún problema médico no te va a afectar en absoluto es más yo tengo endometriosis y aunque solo he donado una vez por circunstancias ni me enteré la verdad es algo que da más miedo de lo que realmente es,3,0
https://www.reddit.com/r/es/comments/1lzwwg2/opiniones_sobre_donar_sangre_de_forma_altruista/,n35awpz,"Pues gracias por el comentario, me anima mucho. Tengo pensado ir este fin de semana a un hospital cerca de donde vivo que tiene servicio de donaciones de sangre y voy a ver qué tal la experiencia. De nuevo, gracias por tu tiempo en escribir esto 😀",pues gracias por el comentario me anima mucho tengo pensado ir este fin de semana a un hospital cerca de donde vivo que tiene servicio de donaciones de sangre y voy a ver qué tal la experiencia de nuevo gracias por tu tiempo en escribir esto,2,1
https://www.reddit.com/r/es/comments/1lzwwg2/opiniones_sobre_donar_sangre_de_forma_altruista/,n35b3li,"Por lo que veo, a mucha gente le hace sentir orgullo una vez que donó al saber que hizo algo bueno por el mundo. Gracias por tu comentario, es motivante",por lo que veo a mucha gente le hace sentir orgullo una vez que donó al saber que hizo algo bueno por el mundo gracias por tu comentario es motivante,1,1
https://www.reddit.com/r/es/comments/1lzwwg2/opiniones_sobre_donar_sangre_de_forma_altruista/,n3599jr,"Aparte de la acción altruista, donar sangre o plasma puede ser una manera de [reducir la concentración de químicos eternos en tu organismo](https://pmc.ncbi.nlm.nih.gov/articles/PMC8994130/)",aparte de la acción altruista donar sangre o plasma puede ser una manera de reducir la concentración de químicos eternos en tu organismo,5,0
https://www.reddit.com/r/es/comments/1lzwwg2/opiniones_sobre_donar_sangre_de_forma_altruista/,n35afsf,"Done hasta que ya no pude, creo que no es altruista, es colaborativo. Si todos donamos todos tendremos sangre cuando haga falta, ya sean accidentes, operaciones u conversiones espontaneas a vampiros, siempre es útil.",done hasta que ya no pude creo que no es altruista es colaborativo si todos donamos todos tendremos sangre cuando haga falta ya sean accidentes operaciones u conversiones espontaneas a vampiros siempre es útil,3,0
https://www.reddit.com/r/es/comments/1lzwwg2/opiniones_sobre_donar_sangre_de_forma_altruista/,n35ei1l,Tienes mucha razón. Creo que los que habéis donado tenéis que estar orgullosos de vosotros mismos por vuestra dedicación. Gracias por tu comentario,tienes mucha razón creo que los que habéis donado tenéis que estar orgullosos de vosotros mismos por vuestra dedicación gracias por tu comentario,1,1
https://www.reddit.com/r/es/comments/1lzwwg2/opiniones_sobre_donar_sangre_de_forma_altruista/,n35aki1,"Por que iba a estar mal donar sangre? Tengo pensado hacerlo, incluso a veces te dan un bocata jamón. Salvas a alguien y te llevas un bocata win win",por que iba a estar mal donar sangre tengo pensado hacerlo incluso a veces te dan un bocata jamón salvas a alguien y te llevas un bocata win win,5,0
https://www.reddit.com/r/es/comments/1lzwwg2/opiniones_sobre_donar_sangre_de_forma_altruista/,n3534cu,"Yo he donado dos veces, doné el año pasado el día siguiente de hacer los 18 años y medio año más tarde, este verano seguramente vuelva a ir.

Dispara tus preguntas.

Vas a la sala de donaciones, rellenas un formulario, te hacen pasar a una salita donde entregas el formulario y se aseguran que no estás donando en contra de tu voluntad y verifican tu historial médico (ninguna enfermedad ni nada) y te dejan pasar a la zona de donación.

Te estiras, te viene un enfermero/a, preparan la bolsa de sangre y todo y te pinchan con cuidado en un brazo. De ahí simplemente te van preguntando cada 2 o 3 minutos si vas bien (sé sincero, la primera vez me mareé y no llené la bolsa y eso es normal y está bien). 

Mientras te estás sacando la sangre simplemente tienes que mover un poco la mano cada un rato y con el otro brazo mirar el móvil o algo, es bastante aburrido.

Cuando esté la bolsa llena vendrá el enfermero/a y te quitará la aguja con cuidado. Luego te hacen pasar a una sala con bebidas y comida donde puedes coger lo que quieras.

La verdad es que es mucho más aburrido de lo que piensa la gente. Vas ahí, llenas un formulario, te pinchan, te pasas 20-30 minutos tumbado, te quitan la aguja y te dan de comer.

En mí limitada experiencia el personal médico es muy cuidadoso contigo y de hacerlo bien.

Quizá la experiencia es diferente para otra gente, siempre he donado en el hospital clínico de Barcelona, no sé cómo será en otros lugares.",yo he donado dos veces doné el año pasado el día siguiente de hacer los años y medio año más tarde este verano seguramente vuelva a ir dispara tus preguntas vas a la sala de donaciones rellenas un formulario te hacen pasar a una salita donde entregas el formulario y se aseguran que no estás donando en contra de tu voluntad y verifican tu historial médico ninguna enfermedad ni nada y te dejan pasar a la zona de donación te estiras te viene un enfermeroa preparan la bolsa de sangre y todo y te pinchan con cuidado en un brazo de ahí simplemente te van preguntando cada o minutos si vas bien sé sincero la primera vez me mareé y no llené la bolsa y eso es normal y está bien mientras te estás sacando la sangre simplemente tienes que mover un poco la mano cada un rato y con el otro brazo mirar el móvil o algo es bastante aburrido cuando esté la bolsa llena vendrá el enfermeroa y te quitará la aguja con cuidado luego te hacen pasar a una sala con bebidas y comida donde puedes coger lo que quieras la verdad es que es mucho más aburrido de lo que piensa la gente vas ahí llenas un formulario te pinchan te pasas minutos tumbado te quitan la aguja y te dan de comer en mí limitada experiencia el personal médico es muy cuidadoso contigo y de hacerlo bien quizá la experiencia es diferente para otra gente siempre he donado en el hospital clínico de barcelona no sé cómo será en otros lugares,3,0
https://www.reddit.com/r/es/comments/1lzwwg2/opiniones_sobre_donar_sangre_de_forma_altruista/,n3uzy3z,"Hola ! Pues la verdad es que no tengo preguntas porque me has explicado todo muy bien. De hecho, una de las preguntas que tenía en mente era cuanto duraba el proceso.  Pero ya me lo has explicado en tu escrito. Tengo también entendido por lo que dicen otros que te Dan unos análisis de tu sangre después de hacer la donación, aunque no sé si dependerá eso del hospital al que vayas a donar. La verdad es que te agradezco toda la información que me has dado. Me aclaraste muchas dudas y te lo agradezco, que tengas un buen día !",hola pues la verdad es que no tengo preguntas porque me has explicado todo muy bien de hecho una de las preguntas que tenía en mente era cuanto duraba el proceso pero ya me lo has explicado en tu escrito tengo también entendido por lo que dicen otros que te dan unos análisis de tu sangre después de hacer la donación aunque no sé si dependerá eso del hospital al que vayas a donar la verdad es que te agradezco toda la información que me has dado me aclaraste muchas dudas y te lo agradezco que tengas un buen día,2,1
https://www.reddit.com/r/es/comments/1lzwwg2/opiniones_sobre_donar_sangre_de_forma_altruista/,n3v1t30,"Hasta donde tengo entendido el análisis te lo hacen siempre (a mí me lo han hecho las dos veces), es más bien para que no tengas una enfermedad sin diagnosticar o para asegurarse de que no hayas mentido. Solo miran si tienes enfermedades, no te miran nada más.

Buen día : )

Edit: Por cierto, depende de la persona podría ser que tardaras más rato. Esto depende de un millón de factores. De si estás nervioso, de tu edad, condición física, si hacía calor antes de entrar... Pero para la mayoría de gente 40 minutos es el máximo rato que te van a estar sacando sangre.",hasta donde tengo entendido el análisis te lo hacen siempre a mí me lo han hecho las dos veces es más bien para que no tengas una enfermedad sin diagnosticar o para asegurarse de que no hayas mentido solo miran si tienes enfermedades no te miran nada más buen día edit por cierto depende de la persona podría ser que tardaras más rato esto depende de un millón de factores de si estás nervioso de tu edad condición física si hacía calor antes de entrar pero para la mayoría de gente minutos es el máximo rato que te van a estar sacando sangre,2,2
https://www.reddit.com/r/es/comments/1lzwwg2/opiniones_sobre_donar_sangre_de_forma_altruista/,n356ucv,"Empecé a donar en la universidad.

Vi a los de cruz roja hablando con los porretas de la puerta que la gente ignoraba y me dio algo de pena supongo. 

Diría que he ido cada 3 meses a donar. 

Has de tomar algo antes pero te dan un bocata y un refresco luego. 

A veces hay jovenes que van en grupo y tardan demasiado/se quedan los sitios de descanso breve post donación pero intentan regular esto para que no sea un desmadre.",empecé a donar en la universidad vi a los de cruz roja hablando con los porretas de la puerta que la gente ignoraba y me dio algo de pena supongo diría que he ido cada meses a donar has de tomar algo antes pero te dan un bocata y un refresco luego a veces hay jovenes que van en grupo y tardan demasiadose quedan los sitios de descanso breve post donación pero intentan regular esto para que no sea un desmadre,3,0
https://www.reddit.com/r/es/comments/1lzwwg2/opiniones_sobre_donar_sangre_de_forma_altruista/,n356y6o,"Yo dono desde hace unos doce años, de forma intermitente. No me cuesta nada y literalmente salvas vidas.",yo dono desde hace unos doce años de forma intermitente no me cuesta nada y literalmente salvas vidas,3,0
https://www.reddit.com/r/es/comments/1lzwwg2/opiniones_sobre_donar_sangre_de_forma_altruista/,n35by9q,"Yo intento donar lo máximo posible, para mantener el suministro se necesitan muchas donaciones al día, es muy gratificante porque haces un servicio a las sociedad que puede ser necesario en caso de emergencia. Si te gusta el tema te recomendaría hacerte donante de médula, no cuesta nada y puedes salvar una vida",yo intento donar lo máximo posible para mantener el suministro se necesitan muchas donaciones al día es muy gratificante porque haces un servicio a las sociedad que puede ser necesario en caso de emergencia si te gusta el tema te recomendaría hacerte donante de médula no cuesta nada y puedes salvar una vida,3,0
https://www.reddit.com/r/es/comments/1lzwwg2/opiniones_sobre_donar_sangre_de_forma_altruista/,n35ftn4,"Muchas gracias por tu comentario. Lo voy a tener en cuenta lo que me has dicho de la médula. De momento, como soy novato en esto me presentaré al de sangre pero ya he visto otra gente hablando sobre donación de médula también y es interesante. Gracias por tu tiempo y un saludo  !",muchas gracias por tu comentario lo voy a tener en cuenta lo que me has dicho de la médula de momento como soy novato en esto me presentaré al de sangre pero ya he visto otra gente hablando sobre donación de médula también y es interesante gracias por tu tiempo y un saludo,2,1
https://www.reddit.com/r/es/comments/1lzwwg2/opiniones_sobre_donar_sangre_de_forma_altruista/,n35d6no,"Siempre que puedo dono, y mi esposa también. Ella es 0-  y normalmente la sangre que dona se usa en uno o dos días por la demanda, es muy importante donar.",siempre que puedo dono y mi esposa también ella es y normalmente la sangre que dona se usa en uno o dos días por la demanda es muy importante donar,3,0
https://www.reddit.com/r/es/comments/1lzwwg2/opiniones_sobre_donar_sangre_de_forma_altruista/,n35grie,"Reconozco que saber qué tipo de sangre tienes así como tus posibilidades para donar, es realmente importante. En mi caso desconozco la mía, así que será bueno saberlo. Gracias por tu comentario y un saludo a ti y a tu esposa",reconozco que saber qué tipo de sangre tienes así como tus posibilidades para donar es realmente importante en mi caso desconozco la mía así que será bueno saberlo gracias por tu comentario y un saludo a ti y a tu esposa,1,1
https://www.reddit.com/r/es/comments/1lzwwg2/opiniones_sobre_donar_sangre_de_forma_altruista/,n3rvajq,Leí por ahí que al donar sangre te limpias de microplásticos y otras mierdas como lo del teflón de las sartenes que vamos ingiriendo. Una motivación extra jeje,leí por ahí que al donar sangre te limpias de microplásticos y otras mierdas como lo del teflón de las sartenes que vamos ingiriendo una motivación extra jeje,3,0
https://www.reddit.com/r/es/comments/1lzwwg2/opiniones_sobre_donar_sangre_de_forma_altruista/,n3utsld,Sí que he leído por ahí que te limpias algo la sangre después de hacer una donación. No sé qué porcentaje te limpiará pero es interesante saberlo y un añadido. Gracias por el comentario y un saludo!,sí que he leído por ahí que te limpias algo la sangre después de hacer una donación no sé qué porcentaje te limpiará pero es interesante saberlo y un añadido gracias por el comentario y un saludo,1,1
https://www.reddit.com/r/es/comments/1lzwwg2/opiniones_sobre_donar_sangre_de_forma_altruista/,n34zfvg,"Salvo que tengas problemas médicos, pánico a las agujas o algo semejante, donar sangre es bueno para ti además de un acto solidario. Una búsqueda de unos segundos y das con cosas como esta: https://www.eldiario.es/consumoclaro/tu-mejor-yo/ventajas-salud-donar-sangre-no-conocias_1_9594235.html",salvo que tengas problemas médicos pánico a las agujas o algo semejante donar sangre es bueno para ti además de un acto solidario una búsqueda de unos segundos y das con cosas como esta,4,0
https://www.reddit.com/r/es/comments/1lzwwg2/opiniones_sobre_donar_sangre_de_forma_altruista/,n351bvv,"Te agradezco la información y el posteo del link para conocer más. Ahora le echaré un vistazo. Por suerte, no tengo problemas médicos generales así que no creo que me encuentre ninguna traba para poder donar. De nuevo, gracias",te agradezco la información y el posteo del link para conocer más ahora le echaré un vistazo por suerte no tengo problemas médicos generales así que no creo que me encuentre ninguna traba para poder donar de nuevo gracias,1,1
https://www.reddit.com/r/es/comments/1lzwwg2/opiniones_sobre_donar_sangre_de_forma_altruista/,n350vxi,"0 problemas. Doné en un instituto cuando vinieron los del hospital y las enfermeras pilotaban muchísimo. Prácticamente ni te das cuenta, una ligera molestia. Y te dan descuentos para el cine 😁",problemas doné en un instituto cuando vinieron los del hospital y las enfermeras pilotaban muchísimo prácticamente ni te das cuenta una ligera molestia y te dan descuentos para el cine,2,0
https://www.reddit.com/r/es/comments/1lzwwg2/opiniones_sobre_donar_sangre_de_forma_altruista/,n355b6b,"Qué va, casi ni te enteras!! Y te lo dice alguien que le tiene panico a las agujas jajaja, pero todo sea por ayudar. Soy O- con lo cual es un plus porque mi sangre le vale a todo el mundo 😌",qué va casi ni te enteras y te lo dice alguien que le tiene panico a las agujas jajaja pero todo sea por ayudar soy o con lo cual es un plus porque mi sangre le vale a todo el mundo,2,2
https://www.reddit.com/r/es/comments/1lzwwg2/opiniones_sobre_donar_sangre_de_forma_altruista/,n358b2m,"Pues es muy interesante. A decir verdad, no sé cuál es el tipo de sangre que tengo yo así que será interesante saberlo a la hora de hacer mis donaciones. No tengo miedo a las agujas en mi caso, pero es bueno saberlo. De nuevo, gracias por tu ayuda a mi y al mundo 😄",pues es muy interesante a decir verdad no sé cuál es el tipo de sangre que tengo yo así que será interesante saberlo a la hora de hacer mis donaciones no tengo miedo a las agujas en mi caso pero es bueno saberlo de nuevo gracias por tu ayuda a mi y al mundo,2,3
https://www.reddit.com/r/es/comments/1lzwwg2/opiniones_sobre_donar_sangre_de_forma_altruista/,n352xw1,"Siempre me alegra ver que más gente se apunta a donar sangre, pero ojalá en España se incentivara más.

Aunque el modelo actual se basa en el altruismo y está muy bien, desgraciadamente la mayor parte de la sociedad no funciona así. Hay estudios que respaldan el hecho de que incentivos como descuentos, vales culturales o una pequeña compensación económica augmenta significativamente el número de donaciones sin comprometer la seguridad del proceso ni el compromiso de los donantes que ya donan sangre de forma altruista.

Y tampoco se trata de convertir la sangre en un negocio, sino de reconocer que valorar el tiempo y el esfuerzo de las personas donantes es muy efectivo, tanto para captar nuevos donantes, como para que vuelvan aquellos que ya donaron.",siempre me alegra ver que más gente se apunta a donar sangre pero ojalá en españa se incentivara más aunque el modelo actual se basa en el altruismo y está muy bien desgraciadamente la mayor parte de la sociedad no funciona así hay estudios que respaldan el hecho de que incentivos como descuentos vales culturales o una pequeña compensación económica augmenta significativamente el número de donaciones sin comprometer la seguridad del proceso ni el compromiso de los donantes que ya donan sangre de forma altruista y tampoco se trata de convertir la sangre en un negocio sino de reconocer que valorar el tiempo y el esfuerzo de las personas donantes es muy efectivo tanto para captar nuevos donantes como para que vuelvan aquellos que ya donaron,2,0
https://www.reddit.com/r/es/comments/1lzwwg2/opiniones_sobre_donar_sangre_de_forma_altruista/,n3hi7zs,"Creo que como tú dices es importante valorar el esfuerzo que hace la gente para poder sacar tiempo y esfuerzo y salir a donar. Además, he leído por aquí a gente que tiene miedo a las agujas y aún así hace el esfuerzo de ir a donar. Sea como sea, el reconocimiento a esa gente aunque sea por Internet como nosotros me parece lo mínimo, la verdad. Gracias por el comentario y un saludo",creo que como tú dices es importante valorar el esfuerzo que hace la gente para poder sacar tiempo y esfuerzo y salir a donar además he leído por aquí a gente que tiene miedo a las agujas y aún así hace el esfuerzo de ir a donar sea como sea el reconocimiento a esa gente aunque sea por internet como nosotros me parece lo mínimo la verdad gracias por el comentario y un saludo,1,1
https://www.reddit.com/r/es/comments/1lzwwg2/opiniones_sobre_donar_sangre_de_forma_altruista/,n37quv0,"España es uno de los países del mundo donde más donaciones de sangre se hacen, y de hecho, también transplantes. No hace falta dar ningún incentivo, ya te dan algo de comer y a veces tienen descuentillos en cine o eventos.

De hecho, si pagasen por las donaciones, posiblemente me costaría más ir.",españa es uno de los países del mundo donde más donaciones de sangre se hacen y de hecho también transplantes no hace falta dar ningún incentivo ya te dan algo de comer y a veces tienen descuentillos en cine o eventos de hecho si pagasen por las donaciones posiblemente me costaría más ir,0,1
https://www.reddit.com/r/es/comments/1lzwwg2/opiniones_sobre_donar_sangre_de_forma_altruista/,n353h3j,"Dono regularmente. Es muy facil donar aquí en España. Siempre quería donarla en mi país también pero necesitaba ir al algunos sitios muy especificos y horas muy especificas. Estoy donante de medula también hace mucho años (he hecho en mi país). 

Porqué hago? No sé. No estoy segura si están usando mi sangre tampoco porque es un tipo muy común. 

La gente trabajando ahí son muy amables. Luego dan refrescos y frutos secos jejejej. Y donde estoy, dan billetes de cinema con descuento.",dono regularmente es muy facil donar aquí en españa siempre quería donarla en mi país también pero necesitaba ir al algunos sitios muy especificos y horas muy especificas estoy donante de medula también hace mucho años he hecho en mi país porqué hago no sé no estoy segura si están usando mi sangre tampoco porque es un tipo muy común la gente trabajando ahí son muy amables luego dan refrescos y frutos secos jejejej y donde estoy dan billetes de cinema con descuento,2,0
https://www.reddit.com/r/es/comments/1lzwwg2/opiniones_sobre_donar_sangre_de_forma_altruista/,n355s8b,"Gracias por tu comentario. Ha sido interesantes leerte. No sé si seguirán dando billetes para el cine, pero es un buen añadido 😀 Tengamos fé en que las donaciones lleguen a un buen sitio. Gracias por tu tiempo escribiendo aquí",gracias por tu comentario ha sido interesantes leerte no sé si seguirán dando billetes para el cine pero es un buen añadido tengamos fé en que las donaciones lleguen a un buen sitio gracias por tu tiempo escribiendo aquí,2,1
https://www.reddit.com/r/es/comments/1lzwwg2/opiniones_sobre_donar_sangre_de_forma_altruista/,n353k6i,"Una galletita y un juguito y pa casa

Pd: no donen sangre despues de un turno de 36 hrs, van a estar bien mareados, yo hice esa mamada y para rematar la ultima vez que habia comido es la noche anterior al dia de la donación, quede echo mierda y cai a dormir al llegar a casa",una galletita y un juguito y pa casa pd no donen sangre despues de un turno de hrs van a estar bien mareados yo hice esa mamada y para rematar la ultima vez que habia comido es la noche anterior al dia de la donación quede echo mierda y cai a dormir al llegar a casa,2,0
https://www.reddit.com/r/es/comments/1lzwwg2/opiniones_sobre_donar_sangre_de_forma_altruista/,n3563c0,"Gracias por escribir. Por lo que leído, hay personas que le Dan mareos después de hacer una donación. Creo que por eso iré a donar después de comer algo, así que evitaré los posibles efectos de un mareo. Gracias por tu tiempo escribiendo",gracias por escribir por lo que leído hay personas que le dan mareos después de hacer una donación creo que por eso iré a donar después de comer algo así que evitaré los posibles efectos de un mareo gracias por tu tiempo escribiendo,2,1
https://www.reddit.com/r/es/comments/1lzwwg2/opiniones_sobre_donar_sangre_de_forma_altruista/,n353z6p,"&gt;Opiniones sobre donar sangre de forma altruista

Es que en España no hay otra forma de donar sangre. Si lo haces será siempre de forma altruista y para ayudar a los demás porque no está remunerado. Y esto es así por ley. Lo que  sí te darán será alguna bebida azucarada y algún dulce o algo así, básicamente para que repongas glucosa y líquidos tras la donación.

En cuanto a las opiniones, qué es exactamente lo que quieres saber? 

La experiencia, pues nada que no te puedas imaginar. Vas al sitio de la donación, te verá un médico, te hará algunas preguntas acerca de tu estado de salud general, peso, etc. Te tomarán la tensión y te medirán la glucosa y si todo está bien, pasarás a una camilla. Te pincharán con una aguja relativamente gruesa para que el flujo de sangre sea correcto, te sacarán como 1/2 L o así, y después te darán algo con azúcar para que te repongas y te quedas allí un ratito hasta estar seguro de que no te va a dar una pájara.

En cuanto a los motivos, creo que eso ya está respondido. No sé si hay algo más que necesites saber.",gtopiniones sobre donar sangre de forma altruista es que en españa no hay otra forma de donar sangre si lo haces será siempre de forma altruista y para ayudar a los demás porque no está remunerado y esto es así por ley lo que sí te darán será alguna bebida azucarada y algún dulce o algo así básicamente para que repongas glucosa y líquidos tras la donación en cuanto a las opiniones qué es exactamente lo que quieres saber la experiencia pues nada que no te puedas imaginar vas al sitio de la donación te verá un médico te hará algunas preguntas acerca de tu estado de salud general peso etc te tomarán la tensión y te medirán la glucosa y si todo está bien pasarás a una camilla te pincharán con una aguja relativamente gruesa para que el flujo de sangre sea correcto te sacarán como l o así y después te darán algo con azúcar para que te repongas y te quedas allí un ratito hasta estar seguro de que no te va a dar una pájara en cuanto a los motivos creo que eso ya está respondido no sé si hay algo más que necesites saber,2,0
https://www.reddit.com/r/es/comments/1lzwwg2/opiniones_sobre_donar_sangre_de_forma_altruista/,n35b8gx,"No vayas en ayunas ni hagas deporte ese día, ni antes ni después. Tampoco hace falta que vayas justo después de comer, mientras no estés en ayunas, cualquier hora sirve. No tomes alcohol ese día. Si consumes algún tipo de droga o medicación habitualmente, según lo que sea es muy probable que te echen p'atrás. Si es algo ""suave"" y ocasional, ese día no es buen día para hacerlo. Si pesas muy poco también te dirán que no, y si eres mujer y tienes la regla, espérate a terminarla.

En cuanto a posibles enfermedades infecciosas, si sabes que tienes alguna es obvio y creo que sabes que no debes donar. En cualquier caso tu sangre se analizará al llegar al depósito y si aparece algo se descartará. En ese caso también contactarían contigo para informarte de lo que hayan encontrado.

Cuando termines, independientemente de lo que te den ellos, hidrátate bien (sobre todo, pero no solo, ahora en verano), y si te quieres pegar un pequeño homenaje con la comida (sin que se te vaya de las manos y sin alcohol), es buen día para hacerlo sin remordimientos.",no vayas en ayunas ni hagas deporte ese día ni antes ni después tampoco hace falta que vayas justo después de comer mientras no estés en ayunas cualquier hora sirve no tomes alcohol ese día si consumes algún tipo de droga o medicación habitualmente según lo que sea es muy probable que te echen patrás si es algo suave y ocasional ese día no es buen día para hacerlo si pesas muy poco también te dirán que no y si eres mujer y tienes la regla espérate a terminarla en cuanto a posibles enfermedades infecciosas si sabes que tienes alguna es obvio y creo que sabes que no debes donar en cualquier caso tu sangre se analizará al llegar al depósito y si aparece algo se descartará en ese caso también contactarían contigo para informarte de lo que hayan encontrado cuando termines independientemente de lo que te den ellos hidrátate bien sobre todo pero no solo ahora en verano y si te quieres pegar un pequeño homenaje con la comida sin que se te vaya de las manos y sin alcohol es buen día para hacerlo sin remordimientos,2,2
https://www.reddit.com/r/es/comments/1lzwwg2/opiniones_sobre_donar_sangre_de_forma_altruista/,n357j19,"Pues muchas gracias ! Tendo decidido que lo voy a hacer, preferiblemente lo haré en fin de semana que es cuando tengo tiempo. Más o menos cuánto es la duración de la donación según tu experiencia ? Creo que leí a otro compañero que decía que era unos 30 minutos  a una hora. Gracias por tu tiempo escribiendo y un saludo",pues muchas gracias tendo decidido que lo voy a hacer preferiblemente lo haré en fin de semana que es cuando tengo tiempo más o menos cuánto es la duración de la donación según tu experiencia creo que leí a otro compañero que decía que era unos minutos a una hora gracias por tu tiempo escribiendo y un saludo,1,1
https://www.reddit.com/r/es/comments/1lzwwg2/opiniones_sobre_donar_sangre_de_forma_altruista/,n35f8cd,"Sobre todo, lo importante es no donarlo a la cruz roja. Cogen tu sangre que has donado y la venden a los hospitales. Mejor dona en un hospital de verdad.",sobre todo lo importante es no donarlo a la cruz roja cogen tu sangre que has donado y la venden a los hospitales mejor dona en un hospital de verdad,2,0
https://www.reddit.com/r/es/comments/1lzwwg2/opiniones_sobre_donar_sangre_de_forma_altruista/,n35fgo9,"Es una muy buena idea hacerlo, y, es más, sugeriría también presentarse para estar disponible como donante de médula. Yo lo hice después de que una de mis compañeras de la uni falleciera por leucemia, cuya solución es, precisamente, el transplante de médula ósea.",es una muy buena idea hacerlo y es más sugeriría también presentarse para estar disponible como donante de médula yo lo hice después de que una de mis compañeras de la uni falleciera por leucemia cuya solución es precisamente el transplante de médula ósea,2,0
https://www.reddit.com/r/es/comments/1lzwwg2/opiniones_sobre_donar_sangre_de_forma_altruista/,n3hggjt,"Vaya, lo siento de tu compañera, sinceramente. Veo a bastante gente diciendo que fue o es donante de médula en los comentarios. De momento tengo pensado presentarme a donar sangre y plasma, y lo de la médula me lo pensaré para el futuro. Gracias y un saludo !",vaya lo siento de tu compañera sinceramente veo a bastante gente diciendo que fue o es donante de médula en los comentarios de momento tengo pensado presentarme a donar sangre y plasma y lo de la médula me lo pensaré para el futuro gracias y un saludo,2,1
https://www.reddit.com/r/es/comments/1lzwwg2/opiniones_sobre_donar_sangre_de_forma_altruista/,n35gpj2,"Ya que A- no es de los tipos más comunes ni de los que más tipo de sangre puede recibir, aporto mi granito de arena donando mi sangre.",ya que a no es de los tipos más comunes ni de los que más tipo de sangre puede recibir aporto mi granito de arena donando mi sangre,2,0
https://www.reddit.com/r/es/comments/1lzwwg2/opiniones_sobre_donar_sangre_de_forma_altruista/,n35iyw5,Seguro que alguien en el futuro que reciba tu sangre te lo agradece aunque tú no lo conozcas al ser tu sangre de las poco comunes.  Gracias por escribir por aquí !,seguro que alguien en el futuro que reciba tu sangre te lo agradece aunque tú no lo conozcas al ser tu sangre de las poco comunes gracias por escribir por aquí,1,1
https://www.reddit.com/r/es/comments/1lzwwg2/opiniones_sobre_donar_sangre_de_forma_altruista/,n35gr4f,"La sangre es vida. Donar sangre es donar vida. Si estás sano, ni te lo pienses. Puede que el día de mañana necesites una transfusión de alguien que previamente donó de manera altruista. Es de esas cosas que te reconcilian con la humanidad 😊",la sangre es vida donar sangre es donar vida si estás sano ni te lo pienses puede que el día de mañana necesites una transfusión de alguien que previamente donó de manera altruista es de esas cosas que te reconcilian con la humanidad,2,0
https://www.reddit.com/r/es/comments/1lzwwg2/opiniones_sobre_donar_sangre_de_forma_altruista/,n3hg62p,"Pues sí, tienes razón.  A decir verdad, que haya tanta gente en este hilo que ha donado o está donando actualmente te hace recuperar un poco la esperanza en la humanidad al ver cómo se mueve la gente. Gracias por tu comentario !",pues sí tienes razón a decir verdad que haya tanta gente en este hilo que ha donado o está donando actualmente te hace recuperar un poco la esperanza en la humanidad al ver cómo se mueve la gente gracias por tu comentario,1,1
https://www.reddit.com/r/es/comments/1lzwwg2/opiniones_sobre_donar_sangre_de_forma_altruista/,n35irss,"Sienta muy bien, yo dono en Málaga frecuentemente desde hace unos tres años, y el personal del centro de donaciones es muy agradable y profesional. Te dan dulces gratis tras donar, y sabes que estás ayudando mucho a alguien sin esperar nada a cambio, solo costándote un poco de tiempo. 

A mí me alegra el día cada vez que voy el poder hacer ese gesto!!",sienta muy bien yo dono en málaga frecuentemente desde hace unos tres años y el personal del centro de donaciones es muy agradable y profesional te dan dulces gratis tras donar y sabes que estás ayudando mucho a alguien sin esperar nada a cambio solo costándote un poco de tiempo a mí me alegra el día cada vez que voy el poder hacer ese gesto,2,0
https://www.reddit.com/r/es/comments/1lzwwg2/opiniones_sobre_donar_sangre_de_forma_altruista/,n35jhy7,"Pues me alegro por ti. Debes de sentirte orgulloso por tu labor, yo lo estaría, la verdad. Además, tres años es mucho tiempo donando. Gracias por contar tu experiencia!",pues me alegro por ti debes de sentirte orgulloso por tu labor yo lo estaría la verdad además tres años es mucho tiempo donando gracias por contar tu experiencia,1,1
https://www.reddit.com/r/es/comments/1lzwwg2/opiniones_sobre_donar_sangre_de_forma_altruista/,n35jh38,"Es una las mejores sensaciones que he tenido en la vida 😊 llevo unas donaciones desde 2023, y es mi manera de aportar a la sociedad española (más alla de pagar impuestos 😆)

Un poco de contexto, nací en Filipinas y me mudé a España en 2022 tras casarme con mi marido. Me daba vergüenza beneficiarme de la seguridad social sin haber hecho cotizaciones (antes de encontrar trabajo), y decidí donar sangre.

https://preview.redd.it/2ctlfvc3swcf1.jpeg?width=1170&amp;format=pjpg&amp;auto=webp&amp;s=694e10551966156d9e3aa012bf3edcf94d67d6bb",es una las mejores sensaciones que he tenido en la vida llevo unas donaciones desde y es mi manera de aportar a la sociedad española más alla de pagar impuestos un poco de contexto nací en filipinas y me mudé a españa en tras casarme con mi marido me daba vergüenza beneficiarme de la seguridad social sin haber hecho cotizaciones antes de encontrar trabajo y decidí donar sangre,2,0
https://www.reddit.com/r/es/comments/1lzwwg2/opiniones_sobre_donar_sangre_de_forma_altruista/,n35lk9f,"Donar sangre es siempre altruista y es siempre por ayudar a otros.

  
O me estoy perdiendo de algo?

(yo personalmente llevo 20 años donando cada seis meses)",donar sangre es siempre altruista y es siempre por ayudar a otros o me estoy perdiendo de algo yo personalmente llevo años donando cada seis meses,2,0
https://www.reddit.com/r/es/comments/1lzwwg2/opiniones_sobre_donar_sangre_de_forma_altruista/,n3hfg2z,"Tienes que estar muy orgulloso de ti. Seguramente la cantidad de gente que hayas podido ayudar gracias a tus donaciones después de tanto tiempo tiene que ser alta. Es motivante, así que te doy las gracias",tienes que estar muy orgulloso de ti seguramente la cantidad de gente que hayas podido ayudar gracias a tus donaciones después de tanto tiempo tiene que ser alta es motivante así que te doy las gracias,1,1
https://www.reddit.com/r/es/comments/1lzwwg2/opiniones_sobre_donar_sangre_de_forma_altruista/,n35naux,"Hola, yo hace poco que empecé a donar y la experiencia siempre ha sido buena. El trato ha sido excelente siempre y la gente con la que coincides es muy amable. Desde luego, si puedes, lo recomiendo del todo. Además te hacen una analítica cada vez que vas, por lo que también tienes eso sin tener que ir con cita.",hola yo hace poco que empecé a donar y la experiencia siempre ha sido buena el trato ha sido excelente siempre y la gente con la que coincides es muy amable desde luego si puedes lo recomiendo del todo además te hacen una analítica cada vez que vas por lo que también tienes eso sin tener que ir con cita,2,0
https://www.reddit.com/r/es/comments/1lzwwg2/opiniones_sobre_donar_sangre_de_forma_altruista/,n3hf63c,"Lo de la analítica me llama la atención porque es algo bueno y está bien saberlo. Gracias por tu donación, desde luego. Un saludo y que vaya bien el día !",lo de la analítica me llama la atención porque es algo bueno y está bien saberlo gracias por tu donación desde luego un saludo y que vaya bien el día,2,1
https://www.reddit.com/r/es/comments/1lzwwg2/opiniones_sobre_donar_sangre_de_forma_altruista/,n35nt21,"Hasta ahora solo he donado dos veces ya que este año es cuando he alcanzado la mayoria de edad. De momento todo genial, los encargados muy amables, y sin complicacion alguna, no veo que razones habria para no donar sangre.",hasta ahora solo he donado dos veces ya que este año es cuando he alcanzado la mayoria de edad de momento todo genial los encargados muy amables y sin complicacion alguna no veo que razones habria para no donar sangre,2,0
https://www.reddit.com/r/es/comments/1lzwwg2/opiniones_sobre_donar_sangre_de_forma_altruista/,n35prvc,"No fui donante hasta hace unos 5-6 años, porque tenía una tremenda fobia a las agujas. Lo superé, y no podría estar más orgullosa. Si estás sano y quieres ayudar, no lo dudes!",no fui donante hasta hace unos años porque tenía una tremenda fobia a las agujas lo superé y no podría estar más orgullosa si estás sano y quieres ayudar no lo dudes,2,0
https://www.reddit.com/r/es/comments/1lzwwg2/opiniones_sobre_donar_sangre_de_forma_altruista/,n3heno5,"Sin duda, debes de estar muy orgullosa con cómo eres y lo que has conseguido. No todo el mundo supera su miedo a las agujas. Creo que es de mucho valor ! Gracias por tu aportación y un saludo 😊",sin duda debes de estar muy orgullosa con cómo eres y lo que has conseguido no todo el mundo supera su miedo a las agujas creo que es de mucho valor gracias por tu aportación y un saludo,1,1
https://www.reddit.com/r/es/comments/1lzwwg2/opiniones_sobre_donar_sangre_de_forma_altruista/,n35pyha,"Yo en su momento lo hice bastante, la verdad tengo que volver a hacerlo, nunca hubo ningún problema, tengo buenas venas, más allá de algún mareo, ahora voy después de tomarme un café suave, quizás no te lo recomienden pero siempre se lo digo en el centro para que sepan porque tengo la tensión un pelín más alta, me sirve para no marearme, estás un rato ahí y al menos donde vivo te dan un par de zumos y cositas así, uno de los efectos secundarios positivos de donar sangre es que luego cuando te toca analítica te hace hasta gracia de lo rápido que es jajajaja.

En cuanto al ""momento aguja"" molesta un poquito al ponértela porque es algo gruesa pero una vez puesta no se nota mucho, además la gente que trabaja en los centros tiene mucha experiencia.",yo en su momento lo hice bastante la verdad tengo que volver a hacerlo nunca hubo ningún problema tengo buenas venas más allá de algún mareo ahora voy después de tomarme un café suave quizás no te lo recomienden pero siempre se lo digo en el centro para que sepan porque tengo la tensión un pelín más alta me sirve para no marearme estás un rato ahí y al menos donde vivo te dan un par de zumos y cositas así uno de los efectos secundarios positivos de donar sangre es que luego cuando te toca analítica te hace hasta gracia de lo rápido que es jajajaja en cuanto al momento aguja molesta un poquito al ponértela porque es algo gruesa pero una vez puesta no se nota mucho además la gente que trabaja en los centros tiene mucha experiencia,2,0
https://www.reddit.com/r/es/comments/1lzwwg2/opiniones_sobre_donar_sangre_de_forma_altruista/,n3heg76,"Hola ! Pues gracias por tu escrito. Me anima a hacerlo yo también, ya que veo que aquí la gente ha tenido experiencias positivas haciendo cosas como esta. Quien sabe, puede que incluso este hilos y sus respuestas motive a alguien más a donar aparte de mi. Un saludo y gracias !",hola pues gracias por tu escrito me anima a hacerlo yo también ya que veo que aquí la gente ha tenido experiencias positivas haciendo cosas como esta quien sabe puede que incluso este hilos y sus respuestas motive a alguien más a donar aparte de mi un saludo y gracias,2,1
https://www.reddit.com/r/es/comments/1lzwwg2/opiniones_sobre_donar_sangre_de_forma_altruista/,n35rjfi,"La verdad es algo que me alegra hacer, nunca sabes a quien vas a salvar al final pero sabes que vas a aportar un salvavidas con la donación de sangre. 
Además, en mi caso, me es muy conveniente ya que poseo una cantidad de globulos rojos bastante elevada de la media, encima luego no me siento tan decaido cuando termino la sesión, es más hasta nos tratan bien dejandonos beber zumos y comer cosas. Me lo paso genial bebiendo siempre un Lacao jejeje.",la verdad es algo que me alegra hacer nunca sabes a quien vas a salvar al final pero sabes que vas a aportar un salvavidas con la donación de sangre además en mi caso me es muy conveniente ya que poseo una cantidad de globulos rojos bastante elevada de la media encima luego no me siento tan decaido cuando termino la sesión es más hasta nos tratan bien dejandonos beber zumos y comer cosas me lo paso genial bebiendo siempre un lacao jejeje,2,0
https://www.reddit.com/r/es/comments/1lzwwg2/opiniones_sobre_donar_sangre_de_forma_altruista/,n36v6ky,"Soy una persona con problemas de salud por lo que no dono, pero me parece muy bonito lo que estoy leyendo. Nunca he necesitado sangre pero gracias a todos los que donan. Me hace sentir que hay gente buena a la que le importan los enfermos. Mucha gente no trata bien a los que están mal de salud, ver que hay extraños que donan parte de su sangre me da un poco de sentimiento.",soy una persona con problemas de salud por lo que no dono pero me parece muy bonito lo que estoy leyendo nunca he necesitado sangre pero gracias a todos los que donan me hace sentir que hay gente buena a la que le importan los enfermos mucha gente no trata bien a los que están mal de salud ver que hay extraños que donan parte de su sangre me da un poco de sentimiento,2,0
https://www.reddit.com/r/es/comments/1lzwwg2/opiniones_sobre_donar_sangre_de_forma_altruista/,n38dnty,Mejor cosa que puedes hacer gratis a ayudar alguien sin esperar nada a cambio.... Encima tiene sus beneficios a ti también renovando tu sangre.... No la dudes....,mejor cosa que puedes hacer gratis a ayudar alguien sin esperar nada a cambio encima tiene sus beneficios a ti también renovando tu sangre no la dudes,2,0
https://www.reddit.com/r/es/comments/1lzwwg2/opiniones_sobre_donar_sangre_de_forma_altruista/,n3h0y4m,Muchas gracias.  Tengo pensado en los próximos días ir a donar teniendo en cuenta la cantidad de comentarios positivos que estoy escuchando del tema. Gracias por tu apoyo y un saludo !,muchas gracias tengo pensado en los próximos días ir a donar teniendo en cuenta la cantidad de comentarios positivos que estoy escuchando del tema gracias por tu apoyo y un saludo,1,1
https://www.reddit.com/r/es/comments/1lzwwg2/opiniones_sobre_donar_sangre_de_forma_altruista/,n39q6ij,"Desde que tengo 18 doné sangre (siempre que me acuerdo, para ser justos) en el hospital de mi ciudad. Son gestos altruistas que no cuestan absolutamente nada y puede, literalmente, significar la supervivencia de otra persona. Además, las enfermeras que lo realizan son de las personas más amables y graciosas que me he encontrado nunca. Ánimo!",desde que tengo doné sangre siempre que me acuerdo para ser justos en el hospital de mi ciudad son gestos altruistas que no cuestan absolutamente nada y puede literalmente significar la supervivencia de otra persona además las enfermeras que lo realizan son de las personas más amables y graciosas que me he encontrado nunca ánimo,2,0
https://www.reddit.com/r/es/comments/1lzwwg2/opiniones_sobre_donar_sangre_de_forma_altruista/,n3h1mox,"Pues muchas gracias por tu comentario. No sé cuanto tiempo llevas donando pero tiene que ser todo un orgullo para ti, seguro que ayudaste a mucha gente aunque nunca sepamos quiénes son. Gracias por tu comentario, fue una motivación",pues muchas gracias por tu comentario no sé cuanto tiempo llevas donando pero tiene que ser todo un orgullo para ti seguro que ayudaste a mucha gente aunque nunca sepamos quiénes son gracias por tu comentario fue una motivación,1,1
https://www.reddit.com/r/es/comments/1lzwwg2/opiniones_sobre_donar_sangre_de_forma_altruista/,n3a7t21,"Yo done sangre porque a mí mamá la van a operar y le solicitaban voluntarios, cabe aclarar que odio las agujas. Todo salió muy bien y me dieron un sándwich y un jugo, te sientes bien contigo mismo y sabes que estás ayudando.
Pienso donar más constantemente.",yo done sangre porque a mí mamá la van a operar y le solicitaban voluntarios cabe aclarar que odio las agujas todo salió muy bien y me dieron un sándwich y un jugo te sientes bien contigo mismo y sabes que estás ayudando pienso donar más constantemente,2,0
https://www.reddit.com/r/es/comments/1lzwwg2/opiniones_sobre_donar_sangre_de_forma_altruista/,n3h1ssn,Me parece genial y me ha gustado tu historia. Creo que tienes que sentirte orgulloso que aunque odies las agujas hagas ese gesto por la gente. Yo en tu lugar estaría orgulloso.  Gracias por tu comentario,me parece genial y me ha gustado tu historia creo que tienes que sentirte orgulloso que aunque odies las agujas hagas ese gesto por la gente yo en tu lugar estaría orgulloso gracias por tu comentario,2,1
https://www.reddit.com/r/es/comments/1lzwwg2/opiniones_sobre_donar_sangre_de_forma_altruista/,n3an68c,"En la universidad y cuando tuve un familiar ingresado donaba con asiduidad. Es rápid, indoloro te daban un bocadillo/galletas y un zumo.

No encontrarás una forma más fácil de ayudar.",en la universidad y cuando tuve un familiar ingresado donaba con asiduidad es rápid indoloro te daban un bocadillogalletas y un zumo no encontrarás una forma más fácil de ayudar,2,0
https://www.reddit.com/r/es/comments/1lzwwg2/opiniones_sobre_donar_sangre_de_forma_altruista/,n3bg6tx,"Llevo desde los 18 donando (32F) y no Tengo nada malo que decir. Si li haces por forma altruista y porque quieres, adelante.
Incluso si te genera alguna duda te diría que pruebes a hacerlo para tener tu propia opinión.",llevo desde los donando f y no tengo nada malo que decir si li haces por forma altruista y porque quieres adelante incluso si te genera alguna duda te diría que pruebes a hacerlo para tener tu propia opinión,2,0
https://www.reddit.com/r/es/comments/1lzwwg2/opiniones_sobre_donar_sangre_de_forma_altruista/,n3hdbw8,"Me llama mucho la atención la cantidad de años que llevas donando. Debe de ser todo un orgullo para ti! Seguro que has ayudado a mucha gente desde entonces. Gracias por tu comentario, fue motivante. Y un saludo !",me llama mucho la atención la cantidad de años que llevas donando debe de ser todo un orgullo para ti seguro que has ayudado a mucha gente desde entonces gracias por tu comentario fue motivante y un saludo,1,1
https://www.reddit.com/r/es/comments/1lzwwg2/opiniones_sobre_donar_sangre_de_forma_altruista/,n3i34zu,"No te creas, tampoco soy muy constante, lo máximo que puedo hacer es uno cada 4 meses y a veces tardo más. Otras veces me han rechazado la donación por anemia, porque me he mareado, lo que fuera...
Llevo muchos años haciéndolo de vez en cuando (que mejor eso que nada, supongo!)
Si te animas cuentanos que te ha parecido, animo!!!",no te creas tampoco soy muy constante lo máximo que puedo hacer es uno cada meses y a veces tardo más otras veces me han rechazado la donación por anemia porque me he mareado lo que fuera llevo muchos años haciéndolo de vez en cuando que mejor eso que nada supongo si te animas cuentanos que te ha parecido animo,1,2
https://www.reddit.com/r/es/comments/1lzwwg2/opiniones_sobre_donar_sangre_de_forma_altruista/,n3e9e1i,Siempre que voy al hospital a visitar un familiar voy a donar sangre. No cuesta nada y encima te dan galletas y zumo para desayunar 😁,siempre que voy al hospital a visitar un familiar voy a donar sangre no cuesta nada y encima te dan galletas y zumo para desayunar,2,0
https://www.reddit.com/r/es/comments/1lzwwg2/opiniones_sobre_donar_sangre_de_forma_altruista/,n3e9ill,"Y como tip, si se te pone morado el trozo del pinchazo comprate 'afterbite' o cualquier producto con arnica para que se vaya rapido.",y como tip si se te pone morado el trozo del pinchazo comprate afterbite o cualquier producto con arnica para que se vaya rapido,2,1
https://www.reddit.com/r/es/comments/1lzwwg2/opiniones_sobre_donar_sangre_de_forma_altruista/,n3hcmls,"Ey, muchas gracias por el comentario.  No sabía de la existencia del ""afterbite"" que hablas. Lo tendré en cuenta cuando me toque hacer la donación y me pinchen. Gracias y un saludo !",ey muchas gracias por el comentario no sabía de la existencia del afterbite que hablas lo tendré en cuenta cuando me toque hacer la donación y me pinchen gracias y un saludo,1,2
https://www.reddit.com/r/es/comments/1lzwwg2/opiniones_sobre_donar_sangre_de_forma_altruista/,n3ewpy8,"Yo empecé por tres motivos, saber mí tipo de sangre, altruismo, y reservas muy muy bajas en mi comunidad (al punto de tener que posponer operaciones), soy universal así que dono cada vez que puedo (pospuse una cita pa un tatuaje para ir a donar por ejemplo), si le tienes miedo a las agujas mira a otro lado y ya lo tienes solucionado y si notas que sientes la vía por dentro del brazo pide una pelotita anti estrés que ayuda bastante. 

Es algo importante y que no cuesta nada y también está la posibilidad de hacerse donante de médula por si te interesase.",yo empecé por tres motivos saber mí tipo de sangre altruismo y reservas muy muy bajas en mi comunidad al punto de tener que posponer operaciones soy universal así que dono cada vez que puedo pospuse una cita pa un tatuaje para ir a donar por ejemplo si le tienes miedo a las agujas mira a otro lado y ya lo tienes solucionado y si notas que sientes la vía por dentro del brazo pide una pelotita anti estrés que ayuda bastante es algo importante y que no cuesta nada y también está la posibilidad de hacerse donante de médula por si te interesase,2,0
https://www.reddit.com/r/es/comments/1lzwwg2/opiniones_sobre_donar_sangre_de_forma_altruista/,n3f76gl,"Yo dono sangre, porque creo que es una contribución que puedo hacer y solo me influye 20 minutos de mi tiempo.

Además, con mis hermanos, iniciamos un pique sano, de donaciones de Sangre, así, hay cierto aliciente, y dan detallitos muy interesantes, el año pasado, era una bolsa para que no se moje el móvil.

Y por salud, no se el motivo real, pero siento menos dolores de cabeza, sobre todo lo relacionaria con nerviosismo.

Y que estás donando una parte de tu cuerpo que se va regenerando, y tiene un uso.

Y por último, facilita el trámite de donar médula, ya que en la misma donación, pueden revisar (si quieres) y registrarte como posible donante.",yo dono sangre porque creo que es una contribución que puedo hacer y solo me influye minutos de mi tiempo además con mis hermanos iniciamos un pique sano de donaciones de sangre así hay cierto aliciente y dan detallitos muy interesantes el año pasado era una bolsa para que no se moje el móvil y por salud no se el motivo real pero siento menos dolores de cabeza sobre todo lo relacionaria con nerviosismo y que estás donando una parte de tu cuerpo que se va regenerando y tiene un uso y por último facilita el trámite de donar médula ya que en la misma donación pueden revisar si quieres y registrarte como posible donante,2,0
https://www.reddit.com/r/es/comments/1lzwwg2/opiniones_sobre_donar_sangre_de_forma_altruista/,n3hceqt,"Hola, gracias por tu aportación y tu comentario. Es motivante saber que hay gente por allí que hace donaciones como es el caso de tu familia.  Gracias por tu escrito y por tu información!",hola gracias por tu aportación y tu comentario es motivante saber que hay gente por allí que hace donaciones como es el caso de tu familia gracias por tu escrito y por tu información,1,1
https://www.reddit.com/r/es/comments/1lzwwg2/opiniones_sobre_donar_sangre_de_forma_altruista/,n3ungh9,"Gracias a ti, creo que este hilo ha sido una campaña más efectiva para animar a la donación de sangre, y plasma, que un cartel en mitad de la calle más transcurrida de las principales ciudades. 

Ya que la gente está expresando buenas intenciones, y puras ventajas. 

Y ya de paso desmontar las prácticas (privatizadas, creo que solo lo hacen en ""la tierra de la Libertad"", Madrid), de cobrar dinero público por recoger sangre, en Valencia, Castellón y Alicante, esta el centro de Transfusión y su servicio itinerante y son profesionales como la copa de un pino.",gracias a ti creo que este hilo ha sido una campaña más efectiva para animar a la donación de sangre y plasma que un cartel en mitad de la calle más transcurrida de las principales ciudades ya que la gente está expresando buenas intenciones y puras ventajas y ya de paso desmontar las prácticas privatizadas creo que solo lo hacen en la tierra de la libertad madrid de cobrar dinero público por recoger sangre en valencia castellón y alicante esta el centro de transfusión y su servicio itinerante y son profesionales como la copa de un pino,1,2
https://www.reddit.com/r/es/comments/1lzwwg2/opiniones_sobre_donar_sangre_de_forma_altruista/,n3v1ks1,"Realmente, llevo pensando en eso desde ayer.  Me sorprende la buena acogida que ha tenido esta publicación de Reddit. También es cierto, que como contesto a la gente quizás eso ha movido el algoritmo de Reddit y por eso se lo ha mostrado a mucha más gente. Y pienso lo mismo que tú; venía de forma genuina a preguntar por opiniones antes de empezar a buscar centros de donación y al final mucha más gente se ha unido a contar su experiencia. Nunca sabremos si esto motivó a alguien más aparte de mi a donar con la cantidad de gente que hay aquí pero la lógica me dice que así ha sido. Gracias por tu comentario, de nuevo  😀",realmente llevo pensando en eso desde ayer me sorprende la buena acogida que ha tenido esta publicación de reddit también es cierto que como contesto a la gente quizás eso ha movido el algoritmo de reddit y por eso se lo ha mostrado a mucha más gente y pienso lo mismo que tú venía de forma genuina a preguntar por opiniones antes de empezar a buscar centros de donación y al final mucha más gente se ha unido a contar su experiencia nunca sabremos si esto motivó a alguien más aparte de mi a donar con la cantidad de gente que hay aquí pero la lógica me dice que así ha sido gracias por tu comentario de nuevo,1,3
https://www.reddit.com/r/es/comments/1lzwwg2/opiniones_sobre_donar_sangre_de_forma_altruista/,n3hk1zb,"Si me permites un consejo, si tienes tendencia a tener la tensión un poco baja, y ahora con el calor que está haciendo, más vale que el refresco lo tomes antes o durante la donación, porque si esperas a después es posible que te marees. Nones grave, porque estarás sentado y no te vas a caer, pero no es agradable sentirse así.",si me permites un consejo si tienes tendencia a tener la tensión un poco baja y ahora con el calor que está haciendo más vale que el refresco lo tomes antes o durante la donación porque si esperas a después es posible que te marees nones grave porque estarás sentado y no te vas a caer pero no es agradable sentirse así,2,0
https://www.reddit.com/r/es/comments/1lzwwg2/opiniones_sobre_donar_sangre_de_forma_altruista/,n3kypcc,"Yo hubo un periodo de mi vida que donaba bastante, hasta que vi que se le vendía sangre a centros privados. Eso me cabreó muchísimo. Si van a sacar dinero de mi cuerpo, que compartan.",yo hubo un periodo de mi vida que donaba bastante hasta que vi que se le vendía sangre a centros privados eso me cabreó muchísimo si van a sacar dinero de mi cuerpo que compartan,2,0
https://www.reddit.com/r/es/comments/1lzwwg2/opiniones_sobre_donar_sangre_de_forma_altruista/,n3ux7z7,"Entiendo tu punto de vista, de hecho hay gente que ha opinado lo mismo  ( que se vende la sangre ). Por lo que comentan otros si vas directamente a la planta de los hospitales a hacer donaciones directamente al no haber intermediarios en esto nadie vende nada. Que es mi idea al ser un novato, y por lo que me recomienda la gente, ir a un hospital y hacer allí la donación. Gracias por tu punto de vista, el comentario y un saludo !",entiendo tu punto de vista de hecho hay gente que ha opinado lo mismo que se vende la sangre por lo que comentan otros si vas directamente a la planta de los hospitales a hacer donaciones directamente al no haber intermediarios en esto nadie vende nada que es mi idea al ser un novato y por lo que me recomienda la gente ir a un hospital y hacer allí la donación gracias por tu punto de vista el comentario y un saludo,2,1
https://www.reddit.com/r/es/comments/1lzwwg2/opiniones_sobre_donar_sangre_de_forma_altruista/,n3lby72,"Donar sangre, si es en un hospital público mejor, la sangre no se venderá. 

Aunque el proceso es más lento, si tienes tiempo puedes informarte sobre la donación de plasma, también muy necesario. 

Y ya para los más generosos también está la donación de médula, de esta os comparto un vídeo donde te explican cómo funciona.

https://youtu.be/QlsTCSCHCPs

Resumiendo, donar vida siempre es bien. 🫶",donar sangre si es en un hospital público mejor la sangre no se venderá aunque el proceso es más lento si tienes tiempo puedes informarte sobre la donación de plasma también muy necesario y ya para los más generosos también está la donación de médula de esta os comparto un vídeo donde te explican cómo funciona resumiendo donar vida siempre es bien,2,0
https://www.reddit.com/r/es/comments/1lzwwg2/opiniones_sobre_donar_sangre_de_forma_altruista/,n3uwsnc,"Gracias por la información aportada, así como el vídeo de YouTube. Me lo guardo en favoritos para verlo más tarde. En mi caso, he decidido que voy a ir a donar sangre al hospital de mi ciudad directamente. Gracias por tu comentario y un saludo!",gracias por la información aportada así como el vídeo de youtube me lo guardo en favoritos para verlo más tarde en mi caso he decidido que voy a ir a donar sangre al hospital de mi ciudad directamente gracias por tu comentario y un saludo,1,1
https://www.reddit.com/r/es/comments/1lzwwg2/opiniones_sobre_donar_sangre_de_forma_altruista/,n3lctkm,"Bueno, aunque yo sea del tipo ""menos util"" (AB+), me han dicho que el plasma es el mejor de todos por no tener ningún de los anticuerpos (o algo así - ya que podemos recibir todos los tipos). Entonces siempre que puedo, hago mi donación, aunque sepa que no se va aprovechar mucho.

Lo hago desde joven, y siempre me ha sentado bien, sabiendo que algo se aprovecha. Al menos tres veces al año estoy ahí.",bueno aunque yo sea del tipo menos util ab me han dicho que el plasma es el mejor de todos por no tener ningún de los anticuerpos o algo así ya que podemos recibir todos los tipos entonces siempre que puedo hago mi donación aunque sepa que no se va aprovechar mucho lo hago desde joven y siempre me ha sentado bien sabiendo que algo se aprovecha al menos tres veces al año estoy ahí,2,0
https://www.reddit.com/r/es/comments/1lzwwg2/opiniones_sobre_donar_sangre_de_forma_altruista/,n3uwj8b,"Desde mi punto de vista, cualquier cosa que aporte una persona tenga la sangre que tenga me parece que ya es muy útil. Quien sabe si hay alguien en el mundo que recibió tu donación y te lo está agradeciendo aunque tú no seas consciente de ello. No hay que infravalorar los actos, en otras palabras. Gracias por tu escrito y que te vaya bien el día !",desde mi punto de vista cualquier cosa que aporte una persona tenga la sangre que tenga me parece que ya es muy útil quien sabe si hay alguien en el mundo que recibió tu donación y te lo está agradeciendo aunque tú no seas consciente de ello no hay que infravalorar los actos en otras palabras gracias por tu escrito y que te vaya bien el día,1,1
https://www.reddit.com/r/es/comments/1lzwwg2/opiniones_sobre_donar_sangre_de_forma_altruista/,n3llwga,"Si, yo dono desde que tengo 18 años, pero como mi sangre es AB+ prefiero donar plasma que es más útil para mi factor (en sangre soy receptor universal pero solo puedo donar a mi mismo factor, en cambio en plasma soy donante universal).
No veo por qué no lo harías, es un acto de amor al prójimo que solo te cuesta 30 min de tu vida pero puede salvar la vida de otro!",si yo dono desde que tengo años pero como mi sangre es ab prefiero donar plasma que es más útil para mi factor en sangre soy receptor universal pero solo puedo donar a mi mismo factor en cambio en plasma soy donante universal no veo por qué no lo harías es un acto de amor al prójimo que solo te cuesta min de tu vida pero puede salvar la vida de otro,2,0
https://www.reddit.com/r/es/comments/1lzwwg2/opiniones_sobre_donar_sangre_de_forma_altruista/,n3uw6i9,"Sea plasma o sangre, creo que es muy útil lo que haces. No sé qué edad tienes, pero si llevas desde los 18 años llevas tiempo y deberías de estar muy orgulloso por tus actos desde mi punto de vista. Gracias por tu comentario y que tengas un buen día !",sea plasma o sangre creo que es muy útil lo que haces no sé qué edad tienes pero si llevas desde los años llevas tiempo y deberías de estar muy orgulloso por tus actos desde mi punto de vista gracias por tu comentario y que tengas un buen día,1,1
https://www.reddit.com/r/es/comments/1lzwwg2/opiniones_sobre_donar_sangre_de_forma_altruista/,n3lvjfr,"Voy camino de las 50 ya, llevo desde los 18 donando regularmente. Es de las maneras más sencillas de colaboración social, y no te cuesta prácticamente nada.",voy camino de las ya llevo desde los donando regularmente es de las maneras más sencillas de colaboración social y no te cuesta prácticamente nada,2,0
https://www.reddit.com/r/es/comments/1lzwwg2/opiniones_sobre_donar_sangre_de_forma_altruista/,n3utc8s,"Esos son muchas veces donadas. Debes de estar orgulloso de ti mismo, ciertamente. Yo lo estaría en tu lugar. Gracias por tu comentario y un saludo !",esos son muchas veces donadas debes de estar orgulloso de ti mismo ciertamente yo lo estaría en tu lugar gracias por tu comentario y un saludo,1,1
https://www.reddit.com/r/es/comments/1lzwwg2/opiniones_sobre_donar_sangre_de_forma_altruista/,n3njqzv,"Una cosa que no entiendo de los sitios de donaciones es porque ponen toda esa bollería industrial y dulces y cocacola a punta pala, de hecho te dicen que te bebas una cocacola antes de donar. 
Unos sándwiches normales de toda la vida De Dios creo que es mejor que esa basura que tienen.",una cosa que no entiendo de los sitios de donaciones es porque ponen toda esa bollería industrial y dulces y cocacola a punta pala de hecho te dicen que te bebas una cocacola antes de donar unos sándwiches normales de toda la vida de dios creo que es mejor que esa basura que tienen,2,0
https://www.reddit.com/r/es/comments/1lzwwg2/opiniones_sobre_donar_sangre_de_forma_altruista/,n3ut3dd,"Supongo que eso será para que el azúcar en sangre te vuelva a subir ya que quizás te pueda bajar después de la donación. También te digo, que lo comento desde el desconocimiento, es sólo una idea. Gracias por el escrito y un saludo !",supongo que eso será para que el azúcar en sangre te vuelva a subir ya que quizás te pueda bajar después de la donación también te digo que lo comento desde el desconocimiento es sólo una idea gracias por el escrito y un saludo,1,1
https://www.reddit.com/r/es/comments/1lzwwg2/opiniones_sobre_donar_sangre_de_forma_altruista/,n64qbq7,Un sándwich mismamente también te sube el azúcar en sangre si tengo que comer esa basura de bollería y joder mi salud encima que dono sangre para restaurar la salud de otras personas no tiene sentido.,un sándwich mismamente también te sube el azúcar en sangre si tengo que comer esa basura de bollería y joder mi salud encima que dono sangre para restaurar la salud de otras personas no tiene sentido,1,2
https://www.reddit.com/r/es/comments/1lzwwg2/opiniones_sobre_donar_sangre_de_forma_altruista/,n3oecuj,Los que tenemos AB+ nuestra sangre solo vale para los de AB+ y para los demás no y la de los demás nos valen todas,los que tenemos ab nuestra sangre solo vale para los de ab y para los demás no y la de los demás nos valen todas,2,0
https://www.reddit.com/r/es/comments/1lzwwg2/opiniones_sobre_donar_sangre_de_forma_altruista/,n3oolax,"Llevaré un par de años ya que dono unas 3 veces al año. Lo único de lo que me arrepiento es no haber empezado a hacerlo nada más cumplir los 18 en vez haber esperado hasta ahora.

No sé, la sensación de que por estar sentado un ratillo esté salvando vidas me parece increíble. Y además...el bocadillo siempre se agradece.",llevaré un par de años ya que dono unas veces al año lo único de lo que me arrepiento es no haber empezado a hacerlo nada más cumplir los en vez haber esperado hasta ahora no sé la sensación de que por estar sentado un ratillo esté salvando vidas me parece increíble y ademásel bocadillo siempre se agradece,2,0
https://www.reddit.com/r/es/comments/1lzwwg2/opiniones_sobre_donar_sangre_de_forma_altruista/,n3tsjmk,"No hay otra forma de donación que no sea altruista. En realidad, es un acto sencillo e inocuo que salva vidas (literalmente).

Hay muchos mitos acerca de las donaciones. En términos generales la sangre se guarda, analiza, procesa para separarla en fases y componentes, se pone en cuarentena, se congela, y se va liberando según la demanda. Pasan varios días, necesarios, para poner a disposición de un paciente esa sangre.

Tanto centros públicos como privados pueden usar sangre de los bancos de tejidos y naturalmente eso tiene un coste económico, porque congelar cosas a 80° bajo cero y hacer múltiples pruebas de laboratorio tienen un coste. Los sistemas públicos de salud que gestionan su propio banco ahorran dinero.

De hecho, ciertos componentes de la sangre donada se entregan a farmacéuticas para fabricar medicamentos que no pueden ser fabricados de otra forma.

Y, respecto a conocer o no tu grupo sanguíneo, es irrelevante porque se comprueba cada vez que una persona dona, y requiere una transfusión, tanto del donante como del receptor.

Como observación final, si tienes venas ""complicadas"" yo creo que es mejor no donar. No merece la pena pasar el mal rato y conviene guardar esas venas imposibles para momentos de una necesidad propia mayor, como una cirugía.",no hay otra forma de donación que no sea altruista en realidad es un acto sencillo e inocuo que salva vidas literalmente hay muchos mitos acerca de las donaciones en términos generales la sangre se guarda analiza procesa para separarla en fases y componentes se pone en cuarentena se congela y se va liberando según la demanda pasan varios días necesarios para poner a disposición de un paciente esa sangre tanto centros públicos como privados pueden usar sangre de los bancos de tejidos y naturalmente eso tiene un coste económico porque congelar cosas a bajo cero y hacer múltiples pruebas de laboratorio tienen un coste los sistemas públicos de salud que gestionan su propio banco ahorran dinero de hecho ciertos componentes de la sangre donada se entregan a farmacéuticas para fabricar medicamentos que no pueden ser fabricados de otra forma y respecto a conocer o no tu grupo sanguíneo es irrelevante porque se comprueba cada vez que una persona dona y requiere una transfusión tanto del donante como del receptor como observación final si tienes venas complicadas yo creo que es mejor no donar no merece la pena pasar el mal rato y conviene guardar esas venas imposibles para momentos de una necesidad propia mayor como una cirugía,2,0
https://www.reddit.com/r/es/comments/1lzwwg2/opiniones_sobre_donar_sangre_de_forma_altruista/,nk30fve,"Tengo 18 años y doné por primera vez el mes pasado y me sentí muy agradecida, aunque creo que va de persona a persona, me siento bien, siempre he soñado con ayudar en todo lo que pueda, sobre todo porque puedo donar a cualquier tipo de sangre (soy O-), ¡me siento bien sabiendo que estoy ayudando a salvar vidas!",tengo años y doné por primera vez el mes pasado y me sentí muy agradecida aunque creo que va de persona a persona me siento bien siempre he soñado con ayudar en todo lo que pueda sobre todo porque puedo donar a cualquier tipo de sangre soy o me siento bien sabiendo que estoy ayudando a salvar vidas,2,0
https://www.reddit.com/r/es/comments/1lzwwg2/opiniones_sobre_donar_sangre_de_forma_altruista/,n351zmh,"Además de todo lo que han dicho por aquí, es la única manera de reducir tus niveles de PFAS en sangre.

https://jamanetwork.com/journals/jamanetworkopen/fullarticle/2790905",además de todo lo que han dicho por aquí es la única manera de reducir tus niveles de pfas en sangre,1,0
https://www.reddit.com/r/es/comments/1lzwwg2/opiniones_sobre_donar_sangre_de_forma_altruista/,n3549gn,Me leído la información después de traducirla y  la he encontrado muy interesante. Gracias por compartirla ! Seguro que mucha gente desconocía este pequeño gran detalle sobre las donaciones,me leído la información después de traducirla y la he encontrado muy interesante gracias por compartirla seguro que mucha gente desconocía este pequeño gran detalle sobre las donaciones,1,1
https://www.reddit.com/r/es/comments/1lzwwg2/opiniones_sobre_donar_sangre_de_forma_altruista/,n35f7ob,No va a costar vidas. Los médicos saben la verdadera tabla y las verdaderas equivalencias y no van a hacer caso a nadie que venga al hospital con información de internet diciendo que a su familiar le pueden poner X tipo de sangre cuando no es así.,no va a costar vidas los médicos saben la verdadera tabla y las verdaderas equivalencias y no van a hacer caso a nadie que venga al hospital con información de internet diciendo que a su familiar le pueden poner x tipo de sangre cuando no es así,2,1
https://www.reddit.com/r/es/comments/1lzwwg2/opiniones_sobre_donar_sangre_de_forma_altruista/,n35g6to,"A ver claro que los médicos se lo saben, pero imagina que algún pringao encuentra esta tabla en una situación de emergencia sin posibilidad de atención sanitaria, pero con acceso a sangre. 
 
Este no es el tipo de información que convenga tener mal online. Es hasta cierto punto peligroso que una tabla como esta corretee por Internet.",a ver claro que los médicos se lo saben pero imagina que algún pringao encuentra esta tabla en una situación de emergencia sin posibilidad de atención sanitaria pero con acceso a sangre este no es el tipo de información que convenga tener mal online es hasta cierto punto peligroso que una tabla como esta corretee por internet,0,2
https://www.reddit.com/r/es/comments/1lzwwg2/opiniones_sobre_donar_sangre_de_forma_altruista/,n3hhijn,"Pues creo que no puedo editarlo 😓 . Lo siento, lo he intentado pero como ha pasado 24 horas creo que ya no puedo editar la imágen. Espero que la imagen no de problemas en el futuro.",pues creo que no puedo editarlo lo siento lo he intentado pero como ha pasado horas creo que ya no puedo editar la imágen espero que la imagen no de problemas en el futuro,1,3
https://www.reddit.com/r/es/comments/1lzwwg2/opiniones_sobre_donar_sangre_de_forma_altruista/,n35ephp,"No te cuesta nada, es de perro no Donat si hasta vienen a la facu",no te cuesta nada es de perro no donat si hasta vienen a la facu,1,0
https://www.reddit.com/r/es/comments/1lzwwg2/opiniones_sobre_donar_sangre_de_forma_altruista/,n35rywl,Si tengo ab+ vale la pena? Porque se puede recibir de todos pero cuando donas solo le puedes donar a otros ab+,si tengo ab vale la pena porque se puede recibir de todos pero cuando donas solo le puedes donar a otros ab,1,0
https://www.reddit.com/r/es/comments/1lzwwg2/opiniones_sobre_donar_sangre_de_forma_altruista/,n386c90,"Sin ninguna duda merece la pena. Por mucho que a los AB+ les valga el resto de grupos, si yo por ejemplo te pongo una bolsa 0+ eso supone ""quitarle"" una bolsa de sangre a alguien 0+ que la pueda necesitar y que no tiene esa suerte de que le valen de el resto de grupos.

Mientras más donaciones haya de TODOS los grupos mucho mejor, ninguna donación sobra. Todas son igualmente importantes.",sin ninguna duda merece la pena por mucho que a los ab les valga el resto de grupos si yo por ejemplo te pongo una bolsa eso supone quitarle una bolsa de sangre a alguien que la pueda necesitar y que no tiene esa suerte de que le valen de el resto de grupos mientras más donaciones haya de todos los grupos mucho mejor ninguna donación sobra todas son igualmente importantes,2,1
https://www.reddit.com/r/es/comments/1lzwwg2/opiniones_sobre_donar_sangre_de_forma_altruista/,n3hdvox,"Desde el conocimiento, pero yo creo que sí que merece la pena. La gente que tiene una sangre AB+, seguramente agradezcan las donaciones venga de donde venga. No creo que haya se poner en menos valor tu tipo de sangre frente a otras porque nunca sabremos si aportará menos o más ayuda a una persona que la puede necesitar. Esa es mi opinión",desde el conocimiento pero yo creo que sí que merece la pena la gente que tiene una sangre ab seguramente agradezcan las donaciones venga de donde venga no creo que haya se poner en menos valor tu tipo de sangre frente a otras porque nunca sabremos si aportará menos o más ayuda a una persona que la puede necesitar esa es mi opinión,1,1
https://www.reddit.com/r/es/comments/1lzwwg2/opiniones_sobre_donar_sangre_de_forma_altruista/,n35slmr,"En España creo que se dona bastante, al menos órganos, así que sangre incluso mejor porque no necesitas morirte XD

¡Donar plasma también ayuda!",en españa creo que se dona bastante al menos órganos así que sangre incluso mejor porque no necesitas morirte xd donar plasma también ayuda,1,0
https://www.reddit.com/r/es/comments/1lzwwg2/opiniones_sobre_donar_sangre_de_forma_altruista/,n3gz3h2,"La verdad es que mucha gente me dice de donar plasma. Me lo voy a apuntar eso de ir a donar plasma algún día, ya que parece interesante. Gracias por El comentario !",la verdad es que mucha gente me dice de donar plasma me lo voy a apuntar eso de ir a donar plasma algún día ya que parece interesante gracias por el comentario,1,1
https://www.reddit.com/r/es/comments/1lzwwg2/opiniones_sobre_donar_sangre_de_forma_altruista/,n361p37,Celebré mi 18 cumpleaños donando sangre. Y lo hago siempre que puedo. Es importantisimo y el esfuerzo es mínimo.,celebré mi cumpleaños donando sangre y lo hago siempre que puedo es importantisimo y el esfuerzo es mínimo,1,0
https://www.reddit.com/r/es/comments/1lzwwg2/opiniones_sobre_donar_sangre_de_forma_altruista/,n362awh,Le tengo un pánico a las agujas que me hace casi que imposible el donar sangre…,le tengo un pánico a las agujas que me hace casi que imposible el donar sangre,1,0
https://www.reddit.com/r/es/comments/1lzwwg2/opiniones_sobre_donar_sangre_de_forma_altruista/,n3gzjsx,"Lo veo normal. Tengo algún conocido que también se lo tienen y lo pasa realmente mal en inspecciones médicas. Tal vez algún día se te pase, por tu bien más que por la donación. Un saludo !",lo veo normal tengo algún conocido que también se lo tienen y lo pasa realmente mal en inspecciones médicas tal vez algún día se te pase por tu bien más que por la donación un saludo,1,1
https://www.reddit.com/r/es/comments/1lzwwg2/opiniones_sobre_donar_sangre_de_forma_altruista/,n363hpe,"Es recomendable, sobre todo si estas en la uni dona cuando este el bus por tu campus, pues a veces cae dinero para la facultad que mas dona. Yo estaría encantado de donar pero como soy hipotenso, como que  mejor no donar no sea que después me desmaye me reviente la cabeza y en vez de donar gaste 3 bolsas",es recomendable sobre todo si estas en la uni dona cuando este el bus por tu campus pues a veces cae dinero para la facultad que mas dona yo estaría encantado de donar pero como soy hipotenso como que mejor no donar no sea que después me desmaye me reviente la cabeza y en vez de donar gaste bolsas,1,0
https://www.reddit.com/r/es/comments/1lzwwg2/opiniones_sobre_donar_sangre_de_forma_altruista/,n3gzuik,"En mi caso, al final he optado por ir directamente al hospital a hacer la donación. En el campus de mi ciudad nunca vi esos movimientos, así que mejor voy directamente a donde sé que más será de ayuda. Gracias por tu comentario !",en mi caso al final he optado por ir directamente al hospital a hacer la donación en el campus de mi ciudad nunca vi esos movimientos así que mejor voy directamente a donde sé que más será de ayuda gracias por tu comentario,1,1
https://www.reddit.com/r/es/comments/1lzwwg2/opiniones_sobre_donar_sangre_de_forma_altruista/,n3gzzwt,Pues tienes razón. Es la idea que se me pasó por la mente cuando decidí mirar cómo se podía hacer esto de las donaciones. Gracias y un saludo,pues tienes razón es la idea que se me pasó por la mente cuando decidí mirar cómo se podía hacer esto de las donaciones gracias y un saludo,1,1
https://www.reddit.com/r/es/comments/1lzwwg2/opiniones_sobre_donar_sangre_de_forma_altruista/,n37l0qz,Cuando era pequeña tuve un accidente... Por varios motivos tarde mucho en llegar al hospital. Perdí tanta sangre que tenía convulsiones... Necesité varias trasfusiones. Por poco no lo cuento. Hoy día estoy aquí gracias a que otras personas donaron sangre.,cuando era pequeña tuve un accidente por varios motivos tarde mucho en llegar al hospital perdí tanta sangre que tenía convulsiones necesité varias trasfusiones por poco no lo cuento hoy día estoy aquí gracias a que otras personas donaron sangre,1,0
https://www.reddit.com/r/es/comments/1lzwwg2/opiniones_sobre_donar_sangre_de_forma_altruista/,n3h0geu,"Tu comentario es una motivación, a mi me ayuda a saber que hay ciertas personas que se ayudaron gracias a todo esto de donar. Gracias por tu comentario, en serio",tu comentario es una motivación a mi me ayuda a saber que hay ciertas personas que se ayudaron gracias a todo esto de donar gracias por tu comentario en serio,1,1
https://www.reddit.com/r/es/comments/1lzwwg2/opiniones_sobre_donar_sangre_de_forma_altruista/,n37xnn9,"Ser el eslabón más importante y el menos beneficiado no me parece justo. Acá todos cobran, enfermeras, hospitales, buses medicalizados, campaña, bancos de sangre... Todos cobran pero yo que soy la materia prima, yo que también tengo buena fé como supuestamente todos, yo no tengo derecho a cobrar como el autobusero sin Ir más lejos o el laboratorio que suministra viales y también cobra. Todos menos yo. . .pos va a ser que no. Por cierto soy rh 0- y no está el horno pa bollos.",ser el eslabón más importante y el menos beneficiado no me parece justo acá todos cobran enfermeras hospitales buses medicalizados campaña bancos de sangre todos cobran pero yo que soy la materia prima yo que también tengo buena fé como supuestamente todos yo no tengo derecho a cobrar como el autobusero sin ir más lejos o el laboratorio que suministra viales y también cobra todos menos yo pos va a ser que no por cierto soy rh y no está el horno pa bollos,1,0
https://www.reddit.com/r/es/comments/1lzwwg2/opiniones_sobre_donar_sangre_de_forma_altruista/,n3h0r5z,"Entiendo tu comentario. No sé si en algún lugar alguien te aportará algo económicamente por donar, como soy novato en esto no lo sé aunque hay gente que comenta que ha recibido regalos por hacer donaciones. De nuevo, gracias por tu comentario",entiendo tu comentario no sé si en algún lugar alguien te aportará algo económicamente por donar como soy novato en esto no lo sé aunque hay gente que comenta que ha recibido regalos por hacer donaciones de nuevo gracias por tu comentario,1,1
https://www.reddit.com/r/es/comments/1lzwwg2/opiniones_sobre_donar_sangre_de_forma_altruista/,n38gb29,"Yo lo he hecho varias veces porque soy O+ y mi sangre puede ayudar a bastante gente. Lo importante es que dones en un centro salud/centro de transfusiones/hospital porque los de cruz roja venden tu sangre a la seguridad social sin darte a ti ninguna parte de ese dinero, mientras que si vas a uno de esos centros le saldrá gratis al Estado.

Además, esto ya es basado en experiencia personal, me parecen mejor las enfermeras de los centros de donaciones que las de la cruz roja (mi primera vez fue en cruz roja, después me enteré de cómo funcionaba el tinglado y no volví a donarles a ellos más).",yo lo he hecho varias veces porque soy o y mi sangre puede ayudar a bastante gente lo importante es que dones en un centro saludcentro de transfusioneshospital porque los de cruz roja venden tu sangre a la seguridad social sin darte a ti ninguna parte de ese dinero mientras que si vas a uno de esos centros le saldrá gratis al estado además esto ya es basado en experiencia personal me parecen mejor las enfermeras de los centros de donaciones que las de la cruz roja mi primera vez fue en cruz roja después me enteré de cómo funcionaba el tinglado y no volví a donarles a ellos más,1,0
https://www.reddit.com/r/es/comments/1lzwwg2/opiniones_sobre_donar_sangre_de_forma_altruista/,n3h18d1,"Gracias por tu comentario. Después de leer varios comentarios diciéndome lo mismo, tengo decidido que empezaré a donar directamente en el hospital de mi ciudad, me parece lo más seguro y directo en este caso. Gracias por tu escrito y que te vaya bien el día !",gracias por tu comentario después de leer varios comentarios diciéndome lo mismo tengo decidido que empezaré a donar directamente en el hospital de mi ciudad me parece lo más seguro y directo en este caso gracias por tu escrito y que te vaya bien el día,2,1
https://www.reddit.com/r/es/comments/1lzwwg2/opiniones_sobre_donar_sangre_de_forma_altruista/,n3agjwj,"yo donaba sangre periódicamente, pero dado que en mis vacaciones pasadas el barco estuvo en un puerto de república dominicana. me prohibieron donar sangre al menos por un año.",yo donaba sangre periódicamente pero dado que en mis vacaciones pasadas el barco estuvo en un puerto de república dominicana me prohibieron donar sangre al menos por un año,1,0
https://www.reddit.com/r/es/comments/1lzwwg2/opiniones_sobre_donar_sangre_de_forma_altruista/,n3h1yw0,"Ya he leído en algún otro lugar que depende de que viajes hayas hecho no puedes donar durante un tiempo. Es bueno saberlo, gracias por tu comentario !",ya he leído en algún otro lugar que depende de que viajes hayas hecho no puedes donar durante un tiempo es bueno saberlo gracias por tu comentario,1,1
https://www.reddit.com/r/es/comments/1lzwwg2/opiniones_sobre_donar_sangre_de_forma_altruista/,n3cwcpi,"Yo soy donante y lo hago ocasionalmente, pero solo en hospitales de la comunidad,  antes lo hacía en autobuses de la cruz roja hasta que me enteré que el material lo ponía la comunidad autónoma y está les pagaba a la cruz roja 61€..  desde entonces no quiero saber nada de estos que hacen negocio con el altruismo de los ciudadanos.",yo soy donante y lo hago ocasionalmente pero solo en hospitales de la comunidad antes lo hacía en autobuses de la cruz roja hasta que me enteré que el material lo ponía la comunidad autónoma y está les pagaba a la cruz roja desde entonces no quiero saber nada de estos que hacen negocio con el altruismo de los ciudadanos,1,0
https://www.reddit.com/r/es/comments/1lzwwg2/opiniones_sobre_donar_sangre_de_forma_altruista/,n3hd3lf,"Hola ! Por lo que comentas tú y otra gente es mejor evitar si tienes posibilidades la Cruz Roja. En mi caso, he decidido ir directamente al hospital a donar, así que está información me ayuda. Gracias y un saludo para ti !",hola por lo que comentas tú y otra gente es mejor evitar si tienes posibilidades la cruz roja en mi caso he decidido ir directamente al hospital a donar así que está información me ayuda gracias y un saludo para ti,2,1
https://www.reddit.com/r/es/comments/1lzwwg2/opiniones_sobre_donar_sangre_de_forma_altruista/,n3d2o18,"Yo antes donaba sangre, pero durante la pandemia me dejaron tirado dos veces (había que ir ""con cita"") y, teniendo en cuenta que a mí me cuesta gasolina ir a donar, me jodió bastante.
Desde entonces no he vuelto y mientras no tenga medios cerca de casa para donar, no lo haré, o por lo menos que me paguen la gasolina.",yo antes donaba sangre pero durante la pandemia me dejaron tirado dos veces había que ir con cita y teniendo en cuenta que a mí me cuesta gasolina ir a donar me jodió bastante desde entonces no he vuelto y mientras no tenga medios cerca de casa para donar no lo haré o por lo menos que me paguen la gasolina,1,0
https://www.reddit.com/r/es/comments/1lzwwg2/opiniones_sobre_donar_sangre_de_forma_altruista/,n3hcumk,"Hola, siento mucho lo que comentas que te pasó. De todas formas te doy las gracias por haber donado en el tiempo que estuviste o te dejaron y por haberme dejado aquí tu experiencia. Que te vaya bien y un saludo !",hola siento mucho lo que comentas que te pasó de todas formas te doy las gracias por haber donado en el tiempo que estuviste o te dejaron y por haberme dejado aquí tu experiencia que te vaya bien y un saludo,1,1
https://www.reddit.com/r/es/comments/1lzwwg2/opiniones_sobre_donar_sangre_de_forma_altruista/,n3hdtle,"Gracias. No quiero desincentivar la donación, pero si advertir que a algunas personas nos ""cuesta"" ir a donar, y que vale que la donación sea a cambio de nada pero al menos deberían compensar los gastos de desplazamiento",gracias no quiero desincentivar la donación pero si advertir que a algunas personas nos cuesta ir a donar y que vale que la donación sea a cambio de nada pero al menos deberían compensar los gastos de desplazamiento,2,2
https://www.reddit.com/r/es/comments/1lzwwg2/opiniones_sobre_donar_sangre_de_forma_altruista/,n3ewp0l,Yo deberia hacerlo soy o- pero tengo panico a las agujas,yo deberia hacerlo soy o pero tengo panico a las agujas,1,0
https://www.reddit.com/r/es/comments/1lzwwg2/opiniones_sobre_donar_sangre_de_forma_altruista/,n3gincr,"Tranquilo, compañero. Yo también tengo un compañero de trabajo que no puede ni ver las agujas.  Pero bueno, tal vez ese día se te pase ese miedo. Más por ti que por el asunto de las donaciones. Un saludo !",tranquilo compañero yo también tengo un compañero de trabajo que no puede ni ver las agujas pero bueno tal vez ese día se te pase ese miedo más por ti que por el asunto de las donaciones un saludo,1,1
https://www.reddit.com/r/es/comments/1lzwwg2/opiniones_sobre_donar_sangre_de_forma_altruista/,n3g6cg6,"Si corriera sangre por mis venas, donaba..... 

![gif](giphy|8YsjVmpIpEjNKlrL3D)",si corriera sangre por mis venas donaba gifgiphyysjvmpipejnklrld,1,0
https://www.reddit.com/r/es/comments/1lzwwg2/opiniones_sobre_donar_sangre_de_forma_altruista/,n3i2qqp,"Yo dono sangre cada 6 meses, si lo haces que sea porque quieres de verdad no para luego subirlo a las redes cual influencer con falta de ego y necesitado de halagos",yo dono sangre cada meses si lo haces que sea porque quieres de verdad no para luego subirlo a las redes cual influencer con falta de ego y necesitado de halagos,1,0
https://www.reddit.com/r/es/comments/1lzwwg2/opiniones_sobre_donar_sangre_de_forma_altruista/,n3uxl78,"No es mi intención hacerme eco de ello, aunque a alguna persona de por aquí me ha comentado que le de un toque cuando haya hecho la donación para saber qué tal ha ido mi experiencia y tal. Además, apenas tengo redes sociales para expandirlo 😅😄 Gracias por el comentario y un saludo !",no es mi intención hacerme eco de ello aunque a alguna persona de por aquí me ha comentado que le de un toque cuando haya hecho la donación para saber qué tal ha ido mi experiencia y tal además apenas tengo redes sociales para expandirlo gracias por el comentario y un saludo,1,1
https://www.reddit.com/r/es/comments/1lzwwg2/opiniones_sobre_donar_sangre_de_forma_altruista/,n3lg61b,"Llevo donando sangre más de 10 años, con el único objetivo de ayudar. Un pequeño gesto muy útil para mucha gente.",llevo donando sangre más de años con el único objetivo de ayudar un pequeño gesto muy útil para mucha gente,1,0
https://www.reddit.com/r/es/comments/1lzwwg2/opiniones_sobre_donar_sangre_de_forma_altruista/,n3p1w8t,"Yo he donado sangre dos veces y podría hacerlo de nuevo sí me lo pidieran, pero de manera desinteresada no, porque no la pasé bien en ninguna de las dos veces que lo hice y no tengo necesidad de hacerlo más veces sólo por donar y ya está, pero sí me lo pidieran para algún familiar o amigo, sin problemas lo haría. Sé que suena un tanto egoísta de mi parte, pero no quiero pasarla mal porque sí",yo he donado sangre dos veces y podría hacerlo de nuevo sí me lo pidieran pero de manera desinteresada no porque no la pasé bien en ninguna de las dos veces que lo hice y no tengo necesidad de hacerlo más veces sólo por donar y ya está pero sí me lo pidieran para algún familiar o amigo sin problemas lo haría sé que suena un tanto egoísta de mi parte pero no quiero pasarla mal porque sí,1,0
https://www.reddit.com/r/Madrid/comments/1pmblgw/campaña_de_navidad_para_la_donación_de_sangre/,nu0cogr,"Os animo a donar sangre. Lo hice hace poco tiempo, y no puedo donar este mes, 0ero en enero volveré a donar. También os animo a registrarse como donante de médula. Ayudemos a nuestra comunidad!",os animo a donar sangre lo hice hace poco tiempo y no puedo donar este mes ero en enero volveré a donar también os animo a registrarse como donante de médula ayudemos a nuestra comunidad,4,0
https://www.reddit.com/r/Madrid/comments/1pmblgw/campaña_de_navidad_para_la_donación_de_sangre/,nuapu6f,"Antemano

Si, la cruz roja cobra 70 pavos por bolsa de sangre que dan, pero eso es por cubrir costes. Basicamnete se les paga los costes de recogida, manipulacion y transporte de la sangre (entiendes que no es exactamente un kebab que lo puede llevar por ahi un glovo...). 

Es mas para que la gente no venga por eso de ""la cruz roja cobra por la sagre"", la cruz roja hace muchas cosas que son una mierda, pero esto no es una de ellas. 

https://maldita.es/malditobulo/20251028/vender-donaciones-sangre-cruz-roja/",antemano si la cruz roja cobra pavos por bolsa de sangre que dan pero eso es por cubrir costes basicamnete se les paga los costes de recogida manipulacion y transporte de la sangre entiendes que no es exactamente un kebab que lo puede llevar por ahi un glovo es mas para que la gente no venga por eso de la cruz roja cobra por la sagre la cruz roja hace muchas cosas que son una mierda pero esto no es una de ellas,1,0
https://www.reddit.com/r/Madrid/comments/1pmblgw/campaña_de_navidad_para_la_donación_de_sangre/,nudu3sz,"Pues para ti, yo seguiré donando en los hospitales públicos y 70€ que se ahorra en donaciones (estás mal informado, son 70€, más  el material médico).",pues para ti yo seguiré donando en los hospitales públicos y que se ahorra en donaciones estás mal informado son más el material médico,1,1
https://www.reddit.com/r/Madrid/comments/1pmblgw/campaña_de_navidad_para_la_donación_de_sangre/,ntzk4oh,Que paguen 50-100€ ya verás como hacían record de donaciones,que paguen ya verás como hacían record de donaciones,-7,0
https://www.reddit.com/r/Madrid/comments/1pmblgw/campaña_de_navidad_para_la_donación_de_sangre/,nu1v01t,Entonces no serían donaciones sino compra-venta de sangre,entonces no serían donaciones sino compraventa de sangre,8,1
https://www.reddit.com/r/Madrid/comments/1pmblgw/campaña_de_navidad_para_la_donación_de_sangre/,nu6tetj,"Hace años era 60 napos la bolsa, que se dice deprisa. No sé si ahora habrán subido precios. Por eso hay que donar en centros de salud y camiones médicos de la comunidad donde uno vive, NUNCA en Cruz Roja.",hace años era napos la bolsa que se dice deprisa no sé si ahora habrán subido precios por eso hay que donar en centros de salud y camiones médicos de la comunidad donde uno vive nunca en cruz roja,2,3
