"avatarThumbnail","cid","createTime","createTimeISO","detailedMentions/0/nickName","detailedMentions/0/profileUrl","detailedMentions/0/secUid","detailedMentions/0/userId","detailedMentions/1/nickName","detailedMentions/1/profileUrl","detailedMentions/1/secUid","detailedMentions/1/userId","diggCount","input","likedByAuthor","mentions/0","mentions/1","pinnedByAuthor","repliesToId","replyCommentTotal","submittedVideoUrl","text","uid","uniqueId","videoWebUrl"
"https://p16-common-sign.tiktokcdn-us.com/tos-maliva-avt-0068/35183dae24f1b3ad1fca9d03ec2914f2~tplv-tiktokx-cropcenter:100:100.jpg?dr=9640&refresh_token=d3339c43&x-expires=1771329600&x-signature=o6tMUaSE9Ctf2oBadR4rgnOhKG8%3D&t=4d5b0474&ps=13740610&shp=30310797&shcp=ff37627b&idc=useast5","7359748088791155462","1713574897","2024-04-20T01:01:37.000Z",,,,,,,,,"0","https://www.tiktok.com/@nachter/video/7357337111676079392?_r=1&_t=ZN-93r9JxE2rN0","false",,,"false",,"0","https://www.tiktok.com/@nachter/video/7357337111676079392?_r=1&_t=ZN-93r9JxE2rN0","Los del 2010 ni siquiera pueden donar","7246602489532924934","_vicky.p_10","https://www.tiktok.com/@nachter/video/7357337111676079392"
"https://p19-common-sign.tiktokcdn-us.com/tos-maliva-avt-0068/1faadb2e4bd2b9050de1b77cb7c07725~tplv-tiktokx-cropcenter:100:100.jpg?dr=9640&refresh_token=15987524&x-expires=1771329600&x-signature=xryU%2BhMJrFL7g%2BKtyFQtZukBcGM%3D&t=4d5b0474&ps=13740610&shp=30310797&shcp=ff37627b&idc=useast5","7359261263762293510","1713461553","2024-04-18T17:32:33.000Z",,,,,,,,,"0","https://www.tiktok.com/@nachter/video/7357337111676079392?_r=1&_t=ZN-93r9JxE2rN0","false",,,"false",,"0","https://www.tiktok.com/@nachter/video/7357337111676079392?_r=1&_t=ZN-93r9JxE2rN0","🗣🗣🗣SKIBIDI DOB DOB YES","7033114282146677766",".luis_1910","https://www.tiktok.com/@nachter/video/7357337111676079392"
"https://p16-common-sign.tiktokcdn-us.com/tos-alisg-avt-0068/5e8c3573dd7b5838b6bb3380c930fde4~tplv-tiktokx-cropcenter:100:100.jpg?dr=9640&refresh_token=9a24069a&x-expires=1771329600&x-signature=L%2FRt7iLoP9ZBSbo3mMJT4nHePkM%3D&t=4d5b0474&ps=13740610&shp=30310797&shcp=ff37627b&idc=useast5","7546828209142317842","1757132881","2025-09-06T04:28:01.000Z",,,,,,,,,"0","https://www.tiktok.com/@nachter/video/7357337111676079392?_r=1&_t=ZN-93r9JxE2rN0","false",,,"false",,"0","https://www.tiktok.com/@nachter/video/7357337111676079392?_r=1&_t=ZN-93r9JxE2rN0","del 97 , y si 😅","7414600863350686725","ericamorales1010","https://www.tiktok.com/@nachter/video/7357337111676079392"
"https://p19-common-sign.tiktokcdn-us.com/tos-maliva-avt-0068/a96273f8a1534c838ede1176ef246e6d~tplv-tiktokx-cropcenter:100:100.jpg?dr=9640&refresh_token=9f2a9c21&x-expires=1771329600&x-signature=39Rbts41hpeteUizg8MzByRjV50%3D&t=4d5b0474&ps=13740610&shp=30310797&shcp=ff37627b&idc=useast5","7364707907692413728","1714729715","2024-05-03T09:48:35.000Z",,,,,,,,,"0","https://www.tiktok.com/@nachter/video/7357337111676079392?_r=1&_t=ZN-93r9JxE2rN0","false",,,"false",,"0","https://www.tiktok.com/@nachter/video/7357337111676079392?_r=1&_t=ZN-93r9JxE2rN0","Lo gracioso es que soy del 2000 y me hace gracia de que tengo la actitud del 70-80","7040950803666093061","crisfrqnco.31","https://www.tiktok.com/@nachter/video/7357337111676079392"
"https://p16-common-sign.tiktokcdn-us.com/tos-useast5-avt-0068-tx/9198feec17a04ecf8dd6f143dda61e2e~tplv-tiktokx-cropcenter:100:100.jpg?dr=9640&refresh_token=173837b9&x-expires=1771329600&x-signature=%2FXvcDsBTf3qAnsKkyAlEmltcQg8%3D&t=4d5b0474&ps=13740610&shp=30310797&shcp=ff37627b&idc=useast5","7358451073265435434","1713272948","2024-04-16T13:09:08.000Z",,,,,,,,,"1","https://www.tiktok.com/@nachter/video/7357337111676079392?_r=1&_t=ZN-93r9JxE2rN0","false",,,"false",,"0","https://www.tiktok.com/@nachter/video/7357337111676079392?_r=1&_t=ZN-93r9JxE2rN0","Es totalmente cierto!!! Ojalá todos fuéramos donantes y ayudar a las personas que lo necesitan!!","7048653826731082758","markym2022","https://www.tiktok.com/@nachter/video/7357337111676079392"
"https://p19-common-sign.tiktokcdn-us.com/tos-maliva-avt-0068/5831ab3d29d47918575cc8cce48264a6~tplv-tiktokx-cropcenter:100:100.jpg?dr=9640&refresh_token=dc3f1a26&x-expires=1771329600&x-signature=e0c2AEtO5OiySfulyd9HmHlYWjI%3D&t=4d5b0474&ps=13740610&shp=30310797&shcp=ff37627b&idc=useast5","7358166339469984517","1713206625","2024-04-15T18:43:45.000Z",,,,,,,,,"0","https://www.tiktok.com/@nachter/video/7357337111676079392?_r=1&_t=ZN-93r9JxE2rN0","false",,,"false",,"0","https://www.tiktok.com/@nachter/video/7357337111676079392?_r=1&_t=ZN-93r9JxE2rN0","Y recuerden q es un beneficio también para el donante pues hará sangre nueva y eso es sano para todos los órganos y la piel","6955822191108260870","o.tu.o.ninguna","https://www.tiktok.com/@nachter/video/7357337111676079392"
"https://p16-common-sign.tiktokcdn-us.com/tos-maliva-avt-0068/a21991da642a256e65d45d340eeda590~tplv-tiktokx-cropcenter:100:100.jpg?dr=9640&refresh_token=d9a5c7b8&x-expires=1771329600&x-signature=WFmxeYVbRWlYkXJ0TkNpBlO7ZrE%3D&t=4d5b0474&ps=13740610&shp=30310797&shcp=ff37627b&idc=useast5","7357342510249657121","1713014826","2024-04-13T13:27:06.000Z",,,,,,,,,"1","https://www.tiktok.com/@nachter/video/7357337111676079392?_r=1&_t=ZN-93r9JxE2rN0","false",,,"false",,"1","https://www.tiktok.com/@nachter/video/7357337111676079392?_r=1&_t=ZN-93r9JxE2rN0","dónde puedo donar??","6808564219211793414","yeral._.333","https://www.tiktok.com/@nachter/video/7357337111676079392"
"https://p19-common-sign.tiktokcdn-us.com/tos-maliva-avt-0068/8234f8295b38302ea3e0af2ba7104936~tplv-tiktokx-cropcenter:100:100.jpg?dr=9640&refresh_token=9d9ec0f6&x-expires=1771329600&x-signature=jttx4x58MF9fhGBVFF3lJZ7jfc8%3D&t=4d5b0474&ps=13740610&shp=30310797&shcp=ff37627b&idc=useast5","7366810744862851846","1715219308","2024-05-09T01:48:28.000Z",,,,,,,,,"0","https://www.tiktok.com/@nachter/video/7357337111676079392?_r=1&_t=ZN-93r9JxE2rN0","false",,,"false",,"0","https://www.tiktok.com/@nachter/video/7357337111676079392?_r=1&_t=ZN-93r9JxE2rN0","Gracias a las donaciones de Sangre estoy viva. Gracias por salvar vidas chicos 💕","6976774009690424326","carmenmorales352","https://www.tiktok.com/@nachter/video/7357337111676079392"
"https://p16-common-sign.tiktokcdn-us.com/tos-maliva-avt-0068/6b0e50aceb75e24ee803cf77c02127e0~tplv-tiktokx-cropcenter:100:100.jpg?dr=9640&refresh_token=67e075cd&x-expires=1771329600&x-signature=Sl0scHpx1yZSoO6TsCFHusog7xg%3D&t=4d5b0474&ps=13740610&shp=30310797&shcp=ff37627b&idc=useast5","7357386210040480517","1713024980","2024-04-13T16:16:20.000Z",,,,,,,,,"0","https://www.tiktok.com/@nachter/video/7357337111676079392?_r=1&_t=ZN-93r9JxE2rN0","false",,,"false",,"0","https://www.tiktok.com/@nachter/video/7357337111676079392?_r=1&_t=ZN-93r9JxE2rN0","Te faltó decir que los 2010 que cobrar jsjsjs","7137124454304007174","leonelvazquez871","https://www.tiktok.com/@nachter/video/7357337111676079392"
"https://p16-common-sign.tiktokcdn-us.com/tos-maliva-avt-0068/f7699e7e97c9ac932d60e29f4174a88d~tplv-tiktokx-cropcenter:100:100.jpg?dr=9640&refresh_token=92d46821&x-expires=1771329600&x-signature=FLZIS5XN2WLZbp%2FfoYLaCMI9QZg%3D&t=4d5b0474&ps=13740610&shp=30310797&shcp=ff37627b&idc=useast5","7357953184473891590","1713156989","2024-04-15T04:56:29.000Z",,,,,,,,,"0","https://www.tiktok.com/@nachter/video/7357337111676079392?_r=1&_t=ZN-93r9JxE2rN0","false",,,"false",,"0","https://www.tiktok.com/@nachter/video/7357337111676079392?_r=1&_t=ZN-93r9JxE2rN0","yo quiero pero me dicen que no puedo porque no peso de 55 para arriba😔","7121917256870724614","user_mis_dam83595","https://www.tiktok.com/@nachter/video/7357337111676079392"
"https://p16-common-sign.tiktokcdn-us.com/tos-maliva-avt-0068/eb550c7b8dce7202df6cb547fd7fffe0~tplv-tiktokx-cropcenter:100:100.jpg?dr=9640&refresh_token=745147d1&x-expires=1771329600&x-signature=TDqCPN0AJ7nuThxK10FJpiYpXU4%3D&t=4d5b0474&ps=13740610&shp=30310797&shcp=ff37627b&idc=useast5","7603280010544415510","1770276613","2026-02-05T07:30:13.000Z",,,,,,,,,"1","https://www.tiktok.com/@nachter/video/7357337111676079392?_r=1&_t=ZN-93r9JxE2rN0","false",,,"false",,"0","https://www.tiktok.com/@nachter/video/7357337111676079392?_r=1&_t=ZN-93r9JxE2rN0","yo ya he donado dos veces con 18 años (la tercera no puedo xq tenía la hemoglobina baja, pero sin duda lo intentaré cuando vuelva el bus de la cruz roja a mi pueblo). soy del 2007 y no me pongo así, simplemente voy y hago lo q me dicen. literalmente no duele nada.","6665747623569817605","_.irenedc._","https://www.tiktok.com/@nachter/video/7357337111676079392"
"https://p19-common-sign.tiktokcdn-us.com/tos-maliva-avt-0068/f38d90494a82d908fa2bfcc002c14678~tplv-tiktokx-cropcenter:100:100.jpg?dr=9640&refresh_token=bbc1eb1c&x-expires=1771329600&x-signature=50cBeuAT69y7GKSZbDh3z0yF83s%3D&t=4d5b0474&ps=13740610&shp=30310797&shcp=ff37627b&idc=useast5","7357348271328084769","1713016172","2024-04-13T13:49:32.000Z",,,,,,,,,"819","https://www.tiktok.com/@nachter/video/7357337111676079392?_r=1&_t=ZN-93r9JxE2rN0","false",,,"false",,"10","https://www.tiktok.com/@nachter/video/7357337111676079392?_r=1&_t=ZN-93r9JxE2rN0","yo me acuerdo que a la enfermera casi le da una taquicardia cuando me quedé dormido donando
no estaba mareado ni nada, es que el sillon era comodísimo y estaba calentito😂
se asustó","7045739571740689413","javi_ranea98","https://www.tiktok.com/@nachter/video/7357337111676079392"
"https://p16-common-sign.tiktokcdn-us.com/tos-maliva-avt-0068/9e2daa55e935a2e4efb0e617eeacbf2b~tplv-tiktokx-cropcenter:100:100.jpg?dr=9640&refresh_token=abd2dbaf&x-expires=1771329600&x-signature=9ogGgCQpEiD%2F%2FGlC5gLSx0k7GxI%3D&t=4d5b0474&ps=13740610&shp=30310797&shcp=ff37627b&idc=useast5","7357364400745333537","1713019915","2024-04-13T14:51:55.000Z",,,,,,,,,"217","https://www.tiktok.com/@nachter/video/7357337111676079392?_r=1&_t=ZN-93r9JxE2rN0","false",,,"false",,"2","https://www.tiktok.com/@nachter/video/7357337111676079392?_r=1&_t=ZN-93r9JxE2rN0","me encanta el "" ansiedad ""🤣🤣🤣","6827407068569240582","monicamartosmartos","https://www.tiktok.com/@nachter/video/7357337111676079392"
"https://p16-common-sign.tiktokcdn-us.com/tos-useast2a-avt-0068-euttp/defbe1b599104450a48e45d42059df76~tplv-tiktokx-cropcenter:100:100.jpg?dr=9640&refresh_token=fb15151a&x-expires=1771329600&x-signature=pK0dOR9tPIWxs%2BCHgImjqQ8prwA%3D&t=4d5b0474&ps=13740610&shp=30310797&shcp=ff37627b&idc=useast5","7357786194916836128","1713118114","2024-04-14T18:08:34.000Z",,,,,,,,,"1","https://www.tiktok.com/@nachter/video/7357337111676079392?_r=1&_t=ZN-93r9JxE2rN0","false",,,"false",,"0","https://www.tiktok.com/@nachter/video/7357337111676079392?_r=1&_t=ZN-93r9JxE2rN0","yo llevo 51 donaciones ya y sumando,solo e fallado 2 veces k m an llamado,y sumando 💪💪💪💪💪💪","7049138466252964869","juanmacobo835","https://www.tiktok.com/@nachter/video/7357337111676079392"
"https://p16-common-sign.tiktokcdn-us.com/tos-useast2a-avt-0068-euttp/7255394377751592986~tplv-tiktokx-cropcenter:100:100.jpg?dr=9640&refresh_token=4c4e8df1&x-expires=1771329600&x-signature=9RbUocUJdYAUOjAU%2Fyr%2FYH%2F%2B4a4%3D&t=4d5b0474&ps=13740610&shp=30310797&shcp=ff37627b&idc=useast5","7357423264829047585","1713033623","2024-04-13T18:40:23.000Z",,,,,,,,,"77","https://www.tiktok.com/@nachter/video/7357337111676079392?_r=1&_t=ZN-93r9JxE2rN0","false",,,"false",,"3","https://www.tiktok.com/@nachter/video/7357337111676079392?_r=1&_t=ZN-93r9JxE2rN0","yo soy donante desde el año 80 , empecé en el servicio militar y con casi 65 añitos sigo donando 💪","7255393063835993115","luis.rodrguez.ort","https://www.tiktok.com/@nachter/video/7357337111676079392"
"https://p19-common-sign.tiktokcdn-us.com/tos-maliva-avt-0068/e0167344fe52f795c11ff322778eedf8~tplv-tiktokx-cropcenter:100:100.jpg?dr=9640&refresh_token=af7064e5&x-expires=1771329600&x-signature=6wt07zjc7gib0n8oZ%2Bs72I3g2hM%3D&t=4d5b0474&ps=13740610&shp=30310797&shcp=ff37627b&idc=useast5","7357352351856673569","1713017114","2024-04-13T14:05:14.000Z",,,,,,,,,"81","https://www.tiktok.com/@nachter/video/7357337111676079392?_r=1&_t=ZN-93r9JxE2rN0","false",,,"false",,"6","https://www.tiktok.com/@nachter/video/7357337111676079392?_r=1&_t=ZN-93r9JxE2rN0","Mi esposo dona 4 veces al año y le han dicho que su tipo de sangre es valiosa, porque puede donar a otros tipos 🥰🙏🏼","6818891283949716486","_yunaisy_","https://www.tiktok.com/@nachter/video/7357337111676079392"
"https://p16-common-sign.tiktokcdn-us.com/tos-useast2a-avt-0068-euttp/4ce4a6250b459e4d30e7f54e2f6fabf2~tplv-tiktokx-cropcenter:100:100.jpg?dr=9640&refresh_token=b845d1a7&x-expires=1771329600&x-signature=mtL9xu3HmqT1kAShkE8fQT80QOk%3D&t=4d5b0474&ps=13740610&shp=30310797&shcp=ff37627b&idc=useast5","7357423204489937697","1713033606","2024-04-13T18:40:06.000Z",,,,,,,,,"14","https://www.tiktok.com/@nachter/video/7357337111676079392?_r=1&_t=ZN-93r9JxE2rN0","false",,,"false",,"0","https://www.tiktok.com/@nachter/video/7357337111676079392?_r=1&_t=ZN-93r9JxE2rN0","yo dono todos los años 1-2 veces y es una gozada lo bien que te sientes sabiendo que es por un buen mayor y encima te tratan super bien y te dan un bocata/snack y bebida que más queréis 😁 os animo 💪","6812175671943988229","jacalcreatives","https://www.tiktok.com/@nachter/video/7357337111676079392"
"https://p19-common-sign.tiktokcdn-us.com/tos-maliva-avt-0068/f3f5a8c39565db6e7dbdcef2e9b2ac05~tplv-tiktokx-cropcenter:100:100.jpg?dr=9640&refresh_token=744179cd&x-expires=1771329600&x-signature=R3ToVNvInLCzPot0WlG%2F8PM1T1c%3D&t=4d5b0474&ps=13740610&shp=30310797&shcp=ff37627b&idc=useast5","7357466972139864838","1713043790","2024-04-13T21:29:50.000Z",,,,,,,,,"18","https://www.tiktok.com/@nachter/video/7357337111676079392?_r=1&_t=ZN-93r9JxE2rN0","false",,,"false",,"14","https://www.tiktok.com/@nachter/video/7357337111676079392?_r=1&_t=ZN-93r9JxE2rN0","no puedes donar sangre con menos de 18 años y si haces la cuenta el de 2010 tiene 14-15","7159334685259334661","gato_arabe_700","https://www.tiktok.com/@nachter/video/7357337111676079392"
"https://p16-common-sign.tiktokcdn-us.com/tos-alisg-avt-0068/854ba0936cedc35340f426d59cbfde8a~tplv-tiktokx-cropcenter:100:100.jpg?dr=9640&refresh_token=a7c93639&x-expires=1771329600&x-signature=KU2bDDIb%2B52UhjZTNznm816Ee7g%3D&t=4d5b0474&ps=13740610&shp=30310797&shcp=ff37627b&idc=useast5","7357485330767479585","1713048076","2024-04-13T22:41:16.000Z",,,,,,,,,"17","https://www.tiktok.com/@nachter/video/7357337111676079392?_r=1&_t=ZN-93r9JxE2rN0","false",,,"false",,"0","https://www.tiktok.com/@nachter/video/7357337111676079392?_r=1&_t=ZN-93r9JxE2rN0","A mi me pusieron 9 bolsas de sangre cuando nació mi hijo desde entonces soy donante","6858792424433599494","maryangelesramos","https://www.tiktok.com/@nachter/video/7357337111676079392"
"https://p16-common-sign.tiktokcdn-us.com/tos-maliva-avt-0068/7332250021583552517~tplv-tiktokx-cropcenter:100:100.jpg?dr=9640&refresh_token=1a829c78&x-expires=1771329600&x-signature=ojNRr9P%2F6AnEcAlXr%2FmQX%2BW3Qm4%3D&t=4d5b0474&ps=13740610&shp=30310797&shcp=ff37627b&idc=useast5","7357787259498578720","1713118366","2024-04-14T18:12:46.000Z",,,,,,,,,"1","https://www.tiktok.com/@nachter/video/7357337111676079392?_r=1&_t=ZN-93r9JxE2rN0","false",,,"false",,"0","https://www.tiktok.com/@nachter/video/7357337111676079392?_r=1&_t=ZN-93r9JxE2rN0","Sea como sea quien vaya y lo intente y más con miedo, es loable. Un aplauso 👏🏻","6600717141002174469","libervr","https://www.tiktok.com/@nachter/video/7357337111676079392"
"https://p16-common-sign.tiktokcdn-us.com/tos-alisg-avt-0068/7323728534717857794~tplv-tiktokx-cropcenter:100:100.jpg?dr=9640&refresh_token=aae1bea8&x-expires=1771329600&x-signature=8PPoNhIgPnIPTJjDL%2FMLhZdrImg%3D&t=4d5b0474&ps=13740610&shp=30310797&shcp=ff37627b&idc=useast5","7358319134000759557","1713242199","2024-04-16T04:36:39.000Z",,,,,,,,,"1","https://www.tiktok.com/@nachter/video/7357337111676079392?_r=1&_t=ZN-93r9JxE2rN0","false",,,"false",,"0","https://www.tiktok.com/@nachter/video/7357337111676079392?_r=1&_t=ZN-93r9JxE2rN0","que lindos!","6869232277215446021","carmenjuliahuamanitello","https://www.tiktok.com/@nachter/video/7357337111676079392"
"https://p16-common-sign.tiktokcdn-us.com/tos-maliva-avt-0068/1a3cc6d661691661de29c79d78f95b24~tplv-tiktokx-cropcenter:100:100.jpg?dr=9640&refresh_token=1d11d2c7&x-expires=1771329600&x-signature=yPV%2BDa%2B1zQXCW12ROVu6B5PK0u8%3D&t=4d5b0474&ps=13740610&shp=30310797&shcp=ff37627b&idc=useast5","7357363997417161477","1713019806","2024-04-13T14:50:06.000Z",,,,,,,,,"51","https://www.tiktok.com/@nachter/video/7357337111676079392?_r=1&_t=ZN-93r9JxE2rN0","false",,,"false",,"24","https://www.tiktok.com/@nachter/video/7357337111676079392?_r=1&_t=ZN-93r9JxE2rN0","Ahora ya es muy difícil donar sangre, si te dio covid no puedes, si tienes muelas picadas no puedes 🥺🥺 yo eh querido donar y no puedo y soy O Negativo","6963392903587480581","abylg55","https://www.tiktok.com/@nachter/video/7357337111676079392"
"https://p16-common-sign.tiktokcdn-us.com/tos-maliva-avt-0068/f202dcd530e7c6f58388f21c0116e51e~tplv-tiktokx-cropcenter:100:100.jpg?dr=9640&refresh_token=0c44a008&x-expires=1771329600&x-signature=S0CAHbrg2RdCfW5aoh2gA0zwVlk%3D&t=4d5b0474&ps=13740610&shp=30310797&shcp=ff37627b&idc=useast5","7357340279928619808","1713014302","2024-04-13T13:18:22.000Z",,,,,,,,,"13","https://www.tiktok.com/@nachter/video/7357337111676079392?_r=1&_t=ZN-93r9JxE2rN0","false",,,"false",,"6","https://www.tiktok.com/@nachter/video/7357337111676079392?_r=1&_t=ZN-93r9JxE2rN0","Con el tema de tatuajes se puede donar sangre?","6724249016290690053","gabii_bueno15","https://www.tiktok.com/@nachter/video/7357337111676079392"
"https://p16-common-sign.tiktokcdn-us.com/tos-maliva-avt-0068/c5f0d2e233e14d6bbfd587559432e014~tplv-tiktokx-cropcenter:100:100.jpg?dr=9640&refresh_token=e3bd1a6d&x-expires=1771329600&x-signature=Qv4AHpDHNvpYk0WhCdC9kPMt%2FVQ%3D&t=4d5b0474&ps=13740610&shp=30310797&shcp=ff37627b&idc=useast5","7357699226346799878","1713097862","2024-04-14T12:31:02.000Z",,,,,,,,,"16","https://www.tiktok.com/@nachter/video/7357337111676079392?_r=1&_t=ZN-93r9JxE2rN0","false",,,"false",,"0","https://www.tiktok.com/@nachter/video/7357337111676079392?_r=1&_t=ZN-93r9JxE2rN0","Aquí en Venezuela, tuve una época tan mala, sin clientes ni dinero, que donaba solo por sentir la satisfacción de hacer algo útil aunque sea a desconocidos. Aún estamos muchos en crisis. Bendiciones","6849692902341444614","carl4000x","https://www.tiktok.com/@nachter/video/7357337111676079392"
"https://p19-common-sign.tiktokcdn-us.com/tos-maliva-avt-0068/6f9b78edfc7498cbf928ac6004a77a4e~tplv-tiktokx-cropcenter:100:100.jpg?dr=9640&refresh_token=41ca0585&x-expires=1771329600&x-signature=FW0G41s03Tp63q1vRiAHBk9VONc%3D&t=4d5b0474&ps=13740610&shp=30310797&shcp=ff37627b&idc=useast5","7357469460414939910","1713044367","2024-04-13T21:39:27.000Z",,,,,,,,,"5","https://www.tiktok.com/@nachter/video/7357337111676079392?_r=1&_t=ZN-93r9JxE2rN0","false",,,"false",,"6","https://www.tiktok.com/@nachter/video/7357337111676079392?_r=1&_t=ZN-93r9JxE2rN0","si pagarán por donar allí estaría cada 4 días, mi cuerpo produce sangre como si no hubiera un mañana","7326798661562909701","guzmanlars","https://www.tiktok.com/@nachter/video/7357337111676079392"
"https://p19-common-sign.tiktokcdn-us.com/tos-maliva-avt-0068/dd26a9ed7178ec1d2d6cce9e6b710ca5~tplv-tiktokx-cropcenter:100:100.jpg?dr=9640&refresh_token=405c5790&x-expires=1771329600&x-signature=PwJvpSm79aeH%2BaagqF5%2BTyYaSbA%3D&t=4d5b0474&ps=13740610&shp=30310797&shcp=ff37627b&idc=useast5","7357954551079207712","1713157355","2024-04-15T05:02:35.000Z",,,,,,,,,"14","https://www.tiktok.com/@nachter/video/7357337111676079392?_r=1&_t=ZN-93r9JxE2rN0","false",,,"false",,"0","https://www.tiktok.com/@nachter/video/7357337111676079392?_r=1&_t=ZN-93r9JxE2rN0","Gracias a todos los donantes de sangre. Yo estoy viva gracias a varias trasfusiones","7018579675988411398","albahv1","https://www.tiktok.com/@nachter/video/7357337111676079392"
"https://p19-common-sign.tiktokcdn-us.com/tos-useast2a-avt-0068-euttp/7323720787758678048~tplv-tiktokx-cropcenter:100:100.jpg?dr=9640&refresh_token=18cf9a7a&x-expires=1771329600&x-signature=LhE8wcK1MBp%2BdWdEz5VNR7Dmsv8%3D&t=4d5b0474&ps=13740610&shp=30310797&shcp=ff37627b&idc=useast5","7357354152031044384","1713017534","2024-04-13T14:12:14.000Z",,,,,,,,,"23","https://www.tiktok.com/@nachter/video/7357337111676079392?_r=1&_t=ZN-93r9JxE2rN0","false",,,"false",,"0","https://www.tiktok.com/@nachter/video/7357337111676079392?_r=1&_t=ZN-93r9JxE2rN0","Nacho,eres maravilloso!!, así es,la sangre no se puede fabricar y tenemos que ayudarnos.Es muy muy necesario ser donantes y con este video,seguro que has animado a mucha gente a donar.Eres de lo mejor","7323720544028328992","anri7711","https://www.tiktok.com/@nachter/video/7357337111676079392"
"https://p16-common-sign.tiktokcdn-us.com/tos-maliva-avt-0068/9c3a7d48c5b37446d885dd7a0da34807~tplv-tiktokx-cropcenter:100:100.jpg?dr=9640&refresh_token=386eb39c&x-expires=1771329600&x-signature=%2FU6JAc2AiHwni4A%2BVgcz55u85PA%3D&t=4d5b0474&ps=13740610&shp=30310797&shcp=ff37627b&idc=useast5","7367376283238646561","1715350994","2024-05-10T14:23:14.000Z",,,,,,,,,"2","https://www.tiktok.com/@nachter/video/7357337111676079392?_r=1&_t=ZN-93r9JxE2rN0","false",,,"false",,"0","https://www.tiktok.com/@nachter/video/7357337111676079392?_r=1&_t=ZN-93r9JxE2rN0","Soy menor pero cuando sea mayor d edad donaré","6984357065977201669","carmenrodriguez_71","https://www.tiktok.com/@nachter/video/7357337111676079392"
"https://p16-common-sign.tiktokcdn-us.com/tos-maliva-avt-0068/df180ef7c6a87eb866b8b578e3807b5f~tplv-tiktokx-cropcenter:100:100.jpg?dr=9640&refresh_token=070b9620&x-expires=1771329600&x-signature=zAZeYi3dHjbxZwE85cGcxm2LIWI%3D&t=4d5b0474&ps=13740610&shp=30310797&shcp=ff37627b&idc=useast5","7357924609528283910","1713150339","2024-04-15T03:05:39.000Z",,,,,,,,,"3","https://www.tiktok.com/@nachter/video/7357337111676079392?_r=1&_t=ZN-93r9JxE2rN0","false",,,"false",,"0","https://www.tiktok.com/@nachter/video/7357337111676079392?_r=1&_t=ZN-93r9JxE2rN0","no tengo el peso suficiente para donar, me dió hepatitis y según entiendo no puedo, además la agujas me dan ansiedad🥺","6809713152545735685","kjrodri","https://www.tiktok.com/@nachter/video/7357337111676079392"
"https://p19-common-sign.tiktokcdn-us.com/tos-maliva-avt-0068/d65b197d569eb2f703420c61d4945c7a~tplv-tiktokx-cropcenter:100:100.jpg?dr=9640&refresh_token=4f11e187&x-expires=1771329600&x-signature=AeFlTq0WvIzNEPsij4cQx05gW4w%3D&t=4d5b0474&ps=13740610&shp=30310797&shcp=ff37627b&idc=useast5","7357472462697120518","1713045065","2024-04-13T21:51:05.000Z",,,,,,,,,"11","https://www.tiktok.com/@nachter/video/7357337111676079392?_r=1&_t=ZN-93r9JxE2rN0","false",,,"false",,"4","https://www.tiktok.com/@nachter/video/7357337111676079392?_r=1&_t=ZN-93r9JxE2rN0","apartir de que edad se puede donar sangre?","7231957784174117894","mateotenor3","https://www.tiktok.com/@nachter/video/7357337111676079392"
"https://p16-common-sign.tiktokcdn-us.com/tos-maliva-avt-0068/5d64263e2ac98ef1c1ebd9957fd442f2~tplv-tiktokx-cropcenter:100:100.jpg?dr=9640&refresh_token=3089b8b0&x-expires=1771329600&x-signature=fK%2FcpuRE%2BmcdWcWR5Nc9wK6qYNI%3D&t=4d5b0474&ps=13740610&shp=30310797&shcp=ff37627b&idc=useast5","7357452315799110406","1713040376","2024-04-13T20:32:56.000Z",,,,,,,,,"1","https://www.tiktok.com/@nachter/video/7357337111676079392?_r=1&_t=ZN-93r9JxE2rN0","false",,,"false",,"4","https://www.tiktok.com/@nachter/video/7357337111676079392?_r=1&_t=ZN-93r9JxE2rN0","mi sangre es rara yo soy a+ XD siempre que me inyectan o me piden comprobante de sangre siempre me dicen si quiero donar XD","6830965760061834245","simp_de_miku_nakano","https://www.tiktok.com/@nachter/video/7357337111676079392"
"https://p16-common-sign.tiktokcdn-us.com/tos-useast2a-avt-0068-euttp/3e83b2e03c48be9b0ae8ce8f549f2ddc~tplv-tiktokx-cropcenter:100:100.jpg?dr=9640&refresh_token=060ce92e&x-expires=1771329600&x-signature=xm7JYl1NxYQbMqHxACwRBlUkTAU%3D&t=4d5b0474&ps=13740610&shp=30310797&shcp=ff37627b&idc=useast5","7358133430499181345","1713198969","2024-04-15T16:36:09.000Z",,,,,,,,,"0","https://www.tiktok.com/@nachter/video/7357337111676079392?_r=1&_t=ZN-93r9JxE2rN0","false",,,"false",,"0","https://www.tiktok.com/@nachter/video/7357337111676079392?_r=1&_t=ZN-93r9JxE2rN0","Los del 2010 no pueden porque son menores xd pero buen video","6879031760865510405","medina.1949","https://www.tiktok.com/@nachter/video/7357337111676079392"
"https://p16-common-sign.tiktokcdn-us.com/tos-maliva-avt-0068/cc4a869c7186313192bfec11cf4870b4~tplv-tiktokx-cropcenter:100:100.jpg?dr=9640&refresh_token=fd85455d&x-expires=1771329600&x-signature=y%2B38dEGUOq%2BfyLCbL%2BEh61ht29o%3D&t=4d5b0474&ps=13740610&shp=30310797&shcp=ff37627b&idc=useast5","7357925425131700998","1713150528","2024-04-15T03:08:48.000Z",,,,,,,,,"0","https://www.tiktok.com/@nachter/video/7357337111676079392?_r=1&_t=ZN-93r9JxE2rN0","false",,,"false",,"4","https://www.tiktok.com/@nachter/video/7357337111676079392?_r=1&_t=ZN-93r9JxE2rN0","nunca he donado, soy sangre universal. pienso que si boy al banco a donar.. y el banco la vende aquíen la necesita... pues así si no....","6963001404127691782","adamgfdez","https://www.tiktok.com/@nachter/video/7357337111676079392"
"https://p19-common-sign.tiktokcdn-us.com/tos-maliva-avt-0068/7290237347997810693~tplv-tiktokx-cropcenter:100:100.jpg?dr=9640&refresh_token=af279d11&x-expires=1771329600&x-signature=vr2L3urrYyXCK3sYKd%2BG51fn0ks%3D&t=4d5b0474&ps=13740610&shp=30310797&shcp=ff37627b&idc=useast5","7357761669277729541","1713112395","2024-04-14T16:33:15.000Z",,,,,,,,,"0","https://www.tiktok.com/@nachter/video/7357337111676079392?_r=1&_t=ZN-93r9JxE2rN0","false",,,"false",,"1","https://www.tiktok.com/@nachter/video/7357337111676079392?_r=1&_t=ZN-93r9JxE2rN0","las dos veces que tengo que donar no he podido, la primera tenía gripe (en mi país no se puedo donar si se tiene algo por el estilo) y la segunda me acababan de diagnosticar hipotensión y aún no se...","7290236871187399686","maria.jimenes94","https://www.tiktok.com/@nachter/video/7357337111676079392"
"https://p19-common-sign.tiktokcdn-us.com/tos-maliva-avt-0068/9321ce526b79c1aa3f1f24b0ecbac1bc~tplv-tiktokx-cropcenter:100:100.jpg?dr=9640&refresh_token=574c1ef2&x-expires=1771329600&x-signature=s2EMs02%2FGqG8twNVqX77kopO8aQ%3D&t=4d5b0474&ps=13740610&shp=30310797&shcp=ff37627b&idc=useast5","7357571796571669254","1713068198","2024-04-14T04:16:38.000Z",,,,,,,,,"1","https://www.tiktok.com/@nachter/video/7357337111676079392?_r=1&_t=ZN-93r9JxE2rN0","false",,,"false",,"2","https://www.tiktok.com/@nachter/video/7357337111676079392?_r=1&_t=ZN-93r9JxE2rN0","yo por dragón ball me da miedo las agujas","6899127759835825154","elias_chdp","https://www.tiktok.com/@nachter/video/7357337111676079392"
"https://p16-common-sign.tiktokcdn-us.com/tos-useast2a-avt-0068-euttp/52ef303060d78bfb89894bdc1468dc7f~tplv-tiktokx-cropcenter:100:100.jpg?dr=9640&refresh_token=c8c0aec5&x-expires=1771329600&x-signature=VhVHz8kYA%2B0%2Fm%2Ft22NGFwVnIbkI%3D&t=4d5b0474&ps=13740610&shp=30310797&shcp=ff37627b&idc=useast5","7358326038978495265","1713243849","2024-04-16T05:04:09.000Z",,,,,,,,,"1","https://www.tiktok.com/@nachter/video/7357337111676079392?_r=1&_t=ZN-93r9JxE2rN0","false",,,"false",,"0","https://www.tiktok.com/@nachter/video/7357337111676079392?_r=1&_t=ZN-93r9JxE2rN0","A mi lo que me daría cosa serían incluso más que las agujas el ver como me sacan la sangre","7056560618883712006","danerno","https://www.tiktok.com/@nachter/video/7357337111676079392"
"https://p16-common-sign.tiktokcdn-us.com/tos-maliva-avt-0068/c5e135d160fffc42e72cd54a8dd4c7ab~tplv-tiktokx-cropcenter:100:100.jpg?dr=9640&refresh_token=81a75c10&x-expires=1771329600&x-signature=DMQsbBR6O7XYQiqAKq9aTcGV7QU%3D&t=4d5b0474&ps=13740610&shp=30310797&shcp=ff37627b&idc=useast5","7357667208757953313","1713090420","2024-04-14T10:27:00.000Z",,,,,,,,,"0","https://www.tiktok.com/@nachter/video/7357337111676079392?_r=1&_t=ZN-93r9JxE2rN0","false",,,"false",,"4","https://www.tiktok.com/@nachter/video/7357337111676079392?_r=1&_t=ZN-93r9JxE2rN0","A mi si me pagan si voy. soy A+","6939290209927250950","34668zoe1","https://www.tiktok.com/@nachter/video/7357337111676079392"
"https://p16-common-sign.tiktokcdn-us.com/tos-useast2a-avt-0068-euttp/319d7eacbaf00a786419a5ef47c2a674~tplv-tiktokx-cropcenter:100:100.jpg?dr=9640&refresh_token=a8bd5851&x-expires=1771329600&x-signature=7BlE4LW%2BMRAdce5T9lCCu%2B%2BG3lw%3D&t=4d5b0474&ps=13740610&shp=30310797&shcp=ff37627b&idc=useast5","7358005396962296608","1713169202","2024-04-15T08:20:02.000Z",,,,,,,,,"8","https://www.tiktok.com/@nachter/video/7357337111676079392?_r=1&_t=ZN-93r9JxE2rN0","false",,,"false","7357667208757953313",,"https://www.tiktok.com/@nachter/video/7357337111676079392?_r=1&_t=ZN-93r9JxE2rN0","Pues cuando la necesites ojalá te la cobren.","6790311652208477189","el_gato_roni","https://www.tiktok.com/@nachter/video/7357337111676079392"
"https://p19-common-sign.tiktokcdn-us.com/tos-maliva-avt-0068/3f108271be9fa75acf4317266c911119~tplv-tiktokx-cropcenter:100:100.jpg?dr=9640&refresh_token=57adf72c&x-expires=1771329600&x-signature=aAwD9n37F1R%2Fg4%2BOulOmJda8oXo%3D&t=4d5b0474&ps=13740610&shp=30310797&shcp=ff37627b&idc=useast5","7357492062478222112","1713049646","2024-04-13T23:07:26.000Z",,,,,,,,,"2","https://www.tiktok.com/@nachter/video/7357337111676079392?_r=1&_t=ZN-93r9JxE2rN0","false",,,"false",,"3","https://www.tiktok.com/@nachter/video/7357337111676079392?_r=1&_t=ZN-93r9JxE2rN0","Quiero donar medula y todo, pero el proceso lo hacen tan lento que no tengo tanto tiempo libre","6779641555282494469","naiiaraapb","https://www.tiktok.com/@nachter/video/7357337111676079392"
"https://p16-common-sign.tiktokcdn-us.com/tos-maliva-avt-0068/301ab305c28b2f3a82712f70461ae07c~tplv-tiktokx-cropcenter:100:100.jpg?dr=9640&refresh_token=cd9ee855&x-expires=1771329600&x-signature=LMU5mkoAZ4H%2FZT4IA5%2BlfBDsFtk%3D&t=4d5b0474&ps=13740610&shp=30310797&shcp=ff37627b&idc=useast5","7516752751053849400","1750130396","2025-06-17T03:19:56.000Z",,,,,,,,,"1","https://www.tiktok.com/@nachter/video/7357337111676079392?_r=1&_t=ZN-93r9JxE2rN0","false",,,"false",,"0","https://www.tiktok.com/@nachter/video/7357337111676079392?_r=1&_t=ZN-93r9JxE2rN0","yo solamente no miro la aguja hasta que este adentro de mi vena. 😅","6891245593861735430","milesilva155","https://www.tiktok.com/@nachter/video/7357337111676079392"
"https://p16-common-sign.tiktokcdn-us.com/tos-maliva-avt-0068/83601170834c932e814f5136d9d2b87c~tplv-tiktokx-cropcenter:100:100.jpg?dr=9640&refresh_token=bc65d700&x-expires=1771329600&x-signature=D%2BqbnGx%2FGwlmte37p30dwyRpAvQ%3D&t=4d5b0474&ps=13740610&shp=30310797&shcp=ff37627b&idc=useast5","7358956788986675973","1713390660","2024-04-17T21:51:00.000Z",,,,,,,,,"1","https://www.tiktok.com/@nachter/video/7357337111676079392?_r=1&_t=ZN-93r9JxE2rN0","false",,,"false",,"0","https://www.tiktok.com/@nachter/video/7357337111676079392?_r=1&_t=ZN-93r9JxE2rN0","estoy en octava8 vida","7264655452931195910","marco.alvarez54","https://www.tiktok.com/@nachter/video/7357337111676079392"
"https://p19-common-sign.tiktokcdn-us.com/tos-maliva-avt-0068/a1b9e783da1758b100caf0f964cfdb12~tplv-tiktokx-cropcenter:100:100.jpg?dr=9640&refresh_token=b070e9f8&x-expires=1771329600&x-signature=8BY8lSJ%2Bc%2FgIrOWyClhrl9WqRJs%3D&t=4d5b0474&ps=13740610&shp=30310797&shcp=ff37627b&idc=useast5","7357807539347718918","1713123077","2024-04-14T19:31:17.000Z",,,,,,,,,"1","https://www.tiktok.com/@nachter/video/7357337111676079392?_r=1&_t=ZN-93r9JxE2rN0","false",,,"false",,"0","https://www.tiktok.com/@nachter/video/7357337111676079392?_r=1&_t=ZN-93r9JxE2rN0","Nachter Grupo WhatsApp","7085883133816177669","toktikerdi","https://www.tiktok.com/@nachter/video/7357337111676079392"
"https://p16-common-sign.tiktokcdn-us.com/tos-maliva-avt-0068/7321956880653647877~tplv-tiktokx-cropcenter:100:100.jpg?dr=9640&refresh_token=9ad5a59d&x-expires=1771329600&x-signature=k2KHfaKlr4A80HcH0PiZlfObGrs%3D&t=4d5b0474&ps=13740610&shp=30310797&shcp=ff37627b&idc=useast5","7357577000280523526","1713069406","2024-04-14T04:36:46.000Z",,,,,,,,,"4","https://www.tiktok.com/@nachter/video/7357337111676079392?_r=1&_t=ZN-93r9JxE2rN0","false",,,"false",,"2","https://www.tiktok.com/@nachter/video/7357337111676079392?_r=1&_t=ZN-93r9JxE2rN0","yo oí que si comienzas y dejas de donar sangre te puede hacer sentir mal","6993760853305934854","javi88yt","https://www.tiktok.com/@nachter/video/7357337111676079392"
"https://p16-common-sign.tiktokcdn-us.com/tos-useast2a-avt-0068-euttp/05c768b81e5df737880896f80140812d~tplv-tiktokx-cropcenter:100:100.jpg?dr=9640&refresh_token=b7d6f02e&x-expires=1771329600&x-signature=6Wd1Z6LN37wcQTy5MicKIoV6R9s%3D&t=4d5b0474&ps=13740610&shp=30310797&shcp=ff37627b&idc=useast5","7357823522502378272","1713126800","2024-04-14T20:33:20.000Z",,,,,,,,,"0","https://www.tiktok.com/@nachter/video/7357337111676079392?_r=1&_t=ZN-93r9JxE2rN0","false",,,"false",,"1","https://www.tiktok.com/@nachter/video/7357337111676079392?_r=1&_t=ZN-93r9JxE2rN0","Soy donante, ojala se pagará por ello","7202898277897077766","tatianavamartndej","https://www.tiktok.com/@nachter/video/7357337111676079392"
"https://p16-common-sign.tiktokcdn-us.com/tos-useast2a-avt-0068-euttp/a09b60b2d310e64965e939b9acc02fc8~tplv-tiktokx-cropcenter:100:100.jpg?dr=9640&refresh_token=86d272d0&x-expires=1771329600&x-signature=GISswDV6C9%2FOwpIXpzon3RNqYUY%3D&t=4d5b0474&ps=13740610&shp=30310797&shcp=ff37627b&idc=useast5","7357385227222319905","1713024764","2024-04-13T16:12:44.000Z",,,,,,,,,"1","https://www.tiktok.com/@nachter/video/7357337111676079392?_r=1&_t=ZN-93r9JxE2rN0","false",,,"false",,"0","https://www.tiktok.com/@nachter/video/7357337111676079392?_r=1&_t=ZN-93r9JxE2rN0","yo no puedo donar","6715121640278557702","vaneu30","https://www.tiktok.com/@nachter/video/7357337111676079392"
"https://p19-common-sign.tiktokcdn-us.com/tos-maliva-avt-0068/265b9e29869680c220f17d6dff514743~tplv-tiktokx-cropcenter:100:100.jpg?dr=9640&refresh_token=99dc6f9a&x-expires=1771329600&x-signature=tCJo6Sl1JfVWI32KQV1VVuQLJfY%3D&t=4d5b0474&ps=13740610&shp=30310797&shcp=ff37627b&idc=useast5","7362056488243020549","1714112370","2024-04-26T06:19:30.000Z",,,,,,,,,"0","https://www.tiktok.com/@nachter/video/7357337111676079392?_r=1&_t=ZN-93r9JxE2rN0","false",,,"false",,"0","https://www.tiktok.com/@nachter/video/7357337111676079392?_r=1&_t=ZN-93r9JxE2rN0","jajajajjaja me haces el día con cada video jajajajaj","6792284916186547206","niniyicell","https://www.tiktok.com/@nachter/video/7357337111676079392"
"https://p19-common-sign.tiktokcdn-us.com/musically-maliva-obj/1594805258216454~tplv-tiktokx-cropcenter:100:100.jpg?dr=9640&refresh_token=7eedafe5&x-expires=1771329600&x-signature=Mn%2F5LxFG9i%2B6gDy%2Bv3p8%2BWvfFxQ%3D&t=4d5b0474&ps=13740610&shp=30310797&shcp=ff37627b&idc=useast5","7357404554331423493","1713030690","2024-04-13T17:51:30.000Z",,,,,,,,,"0","https://www.tiktok.com/@nachter/video/7357337111676079392?_r=1&_t=ZN-93r9JxE2rN0","false",,,"false",,"0","https://www.tiktok.com/@nachter/video/7357337111676079392?_r=1&_t=ZN-93r9JxE2rN0","mi papa me enseño a ayudar a la gente y donando sangre ,ayudas a quien en verdad necesita de ti yo he donado cada que puedo porque el lo hacia 💪","7083689873404298246","bendecidopor1000","https://www.tiktok.com/@nachter/video/7357337111676079392"
"https://p16-sign-va.tiktokcdn.com/tos-maliva-avt-0068/ba9643b1381f2491465b9c57c0022bb4~tplv-tiktokx-cropcenter:100:100.jpg?dr=14579&refresh_token=9a3ed329&x-expires=1771329600&x-signature=8Px40X58PaLHvMVRlOzzWhtYqw8%3D&t=4d5b0474&ps=13740610&shp=30310797&shcp=ff37627b&idc=my","7357733134170211077","1713105758","2024-04-14T14:42:38.000Z",,,,,,,,,"0","https://www.tiktok.com/@nachter/video/7357337111676079392?_r=1&_t=ZN-93r9JxE2rN0","false",,,"false",,"4","https://www.tiktok.com/@nachter/video/7357337111676079392?_r=1&_t=ZN-93r9JxE2rN0","es cierto! mi papá era un tipo d sangre escaso en mi comunidad y era el donador de casi todo mundo, quien le pidiera iba sin pretextos 🥺 yo tengo el mismo tipo y he querido donar pero me dicen q no+","6935642822264390662","almazugey","https://www.tiktok.com/@nachter/video/7357337111676079392"
"https://p16-sign-va.tiktokcdn.com/tos-maliva-avt-0068/b536589be6d128211ca42480c387ed37~tplv-tiktokx-cropcenter:100:100.jpg?dr=14579&refresh_token=db311119&x-expires=1771329600&x-signature=P47s%2BEuKHURFtudM3c%2B5bUCDFXI%3D&t=4d5b0474&ps=13740610&shp=30310797&shcp=ff37627b&idc=my","7358438140543779614","1713269922","2024-04-16T12:18:42.000Z",,,,,,,,,"0","https://www.tiktok.com/@nachter/video/7357337111676079392?_r=1&_t=ZN-93r9JxE2rN0","false",,,"false",,"0","https://www.tiktok.com/@nachter/video/7357337111676079392?_r=1&_t=ZN-93r9JxE2rN0","Generación DeCristal. Hermoso video.","7000818933604238341","rafaelnoun58","https://www.tiktok.com/@nachter/video/7357337111676079392"
"https://p19-common-sign-useastred.tiktokcdn-eu.com/tos-useast2a-avt-0068-euttp/2c50a4558c9c47bdebd88246799a512a~tplv-tiktokx-cropcenter:100:100.jpg?dr=14579&refresh_token=d1f6b31f&x-expires=1771329600&x-signature=Lw4cLNRRqv4SSwl3xDtxcIstrj4%3D&t=4d5b0474&ps=13740610&shp=30310797&shcp=ff37627b&idc=my","7358997199227716385","1713400220","2024-04-18T00:30:20.000Z",,,,,,,,,"0","https://www.tiktok.com/@nachter/video/7357337111676079392?_r=1&_t=ZN-93r9JxE2rN0","false",,,"false",,"0","https://www.tiktok.com/@nachter/video/7357337111676079392?_r=1&_t=ZN-93r9JxE2rN0","Yo no puedo donar porque tengo las defensas en la mrda y encima tengo tendencia a sufrir anemia, ojalá pudiera 🥲","7349204816101049376","el.zombiee","https://www.tiktok.com/@nachter/video/7357337111676079392"
"https://p19-common-sign-useastred.tiktokcdn-eu.com/tos-useast2a-avt-0068-euttp/319d7eacbaf00a786419a5ef47c2a674~tplv-tiktokx-cropcenter:100:100.jpg?dr=14579&refresh_token=96289085&x-expires=1771329600&x-signature=D6MQSf31xefZL2ceWVgo1r4aCME%3D&t=4d5b0474&ps=13740610&shp=30310797&shcp=ff37627b&idc=my","7358004244241629985","1713168927","2024-04-15T08:15:27.000Z",,,,,,,,,"4","https://www.tiktok.com/@nachter/video/7357337111676079392?_r=1&_t=ZN-93r9JxE2rN0","false",,,"false","7357925425131700998",,"https://www.tiktok.com/@nachter/video/7357337111676079392?_r=1&_t=ZN-93r9JxE2rN0","La sangre no se vende","6790311652208477189","el_gato_roni","https://www.tiktok.com/@nachter/video/7357337111676079392"
"https://p16-sign-va.tiktokcdn.com/tos-maliva-avt-0068/b8925b90d975b270037579be9c1f2ccd~tplv-tiktokx-cropcenter:100:100.jpg?dr=14579&refresh_token=b7d5d35b&x-expires=1771329600&x-signature=zVWV7XwPx0JLfsQSg8%2BOdslR38A%3D&t=4d5b0474&ps=13740610&shp=30310797&shcp=ff37627b&idc=my","7357500953072796448","1713051724","2024-04-13T23:42:04.000Z",,,,,,,,,"1","https://www.tiktok.com/@nachter/video/7357337111676079392?_r=1&_t=ZN-93r9JxE2rN0","false",,,"false",,"1","https://www.tiktok.com/@nachter/video/7357337111676079392?_r=1&_t=ZN-93r9JxE2rN0","en mi caso, me dijeron que tendrian que pasarla por una màquina, tengo el higado graso, se puede pasar a quien se la den","7203503929052234757","elisendabusquets7","https://www.tiktok.com/@nachter/video/7357337111676079392"
"https://p16-sign-va.tiktokcdn.com/tos-maliva-avt-0068/3e1b276a1d8dab7847967634cd013ba0~tplv-tiktokx-cropcenter:100:100.jpg?dr=14579&refresh_token=80191d45&x-expires=1771329600&x-signature=kuwrUyz00t75fesvOq%2Bp0A9dt5E%3D&t=4d5b0474&ps=13740610&shp=30310797&shcp=ff37627b&idc=my","7357921796312056582","1713149681","2024-04-15T02:54:41.000Z",,,,,,,,,"0","https://www.tiktok.com/@nachter/video/7357337111676079392?_r=1&_t=ZN-93r9JxE2rN0","false",,,"false",,"1","https://www.tiktok.com/@nachter/video/7357337111676079392?_r=1&_t=ZN-93r9JxE2rN0","🥺yo ni tengo venas para hacer donación de sangre 🥺","6967506616929993734","quibet26","https://www.tiktok.com/@nachter/video/7357337111676079392"
"https://p16-sign-va.tiktokcdn.com/tos-maliva-avt-0068/a37004652d2b2ef76f82c0d082185042~tplv-tiktokx-cropcenter:100:100.jpg?dr=14579&refresh_token=edb589e6&x-expires=1771329600&x-signature=stEakPDzLLMrpW6WPT%2F0Q7jbHg4%3D&t=4d5b0474&ps=13740610&shp=30310797&shcp=ff37627b&idc=my","7358280926859854597","1713233297","2024-04-16T02:08:17.000Z",,,,,,,,,"1","https://www.tiktok.com/@nachter/video/7357337111676079392?_r=1&_t=ZN-93r9JxE2rN0","false",,,"false",,"0","https://www.tiktok.com/@nachter/video/7357337111676079392?_r=1&_t=ZN-93r9JxE2rN0","Ojalá poder donar, los que podéis, hacerlo, no sabes cuándo alguien lo va a necesitar y cuánto se agradece.","7069946772941145093","ednar230","https://www.tiktok.com/@nachter/video/7357337111676079392"
"https://p16-sign-va.tiktokcdn.com/tos-maliva-avt-0068/7329456991976292358~tplv-tiktokx-cropcenter:100:100.jpg?dr=14579&refresh_token=caf660c5&x-expires=1771329600&x-signature=32RGxVmzIGbAtZRdEwfzVCy83fw%3D&t=4d5b0474&ps=13740610&shp=30310797&shcp=ff37627b&idc=my","7361478320283779845","1713977745","2024-04-24T16:55:45.000Z",,,,,,,,,"0","https://www.tiktok.com/@nachter/video/7357337111676079392?_r=1&_t=ZN-93r9JxE2rN0","false",,,"false",,"0","https://www.tiktok.com/@nachter/video/7357337111676079392?_r=1&_t=ZN-93r9JxE2rN0","En Chile 🇨🇱hace poco hay una ley que todos somos automaticamente donantes, pero el que no quiere lo dice al momento de sacar el ID. yo soy donante desde los 18 años, y e donado 3 veces en la vida.","6920613900879774725","teresitaruizyanquez","https://www.tiktok.com/@nachter/video/7357337111676079392"
"https://p16-sign-va.tiktokcdn.com/tos-maliva-avt-0068/67c5b616aa39e072812f9586010c30e0~tplv-tiktokx-cropcenter:100:100.jpg?dr=14579&refresh_token=65e7a40f&x-expires=1771329600&x-signature=MNVmPM2V04pMgHDk93UzgdBb%2BRI%3D&t=4d5b0474&ps=13740610&shp=30310797&shcp=ff37627b&idc=my","7358731153350787872","1713338163","2024-04-17T07:16:03.000Z",,,,,,,,,"0","https://www.tiktok.com/@nachter/video/7357337111676079392?_r=1&_t=ZN-93r9JxE2rN0","false",,,"false",,"0","https://www.tiktok.com/@nachter/video/7357337111676079392?_r=1&_t=ZN-93r9JxE2rN0","dono❤️. eres lo más","7089074676890993670","nenafresa200","https://www.tiktok.com/@nachter/video/7357337111676079392"
"https://p16-sign-va.tiktokcdn.com/tos-maliva-avt-0068/b344aa96000620c0e75ff69f97f1eee6~tplv-tiktokx-cropcenter:100:100.jpg?dr=14579&refresh_token=7297e3ac&x-expires=1771329600&x-signature=ZaRRj9H1%2FzYgy7vTmyFBJ2fJ44g%3D&t=4d5b0474&ps=13740610&shp=30310797&shcp=ff37627b&idc=my","7357645831568884486","1713085432","2024-04-14T09:03:52.000Z",,,,,,,,,"3","https://www.tiktok.com/@nachter/video/7357337111676079392?_r=1&_t=ZN-93r9JxE2rN0","false",,,"false",,"0","https://www.tiktok.com/@nachter/video/7357337111676079392?_r=1&_t=ZN-93r9JxE2rN0","Yo era donante de sangre 🥺 y me enfermé y ya no puedo donar, siempre lo hice con mucho amor","6794960685744374789","fabiolacortez0491","https://www.tiktok.com/@nachter/video/7357337111676079392"
"https://p16-sign-sg.tiktokcdn.com/tos-alisg-avt-0068/2a2f4c91b0a354128c0fc0efc5171160~tplv-tiktokx-cropcenter:100:100.jpg?dr=14579&refresh_token=c4ae6a5c&x-expires=1771329600&x-signature=vgHw14oym6jhVCl2DkbBvbY2rn4%3D&t=4d5b0474&ps=13740610&shp=30310797&shcp=ff37627b&idc=my","7364118104496997153","1714592381","2024-05-01T19:39:41.000Z",,,,,,,,,"0","https://www.tiktok.com/@nachter/video/7357337111676079392?_r=1&_t=ZN-93r9JxE2rN0","false",,,"false",,"0","https://www.tiktok.com/@nachter/video/7357337111676079392?_r=1&_t=ZN-93r9JxE2rN0","yo soy donante desde los 18y tengo52 es bueno donar🥰🥰","6890175990979740677","raquelzeus","https://www.tiktok.com/@nachter/video/7357337111676079392"
"https://p16-sign-va.tiktokcdn.com/tos-maliva-avt-0068/625c906bdb7184231827ac81f5d50ec6~tplv-tiktokx-cropcenter:100:100.jpg?dr=14579&refresh_token=ff2065b1&x-expires=1771329600&x-signature=yk4OPSRV5RLolr0lzlDUZxc9Uyk%3D&t=4d5b0474&ps=13740610&shp=30310797&shcp=ff37627b&idc=my","7358567062221603617","1713299932","2024-04-16T20:38:52.000Z",,,,,,,,,"0","https://www.tiktok.com/@nachter/video/7357337111676079392?_r=1&_t=ZN-93r9JxE2rN0","false",,,"false",,"0","https://www.tiktok.com/@nachter/video/7357337111676079392?_r=1&_t=ZN-93r9JxE2rN0","yo era donante con mi padre hasta el día que se pasaron sacándole sangre y se mareo y no hicieron nada","6970274280748844038","dreamcarprojectgt","https://www.tiktok.com/@nachter/video/7357337111676079392"
"https://p16-sign-sg.tiktokcdn.com/tos-alisg-avt-0068/76dd78b29b0f54eacf84d6c92b092da1~tplv-tiktokx-cropcenter:100:100.jpg?dr=14579&refresh_token=b6f7593f&x-expires=1771329600&x-signature=l9RRGy76Ur6s8DmBtN9iX3nZjf0%3D&t=4d5b0474&ps=13740610&shp=30310797&shcp=ff37627b&idc=my","7358214283140891424","1713217805","2024-04-15T21:50:05.000Z",,,,,,,,,"0","https://www.tiktok.com/@nachter/video/7357337111676079392?_r=1&_t=ZN-93r9JxE2rN0","false",,,"false",,"0","https://www.tiktok.com/@nachter/video/7357337111676079392?_r=1&_t=ZN-93r9JxE2rN0","me esperaba el influencer sacandose fotos donando ...😂. me parto con tus vídeos . ojalá todas las personas donará. ❤️","6819303067474117638","elicruzm82","https://www.tiktok.com/@nachter/video/7357337111676079392"
"https://p16-sign-va.tiktokcdn.com/tos-maliva-avt-0068/7332099930566262789~tplv-tiktokx-cropcenter:100:100.jpg?dr=14579&refresh_token=3f71dc17&x-expires=1771329600&x-signature=wWwO6iUykeemaOspIyWacuXhmtM%3D&t=4d5b0474&ps=13740610&shp=30310797&shcp=ff37627b&idc=my","7358146896266838789","1713202093","2024-04-15T17:28:13.000Z",,,,,,,,,"0","https://www.tiktok.com/@nachter/video/7357337111676079392?_r=1&_t=ZN-93r9JxE2rN0","false",,,"false",,"0","https://www.tiktok.com/@nachter/video/7357337111676079392?_r=1&_t=ZN-93r9JxE2rN0","Yo era domadora de sangre, pero ahora no puedo por ser diabética insulinodependiente 🥺","6838253028585292805","marthacvargase","https://www.tiktok.com/@nachter/video/7357337111676079392"
"https://p16-common-sign.tiktokcdn-us.com/tos-maliva-avt-0068/e0167344fe52f795c11ff322778eedf8~tplv-tiktokx-cropcenter:100:100.jpg?dr=9640&refresh_token=087b4a9d&x-expires=1771329600&x-signature=llMJdJtsCcRY%2FfttuPUfMep8O8g%3D&t=4d5b0474&ps=13740610&shp=30310797&shcp=ff37627b&idc=useast8","7357802275492807456","1713121858","2024-04-14T19:10:58.000Z",,,,,,,,,"2","https://www.tiktok.com/@nachter/video/7357337111676079392?_r=1&_t=ZN-93r9JxE2rN0","false",,,,"7357352351856673569",,"https://www.tiktok.com/@nachter/video/7357337111676079392?_r=1&_t=ZN-93r9JxE2rN0","mi esposo tiene O+","6818891283949716486","_yunaisy_","https://www.tiktok.com/@nachter/video/7357337111676079392"
"https://p16-common-sign.tiktokcdn-us.com/tos-alisg-avt-0068/770be45906506df2436b3c8d80c7ddf1~tplv-tiktokx-cropcenter:100:100.jpg?dr=9640&refresh_token=4d2bbb31&x-expires=1771329600&x-signature=AV0OxNTmRP5Zb58RJ4wqCjWoVcQ%3D&t=4d5b0474&ps=13740610&shp=30310797&shcp=ff37627b&idc=useast8","7533921177787007762","1754127721","2025-08-02T09:42:01.000Z",,,,,,,,,"0","https://www.tiktok.com/@nachter/video/7357337111676079392?_r=1&_t=ZN-93r9JxE2rN0","false",,,,"7357352351856673569",,"https://www.tiktok.com/@nachter/video/7357337111676079392?_r=1&_t=ZN-93r9JxE2rN0","X2, yo siempre voy al hospital de niños o al hospital general, y solo así vencí mi fobia a las agujas 🥰","6961449504964985861","jemilianoguzman1999","https://www.tiktok.com/@nachter/video/7357337111676079392"
"https://p16-common-sign.tiktokcdn-us.com/tos-maliva-avt-0068/b5f3724f6492e6915c75483b0983712f~tplv-tiktokx-cropcenter:100:100.jpg?dr=9640&refresh_token=803227c0&x-expires=1771329600&x-signature=1TFNZBCHlTUg3veRGV65p4tgefo%3D&t=4d5b0474&ps=13740610&shp=30310797&shcp=ff37627b&idc=useast5","7357881140650951430","1713140217","2024-04-15T00:16:57.000Z",,,,,,,,,"1","https://www.tiktok.com/@nachter/video/7357337111676079392?_r=1&_t=ZN-93r9JxE2rN0","false",,,,"7357423264829047585",,"https://www.tiktok.com/@nachter/video/7357337111676079392?_r=1&_t=ZN-93r9JxE2rN0","Es lo mejor previenes enfermedades al corazón e infartos al cerebro, solo aliméntate bien 👍 y sigue salvando vidas 💛","7074034787627582469","camille_sophia_","https://www.tiktok.com/@nachter/video/7357337111676079392"
"https://p16-common-sign.tiktokcdn-us.com/tos-maliva-avt-0068/fa18d7558ba4ca5e51489c55401f7e46~tplv-tiktokx-cropcenter:100:100.jpg?dr=9640&refresh_token=a093116c&x-expires=1771329600&x-signature=tnFD93LVBQEVCgg1uZifNAMJAmw%3D&t=4d5b0474&ps=13740610&shp=30310797&shcp=ff37627b&idc=useast5","7357493987739747077","1713053276","2024-04-14T00:07:56.000Z",,,,,,,,,"0","https://www.tiktok.com/@nachter/video/7357337111676079392?_r=1&_t=ZN-93r9JxE2rN0","false",,,,"7357423264829047585",,"https://www.tiktok.com/@nachter/video/7357337111676079392?_r=1&_t=ZN-93r9JxE2rN0","Te felicito!","7018237773220594694","franziskashimchick","https://www.tiktok.com/@nachter/video/7357337111676079392"
"https://p19-common-sign.tiktokcdn-us.com/tos-useast2a-avt-0068-euttp/15ff6e6c52fba85b7752336a672ea811~tplv-tiktokx-cropcenter:100:100.jpg?dr=9640&refresh_token=6445bba4&x-expires=1771329600&x-signature=UmGVF3ECScJQqT2KoXnwpwMAfHY%3D&t=4d5b0474&ps=13740610&shp=30310797&shcp=ff37627b&idc=useast5","7357465873126818593","1713043536","2024-04-13T21:25:36.000Z",,,,,,,,,"1","https://www.tiktok.com/@nachter/video/7357337111676079392?_r=1&_t=ZN-93r9JxE2rN0","false",,,,"7357423264829047585",,"https://www.tiktok.com/@nachter/video/7357337111676079392?_r=1&_t=ZN-93r9JxE2rN0","👏👏👏","7013287641688949766","_madammim","https://www.tiktok.com/@nachter/video/7357337111676079392"
"https://p16-common-sign.tiktokcdn-us.com/tos-maliva-avt-0068/94c2ccade3cfa9f90f505fea7753b1fc~tplv-tiktokx-cropcenter:100:100.jpg?dr=9640&refresh_token=25b8e65d&x-expires=1771329600&x-signature=1n%2BjsE%2FQaCoZaMWmH37s1uZh%2BZM%3D&t=4d5b0474&ps=13740610&shp=30310797&shcp=ff37627b&idc=useast8","7361039807017730821","1713875650","2024-04-23T12:34:10.000Z",,,,,,,,,"0","https://www.tiktok.com/@nachter/video/7357337111676079392?_r=1&_t=ZN-93r9JxE2rN0","false",,,"false",,"0","https://www.tiktok.com/@nachter/video/7357337111676079392?_r=1&_t=ZN-93r9JxE2rN0","jajajajjaj","7010949081636963333","ivettemarceladon","https://www.tiktok.com/@nachter/video/7357337111676079392"
"https://p19-common-sign.tiktokcdn-us.com/tos-alisg-avt-0068/db462a4a8695727c3db141ca58985d5d~tplv-tiktokx-cropcenter:100:100.jpg?dr=9640&refresh_token=bac342af&x-expires=1771329600&x-signature=eOiJnKfT%2BRfFQNkhZFcTQZv9fCI%3D&t=4d5b0474&ps=13740610&shp=30310797&shcp=ff37627b&idc=useast8","7551669588132922124","1758260114","2025-09-19T05:35:14.000Z",,,,,,,,,"0","https://www.tiktok.com/@nachter/video/7357337111676079392?_r=1&_t=ZN-93r9JxE2rN0","false",,,"false",,"0","https://www.tiktok.com/@nachter/video/7357337111676079392?_r=1&_t=ZN-93r9JxE2rN0","Yo el lunes iré a donar sangre 🥹","6923258806236251142","atreus5.04","https://www.tiktok.com/@nachter/video/7357337111676079392"
"https://p19-common-sign.tiktokcdn-us.com/tos-maliva-avt-0068/a6065e0ff26b9d7552df9425ffc97007~tplv-tiktokx-cropcenter:100:100.jpg?dr=9640&refresh_token=57cd2b65&x-expires=1771329600&x-signature=qyA1Zj3RGDGZf8qQwY08rB3HaU8%3D&t=4d5b0474&ps=13740610&shp=30310797&shcp=ff37627b&idc=useast8","7357792482270708513","1713119580","2024-04-14T18:33:00.000Z",,,,,,,,,"1","https://www.tiktok.com/@nachter/video/7357337111676079392?_r=1&_t=ZN-93r9JxE2rN0","false",,,"false",,"0","https://www.tiktok.com/@nachter/video/7357337111676079392?_r=1&_t=ZN-93r9JxE2rN0","ojala pudiese, pero la hematofobia me supera...","6825139264801883142","xarlyy","https://www.tiktok.com/@nachter/video/7357337111676079392"
"https://p16-common-sign.tiktokcdn-us.com/tos-maliva-avt-0068/16c9ff55041cc4ee6b260fe2601ab558~tplv-tiktokx-cropcenter:100:100.jpg?dr=9640&refresh_token=11f62613&x-expires=1771329600&x-signature=fjDAxlV2i1GOEGmg%2FHy5wM%2BI9Dc%3D&t=4d5b0474&ps=13740610&shp=30310797&shcp=ff37627b&idc=useast8","7358060965919081221","1713182081","2024-04-15T11:54:41.000Z",,,,,,,,,"0","https://www.tiktok.com/@nachter/video/7357337111676079392?_r=1&_t=ZN-93r9JxE2rN0","false",,,"false",,"0","https://www.tiktok.com/@nachter/video/7357337111676079392?_r=1&_t=ZN-93r9JxE2rN0","Amo cuando dice ansiedad 😂😂😂","6955807843698459653","dylancaceres117","https://www.tiktok.com/@nachter/video/7357337111676079392"
"https://p16-common-sign.tiktokcdn-us.com/tos-useast2a-avt-0068-euttp/0448722886553b83182d98626184805e~tplv-tiktokx-cropcenter:100:100.jpg?dr=9640&refresh_token=38d9cb13&x-expires=1771329600&x-signature=zHsGqzBx4nG0ewpapYOLK7%2Bf3FQ%3D&t=4d5b0474&ps=13740610&shp=30310797&shcp=ff37627b&idc=useast8","7358591038091117345","1713305528","2024-04-16T22:12:08.000Z",,,,,,,,,"0","https://www.tiktok.com/@nachter/video/7357337111676079392?_r=1&_t=ZN-93r9JxE2rN0","false",,,"false",,"0","https://www.tiktok.com/@nachter/video/7357337111676079392?_r=1&_t=ZN-93r9JxE2rN0","soy del 96, pero me comporto como los del 2010","7100701217517290502","ivanytube","https://www.tiktok.com/@nachter/video/7357337111676079392"
"https://p16-common-sign.tiktokcdn-us.com/tos-maliva-avt-0068/031a59fbd99b6701e29c038bfefcc0b4~tplv-tiktokx-cropcenter:100:100.jpg?dr=9640&refresh_token=9a3d8a6a&x-expires=1771329600&x-signature=6C8z5jCUFd9geiwBX023wE51IEk%3D&t=4d5b0474&ps=13740610&shp=30310797&shcp=ff37627b&idc=useast8","7358182155425514246","1713210298","2024-04-15T19:44:58.000Z",,,,,,,,,"0","https://www.tiktok.com/@nachter/video/7357337111676079392?_r=1&_t=ZN-93r9JxE2rN0","false",,,"false",,"0","https://www.tiktok.com/@nachter/video/7357337111676079392?_r=1&_t=ZN-93r9JxE2rN0","El tremendo problema q habrá en unos pocos años!!","6903034991941551109","vintage774","https://www.tiktok.com/@nachter/video/7357337111676079392"
"https://p16-common-sign.tiktokcdn-us.com/tos-maliva-avt-0068/a72becda1c5860059ba292ccc6e27eef~tplv-tiktokx-cropcenter:100:100.jpg?dr=9640&refresh_token=5b079476&x-expires=1771329600&x-signature=lqBU00aiXXdcQ5k0RV8uCxABJOs%3D&t=4d5b0474&ps=13740610&shp=30310797&shcp=ff37627b&idc=useast8","7357827387767276320","1713127702","2024-04-14T20:48:22.000Z",,,,,,,,,"0","https://www.tiktok.com/@nachter/video/7357337111676079392?_r=1&_t=ZN-93r9JxE2rN0","false",,,"false",,"0","https://www.tiktok.com/@nachter/video/7357337111676079392?_r=1&_t=ZN-93r9JxE2rN0","Yo era donante. En 2008 recibí sangre en Londres. Ya no me dejan donar, ni siquiera allí.
¿Porqué?","6839388217647039494","toni.homedes","https://www.tiktok.com/@nachter/video/7357337111676079392"
"https://p16-common-sign.tiktokcdn-us.com/tos-maliva-avt-0068/f3ac57980b9d34068ff327bff37cac59~tplv-tiktokx-cropcenter:100:100.jpg?dr=9640&refresh_token=739564ef&x-expires=1771329600&x-signature=iB7gfRrbYlpaO153OV4zteEAw%2Bk%3D&t=4d5b0474&ps=13740610&shp=30310797&shcp=ff37627b&idc=useast8","7357462845800809221","1713042831","2024-04-13T21:13:51.000Z",,,,,,,,,"0","https://www.tiktok.com/@nachter/video/7357337111676079392?_r=1&_t=ZN-93r9JxE2rN0","false",,,"false",,"0","https://www.tiktok.com/@nachter/video/7357337111676079392?_r=1&_t=ZN-93r9JxE2rN0","pero los del 2010 tienen 14, son menores de edad 🤔","6778947639170991109","jordyalejo4","https://www.tiktok.com/@nachter/video/7357337111676079392"
"https://p16-common-sign.tiktokcdn-us.com/tos-maliva-avt-0068/04435382126967395ab3fd15acb90449~tplv-tiktokx-cropcenter:100:100.jpg?dr=9640&refresh_token=9d2dab77&x-expires=1771329600&x-signature=4y33iTFhD98NBOlq40PX4EmPLlI%3D&t=4d5b0474&ps=13740610&shp=30310797&shcp=ff37627b&idc=useast8","7357783528261665568","1713117490","2024-04-14T17:58:10.000Z",,,,,,,,,"0","https://www.tiktok.com/@nachter/video/7357337111676079392?_r=1&_t=ZN-93r9JxE2rN0","false",,,"false",,"0","https://www.tiktok.com/@nachter/video/7357337111676079392?_r=1&_t=ZN-93r9JxE2rN0","Yo donaría, pero no me sale mucha sangre. Una vez me pusieron extracción dificultosa porque no llené ni medio tubo 😅","7214424058224608261","laura034580","https://www.tiktok.com/@nachter/video/7357337111676079392"
"https://p16-common-sign.tiktokcdn-us.com/tos-maliva-avt-0068/ee76df9d8c0e5eaebebb61263afe83d0~tplv-tiktokx-cropcenter:100:100.jpg?dr=9640&refresh_token=4d51aa32&x-expires=1771329600&x-signature=vydeEsY3hyEUik7hNFCVMCOC2UI%3D&t=4d5b0474&ps=13740610&shp=30310797&shcp=ff37627b&idc=useast8","7357927841763197728","1713151258","2024-04-15T03:20:58.000Z",,,,,,,,,"0","https://www.tiktok.com/@nachter/video/7357337111676079392?_r=1&_t=ZN-93r9JxE2rN0","false",,,"false",,"0","https://www.tiktok.com/@nachter/video/7357337111676079392?_r=1&_t=ZN-93r9JxE2rN0","yo solo iba por el bocadillo de después 🤣🤣🤣","6591473807838855174","cris45699","https://www.tiktok.com/@nachter/video/7357337111676079392"
"https://p19-common-sign.tiktokcdn-us.com/tos-alisg-avt-0068/ec612591b71cf79b465b79f8f82280c8~tplv-tiktokx-cropcenter:100:100.jpg?dr=9640&refresh_token=2dee1371&x-expires=1771329600&x-signature=41aFD88WTj1kNEflW4Aeo7v4vO0%3D&t=4d5b0474&ps=13740610&shp=30310797&shcp=ff37627b&idc=useast8","7357796603065680646","1713120533","2024-04-14T18:48:53.000Z",,,,,,,,,"0","https://www.tiktok.com/@nachter/video/7357337111676079392?_r=1&_t=ZN-93r9JxE2rN0","false",,,"false",,"0","https://www.tiktok.com/@nachter/video/7357337111676079392?_r=1&_t=ZN-93r9JxE2rN0","intenté donar una vez pero me dijeron que mis venas eran muy delgadas y no me la podían encontrar 😢","6663974722848604165","nexiisoul","https://www.tiktok.com/@nachter/video/7357337111676079392"
"https://p16-common-sign.tiktokcdn-us.com/tos-maliva-avt-0068/c991cbe1f30c45f17eab6f4a080fb9a2~tplv-tiktokx-cropcenter:100:100.jpg?dr=9640&refresh_token=d7f58cf2&x-expires=1771329600&x-signature=P%2FW6tzsdidKAmsTrHmBvkOKGb08%3D&t=4d5b0474&ps=13740610&shp=30310797&shcp=ff37627b&idc=useast8","7357826213400527621","1713127428","2024-04-14T20:43:48.000Z",,,,,,,,,"0","https://www.tiktok.com/@nachter/video/7357337111676079392?_r=1&_t=ZN-93r9JxE2rN0","false",,,"false",,"0","https://www.tiktok.com/@nachter/video/7357337111676079392?_r=1&_t=ZN-93r9JxE2rN0","Yo nunca he podido donar, las veces que he ido me dicen que no soy candidata por mis venas. Pero ojalá y existiera esa cultura uno nunca sabe cuando se puede necesitar 😢✌🏻🙌🏻","6771122577718887429","carolarodes","https://www.tiktok.com/@nachter/video/7357337111676079392"
"https://p19-common-sign.tiktokcdn-us.com/tos-maliva-avt-0068/040535132ff3ea18e5763abad8fae931~tplv-tiktokx-cropcenter:100:100.jpg?dr=9640&refresh_token=450c8566&x-expires=1771329600&x-signature=HTYJM5J2hte8TJgAM36Z2Kd8n3U%3D&t=4d5b0474&ps=13740610&shp=30310797&shcp=ff37627b&idc=useast8","7357735260434318112","1713106263","2024-04-14T14:51:03.000Z",,,,,,,,,"0","https://www.tiktok.com/@nachter/video/7357337111676079392?_r=1&_t=ZN-93r9JxE2rN0","false",,,"false",,"0","https://www.tiktok.com/@nachter/video/7357337111676079392?_r=1&_t=ZN-93r9JxE2rN0","Yo no puedo donar porque acabaria necessitando🤣🥺 lit","6984040762032849925","onlylion1998","https://www.tiktok.com/@nachter/video/7357337111676079392"
"https://p19-common-sign.tiktokcdn-us.com/tos-maliva-avt-0068/6e10576bef6e1e20878e93d9dc3d783f~tplv-tiktokx-cropcenter:100:100.jpg?dr=9640&refresh_token=9c78c811&x-expires=1771329600&x-signature=sq9MzzOQfh1n0kgOXu1PEW1puGQ%3D&t=4d5b0474&ps=13740610&shp=30310797&shcp=ff37627b&idc=useast8","7357756449676378912","1713111194","2024-04-14T16:13:14.000Z",,,,,,,,,"0","https://www.tiktok.com/@nachter/video/7357337111676079392?_r=1&_t=ZN-93r9JxE2rN0","false",,,"false",,"0","https://www.tiktok.com/@nachter/video/7357337111676079392?_r=1&_t=ZN-93r9JxE2rN0","que pasa el 24 de abril
　　　
10h 　 Responder 　 　 　 　 　♡896
　　　
● martina🇪🇸🇨🇴
cai JAJAJA 🥲","6993395494618645509","soxkkamachh","https://www.tiktok.com/@nachter/video/7357337111676079392"
"https://p16-common-sign.tiktokcdn-us.com/tos-maliva-avt-0068/ea98aa9fe6ae32b1fccb87cc742da05c~tplv-tiktokx-cropcenter:100:100.jpg?dr=9640&refresh_token=5ca838b0&x-expires=1771329600&x-signature=nr6LDzvvdOz2P0ZqSQiQPCUn53Q%3D&t=4d5b0474&ps=13740610&shp=30310797&shcp=ff37627b&idc=useast8","7357718598444892933","1713102372","2024-04-14T13:46:12.000Z",,,,,,,,,"0","https://www.tiktok.com/@nachter/video/7357337111676079392?_r=1&_t=ZN-93r9JxE2rN0","false",,,"false",,"0","https://www.tiktok.com/@nachter/video/7357337111676079392?_r=1&_t=ZN-93r9JxE2rN0","Geniooooooo!!!","6836761841889870854","tito_celano","https://www.tiktok.com/@nachter/video/7357337111676079392"
"https://p16-common-sign.tiktokcdn-us.com/tos-maliva-avt-0068/7178136096290242565~tplv-tiktokx-cropcenter:100:100.jpg?dr=9640&refresh_token=038343b6&x-expires=1771329600&x-signature=8km8M%2FIGH4ZnJwj3pOboXxXIris%3D&t=4d5b0474&ps=13740610&shp=30310797&shcp=ff37627b&idc=useast8","7358868075624776453","1713370006","2024-04-17T16:06:46.000Z",,,,,,,,,"0","https://www.tiktok.com/@nachter/video/7357337111676079392?_r=1&_t=ZN-93r9JxE2rN0","false",,,"false",,"0","https://www.tiktok.com/@nachter/video/7357337111676079392?_r=1&_t=ZN-93r9JxE2rN0","yo he intentado donar 5 veces,nunca encuentran la vena","7178135182657733637","mariaalvarez2062","https://www.tiktok.com/@nachter/video/7357337111676079392"
"https://p16-common-sign.tiktokcdn-us.com/tos-maliva-avt-0068/7200406989452050437~tplv-tiktokx-cropcenter:100:100.jpg?dr=9640&refresh_token=568c1a31&x-expires=1771329600&x-signature=DeUnE9SiprWgbAOUfPPlrG3ONCM%3D&t=4d5b0474&ps=13740610&shp=30310797&shcp=ff37627b&idc=useast8","7448461508131406597","1734230125","2024-12-15T02:35:25.000Z",,,,,,,,,"0","https://www.tiktok.com/@nachter/video/7357337111676079392?_r=1&_t=ZN-93r9JxE2rN0","false",,,"false",,"0","https://www.tiktok.com/@nachter/video/7357337111676079392?_r=1&_t=ZN-93r9JxE2rN0","👍","7198879110607766533","nancymelendez810","https://www.tiktok.com/@nachter/video/7357337111676079392"
"https://p16-common-sign.tiktokcdn-us.com/tos-maliva-avt-0068/7324993467375943685~tplv-tiktokx-cropcenter:100:100.jpg?dr=9640&refresh_token=ea0f36ff&x-expires=1771329600&x-signature=W0MDveOrfXolU3jWSBQU1YMRwTQ%3D&t=4d5b0474&ps=13740610&shp=30310797&shcp=ff37627b&idc=useast8","7531232794807288594","1753501784","2025-07-26T03:49:44.000Z",,,,,,,,,"0","https://www.tiktok.com/@nachter/video/7357337111676079392?_r=1&_t=ZN-93r9JxE2rN0","false",,,"false",,"0","https://www.tiktok.com/@nachter/video/7357337111676079392?_r=1&_t=ZN-93r9JxE2rN0","😬","6860551120378070021","samuelperezgonzalez","https://www.tiktok.com/@nachter/video/7357337111676079392"
"https://p16-common-sign.tiktokcdn-us.com/tos-maliva-avt-0068/d2385a3a60c707e63fc810ae7bb79895~tplv-tiktokx-cropcenter:100:100.jpg?dr=9640&refresh_token=3f465834&x-expires=1771329600&x-signature=13Xjb4Pk%2F0vZgYmbkTQbJZq6Te0%3D&t=4d5b0474&ps=13740610&shp=30310797&shcp=ff37627b&idc=useast8","7529410021949260600","1753077407","2025-07-21T05:56:47.000Z",,,,,,,,,"0","https://www.tiktok.com/@nachter/video/7357337111676079392?_r=1&_t=ZN-93r9JxE2rN0","false",,,"false",,"0","https://www.tiktok.com/@nachter/video/7357337111676079392?_r=1&_t=ZN-93r9JxE2rN0","😁","7088865252343612421","jorge0292","https://www.tiktok.com/@nachter/video/7357337111676079392"
"https://p16-common-sign.tiktokcdn-us.com/tos-maliva-avt-0068/a54435330712e51a5bcf909f800aad3f~tplv-tiktokx-cropcenter:100:100.jpg?dr=9640&refresh_token=791c62aa&x-expires=1771329600&x-signature=%2FyaNIQvetDEerMPf3Z7CgBKx7sY%3D&t=4d5b0474&ps=13740610&shp=30310797&shcp=ff37627b&idc=useast8","7532993973565899526","1753911849","2025-07-30T21:44:09.000Z",,,,,,,,,"0","https://www.tiktok.com/@nachter/video/7357337111676079392?_r=1&_t=ZN-93r9JxE2rN0","false",,,"false",,"0","https://www.tiktok.com/@nachter/video/7357337111676079392?_r=1&_t=ZN-93r9JxE2rN0","😂","6532852680937706496","kerlyalfaro","https://www.tiktok.com/@nachter/video/7357337111676079392"
"https://p19-common-sign.tiktokcdn-us.com/tos-useast2a-avt-0068-euttp/6d0dc4e8f4f639c339093211278c9dfb~tplv-tiktokx-cropcenter:100:100.jpg?dr=9640&refresh_token=849871eb&x-expires=1771329600&x-signature=L9XdDdrwx9fA4FY8lgZJfZQ9e8s%3D&t=4d5b0474&ps=13740610&shp=30310797&shcp=ff37627b&idc=useast8","7367517479045825313","1715383878","2024-05-10T23:31:18.000Z",,,,,,,,,"0","https://www.tiktok.com/@nachter/video/7357337111676079392?_r=1&_t=ZN-93r9JxE2rN0","false",,,"false",,"0","https://www.tiktok.com/@nachter/video/7357337111676079392?_r=1&_t=ZN-93r9JxE2rN0","👍","7060579824666641414","angelsantanaaa_","https://www.tiktok.com/@nachter/video/7357337111676079392"
"https://p16-common-sign.tiktokcdn-us.com/tos-maliva-avt-0068/12b7fb269561017a734c3bae002d306e~tplv-tiktokx-cropcenter:100:100.jpg?dr=9640&refresh_token=e539a174&x-expires=1771329600&x-signature=CWeZUqAwNmCx5NcbPaAJMhQ8iDg%3D&t=4d5b0474&ps=13740610&shp=30310797&shcp=ff37627b&idc=useast8","7538144287537349398","1755110996","2025-08-13T18:49:56.000Z",,,,,,,,,"0","https://www.tiktok.com/@nachter/video/7357337111676079392?_r=1&_t=ZN-93r9JxE2rN0","false",,,"false",,"0","https://www.tiktok.com/@nachter/video/7357337111676079392?_r=1&_t=ZN-93r9JxE2rN0","😅","7301459006769660960","mimilicious520","https://www.tiktok.com/@nachter/video/7357337111676079392"
"https://p16-common-sign.tiktokcdn-us.com/tos-maliva-avt-0068/b8cef9e10e519ffd09ec764a55e7089f~tplv-tiktokx-cropcenter:100:100.jpg?dr=9640&refresh_token=2831ff26&x-expires=1771329600&x-signature=H8K3LZjfXZ7tG5Cf36ZiNtdn0Ds%3D&t=4d5b0474&ps=13740610&shp=30310797&shcp=ff37627b&idc=useast8","7529861123076522759","1753182417","2025-07-22T11:06:57.000Z",,,,,,,,,"0","https://www.tiktok.com/@nachter/video/7357337111676079392?_r=1&_t=ZN-93r9JxE2rN0","false",,,"false",,"0","https://www.tiktok.com/@nachter/video/7357337111676079392?_r=1&_t=ZN-93r9JxE2rN0","🥰","7394684212047348741","chuy.4o39","https://www.tiktok.com/@nachter/video/7357337111676079392"
"https://p16-common-sign.tiktokcdn-us.com/tos-useast2a-avt-0068-euttp/319d7eacbaf00a786419a5ef47c2a674~tplv-tiktokx-cropcenter:100:100.jpg?dr=9640&refresh_token=a8bd5851&x-expires=1771329600&x-signature=7BlE4LW%2BMRAdce5T9lCCu%2B%2BG3lw%3D&t=4d5b0474&ps=13740610&shp=30310797&shcp=ff37627b&idc=useast5","7358003986072650529","1713168839","2024-04-15T08:13:59.000Z",,,,,,,,,"1","https://www.tiktok.com/@nachter/video/7357337111676079392?_r=1&_t=ZN-93r9JxE2rN0","false",,,,"7357342510249657121",,"https://www.tiktok.com/@nachter/video/7357337111676079392?_r=1&_t=ZN-93r9JxE2rN0","Hospitales, autobuses de cruz roja y centros de donación. Busca en tu comunidad.","6790311652208477189","el_gato_roni","https://www.tiktok.com/@nachter/video/7357337111676079392"
"https://p19-common-sign.tiktokcdn-us.com/tos-maliva-avt-0068/f22a2cadfb8e5144846e1892e20a76b4~tplv-tiktokx-cropcenter:100:100.jpg?dr=9640&refresh_token=90f42285&x-expires=1771329600&x-signature=Ki3G7uQODKoTytalAC86EwdQvlI%3D&t=4d5b0474&ps=13740610&shp=30310797&shcp=ff37627b&idc=useast5","7358313149533537030","1713240800","2024-04-16T04:13:20.000Z",,,,,,,,,"4","https://www.tiktok.com/@nachter/video/7357337111676079392?_r=1&_t=ZN-93r9JxE2rN0","false",,,,"7357466972139864838",,"https://www.tiktok.com/@nachter/video/7357337111676079392?_r=1&_t=ZN-93r9JxE2rN0","COMO Q NO TIENEN 10 AÑOS","7020566727428195334","fiama052","https://www.tiktok.com/@nachter/video/7357337111676079392"
"https://p19-common-sign.tiktokcdn-us.com/tos-useast2a-avt-0068-euttp/3c14cce45978897439d65d18cb3743a4~tplv-tiktokx-cropcenter:100:100.jpg?dr=9640&refresh_token=62291dc3&x-expires=1771329600&x-signature=RGeEnZ8KvcFaqJm%2BxOB3l4vO%2BY8%3D&t=4d5b0474&ps=13740610&shp=30310797&shcp=ff37627b&idc=useast5","7364118886948487969","1714592561","2024-05-01T19:42:41.000Z",,,,,,,,,"0","https://www.tiktok.com/@nachter/video/7357337111676079392?_r=1&_t=ZN-93r9JxE2rN0","false",,,,"7357466972139864838",,"https://www.tiktok.com/@nachter/video/7357337111676079392?_r=1&_t=ZN-93r9JxE2rN0","tienen entre 13 y 14 en verdad","7040567343765160966","elenaok000","https://www.tiktok.com/@nachter/video/7357337111676079392"
"https://p19-common-sign.tiktokcdn-us.com/tos-useast2a-avt-0068-euttp/cc3661407a223fd517293c4cef8a79a9~tplv-tiktokx-cropcenter:100:100.jpg?dr=9640&refresh_token=15bd5f75&x-expires=1771329600&x-signature=YGvNJy5qiINv3WpRLCcD3bKKnAk%3D&t=4d5b0474&ps=13740610&shp=30310797&shcp=ff37627b&idc=useast5","7357371726642348832","1713021616","2024-04-13T15:20:16.000Z",,,,,,,,,"18","https://www.tiktok.com/@nachter/video/7357337111676079392?_r=1&_t=ZN-93r9JxE2rN0","false",,,,"7357363997417161477",,"https://www.tiktok.com/@nachter/video/7357337111676079392?_r=1&_t=ZN-93r9JxE2rN0","nunca me han preguntado por las muelas","6819007026573034501","marijosejosejose","https://www.tiktok.com/@nachter/video/7357337111676079392"
"https://p19-common-sign.tiktokcdn-us.com/tos-maliva-avt-0068/1a3cc6d661691661de29c79d78f95b24~tplv-tiktokx-cropcenter:100:100.jpg?dr=9640&refresh_token=5e97ab47&x-expires=1771329600&x-signature=GfSBu7EX3q4i9Lzi1zI8txjgIKc%3D&t=4d5b0474&ps=13740610&shp=30310797&shcp=ff37627b&idc=useast5","7357423227427586822","1713033596","2024-04-13T18:39:56.000Z",,,,,,,,,"4","https://www.tiktok.com/@nachter/video/7357337111676079392?_r=1&_t=ZN-93r9JxE2rN0","false",,,,"7357363997417161477",,"https://www.tiktok.com/@nachter/video/7357337111676079392?_r=1&_t=ZN-93r9JxE2rN0","Acá en México te dan una hoja y te dice que no debes de tener muelas picadas","6963392903587480581","abylg55","https://www.tiktok.com/@nachter/video/7357337111676079392"
"https://p19-common-sign.tiktokcdn-us.com/tos-useast2a-avt-0068-euttp/d8b475eeb9e084f4040da32f91749312~tplv-tiktokx-cropcenter:100:100.jpg?dr=9640&refresh_token=20ef323d&x-expires=1771329600&x-signature=ldwroVHHdzxrkXmFErMlESOyJcc%3D&t=4d5b0474&ps=13740610&shp=30310797&shcp=ff37627b&idc=useast5","7357819038678467361","1713125759","2024-04-14T20:15:59.000Z",,,,,,,,,"2","https://www.tiktok.com/@nachter/video/7357337111676079392?_r=1&_t=ZN-93r9JxE2rN0","false",,,,"7357363997417161477",,"https://www.tiktok.com/@nachter/video/7357337111676079392?_r=1&_t=ZN-93r9JxE2rN0","Yo he donado con muela picada y al año me llego el mensaje con que he salvado 2 vidas 🥺","6669682273396899846","resinlovers_","https://www.tiktok.com/@nachter/video/7357337111676079392"
"https://p16-common-sign.tiktokcdn-us.com/tos-maliva-avt-0068/d4f69c5774375765e0be5fca9bbe2200~tplv-tiktokx-cropcenter:100:100.jpg?dr=9640&refresh_token=0c662e4d&x-expires=1771329600&x-signature=jjvHzIhZR7sllQwxHrM308l9%2Bo4%3D&t=4d5b0474&ps=13740610&shp=30310797&shcp=ff37627b&idc=useast5","7358194538110583558","1713215095","2024-04-15T21:04:55.000Z",,,,,,,,,"1","https://www.tiktok.com/@nachter/video/7357337111676079392?_r=1&_t=ZN-93r9JxE2rN0","false",,,,"7357363997417161477",,"https://www.tiktok.com/@nachter/video/7357337111676079392?_r=1&_t=ZN-93r9JxE2rN0","Las personas que tivimos COVID si podemos donar.","7060311755406672901","jesusgdl117","https://www.tiktok.com/@nachter/video/7357337111676079392"
"https://p19-common-sign.tiktokcdn-us.com/tos-useast2a-avt-0068-euttp/d8b475eeb9e084f4040da32f91749312~tplv-tiktokx-cropcenter:100:100.jpg?dr=9640&refresh_token=20ef323d&x-expires=1771329600&x-signature=ldwroVHHdzxrkXmFErMlESOyJcc%3D&t=4d5b0474&ps=13740610&shp=30310797&shcp=ff37627b&idc=useast5","7357973914109018912","1713161857","2024-04-15T06:17:37.000Z",,,,,,,,,"1","https://www.tiktok.com/@nachter/video/7357337111676079392?_r=1&_t=ZN-93r9JxE2rN0","false",,,,"7357363997417161477",,"https://www.tiktok.com/@nachter/video/7357337111676079392?_r=1&_t=ZN-93r9JxE2rN0","Perdon pense que lo decias en modo burla por la muela picada!😭","6669682273396899846","resinlovers_","https://www.tiktok.com/@nachter/video/7357337111676079392"
"https://p19-common-sign.tiktokcdn-us.com/tos-maliva-avt-0068/1a3cc6d661691661de29c79d78f95b24~tplv-tiktokx-cropcenter:100:100.jpg?dr=9640&refresh_token=5e97ab47&x-expires=1771329600&x-signature=GfSBu7EX3q4i9Lzi1zI8txjgIKc%3D&t=4d5b0474&ps=13740610&shp=30310797&shcp=ff37627b&idc=useast5","7358083742210081542","1713187385","2024-04-15T13:23:05.000Z",,,,,,,,,"1","https://www.tiktok.com/@nachter/video/7357337111676079392?_r=1&_t=ZN-93r9JxE2rN0","false",,,,"7357363997417161477",,"https://www.tiktok.com/@nachter/video/7357337111676079392?_r=1&_t=ZN-93r9JxE2rN0","Nooo como crees me gustaría poder donar pero necesito averiguar bien si si puedo o no","6963392903587480581","abylg55","https://www.tiktok.com/@nachter/video/7357337111676079392"
"https://p19-common-sign.tiktokcdn-us.com/tos-useast2a-avt-0068-euttp/d8b475eeb9e084f4040da32f91749312~tplv-tiktokx-cropcenter:100:100.jpg?dr=9640&refresh_token=20ef323d&x-expires=1771329600&x-signature=ldwroVHHdzxrkXmFErMlESOyJcc%3D&t=4d5b0474&ps=13740610&shp=30310797&shcp=ff37627b&idc=useast5","7358085111869178656","1713187723","2024-04-15T13:28:43.000Z",,,,,,,,,"1","https://www.tiktok.com/@nachter/video/7357337111676079392?_r=1&_t=ZN-93r9JxE2rN0","false",,,,"7357363997417161477",,"https://www.tiktok.com/@nachter/video/7357337111676079392?_r=1&_t=ZN-93r9JxE2rN0","Ve a los sitios donde donan, y te interesas","6669682273396899846","resinlovers_","https://www.tiktok.com/@nachter/video/7357337111676079392"
"https://p19-common-sign.tiktokcdn-us.com/tos-maliva-avt-0068/1a3cc6d661691661de29c79d78f95b24~tplv-tiktokx-cropcenter:100:100.jpg?dr=9640&refresh_token=5e97ab47&x-expires=1771329600&x-signature=GfSBu7EX3q4i9Lzi1zI8txjgIKc%3D&t=4d5b0474&ps=13740610&shp=30310797&shcp=ff37627b&idc=useast5","7357931997787194118","1713152061","2024-04-15T03:34:21.000Z",,,,,,,,,"0","https://www.tiktok.com/@nachter/video/7357337111676079392?_r=1&_t=ZN-93r9JxE2rN0","false",,,,"7357363997417161477",,"https://www.tiktok.com/@nachter/video/7357337111676079392?_r=1&_t=ZN-93r9JxE2rN0","Eres de México, España, o de donde eres? Porque en México te dan la hoja y vienen varias especificaciones entre ellas lo de las muelas","6963392903587480581","abylg55","https://www.tiktok.com/@nachter/video/7357337111676079392"
"https://p19-common-sign.tiktokcdn-us.com/tos-useast2a-avt-0068-euttp/dccaf066b5926b0cd26a134ab302a827~tplv-tiktokx-cropcenter:100:100.jpg?dr=9640&refresh_token=b8653200&x-expires=1771329600&x-signature=KQWqAXR8JZXsF6uz0ydqhQykYkw%3D&t=4d5b0474&ps=13740610&shp=30310797&shcp=ff37627b&idc=useast5","7357980063277630240","1713163288","2024-04-15T06:41:28.000Z",,,,,,,,,"1","https://www.tiktok.com/@nachter/video/7357337111676079392?_r=1&_t=ZN-93r9JxE2rN0","false",,,,"7357363997417161477",,"https://www.tiktok.com/@nachter/video/7357337111676079392?_r=1&_t=ZN-93r9JxE2rN0","que curioso. nunca lo había oído.","6925112015179318277","leiavarder","https://www.tiktok.com/@nachter/video/7357337111676079392"
"https://p16-common-sign.tiktokcdn-us.com/tos-maliva-avt-0068/b344aa96000620c0e75ff69f97f1eee6~tplv-tiktokx-cropcenter:100:100.jpg?dr=9640&refresh_token=4cd2c445&x-expires=1771329600&x-signature=HGqq98pB4bHnjUZBPlIkwgx7yXY%3D&t=4d5b0474&ps=13740610&shp=30310797&shcp=ff37627b&idc=useast5","7357646070870442757","1713085484","2024-04-14T09:04:44.000Z",,,,,,,,,"1","https://www.tiktok.com/@nachter/video/7357337111676079392?_r=1&_t=ZN-93r9JxE2rN0","false",,,,"7357363997417161477",,"https://www.tiktok.com/@nachter/video/7357337111676079392?_r=1&_t=ZN-93r9JxE2rN0","Yo soy B negativo.","6794960685744374789","fabiolacortez0491","https://www.tiktok.com/@nachter/video/7357337111676079392"
"https://p16-common-sign.tiktokcdn-us.com/tos-useast2a-avt-0068-euttp/4ce4a6250b459e4d30e7f54e2f6fabf2~tplv-tiktokx-cropcenter:100:100.jpg?dr=9640&refresh_token=b845d1a7&x-expires=1771329600&x-signature=mtL9xu3HmqT1kAShkE8fQT80QOk%3D&t=4d5b0474&ps=13740610&shp=30310797&shcp=ff37627b&idc=useast5","7357422793401434913","1713033507","2024-04-13T18:38:27.000Z",,,,,,,,,"1","https://www.tiktok.com/@nachter/video/7357337111676079392?_r=1&_t=ZN-93r9JxE2rN0","false",,,,"7357363997417161477",,"https://www.tiktok.com/@nachter/video/7357337111676079392?_r=1&_t=ZN-93r9JxE2rN0","no es así, puedes donar pasar por un centro y pregunta yo he donado cada año entre 1 y 2 veces sin problema llevo muchos años donando y sin problema","6812175671943988229","jacalcreatives","https://www.tiktok.com/@nachter/video/7357337111676079392"
"https://p19-common-sign.tiktokcdn-us.com/tos-maliva-avt-0068/1a3cc6d661691661de29c79d78f95b24~tplv-tiktokx-cropcenter:100:100.jpg?dr=9640&refresh_token=5e97ab47&x-expires=1771329600&x-signature=GfSBu7EX3q4i9Lzi1zI8txjgIKc%3D&t=4d5b0474&ps=13740610&shp=30310797&shcp=ff37627b&idc=useast5","7357931204857627398","1713151874","2024-04-15T03:31:14.000Z",,,,,,,,,"0","https://www.tiktok.com/@nachter/video/7357337111676079392?_r=1&_t=ZN-93r9JxE2rN0","false",,,,"7357363997417161477",,"https://www.tiktok.com/@nachter/video/7357337111676079392?_r=1&_t=ZN-93r9JxE2rN0","En México son muy exigentes para donar","6963392903587480581","abylg55","https://www.tiktok.com/@nachter/video/7357337111676079392"
"https://p16-common-sign.tiktokcdn-us.com/tos-maliva-avt-0068/7102469984277757957~tplv-tiktokx-cropcenter:100:100.jpg?dr=9640&refresh_token=4416533e&x-expires=1771329600&x-signature=ACmz2qsd9vGnCgtkVfoI1klT8jM%3D&t=4d5b0474&ps=13740610&shp=30310797&shcp=ff37627b&idc=useast5","7357358404400415494","1713018503","2024-04-13T14:28:23.000Z",,,,,,,,,"33","https://www.tiktok.com/@nachter/video/7357337111676079392?_r=1&_t=ZN-93r9JxE2rN0","false",,,,"7357348271328084769",,"https://www.tiktok.com/@nachter/video/7357337111676079392?_r=1&_t=ZN-93r9JxE2rN0","me pasó lo mismo, la enfermera después me sacudió y casi me da un infarto.","7102468916107019269","xxkrickixx","https://www.tiktok.com/@nachter/video/7357337111676079392"
"https://p19-common-sign.tiktokcdn-us.com/tos-useast2a-avt-0068-euttp/ed64ba550bf777cd80dea1f6c91019bd~tplv-tiktokx-cropcenter:100:100.jpg?dr=9640&refresh_token=243e4d99&x-expires=1771329600&x-signature=Btp7poemLhloPc8%2FRYb2oFBuMrU%3D&t=4d5b0474&ps=13740610&shp=30310797&shcp=ff37627b&idc=useast5","7359701177380471584","1713563992","2024-04-19T21:59:52.000Z",,,,,,,,,"2","https://www.tiktok.com/@nachter/video/7357337111676079392?_r=1&_t=ZN-93r9JxE2rN0","false",,,,"7357348271328084769",,"https://www.tiktok.com/@nachter/video/7357337111676079392?_r=1&_t=ZN-93r9JxE2rN0","😅","7206101655279731718","20sin_nombre","https://www.tiktok.com/@nachter/video/7357337111676079392"
"https://p16-common-sign.tiktokcdn-us.com/tos-maliva-avt-0068/7324186021121163269~tplv-tiktokx-cropcenter:100:100.jpg?dr=9640&refresh_token=b8f79e23&x-expires=1771329600&x-signature=dE393Wgb%2FhrRz7XtGdUZm4AmA%2Fw%3D&t=4d5b0474&ps=13740610&shp=30310797&shcp=ff37627b&idc=useast5","7357625207370482464","1713080640","2024-04-14T07:44:00.000Z",,,,,,,,,"3","https://www.tiktok.com/@nachter/video/7357337111676079392?_r=1&_t=ZN-93r9JxE2rN0","false",,,,"7357348271328084769",,"https://www.tiktok.com/@nachter/video/7357337111676079392?_r=1&_t=ZN-93r9JxE2rN0","que bueno! yo me quedé dormida una vez en el dentista y alucinaron conmigo jajaja 😂👍","6640507400417886213","martadrm3","https://www.tiktok.com/@nachter/video/7357337111676079392"
"https://p16-common-sign.tiktokcdn-us.com/tos-maliva-avt-0068/368079dd0c09578750cd206045aa8534~tplv-tiktokx-cropcenter:100:100.jpg?dr=9640&refresh_token=a95a6d79&x-expires=1771329600&x-signature=rSMlxghIHLpbUp8rDO7mMRAKzi8%3D&t=4d5b0474&ps=13740610&shp=30310797&shcp=ff37627b&idc=useast5","7467045750737830662","1738557121","2025-02-03T04:32:01.000Z",,,,,,,,,"0","https://www.tiktok.com/@nachter/video/7357337111676079392?_r=1&_t=ZN-93r9JxE2rN0","false",,,,"7357348271328084769",,"https://www.tiktok.com/@nachter/video/7357337111676079392?_r=1&_t=ZN-93r9JxE2rN0","a mí me pusieron una película 😂😂","6846202576180003846","nada128338","https://www.tiktok.com/@nachter/video/7357337111676079392"
"https://p16-common-sign.tiktokcdn-us.com/tos-maliva-avt-0068/2b39289acefeffdab1c0e221b6e9a4be~tplv-tiktokx-cropcenter:100:100.jpg?dr=9640&refresh_token=13a94f99&x-expires=1771329600&x-signature=HNRlOPGzOnlGxQlLzcu2D0JVYgs%3D&t=4d5b0474&ps=13740610&shp=30310797&shcp=ff37627b&idc=useast8","7357464964917281542","1713043317","2024-04-13T21:21:57.000Z",,,,,,,,,"1","https://www.tiktok.com/@nachter/video/7357337111676079392?_r=1&_t=ZN-93r9JxE2rN0","false",,,,"7357364400745333537",,"https://www.tiktok.com/@nachter/video/7357337111676079392?_r=1&_t=ZN-93r9JxE2rN0","😂😂😂😂😂😂","7294706874997212166","loooool758","https://www.tiktok.com/@nachter/video/7357337111676079392"
"https://p16-common-sign.tiktokcdn-us.com/musically-maliva-obj/1594805258216454~tplv-tiktokx-cropcenter:100:100.jpg?dr=9640&refresh_token=f231bd68&x-expires=1771329600&x-signature=b7JYUqWvA9lKsD3%2BfjosG9k8G%2BY%3D&t=4d5b0474&ps=13740610&shp=30310797&shcp=ff37627b&idc=useast8","7357461660922381088","1713042563","2024-04-13T21:09:23.000Z",,,,,,,,,"1","https://www.tiktok.com/@nachter/video/7357337111676079392?_r=1&_t=ZN-93r9JxE2rN0","false",,,,"7357364400745333537",,"https://www.tiktok.com/@nachter/video/7357337111676079392?_r=1&_t=ZN-93r9JxE2rN0","😂","7336511325999121440","montser11112","https://www.tiktok.com/@nachter/video/7357337111676079392"
"https://p16-common-sign.tiktokcdn-us.com/tos-maliva-avt-0068/6f9b78edfc7498cbf928ac6004a77a4e~tplv-tiktokx-cropcenter:100:100.jpg?dr=9640&refresh_token=952cd554&x-expires=1771329600&x-signature=MV%2BXbtavH%2FuBEiOlEi8b%2FCYIjs4%3D&t=4d5b0474&ps=13740610&shp=30310797&shcp=ff37627b&idc=useast8","7357854497433912069","1713134018","2024-04-14T22:33:38.000Z",,,,,,,,,"2","https://www.tiktok.com/@nachter/video/7357337111676079392?_r=1&_t=ZN-93r9JxE2rN0","false",,,,"7357469460414939910",,"https://www.tiktok.com/@nachter/video/7357337111676079392?_r=1&_t=ZN-93r9JxE2rN0","ya he donado varias veces, incluso a familiares enfermos y no me han devuelto nada, incluso esos familiares ahora me odian sin razón...","7326798661562909701","guzmanlars","https://www.tiktok.com/@nachter/video/7357337111676079392"
"https://p16-common-sign.tiktokcdn-us.com/tos-maliva-avt-0068/fa18d7558ba4ca5e51489c55401f7e46~tplv-tiktokx-cropcenter:100:100.jpg?dr=9640&refresh_token=a093116c&x-expires=1771329600&x-signature=tnFD93LVBQEVCgg1uZifNAMJAmw%3D&t=4d5b0474&ps=13740610&shp=30310797&shcp=ff37627b&idc=useast8","7358081019502936838","1713188285","2024-04-15T13:38:05.000Z",,,,,,,,,"1","https://www.tiktok.com/@nachter/video/7357337111676079392?_r=1&_t=ZN-93r9JxE2rN0","false",,,,"7357469460414939910",,"https://www.tiktok.com/@nachter/video/7357337111676079392?_r=1&_t=ZN-93r9JxE2rN0","Estas esperando una devolución directa, la vida es mucho mas, mas amplia, cuando salva 1 vidapones una moneda en la cuenta que nos hace humanos.","7018237773220594694","franziskashimchick","https://www.tiktok.com/@nachter/video/7357337111676079392"
"https://p16-common-sign.tiktokcdn-us.com/tos-maliva-avt-0068/d4f69c5774375765e0be5fca9bbe2200~tplv-tiktokx-cropcenter:100:100.jpg?dr=9640&refresh_token=0c662e4d&x-expires=1771329600&x-signature=jjvHzIhZR7sllQwxHrM308l9%2Bo4%3D&t=4d5b0474&ps=13740610&shp=30310797&shcp=ff37627b&idc=useast8","7358192286520886022","1713215063","2024-04-15T21:04:23.000Z",,,,,,,,,"0","https://www.tiktok.com/@nachter/video/7357337111676079392?_r=1&_t=ZN-93r9JxE2rN0","false",,,,"7357469460414939910",,"https://www.tiktok.com/@nachter/video/7357337111676079392?_r=1&_t=ZN-93r9JxE2rN0","¿Como dices que ers un egoista sin decir que eres un egoísta? Asi⤴️","7060311755406672901","jesusgdl117","https://www.tiktok.com/@nachter/video/7357337111676079392"
"https://p16-common-sign.tiktokcdn-us.com/tos-useast2a-avt-0068-euttp/319d7eacbaf00a786419a5ef47c2a674~tplv-tiktokx-cropcenter:100:100.jpg?dr=9640&refresh_token=a8bd5851&x-expires=1771329600&x-signature=7BlE4LW%2BMRAdce5T9lCCu%2B%2BG3lw%3D&t=4d5b0474&ps=13740610&shp=30310797&shcp=ff37627b&idc=useast5","7358003524901487392","1713168759","2024-04-15T08:12:39.000Z",,,,,,,,,"0","https://www.tiktok.com/@nachter/video/7357337111676079392?_r=1&_t=ZN-93r9JxE2rN0","false",,,,"7357452315799110406",,"https://www.tiktok.com/@nachter/video/7357337111676079392?_r=1&_t=ZN-93r9JxE2rN0","¿A+ rara? pero si es de las mas comunes","6790311652208477189","el_gato_roni","https://www.tiktok.com/@nachter/video/7357337111676079392"
"https://p16-common-sign.tiktokcdn-us.com/tos-maliva-avt-0068/7092125964217843718~tplv-tiktokx-cropcenter:100:100.jpg?dr=9640&refresh_token=07dc5a03&x-expires=1771329600&x-signature=2sOn88JlHgCU9vPHFUyWzP91NpA%3D&t=4d5b0474&ps=13740610&shp=30310797&shcp=ff37627b&idc=useast5","7358066238926996229","1713183312","2024-04-15T12:15:12.000Z",,,,,,,,,"1","https://www.tiktok.com/@nachter/video/7357337111676079392?_r=1&_t=ZN-93r9JxE2rN0","false",,,,"7357925425131700998",,"https://www.tiktok.com/@nachter/video/7357337111676079392?_r=1&_t=ZN-93r9JxE2rN0","no pasa, y en todo caso, aunque sean pillos, ayudas a alguien igualmente, piénsalo 🙏","7052222623480333318","melissagorozabel7","https://www.tiktok.com/@nachter/video/7357337111676079392"
"https://p16-pu-sign-no.tiktokcdn-eu.com/tos-no1a-avt-0068c001-no/dd0a32284e2b606dcceb247ae1d17fcc~tplv-tiktokx-cropcenter:100:100.jpg?dr=10399&refresh_token=2037469f&x-expires=1771329600&x-signature=TtEhx%2B8MyZNZqv8mHetSJTPfXV8%3D&t=4d5b0474&ps=13740610&shp=30310797&shcp=ff37627b&idc=no1a","7358874209450181408","1713371435","2024-04-17T16:30:35.000Z",,,,,,,,,"0","https://www.tiktok.com/@nachter/video/7357337111676079392?_r=1&_t=ZN-93r9JxE2rN0","false",,,,"7357472462697120518",,"https://www.tiktok.com/@nachter/video/7357337111676079392?_r=1&_t=ZN-93r9JxE2rN0","En España a partir de los 18.","6820073116312781829","oximoron_company","https://www.tiktok.com/@nachter/video/7357337111676079392"
"https://p16-common-sign.tiktokcdn-eu.com/tos-maliva-avt-0068/d65b197d569eb2f703420c61d4945c7a~tplv-tiktokx-cropcenter:100:100.jpg?dr=10399&refresh_token=8bfc5224&x-expires=1771329600&x-signature=p5Jns9EVOtgOhdNvfACi%2BGE%2F%2FCI%3D&t=4d5b0474&ps=13740610&shp=30310797&shcp=ff37627b&idc=no1a","7357539073910915845","1713060573","2024-04-14T02:09:33.000Z",,,,,,,,,"0","https://www.tiktok.com/@nachter/video/7357337111676079392?_r=1&_t=ZN-93r9JxE2rN0","false",,,,"7357472462697120518",,"https://www.tiktok.com/@nachter/video/7357337111676079392?_r=1&_t=ZN-93r9JxE2rN0","Gracias","7231957784174117894","mateotenor3","https://www.tiktok.com/@nachter/video/7357337111676079392"
"https://p19-common-sign-useastred.tiktokcdn-eu.com/tos-useast2a-avt-0068-euttp/9e2e41c195328329195cd592694061c6~tplv-tiktokx-cropcenter:100:100.jpg?dr=10399&refresh_token=dfe3b3da&x-expires=1771329600&x-signature=OEoVRK5kZJmgIgPMpmF0T1%2Bon1g%3D&t=4d5b0474&ps=13740610&shp=30310797&shcp=ff37627b&idc=no1a","7357514273666646817","1713054846","2024-04-14T00:34:06.000Z",,,,,,,,,"1","https://www.tiktok.com/@nachter/video/7357337111676079392?_r=1&_t=ZN-93r9JxE2rN0","false",,,,"7357472462697120518",,"https://www.tiktok.com/@nachter/video/7357337111676079392?_r=1&_t=ZN-93r9JxE2rN0","con permiso de tus padres desde 16","7272700623655797792","mario_ovd2","https://www.tiktok.com/@nachter/video/7357337111676079392"
"https://p19-pu-sign-no.tiktokcdn-eu.com/tos-no1a-avt-0068c001-no/722954e20b51820ba3260034b2b00190~tplv-tiktokx-cropcenter:100:100.jpg?dr=10399&refresh_token=81735462&x-expires=1771329600&x-signature=5zJETXdlc5tRhUfdS%2FIrmlAFIUs%3D&t=4d5b0474&ps=13740610&shp=30310797&shcp=ff37627b&idc=no1a","7357478862579843872","1713046558","2024-04-13T22:15:58.000Z",,,,,,,,,"0","https://www.tiktok.com/@nachter/video/7357337111676079392?_r=1&_t=ZN-93r9JxE2rN0","false",,,,"7357472462697120518",,"https://www.tiktok.com/@nachter/video/7357337111676079392?_r=1&_t=ZN-93r9JxE2rN0","18 años donar","7242773078332687387","uhvuss","https://www.tiktok.com/@nachter/video/7357337111676079392"
"https://p19-common-sign.tiktokcdn-us.com/tos-maliva-avt-0068/7290237347997810693~tplv-tiktokx-cropcenter:100:100.jpg?dr=9640&refresh_token=af279d11&x-expires=1771329600&x-signature=vr2L3urrYyXCK3sYKd%2BG51fn0ks%3D&t=4d5b0474&ps=13740610&shp=30310797&shcp=ff37627b&idc=useast5","7357761772306219782","1713112418","2024-04-14T16:33:38.000Z",,,,,,,,,"0","https://www.tiktok.com/@nachter/video/7357337111676079392?_r=1&_t=ZN-93r9JxE2rN0","false",,,,"7357761669277729541",,"https://www.tiktok.com/@nachter/video/7357337111676079392?_r=1&_t=ZN-93r9JxE2rN0","encontraba la causa","7290236871187399686","maria.jimenes94","https://www.tiktok.com/@nachter/video/7357337111676079392"
"https://p16-common-sign.tiktokcdn-us.com/tos-useast2a-avt-0068-euttp/c5ed35c2e4ae267fbff4fb5971cb908a~tplv-tiktokx-cropcenter:100:100.jpg?dr=9640&refresh_token=eb71868e&x-expires=1771329600&x-signature=gbjpmBnxVYmNYRS4rej%2FG6KGAa8%3D&t=4d5b0474&ps=13740610&shp=30310797&shcp=ff37627b&idc=useast8","7379973533328524064","1718284025","2024-06-13T13:07:05.000Z",,,,,,,,,"1","https://www.tiktok.com/@nachter/video/7357337111676079392?_r=1&_t=ZN-93r9JxE2rN0","false",,,,"7357340279928619808",,"https://www.tiktok.com/@nachter/video/7357337111676079392?_r=1&_t=ZN-93r9JxE2rN0","si se puede después de 4 meses","7284684802891940896","guadaa_danieli0","https://www.tiktok.com/@nachter/video/7357337111676079392"
"https://p19-common-sign.tiktokcdn-us.com/tos-maliva-avt-0068/d4f69c5774375765e0be5fca9bbe2200~tplv-tiktokx-cropcenter:100:100.jpg?dr=9640&refresh_token=607dff65&x-expires=1771329600&x-signature=cy7R03tPtlmJXWCmgyV7QJl2I2Q%3D&t=4d5b0474&ps=13740610&shp=30310797&shcp=ff37627b&idc=useast8","7358188629507212037","1713215170","2024-04-15T21:06:10.000Z",,,,,,,,,"0","https://www.tiktok.com/@nachter/video/7357337111676079392?_r=1&_t=ZN-93r9JxE2rN0","false",,,,"7357340279928619808",,"https://www.tiktok.com/@nachter/video/7357337111676079392?_r=1&_t=ZN-93r9JxE2rN0","Claro.","7060311755406672901","jesusgdl117","https://www.tiktok.com/@nachter/video/7357337111676079392"
"https://p16-common-sign.tiktokcdn-us.com/tos-useast2a-avt-0068-euttp/a063f9303af900625f2100f834830bb3~tplv-tiktokx-cropcenter:100:100.jpg?dr=9640&refresh_token=ee5ab12a&x-expires=1771329600&x-signature=KSKMFFD7cre%2FB2cqn6a8aPeEvdA%3D&t=4d5b0474&ps=13740610&shp=30310797&shcp=ff37627b&idc=useast8","7357398095384167200","1713027757","2024-04-13T17:02:37.000Z",,,,,,,,,"0","https://www.tiktok.com/@nachter/video/7357337111676079392?_r=1&_t=ZN-93r9JxE2rN0","false",,,,"7357340279928619808",,"https://www.tiktok.com/@nachter/video/7357337111676079392?_r=1&_t=ZN-93r9JxE2rN0","Tienes que esperar X meses desde el más reciente","6998260019687818245","akiranawa95","https://www.tiktok.com/@nachter/video/7357337111676079392"
"https://p16-common-sign.tiktokcdn-us.com/tos-useast8-avt-0068-tx2/b719ed290fe7fedc61453ea077f9e761~tplv-tiktokx-cropcenter:100:100.jpg?dr=9640&refresh_token=c8894801&x-expires=1771329600&x-signature=5D4ZxCLmBXWv%2FjC%2FaDOjBFob6ew%3D&t=4d5b0474&ps=13740610&shp=30310797&shcp=ff37627b&idc=useast8","7357345368441111301","1713015470","2024-04-13T13:37:50.000Z",,,,,,,,,"3","https://www.tiktok.com/@nachter/video/7357337111676079392?_r=1&_t=ZN-93r9JxE2rN0","false",,,,"7357340279928619808",,"https://www.tiktok.com/@nachter/video/7357337111676079392?_r=1&_t=ZN-93r9JxE2rN0","Si","6918031972887790597","rmrzjl","https://www.tiktok.com/@nachter/video/7357337111676079392"
"https://p19-common-sign.tiktokcdn-us.com/tos-maliva-avt-0068/bad327c6b43e410e60c561c285d18192~tplv-tiktokx-cropcenter:100:100.jpg?dr=9640&refresh_token=2b407d7b&x-expires=1771329600&x-signature=ZDu0w0l7Rit8fm0xOEw0ahOtilM%3D&t=4d5b0474&ps=13740610&shp=30310797&shcp=ff37627b&idc=useast8","7357341871418917664","1713014670","2024-04-13T13:24:30.000Z",,,,,,,,,"3","https://www.tiktok.com/@nachter/video/7357337111676079392?_r=1&_t=ZN-93r9JxE2rN0","false",,,,"7357340279928619808",,"https://www.tiktok.com/@nachter/video/7357337111676079392?_r=1&_t=ZN-93r9JxE2rN0","yo tengo tatuajes y soy donante 👍🏻","7151852604703491077","usert0c4oqmd2r","https://www.tiktok.com/@nachter/video/7357337111676079392"
"https://p16-common-sign.tiktokcdn-us.com/tos-maliva-avt-0068/6ccfa33d88408221f846bf71b90225fd~tplv-tiktokx-cropcenter:100:100.jpg?dr=9640&refresh_token=10ed9da3&x-expires=1771329600&x-signature=JsQfZlai7bB3JHqRD3FY0EZBpYg%3D&t=4d5b0474&ps=13740610&shp=30310797&shcp=ff37627b&idc=useast8","7357341099260920582","1713014479","2024-04-13T13:21:19.000Z",,,,,,,,,"8","https://www.tiktok.com/@nachter/video/7357337111676079392?_r=1&_t=ZN-93r9JxE2rN0","false",,,,"7357340279928619808",,"https://www.tiktok.com/@nachter/video/7357337111676079392?_r=1&_t=ZN-93r9JxE2rN0","si está recién hecho no, como dice después de cuatro meses o más ya puedes donar","6696951186275533829","adriana_mc06","https://www.tiktok.com/@nachter/video/7357337111676079392"
"https://p16-common-sign.tiktokcdn-us.com/tos-alisg-avt-0068/248253a2a4228c97807652443801fdc8~tplv-tiktokx-cropcenter:100:100.jpg?dr=9640&refresh_token=3371e1c3&x-expires=1771329600&x-signature=9qUnd9MhMWVOZD4bKHDLh8cdOfY%3D&t=4d5b0474&ps=13740610&shp=30310797&shcp=ff37627b&idc=useast5","7358149825668285190","1713202774","2024-04-15T17:39:34.000Z",,,,,,,,,"0","https://www.tiktok.com/@nachter/video/7357337111676079392?_r=1&_t=ZN-93r9JxE2rN0","false",,,"false",,"0","https://www.tiktok.com/@nachter/video/7357337111676079392?_r=1&_t=ZN-93r9JxE2rN0","SIEMPRE QUE VOY A LABORATORIO LA DOCTORAAPROVECHA PARA PEDIR SANGRE.. Y SOLO LE DIGO ESTOY ESPERANDO QUE LA COMPREN PARA VENDERLA","7059472583532495878","than_rojas_chinchilla","https://www.tiktok.com/@nachter/video/7357337111676079392"
"https://p16-common-sign.tiktokcdn-us.com/tos-maliva-avt-0068/89cd10df3343a0f4aac5ff0fd45b1cc5~tplv-tiktokx-cropcenter:100:100.jpg?dr=9640&refresh_token=2b90f0f7&x-expires=1771329600&x-signature=BFHm%2BwBU3UUeRgJL1z64Rf3RRJk%3D&t=4d5b0474&ps=13740610&shp=30310797&shcp=ff37627b&idc=useast5","7469718347548410629","1739179389","2025-02-10T09:23:09.000Z",,,,,,,,,"0","https://www.tiktok.com/@nachter/video/7357337111676079392?_r=1&_t=ZN-93r9JxE2rN0","false",,,"false",,"0","https://www.tiktok.com/@nachter/video/7357337111676079392?_r=1&_t=ZN-93r9JxE2rN0","en el hospital de fuenlabrada🥰","6888317264295773189","markoantonioloayzachave0","https://www.tiktok.com/@nachter/video/7357337111676079392"
"https://p16-common-sign.tiktokcdn-us.com/tos-maliva-avt-0068/aa8ab18e0a0b6bb1f7f99b3d143e6b8e~tplv-tiktokx-cropcenter:100:100.jpg?dr=9640&refresh_token=a527bf32&x-expires=1771329600&x-signature=cU3wrg8fLN2owovo2%2ByjFwcJUJM%3D&t=4d5b0474&ps=13740610&shp=30310797&shcp=ff37627b&idc=useast5","7358277500285403910","1713232498","2024-04-16T01:54:58.000Z",,,,,,,,,"0","https://www.tiktok.com/@nachter/video/7357337111676079392?_r=1&_t=ZN-93r9JxE2rN0","false",,,"false",,"0","https://www.tiktok.com/@nachter/video/7357337111676079392?_r=1&_t=ZN-93r9JxE2rN0","Me caes Súper🤟","7118793759320425477","ginaleyva22","https://www.tiktok.com/@nachter/video/7357337111676079392"
"https://p16-common-sign.tiktokcdn-us.com/tos-maliva-avt-0068/7327285075012911110~tplv-tiktokx-cropcenter:100:100.jpg?dr=9640&refresh_token=f03cc309&x-expires=1771329600&x-signature=W2CeN2Su%2BI6RPZ0GnaCZy1eih%2BU%3D&t=4d5b0474&ps=13740610&shp=30310797&shcp=ff37627b&idc=useast5","7358561410072199942","1713298600","2024-04-16T20:16:40.000Z",,,,,,,,,"0","https://www.tiktok.com/@nachter/video/7357337111676079392?_r=1&_t=ZN-93r9JxE2rN0","false",,,"false",,"0","https://www.tiktok.com/@nachter/video/7357337111676079392?_r=1&_t=ZN-93r9JxE2rN0","Yo cuando dono me descompenso, así es que ya no puedo hacerlo","6810761394645877761","suturno8","https://www.tiktok.com/@nachter/video/7357337111676079392"
"https://p19-common-sign.tiktokcdn-us.com/tos-useast2a-avt-0068-euttp/fa285127b2a009a42ba09bda3e20d94c~tplv-tiktokx-cropcenter:100:100.jpg?dr=9640&refresh_token=66c84b99&x-expires=1771329600&x-signature=X3BTPCZTAWzUqa%2B3fIG4yqiw9Ck%3D&t=4d5b0474&ps=13740610&shp=30310797&shcp=ff37627b&idc=useast5","7359275728764617504","1713464925","2024-04-18T18:28:45.000Z",,,,,,,,,"0","https://www.tiktok.com/@nachter/video/7357337111676079392?_r=1&_t=ZN-93r9JxE2rN0","false",,,"false",,"0","https://www.tiktok.com/@nachter/video/7357337111676079392?_r=1&_t=ZN-93r9JxE2rN0","Los del 2010 no tienen 18 años","6920666937953485826","user173948273737","https://www.tiktok.com/@nachter/video/7357337111676079392"
"https://p16-common-sign.tiktokcdn-us.com/tos-maliva-avt-0068/78c4e534508aa432a268f8eb05409bb9~tplv-tiktokx-cropcenter:100:100.jpg?dr=9640&refresh_token=3a406d0a&x-expires=1771329600&x-signature=Q9oA7OeDX0OeYwD127ufBmmGWZE%3D&t=4d5b0474&ps=13740610&shp=30310797&shcp=ff37627b&idc=useast5","7360568431521972997","1713765904","2024-04-22T06:05:04.000Z",,,,,,,,,"0","https://www.tiktok.com/@nachter/video/7357337111676079392?_r=1&_t=ZN-93r9JxE2rN0","false",,,"false",,"0","https://www.tiktok.com/@nachter/video/7357337111676079392?_r=1&_t=ZN-93r9JxE2rN0","yo lo hago 4 vecesss","6976301826565047301","meritabonitay","https://www.tiktok.com/@nachter/video/7357337111676079392"
"https://p16-common-sign.tiktokcdn-us.com/musically-maliva-obj/1594805258216454~tplv-tiktokx-cropcenter:100:100.jpg?dr=9640&refresh_token=f231bd68&x-expires=1771329600&x-signature=b7JYUqWvA9lKsD3%2BfjosG9k8G%2BY%3D&t=4d5b0474&ps=13740610&shp=30310797&shcp=ff37627b&idc=useast5","7359711872009110305","1713566499","2024-04-19T22:41:39.000Z",,,,,,,,,"0","https://www.tiktok.com/@nachter/video/7357337111676079392?_r=1&_t=ZN-93r9JxE2rN0","false",,,"false",,"0","https://www.tiktok.com/@nachter/video/7357337111676079392?_r=1&_t=ZN-93r9JxE2rN0","Que grande eres...!!!🥰🥰🥰🥰","6932913702815777797","polloperaman","https://www.tiktok.com/@nachter/video/7357337111676079392"
"https://p19-common-sign.tiktokcdn-us.com/tos-maliva-avt-0068/7321956880653647877~tplv-tiktokx-cropcenter:100:100.jpg?dr=9640&refresh_token=500e3b8e&x-expires=1771329600&x-signature=gCZhknhaZ4h%2FHFMFhhjQSNLdmb4%3D&t=4d5b0474&ps=13740610&shp=30310797&shcp=ff37627b&idc=useast5","7358071058370429701","1713184430","2024-04-15T12:33:50.000Z",,,,,,,,,"0","https://www.tiktok.com/@nachter/video/7357337111676079392?_r=1&_t=ZN-93r9JxE2rN0","false",,,,"7357577000280523526",,"https://www.tiktok.com/@nachter/video/7357337111676079392?_r=1&_t=ZN-93r9JxE2rN0","wat","6993760853305934854","javi88yt","https://www.tiktok.com/@nachter/video/7357337111676079392"
"https://p16-common-sign.tiktokcdn-us.com/tos-useast2a-avt-0068-euttp/319d7eacbaf00a786419a5ef47c2a674~tplv-tiktokx-cropcenter:100:100.jpg?dr=9640&refresh_token=a8bd5851&x-expires=1771329600&x-signature=7BlE4LW%2BMRAdce5T9lCCu%2B%2BG3lw%3D&t=4d5b0474&ps=13740610&shp=30310797&shcp=ff37627b&idc=useast5","7358005821361996577","1713169280","2024-04-15T08:21:20.000Z",,,,,,,,,"0","https://www.tiktok.com/@nachter/video/7357337111676079392?_r=1&_t=ZN-93r9JxE2rN0","false",,,,"7357577000280523526",,"https://www.tiktok.com/@nachter/video/7357337111676079392?_r=1&_t=ZN-93r9JxE2rN0","Físicamente no notas nada pero si que lo.echas de menos.","6790311652208477189","el_gato_roni","https://www.tiktok.com/@nachter/video/7357337111676079392"
"https://p16-common-sign.tiktokcdn-us.com/tos-maliva-avt-0068/19054f146a6092180d89d1c1c11d2db9~tplv-tiktokx-cropcenter:100:100.jpg?dr=9640&refresh_token=bdf7b79f&x-expires=1771329600&x-signature=U04TIQroHutDKWuXa%2BcomH6toso%3D&t=4d5b0474&ps=13740610&shp=30310797&shcp=ff37627b&idc=useast8","7358210592932922118","1713216925","2024-04-15T21:35:25.000Z",,,,,,,,,"0","https://www.tiktok.com/@nachter/video/7357337111676079392?_r=1&_t=ZN-93r9JxE2rN0","false",,,"false",,"0","https://www.tiktok.com/@nachter/video/7357337111676079392?_r=1&_t=ZN-93r9JxE2rN0","🥰a donar sangre, en serio","6920228559278212102","dianaausecha1","https://www.tiktok.com/@nachter/video/7357337111676079392"
"https://p16-common-sign.tiktokcdn-us.com/tos-no1a-avt-0068c001-no/ffc2c747c3a3812c13ad140b350c53ee~tplv-tiktokx-cropcenter:100:100.jpg?dr=9640&refresh_token=fdb8a4a1&x-expires=1771329600&x-signature=w0TAoSDUbWTs93NHcT4jOLeF%2Fbc%3D&t=4d5b0474&ps=13740610&shp=30310797&shcp=ff37627b&idc=useast8","7359154988226577185","1713436828","2024-04-18T10:40:28.000Z",,,,,,,,,"0","https://www.tiktok.com/@nachter/video/7357337111676079392?_r=1&_t=ZN-93r9JxE2rN0","false",,,"false",,"0","https://www.tiktok.com/@nachter/video/7357337111676079392?_r=1&_t=ZN-93r9JxE2rN0","Yo que quiero y no me dejan por tensión baja, lo he intentado varias veces","6833576293582504965","reina_ladgerda","https://www.tiktok.com/@nachter/video/7357337111676079392"
"https://p16-common-sign.tiktokcdn-us.com/tos-maliva-avt-0068/e0397bc1b20221a2c37f68dc2472cee6~tplv-tiktokx-cropcenter:100:100.jpg?dr=9640&refresh_token=6f72d97b&x-expires=1771329600&x-signature=IkZ6%2BCLNPkH4O0idG6PDhlmZkEY%3D&t=4d5b0474&ps=13740610&shp=30310797&shcp=ff37627b&idc=useast8","7455106525775594272","1735777285","2025-01-02T00:21:25.000Z",,,,,,,,,"0","https://www.tiktok.com/@nachter/video/7357337111676079392?_r=1&_t=ZN-93r9JxE2rN0","false",,,,"7357667208757953313",,"https://www.tiktok.com/@nachter/video/7357337111676079392?_r=1&_t=ZN-93r9JxE2rN0","Si se llama donación es por algo….,","7138324839660979205","claudialondel","https://www.tiktok.com/@nachter/video/7357337111676079392"
"https://p16-common-sign.tiktokcdn-us.com/tos-maliva-avt-0068/0f61da853bcc08f05ef97d5d2625b382~tplv-tiktokx-cropcenter:100:100.jpg?dr=9640&refresh_token=a29558a7&x-expires=1771329600&x-signature=Ad7E1WBwBp6unB6icPjqHgCNdn8%3D&t=4d5b0474&ps=13740610&shp=30310797&shcp=ff37627b&idc=useast8","7358311131486618401","1713240453","2024-04-16T04:07:33.000Z",,,,,,,,,"1","https://www.tiktok.com/@nachter/video/7357337111676079392?_r=1&_t=ZN-93r9JxE2rN0","false",,,,"7357667208757953313",,"https://www.tiktok.com/@nachter/video/7357337111676079392?_r=1&_t=ZN-93r9JxE2rN0","Este comentario demuestra que cualquiera hoy en día usa las RRSS.... y encima votamos todos.🙄","7155786218537255942","losmininosdedesampa","https://www.tiktok.com/@nachter/video/7357337111676079392"
"https://p16-sign-va.tiktokcdn.com/tos-maliva-avt-0068/500a2c5f15271e12fe5b01b10282d5ea~tplv-tiktokx-cropcenter:100:100.jpg?dr=14579&refresh_token=24be8016&x-expires=1771329600&x-signature=3csO82QGuEJ%2B1wqfIdrqdYhs4bg%3D&t=4d5b0474&ps=13740610&shp=30310797&shcp=ff37627b&idc=my2","7358101165348979461","1713191441","2024-04-15T14:30:41.000Z",,,,,,,,,"0","https://www.tiktok.com/@nachter/video/7357337111676079392?_r=1&_t=ZN-93r9JxE2rN0","false",,,,"7357571796571669254",,"https://www.tiktok.com/@nachter/video/7357337111676079392?_r=1&_t=ZN-93r9JxE2rN0","Pero tu sangre lo entregan al hospital o le venden","6927105213158474758","j.armando.11","https://www.tiktok.com/@nachter/video/7357337111676079392"
"https://p19-common-sign-useastred.tiktokcdn-eu.com/tos-useast2a-avt-0068-euttp/5fd6a812cd0d6f577494ec4b1138d8c8~tplv-tiktokx-cropcenter:100:100.jpg?dr=14579&refresh_token=cfb4ad3c&x-expires=1771329600&x-signature=ojInYEA16lsLhxZPqmrLdxupcuU%3D&t=4d5b0474&ps=13740610&shp=30310797&shcp=ff37627b&idc=my2","7357658310739755809","1713088351","2024-04-14T09:52:31.000Z",,,,,,,,,"1","https://www.tiktok.com/@nachter/video/7357337111676079392?_r=1&_t=ZN-93r9JxE2rN0","false",,,,"7357571796571669254",,"https://www.tiktok.com/@nachter/video/7357337111676079392?_r=1&_t=ZN-93r9JxE2rN0","Yo perdi el miedo donando🤭","6667634030965604357","hanae3123","https://www.tiktok.com/@nachter/video/7357337111676079392"
"https://p19-common-sign.tiktokcdn-us.com/tos-useast2a-avt-0068-euttp/319d7eacbaf00a786419a5ef47c2a674~tplv-tiktokx-cropcenter:100:100.jpg?dr=9640&refresh_token=e47b00a5&x-expires=1771329600&x-signature=7Ri6v19Mn%2BSoin3qGEdb153Zga8%3D&t=4d5b0474&ps=13740610&shp=30310797&shcp=ff37627b&idc=useast5","7358003029402632993","1713168631","2024-04-15T08:10:31.000Z",,,,,,,,,"0","https://www.tiktok.com/@nachter/video/7357337111676079392?_r=1&_t=ZN-93r9JxE2rN0","false",,,,"7357492062478222112",,"https://www.tiktok.com/@nachter/video/7357337111676079392?_r=1&_t=ZN-93r9JxE2rN0","No lleva mucho tiempo","6790311652208477189","el_gato_roni","https://www.tiktok.com/@nachter/video/7357337111676079392"
"https://p16-common-sign.tiktokcdn-us.com/tos-useast2a-avt-0068-euttp/319d7eacbaf00a786419a5ef47c2a674~tplv-tiktokx-cropcenter:100:100.jpg?dr=9640&refresh_token=a8bd5851&x-expires=1771329600&x-signature=7BlE4LW%2BMRAdce5T9lCCu%2B%2BG3lw%3D&t=4d5b0474&ps=13740610&shp=30310797&shcp=ff37627b&idc=useast5","7358006297247449889","1713169381","2024-04-15T08:23:01.000Z",,,,,,,,,"0","https://www.tiktok.com/@nachter/video/7357337111676079392?_r=1&_t=ZN-93r9JxE2rN0","false",,,,"7357500953072796448",,"https://www.tiktok.com/@nachter/video/7357337111676079392?_r=1&_t=ZN-93r9JxE2rN0","Yo también tengo el hígado graso y nunca me han dicho tal cosa","6790311652208477189","el_gato_roni","https://www.tiktok.com/@nachter/video/7357337111676079392"
"https://p16-sign-va.tiktokcdn.com/tos-maliva-avt-0068/ba9643b1381f2491465b9c57c0022bb4~tplv-tiktokx-cropcenter:100:100.jpg?dr=14579&refresh_token=9a3ed329&x-expires=1771329600&x-signature=8Px40X58PaLHvMVRlOzzWhtYqw8%3D&t=4d5b0474&ps=13740610&shp=30310797&shcp=ff37627b&idc=my","7357733217857864453","1713105768","2024-04-14T14:42:48.000Z",,,,,,,,,"0","https://www.tiktok.com/@nachter/video/7357337111676079392?_r=1&_t=ZN-93r9JxE2rN0","false",,,,"7357733134170211077",,"https://www.tiktok.com/@nachter/video/7357337111676079392?_r=1&_t=ZN-93r9JxE2rN0","puedo por ser mujer 😐","6935642822264390662","almazugey","https://www.tiktok.com/@nachter/video/7357337111676079392"
"https://p16-sign-va.tiktokcdn.com/tos-maliva-avt-0068/ba9643b1381f2491465b9c57c0022bb4~tplv-tiktokx-cropcenter:100:100.jpg?dr=14579&refresh_token=9a3ed329&x-expires=1771329600&x-signature=8Px40X58PaLHvMVRlOzzWhtYqw8%3D&t=4d5b0474&ps=13740610&shp=30310797&shcp=ff37627b&idc=my","7358602508145459974","1713308179","2024-04-16T22:56:19.000Z",,,,,,,,,"1","https://www.tiktok.com/@nachter/video/7357337111676079392?_r=1&_t=ZN-93r9JxE2rN0","false",,,,"7357733134170211077",,"https://www.tiktok.com/@nachter/video/7357337111676079392?_r=1&_t=ZN-93r9JxE2rN0","no! directamente así me dicen, q por ser mujer no puedo donar pq pierdo sangre cada mes 😐","6935642822264390662","almazugey","https://www.tiktok.com/@nachter/video/7357337111676079392"
"https://p16-sign-va.tiktokcdn.com/tos-maliva-avt-0068/d4f69c5774375765e0be5fca9bbe2200~tplv-tiktokx-cropcenter:100:100.jpg?dr=14579&refresh_token=0298c7e7&x-expires=1771329600&x-signature=w5cy%2F7HYgs%2FeG3jg2uWoe6t2H%2BU%3D&t=4d5b0474&ps=13740610&shp=30310797&shcp=ff37627b&idc=my","7358190887191692038","1713214921","2024-04-15T21:02:01.000Z",,,,,,,,,"2","https://www.tiktok.com/@nachter/video/7357337111676079392?_r=1&_t=ZN-93r9JxE2rN0","false",,,,"7357733134170211077",,"https://www.tiktok.com/@nachter/video/7357337111676079392?_r=1&_t=ZN-93r9JxE2rN0","Cuando yo dono hay muchísimas mujeres donando, no veo el problema.","7060311755406672901","jesusgdl117","https://www.tiktok.com/@nachter/video/7357337111676079392"
"https://p16-common-sign.tiktokcdn-us.com/tos-maliva-avt-0068/1eb0f55d7628a6ada1c2951b91b8c39e~tplv-tiktokx-cropcenter:100:100.jpg?dr=9640&refresh_token=7a7ead19&x-expires=1771329600&x-signature=aHR%2BarboT932e%2BeFLhxRQVZxn1s%3D&t=4d5b0474&ps=13740610&shp=30310797&shcp=ff37627b&idc=useast8","7357878462281122565","1713139594","2024-04-15T00:06:34.000Z",,,,,,,,,"0","https://www.tiktok.com/@nachter/video/7357337111676079392?_r=1&_t=ZN-93r9JxE2rN0","false",,,"false",,"0","https://www.tiktok.com/@nachter/video/7357337111676079392?_r=1&_t=ZN-93r9JxE2rN0","No duele nada, pero las únicas 2 veces que he donado (para mis papás) se me bajó horrible la presión después de la donación 😅","6927036124759000069","linneki2.0","https://www.tiktok.com/@nachter/video/7357337111676079392"
"https://p19-common-sign.tiktokcdn-us.com/tos-maliva-avt-0068/a8c3f8f498e262fdf63454b4cdcbf968~tplv-tiktokx-cropcenter:100:100.jpg?dr=9640&refresh_token=6e3593bf&x-expires=1771329600&x-signature=7khIpMTJiC2eb5t0i92DruE6u4w%3D&t=4d5b0474&ps=13740610&shp=30310797&shcp=ff37627b&idc=useast8","7357713970100536097","1713101302","2024-04-14T13:28:22.000Z",,,,,,,,,"0","https://www.tiktok.com/@nachter/video/7357337111676079392?_r=1&_t=ZN-93r9JxE2rN0","false",,,"false",,"0","https://www.tiktok.com/@nachter/video/7357337111676079392?_r=1&_t=ZN-93r9JxE2rN0","yo soy donante desde hace años y la sangre es lo único que no se puede reproducir en una fabrica o laboratorio","6787848261387486213","jsames","https://www.tiktok.com/@nachter/video/7357337111676079392"
"https://p16-common-sign.tiktokcdn-us.com/tos-maliva-avt-0068/28c775ee6eb5cce468dcea8a307d2783~tplv-tiktokx-cropcenter:100:100.jpg?dr=9640&refresh_token=646076fa&x-expires=1771329600&x-signature=bF7fHzFqJscYYuHxQLRQkuQie8c%3D&t=4d5b0474&ps=13740610&shp=30310797&shcp=ff37627b&idc=useast8","7357677899346903840","1713092908","2024-04-14T11:08:28.000Z",,,,,,,,,"0","https://www.tiktok.com/@nachter/video/7357337111676079392?_r=1&_t=ZN-93r9JxE2rN0","false",,,"false",,"0","https://www.tiktok.com/@nachter/video/7357337111676079392?_r=1&_t=ZN-93r9JxE2rN0","mi madre donaba sangre, pero empezó a tener anemia y no pudo seguir","6910970192063579141","mart.mb._","https://www.tiktok.com/@nachter/video/7357337111676079392"
"https://p16-common-sign.tiktokcdn-us.com/tos-useast2a-avt-0068-euttp/594eea06d983f997847766fe4a615e28~tplv-tiktokx-cropcenter:100:100.jpg?dr=9640&refresh_token=0100c490&x-expires=1771329600&x-signature=Zpxzsdt2FKBwAD4m6rTWVedUiGM%3D&t=4d5b0474&ps=13740610&shp=30310797&shcp=ff37627b&idc=useast8","7357543723578819361","1713061841","2024-04-14T02:30:41.000Z",,,,,,,,,"0","https://www.tiktok.com/@nachter/video/7357337111676079392?_r=1&_t=ZN-93r9JxE2rN0","false",,,"false",,"0","https://www.tiktok.com/@nachter/video/7357337111676079392?_r=1&_t=ZN-93r9JxE2rN0","muy bueno DONAR VALENCINAOS, cada donación son 3 vidas, y sobretodo los que somos universales 🙏🙏🙏 animaros.....","6802502584156357638","enagorgr","https://www.tiktok.com/@nachter/video/7357337111676079392"
"https://p16-common-sign.tiktokcdn-us.com/tos-maliva-avt-0068/0ee14e9a34189a46a1c55d6e6ac5d3b7~tplv-tiktokx-cropcenter:100:100.jpg?dr=9640&refresh_token=5f0d131e&x-expires=1771329600&x-signature=2jnTI5L3f8Hj5ROBEfvv9ze6rFk%3D&t=4d5b0474&ps=13740610&shp=30310797&shcp=ff37627b&idc=useast8","7365255282370806533","1714857143","2024-05-04T21:12:23.000Z",,,,,,,,,"0","https://www.tiktok.com/@nachter/video/7357337111676079392?_r=1&_t=ZN-93r9JxE2rN0","false",,,,"7357921796312056582",,"https://www.tiktok.com/@nachter/video/7357337111676079392?_r=1&_t=ZN-93r9JxE2rN0","xD","7167106030618788870","gato_sexoooooooo","https://www.tiktok.com/@nachter/video/7357337111676079392"
"https://p19-common-sign-useastred.tiktokcdn-eu.com/tos-useast2a-avt-0068-euttp/05c768b81e5df737880896f80140812d~tplv-tiktokx-cropcenter:100:100.jpg?dr=10399&refresh_token=905d3afc&x-expires=1771329600&x-signature=Qw6OXLK%2F3JGCypqG9OrIT8IN4%2BA%3D&t=4d5b0474&ps=13740610&shp=30310797&shcp=ff37627b&idc=no1a","7358374070683435808","1713255011","2024-04-16T08:10:11.000Z",,,,,,,,,"0","https://www.tiktok.com/@nachter/video/7357337111676079392?_r=1&_t=ZN-93r9JxE2rN0","false",,,,"7357823522502378272",,"https://www.tiktok.com/@nachter/video/7357337111676079392?_r=1&_t=ZN-93r9JxE2rN0","bueno, es una opinión, daría un incentivo más a más gente para ir a donar","7202898277897077766","tatianavamartndej","https://www.tiktok.com/@nachter/video/7357337111676079392"
"https://p16-common-sign.tiktokcdn-us.com/musically-maliva-obj/1594805258216454~tplv-tiktokx-cropcenter:100:100.jpg?dr=9640&refresh_token=f231bd68&x-expires=1771329600&x-signature=b7JYUqWvA9lKsD3%2BfjosG9k8G%2BY%3D&t=4d5b0474&ps=13740610&shp=30310797&shcp=ff37627b&idc=useast8","7357838913396917024","1713130402","2024-04-14T21:33:22.000Z",,,,,,,,,"0","https://www.tiktok.com/@nachter/video/7357337111676079392?_r=1&_t=ZN-93r9JxE2rN0","false",,,"false",,"0","https://www.tiktok.com/@nachter/video/7357337111676079392?_r=1&_t=ZN-93r9JxE2rN0","pues a mí me dió una lipotimia importante
al menos eso pone en mi carnet
y me recomendaron no donar nunca más.
estuve bastantes minutos
eso me dijeron.
y desde entonces colaboro con cruz roja!!","7270637542126224416","user1378166761888","https://www.tiktok.com/@nachter/video/7357337111676079392"
"https://p16-common-sign.tiktokcdn-us.com/tos-maliva-avt-0068/d8c7df39cd736d2e1a4ee6c17b7cefd6~tplv-tiktokx-cropcenter:100:100.jpg?dr=9640&refresh_token=fbb095c5&x-expires=1771329600&x-signature=dboeR4q2z33q5nyUe5O1vljhpnw%3D&t=4d5b0474&ps=13740610&shp=30310797&shcp=ff37627b&idc=useast8","7358256360608219910","1713227583","2024-04-16T00:33:03.000Z",,,,,,,,,"15","https://www.tiktok.com/@nachter/video/7357337111676079392?_r=1&_t=ZN-93r9JxE2rN0","false",,,"false",,"0","https://www.tiktok.com/@nachter/video/7357337111676079392?_r=1&_t=ZN-93r9JxE2rN0","♥️","6917795681940341765","teresitaraquelriverasil0","https://www.tiktok.com/@nachter/video/7357337111676079392"
"https://p19-common-sign.tiktokcdn-us.com/tos-maliva-avt-0068/241880efcb628dd896380d2fcf99a517~tplv-tiktokx-cropcenter:100:100.jpg?dr=9640&refresh_token=2da391dc&x-expires=1771329600&x-signature=gdoEYSxOyDetgPYBipzvzghF5J0%3D&t=4d5b0474&ps=13740610&shp=30310797&shcp=ff37627b&idc=useast8","7366743899623015173","1715203744","2024-05-08T21:29:04.000Z",,,,,,,,,"0","https://www.tiktok.com/@nachter/video/7357337111676079392?_r=1&_t=ZN-93r9JxE2rN0","false",,,"false",,"0","https://www.tiktok.com/@nachter/video/7357337111676079392?_r=1&_t=ZN-93r9JxE2rN0","🥰🥰🥰🥰","7231340871853425670","rosaliourbina7","https://www.tiktok.com/@nachter/video/7357337111676079392"
"https://p16-common-sign.tiktokcdn-us.com/musically-maliva-obj/1594805258216454~tplv-tiktokx-cropcenter:100:100.jpg?dr=9640&refresh_token=f231bd68&x-expires=1771329600&x-signature=b7JYUqWvA9lKsD3%2BfjosG9k8G%2BY%3D&t=4d5b0474&ps=13740610&shp=30310797&shcp=ff37627b&idc=useast8","7368101058889958149","1715519726","2024-05-12T13:15:26.000Z",,,,,,,,,"0","https://www.tiktok.com/@nachter/video/7357337111676079392?_r=1&_t=ZN-93r9JxE2rN0","false",,,"false",,"0","https://www.tiktok.com/@nachter/video/7357337111676079392?_r=1&_t=ZN-93r9JxE2rN0","😂😂😂👌👌","6883918255003501573","slojeva","https://www.tiktok.com/@nachter/video/7357337111676079392"
"https://p16-pu-sign-no.tiktokcdn-eu.com/tos-no1a-avt-0068c001-no/1d134b6f770e81211770f061855eb750~tplv-tiktokx-cropcenter:100:100.jpg?dr=10399&refresh_token=f3dd5087&x-expires=1771329600&x-signature=ikUYnasBdR8H3PTGRazs6JZ%2BM1I%3D&t=4d5b0474&ps=13740610&shp=30310797&shcp=ff37627b&idc=no1a","7383209878637314848","1719037571","2024-06-22T06:26:11.000Z",,,,,,,,,"1","https://www.tiktok.com/@nachter/video/7357337111676079392?_r=1&_t=ZN-93r9JxE2rN0","false",,,"false",,"0","https://www.tiktok.com/@nachter/video/7357337111676079392?_r=1&_t=ZN-93r9JxE2rN0","yo soy donante des de los 24 años creo porque me tarde un poco para subir de peso y poder dar sangre xD y la verdad es genial cuando te mandan un mensaje diciendo tu sangre fue utilizada 😁😁","7064229711413773317","crisarts2000","https://www.tiktok.com/@nachter/video/7357337111676079392"
"https://p16-common-sign.tiktokcdn-eu.com/tos-maliva-avt-0068/187c5027e20913596122ffa7f5df2531~tplv-tiktokx-cropcenter:100:100.jpg?dr=10399&refresh_token=56f0408f&x-expires=1771329600&x-signature=NqgI%2FDeyipmCgs0Mkh4Y7ZSq9qw%3D&t=4d5b0474&ps=13740610&shp=30310797&shcp=ff37627b&idc=no1a","7358033163241751302","1713175607","2024-04-15T10:06:47.000Z",,,,,,,,,"1","https://www.tiktok.com/@nachter/video/7357337111676079392?_r=1&_t=ZN-93r9JxE2rN0","false",,,"false",,"1","https://www.tiktok.com/@nachter/video/7357337111676079392?_r=1&_t=ZN-93r9JxE2rN0","Ami no me dejan donar por qué mi sangre es de tipo, no necesario O-","6992754337102431238","lenin_._1","https://www.tiktok.com/@nachter/video/7357337111676079392"
"https://p16-common-sign.tiktokcdn-eu.com/tos-maliva-avt-0068/3edd2c62896f7b01e405758a63b3448f~tplv-tiktokx-cropcenter:100:100.jpg?dr=10399&refresh_token=2a949d55&x-expires=1771329600&x-signature=KIa2PIuMjXzSmASS%2BXukrZIrQak%3D&t=4d5b0474&ps=13740610&shp=30310797&shcp=ff37627b&idc=no1a","7358283498015539974","1713233903","2024-04-16T02:18:23.000Z",,,,,,,,,"0","https://www.tiktok.com/@nachter/video/7357337111676079392?_r=1&_t=ZN-93r9JxE2rN0","false",,,"false",,"0","https://www.tiktok.com/@nachter/video/7357337111676079392?_r=1&_t=ZN-93r9JxE2rN0","soy donadora en mi país","6887246060429345797","clarapadilla12","https://www.tiktok.com/@nachter/video/7357337111676079392"
"https://p16-common-sign.tiktokcdn-eu.com/tos-maliva-avt-0068/2b39289acefeffdab1c0e221b6e9a4be~tplv-tiktokx-cropcenter:100:100.jpg?dr=10399&refresh_token=431b3ed9&x-expires=1771329600&x-signature=TGYb558NEhH1goRm%2FEy1cabwkvE%3D&t=4d5b0474&ps=13740610&shp=30310797&shcp=ff37627b&idc=no1a","7357465145855132422","1713043357","2024-04-13T21:22:37.000Z",,,,,,,,,"1","https://www.tiktok.com/@nachter/video/7357337111676079392?_r=1&_t=ZN-93r9JxE2rN0","false",,,"false",,"0","https://www.tiktok.com/@nachter/video/7357337111676079392?_r=1&_t=ZN-93r9JxE2rN0","A si es pero no me gusta donar sangre 🥺","7294706874997212166","loooool758","https://www.tiktok.com/@nachter/video/7357337111676079392"
"https://p16-common-sign.tiktokcdn-eu.com/tos-useast2a-avt-0068-euttp/d536aa6b593c55331451b94697ec47a9~tplv-tiktokx-cropcenter:100:100.jpg?dr=10399&refresh_token=afe4dcc9&x-expires=1771329600&x-signature=JDAFHY%2BjNmYu%2B4O4TLl5O%2BgpLKU%3D&t=4d5b0474&ps=13740610&shp=30310797&shcp=ff37627b&idc=no1a","7357341769376187168","1713014649","2024-04-13T13:24:09.000Z",,,,,,,,,"1","https://www.tiktok.com/@nachter/video/7357337111676079392?_r=1&_t=ZN-93r9JxE2rN0","false",,,"false",,"0","https://www.tiktok.com/@nachter/video/7357337111676079392?_r=1&_t=ZN-93r9JxE2rN0","Yo sntes donaba sangre ahora por el diabetes que me pincho no se puede 😔😔😔","7111699190283469830","ailama.com","https://www.tiktok.com/@nachter/video/7357337111676079392"
"https://p16-common-sign.tiktokcdn-eu.com/tos-alisg-avt-0068/f3e0d750956863e19255b6bc8a893fad~tplv-tiktokx-cropcenter:100:100.jpg?dr=10399&refresh_token=d869c75a&x-expires=1771329600&x-signature=gb3U3cvDTyCgt%2BH9a7X8saBM1XA%3D&t=4d5b0474&ps=13740610&shp=30310797&shcp=ff37627b&idc=no1a","7359341803021058821","1713480299","2024-04-18T22:44:59.000Z",,,,,,,,,"0","https://www.tiktok.com/@nachter/video/7357337111676079392?_r=1&_t=ZN-93r9JxE2rN0","false",,,"false",,"0","https://www.tiktok.com/@nachter/video/7357337111676079392?_r=1&_t=ZN-93r9JxE2rN0","yo tengo ese suéter","6916324235746231302","renata2354784","https://www.tiktok.com/@nachter/video/7357337111676079392"
"https://p16-common-sign.tiktokcdn-eu.com/tos-alisg-avt-0068/dd442ac6fa8547f68613fbd0b69992b5~tplv-tiktokx-cropcenter:100:100.jpg?dr=10399&refresh_token=2cb3b00f&x-expires=1771329600&x-signature=%2FUxsz6ydd8TsyJR0xy4RTE94eR0%3D&t=4d5b0474&ps=13740610&shp=30310797&shcp=ff37627b&idc=no1a","7419088919323935493","1727391264","2024-09-26T22:54:24.000Z",,,,,,,,,"0","https://www.tiktok.com/@nachter/video/7357337111676079392?_r=1&_t=ZN-93r9JxE2rN0","false",,,"false",,"0","https://www.tiktok.com/@nachter/video/7357337111676079392?_r=1&_t=ZN-93r9JxE2rN0","Si soy 😂😂😂😂","6534365794405454848","karlarodriguez656","https://www.tiktok.com/@nachter/video/7357337111676079392"
"https://p19-common-sign-useastred.tiktokcdn-eu.com/tos-useast2a-avt-0068-euttp/90f490203ab0eb2f1bbf98fd621909fa~tplv-tiktokx-cropcenter:100:100.jpg?dr=10399&refresh_token=4ca40e5f&x-expires=1771329600&x-signature=AsBOuYNI8Sc9w66Y6Ur7EcWfSpY%3D&t=4d5b0474&ps=13740610&shp=30310797&shcp=ff37627b&idc=no1a","7358870162605081377","1713370501","2024-04-17T16:15:01.000Z",,,,,,,,,"0","https://www.tiktok.com/@nachter/video/7357337111676079392?_r=1&_t=ZN-93r9JxE2rN0","false",,,"false",,"0","https://www.tiktok.com/@nachter/video/7357337111676079392?_r=1&_t=ZN-93r9JxE2rN0","Yo soy donante universal y voy siempre q lo ponen dnd vivo😉","6809283727752365061","thelorga07","https://www.tiktok.com/@nachter/video/7357337111676079392"
"https://p16-common-sign.tiktokcdn-eu.com/tos-alisg-avt-0068/66ed7f79275c0071e41636c51aad845e~tplv-tiktokx-cropcenter:100:100.jpg?dr=10399&refresh_token=b12f5611&x-expires=1771329600&x-signature=m0Ctv8yKAuVn98UZo60Cv%2BTvFNw%3D&t=4d5b0474&ps=13740610&shp=30310797&shcp=ff37627b&idc=no1a","7358541313661190944","1713293930","2024-04-16T18:58:50.000Z",,,,,,,,,"0","https://www.tiktok.com/@nachter/video/7357337111676079392?_r=1&_t=ZN-93r9JxE2rN0","false",,,"false",,"0","https://www.tiktok.com/@nachter/video/7357337111676079392?_r=1&_t=ZN-93r9JxE2rN0","Siempre he donado. Durante la pandemia en los centros médicos me trataron como a un apestado por no vacunarme. Ahora todo son mensajes y e-mails para que vuelva a donar.","6825038920876917766","ruinillas","https://www.tiktok.com/@nachter/video/7357337111676079392"
"https://p16-pu-sign-no.tiktokcdn-eu.com/tos-no1a-avt-0068c001-no/49fd748db308bcca5522e528deff714c~tplv-tiktokx-cropcenter:100:100.jpg?dr=10399&refresh_token=437dd1c9&x-expires=1771329600&x-signature=PVD0aE5M9hcxMWdUCU4w5xgsSSY%3D&t=4d5b0474&ps=13740610&shp=30310797&shcp=ff37627b&idc=no1a","7357356052500202272","1713017983","2024-04-13T14:19:43.000Z",,,,,,,,,"2","https://www.tiktok.com/@nachter/video/7357337111676079392?_r=1&_t=ZN-93r9JxE2rN0","false",,,"false",,"0","https://www.tiktok.com/@nachter/video/7357337111676079392?_r=1&_t=ZN-93r9JxE2rN0","Gracias a todos los que donáis sangre, mi hija es donante, mi marido y a mi nos gustaría pero no podemos. GRACIAS","7019772857765839877","cristinriviere","https://www.tiktok.com/@nachter/video/7357337111676079392"
"https://p19-common-sign.tiktokcdn-us.com/tos-maliva-avt-0068/763f2600d051ed54a95d739d40243b68~tplv-tiktokx-cropcenter:100:100.jpg?dr=9640&refresh_token=347c2645&x-expires=1771329600&x-signature=5yNucZ5tVwS3H%2BoYX%2BzhrWvLNvk%3D&t=4d5b0474&ps=13740610&shp=30310797&shcp=ff37627b&idc=useast5","7357717089073677062","1713102018","2024-04-14T13:40:18.000Z",,,,,,,,,"0","https://www.tiktok.com/@nachter/video/7357337111676079392?_r=1&_t=ZN-93r9JxE2rN0","false",,,"false",,"0","https://www.tiktok.com/@nachter/video/7357337111676079392?_r=1&_t=ZN-93r9JxE2rN0","😂😂😂","7353265853531685893","chipi.gidkmx","https://www.tiktok.com/@nachter/video/7357337111676079392"
"https://p16-common-sign.tiktokcdn-us.com/tos-maliva-avt-0068/dd0a32284e2b606dcceb247ae1d17fcc~tplv-tiktokx-cropcenter:100:100.jpg?dr=9640&refresh_token=92342059&x-expires=1771329600&x-signature=39Rz5sIuCpOJ%2Bgk%2FmN3IYY1tIfE%3D&t=4d5b0474&ps=13740610&shp=30310797&shcp=ff37627b&idc=useast5","7358873813494661921","1713371348","2024-04-17T16:29:08.000Z",,,,,,,,,"0","https://www.tiktok.com/@nachter/video/7357337111676079392?_r=1&_t=ZN-93r9JxE2rN0","false",,,"false",,"0","https://www.tiktok.com/@nachter/video/7357337111676079392?_r=1&_t=ZN-93r9JxE2rN0","Los de 2010 tienen 14 años, no pueden donar hasta que cumplan los 18 😂","6820073116312781829","oximoron_company","https://www.tiktok.com/@nachter/video/7357337111676079392"
"https://p16-common-sign.tiktokcdn-us.com/tos-maliva-avt-0068/acea920d79642dfb0c8d1ecd9d14df32~tplv-tiktokx-cropcenter:100:100.jpg?dr=9640&refresh_token=2a7d34bc&x-expires=1771329600&x-signature=q5XhzWN1gwdHVv9Ke%2Fy0biOuIyM%3D&t=4d5b0474&ps=13740610&shp=30310797&shcp=ff37627b&idc=useast5","7359564780095128353","1713532232","2024-04-19T13:10:32.000Z",,,,,,,,,"0","https://www.tiktok.com/@nachter/video/7357337111676079392?_r=1&_t=ZN-93r9JxE2rN0","false",,,"false",,"0","https://www.tiktok.com/@nachter/video/7357337111676079392?_r=1&_t=ZN-93r9JxE2rN0","😂😂😂","7288569864436040737","genmajg79","https://www.tiktok.com/@nachter/video/7357337111676079392"
"https://p16-common-sign.tiktokcdn-us.com/tos-maliva-avt-0068/81e9a7763c89141ba2d3e13e8d8d136b~tplv-tiktokx-cropcenter:100:100.jpg?dr=9640&refresh_token=8d3b40e0&x-expires=1771329600&x-signature=kG%2B9BwfGt1P3NDoHgrg%2BUE4Aq0o%3D&t=4d5b0474&ps=13740610&shp=30310797&shcp=ff37627b&idc=useast5","7359936407123559173","1713618746","2024-04-20T13:12:26.000Z",,,,,,,,,"0","https://www.tiktok.com/@nachter/video/7357337111676079392?_r=1&_t=ZN-93r9JxE2rN0","false",,,"false",,"0","https://www.tiktok.com/@nachter/video/7357337111676079392?_r=1&_t=ZN-93r9JxE2rN0","yo nací en los 80 y soy re machote, hasta que aparece sangre jajaj","6811694490819757061","dcshots_","https://www.tiktok.com/@nachter/video/7357337111676079392"
"https://p16-common-sign.tiktokcdn-us.com/tos-maliva-avt-0068/affbe6a60c1874c6cebde0c82e97777b~tplv-tiktokx-cropcenter:100:100.jpg?dr=9640&refresh_token=d6eb4865&x-expires=1771329600&x-signature=rgzGQkj7RKD1VpY6SNzFhgehigY%3D&t=4d5b0474&ps=13740610&shp=30310797&shcp=ff37627b&idc=useast5","7519610722444395320","1750795812","2025-06-24T20:10:12.000Z",,,,,,,,,"0","https://www.tiktok.com/@nachter/video/7357337111676079392?_r=1&_t=ZN-93r9JxE2rN0","false",,,"false",,"0","https://www.tiktok.com/@nachter/video/7357337111676079392?_r=1&_t=ZN-93r9JxE2rN0","xd yo tengo problemas con las agujas por culpa de unas idiotas ahora cada vez que veo una me paniqueo","6848028889625658373","daisuke_01_0","https://www.tiktok.com/@nachter/video/7357337111676079392"
"https://p16-common-sign.tiktokcdn-us.com/tos-useast2a-avt-0068-giso/8c31aa9c1671a5fe516d9041a3c9f7f8~tplv-tiktokx-cropcenter:100:100.jpg?dr=9640&refresh_token=61f953bb&x-expires=1771329600&x-signature=bPuT5i2%2Fb23o4EYpKDQ3sdjQiYA%3D&t=4d5b0474&ps=13740610&shp=30310797&shcp=ff37627b&idc=useast5","7360788715076485920","1713817201","2024-04-22T20:20:01.000Z",,,,,,,,,"0","https://www.tiktok.com/@nachter/video/7357337111676079392?_r=1&_t=ZN-93r9JxE2rN0","false",,,"false",,"0","https://www.tiktok.com/@nachter/video/7357337111676079392?_r=1&_t=ZN-93r9JxE2rN0","Soy 010 y confirmo por mi generación xd","7198542823435060230","aksten_.lp","https://www.tiktok.com/@nachter/video/7357337111676079392"
"https://p19-common-sign.tiktokcdn-us.com/tos-maliva-avt-0068/3cb14d62688d25cde7bd6c3cfdc05a33~tplv-tiktokx-cropcenter:100:100.jpg?dr=9640&refresh_token=584126e9&x-expires=1771329600&x-signature=PxubO%2BubSmxi40tFRIRh7HA54y4%3D&t=4d5b0474&ps=13740610&shp=30310797&shcp=ff37627b&idc=useast5","7358252377885344518","1713226652","2024-04-16T00:17:32.000Z",,,,,,,,,"0","https://www.tiktok.com/@nachter/video/7357337111676079392?_r=1&_t=ZN-93r9JxE2rN0","false",,,"false",,"0","https://www.tiktok.com/@nachter/video/7357337111676079392?_r=1&_t=ZN-93r9JxE2rN0","EL DE 2010 NO PODRIA DONAR LEGALMENTE 😅✌💀","7013387977565553669","juanjo_jota1","https://www.tiktok.com/@nachter/video/7357337111676079392"
"https://p16-common-sign.tiktokcdn-us.com/tos-maliva-avt-0068/7335672151002841093~tplv-tiktokx-cropcenter:100:100.jpg?dr=9640&refresh_token=d166c67c&x-expires=1771329600&x-signature=5nfHchC7lujxsv5Cwl8VaInf1fU%3D&t=4d5b0474&ps=13740610&shp=30310797&shcp=ff37627b&idc=useast5","7360804605947298593","1713820903","2024-04-22T21:21:43.000Z",,,,,,,,,"0","https://www.tiktok.com/@nachter/video/7357337111676079392?_r=1&_t=ZN-93r9JxE2rN0","false",,,"false",,"0","https://www.tiktok.com/@nachter/video/7357337111676079392?_r=1&_t=ZN-93r9JxE2rN0","😂😂😂😂","6640022493581148166","user28262626367171272635","https://www.tiktok.com/@nachter/video/7357337111676079392"
"https://p16-common-sign.tiktokcdn-us.com/tos-maliva-avt-0068/7688b41b6607e2e4ef14ea2e78ec1ee9~tplv-tiktokx-cropcenter:100:100.jpg?dr=9640&refresh_token=491b0611&x-expires=1771329600&x-signature=n9Ntv3DFKL0e8h1weMfSNcxS2c0%3D&t=4d5b0474&ps=13740610&shp=30310797&shcp=ff37627b&idc=useast5","7358321457250566917","1713242738","2024-04-16T04:45:38.000Z",,,,,,,,,"0","https://www.tiktok.com/@nachter/video/7357337111676079392?_r=1&_t=ZN-93r9JxE2rN0","false",,,"false",,"0","https://www.tiktok.com/@nachter/video/7357337111676079392?_r=1&_t=ZN-93r9JxE2rN0","yo si me desmayo, pero también dono.
ya 4 veces 🤭","6978973775934718982","lucy_cajamarca","https://www.tiktok.com/@nachter/video/7357337111676079392"
"https://p16-common-sign.tiktokcdn-us.com/tos-maliva-avt-0068/c44b40fa0a339cdc16514ea6030dfb46~tplv-tiktokx-cropcenter:100:100.jpg?dr=9640&refresh_token=fbc8082d&x-expires=1771329600&x-signature=nDcBTreoZYK81x3IxLFXYsM%2Bk74%3D&t=4d5b0474&ps=13740610&shp=30310797&shcp=ff37627b&idc=useast5","7373042235615707937","1716670194","2024-05-25T20:49:54.000Z",,,,,,,,,"0","https://www.tiktok.com/@nachter/video/7357337111676079392?_r=1&_t=ZN-93r9JxE2rN0","false",,,"false",,"0","https://www.tiktok.com/@nachter/video/7357337111676079392?_r=1&_t=ZN-93r9JxE2rN0","ni dono,ni trasfusiones de sangre que luego pasa lo q pasa... cuando piensan q la sangre salva vidas🤦🏽🤦🏽","6807868938459644933","cata2012_2","https://www.tiktok.com/@nachter/video/7357337111676079392"
"https://p19-common-sign.tiktokcdn-us.com/musically-maliva-obj/1594805258216454~tplv-tiktokx-cropcenter:100:100.jpg?dr=9640&refresh_token=7eedafe5&x-expires=1771329600&x-signature=Mn%2F5LxFG9i%2B6gDy%2Bv3p8%2BWvfFxQ%3D&t=4d5b0474&ps=13740610&shp=30310797&shcp=ff37627b&idc=useast8","7370771287458235169","1716141451","2024-05-19T17:57:31.000Z",,,,,,,,,"0","https://www.tiktok.com/@nachter/video/7357337111676079392?_r=1&_t=ZN-93r9JxE2rN0","false",,,"false",,"0","https://www.tiktok.com/@nachter/video/7357337111676079392?_r=1&_t=ZN-93r9JxE2rN0","i el clon?😂","7369842159372289056","rosi.guerrero.gar","https://www.tiktok.com/@nachter/video/7357337111676079392"
"https://p19-common-sign.tiktokcdn-us.com/tos-maliva-avt-0068/a1a27c819f5b8a6e853cae1e4a89db5c~tplv-tiktokx-cropcenter:100:100.jpg?dr=9640&refresh_token=6a7fb5b5&x-expires=1771329600&x-signature=Qq09nmzHO7rzsmu6o27cJpBZ%2FrI%3D&t=4d5b0474&ps=13740610&shp=30310797&shcp=ff37627b&idc=useast8","7379277922404696837","1718122045","2024-06-11T16:07:25.000Z",,,,,,,,,"0","https://www.tiktok.com/@nachter/video/7357337111676079392?_r=1&_t=ZN-93r9JxE2rN0","false",,,"false",,"0","https://www.tiktok.com/@nachter/video/7357337111676079392?_r=1&_t=ZN-93r9JxE2rN0","ansieedad😅🤣","7060924614683362310","nelsmor777","https://www.tiktok.com/@nachter/video/7357337111676079392"
"https://p16-common-sign.tiktokcdn-us.com/tos-maliva-avt-0068/f1e0b3b0346e0ddc2805c90a124089f3~tplv-tiktokx-cropcenter:100:100.jpg?dr=9640&refresh_token=46887704&x-expires=1771329600&x-signature=sZNxK6m3vXs5X4OXg7U38Ry38qA%3D&t=4d5b0474&ps=13740610&shp=30310797&shcp=ff37627b&idc=useast8","7384568162467939104","1719353797","2024-06-25T22:16:37.000Z",,,,,,,,,"0","https://www.tiktok.com/@nachter/video/7357337111676079392?_r=1&_t=ZN-93r9JxE2rN0","false",,,"false",,"0","https://www.tiktok.com/@nachter/video/7357337111676079392?_r=1&_t=ZN-93r9JxE2rN0","los del 2010 no podemos donar sangre 😅","7042290555531674630","__martukiii","https://www.tiktok.com/@nachter/video/7357337111676079392"
"https://p16-common-sign.tiktokcdn-us.com/tos-maliva-avt-0068/2889ec3b29e1974aca4572c185ad1d1e~tplv-tiktokx-cropcenter:100:100.jpg?dr=9640&refresh_token=7e3e73bd&x-expires=1771329600&x-signature=YtGJJoW8kY%2BS5kjpG24mRFZgtxc%3D&t=4d5b0474&ps=13740610&shp=30310797&shcp=ff37627b&idc=useast8","7452504090209452806","1735171357","2024-12-26T00:02:37.000Z",,,,,,,,,"0","https://www.tiktok.com/@nachter/video/7357337111676079392?_r=1&_t=ZN-93r9JxE2rN0","false",,,"false",,"0","https://www.tiktok.com/@nachter/video/7357337111676079392?_r=1&_t=ZN-93r9JxE2rN0","no puedo donar sangre porque soy impertenso","7157133708960334854","jonathan.hernandez1995","https://www.tiktok.com/@nachter/video/7357337111676079392"
"https://p16-common-sign.tiktokcdn-us.com/tos-maliva-avt-0068/61f865fff551de2d371531e77cd5beae~tplv-tiktokx-cropcenter:100:100.jpg?dr=9640&refresh_token=885152a9&x-expires=1771329600&x-signature=jGhZTyXBhSFU1BqchxZ6z5wouQ8%3D&t=4d5b0474&ps=13740610&shp=30310797&shcp=ff37627b&idc=useast8","7411524417467237125","1725630007","2024-09-06T13:40:07.000Z",,,,,,,,,"0","https://www.tiktok.com/@nachter/video/7357337111676079392?_r=1&_t=ZN-93r9JxE2rN0","false",,,"false",,"0","https://www.tiktok.com/@nachter/video/7357337111676079392?_r=1&_t=ZN-93r9JxE2rN0","Los menores de edad donan sangre?","6978224886184543238","juanduarte97","https://www.tiktok.com/@nachter/video/7357337111676079392"
"https://p19-common-sign.tiktokcdn-us.com/tos-maliva-avt-0068/b2602765c0c9182ff9213d2751e8d760~tplv-tiktokx-cropcenter:100:100.jpg?dr=9640&refresh_token=03be16f5&x-expires=1771329600&x-signature=Tn1KTLUkPsoVQtM45oPcvyCVhns%3D&t=4d5b0474&ps=13740610&shp=30310797&shcp=ff37627b&idc=useast8","7358459803699692321","1713274953","2024-04-16T13:42:33.000Z",,,,,,,,,"1","https://www.tiktok.com/@nachter/video/7357337111676079392?_r=1&_t=ZN-93r9JxE2rN0","false",,,,"7358033163241751302",,"https://www.tiktok.com/@nachter/video/7357337111676079392?_r=1&_t=ZN-93r9JxE2rN0","Vaya triple te has tirao","6829295781574558725","victoroliveros.17","https://www.tiktok.com/@nachter/video/7357337111676079392"
"https://p16-sign-va.tiktokcdn.com/tos-maliva-avt-0068/7324615082413916166~tplv-tiktokx-cropcenter:100:100.jpg?dr=14579&refresh_token=3f47bfbe&x-expires=1771329600&x-signature=92j0%2F7LvmR%2FDe0cHKMrW663hSNU%3D&t=4d5b0474&ps=13740610&shp=30310797&shcp=ff37627b&idc=sg1","7357700286960632608","1713098122","2024-04-14T12:35:22.000Z",,,,,,,,,"0","https://www.tiktok.com/@nachter/video/7357337111676079392?_r=1&_t=ZN-93r9JxE2rN0","false",,,"false",,"0","https://www.tiktok.com/@nachter/video/7357337111676079392?_r=1&_t=ZN-93r9JxE2rN0","Que grande!!","6801060526904804357","oli_dh","https://www.tiktok.com/@nachter/video/7357337111676079392"
"https://p19-common-sign-useastred.tiktokcdn-eu.com/tos-useast2a-avt-0068-euttp/6ada247f9684ba512d52b1f7416d8b83~tplv-tiktokx-cropcenter:100:100.jpg?dr=14579&refresh_token=d37e1c8d&x-expires=1771329600&x-signature=Ul8WsWYxpDghbdXsgkt%2BvL60bYc%3D&t=4d5b0474&ps=13740610&shp=30310797&shcp=ff37627b&idc=sg1","7357345633110442784","1713015554","2024-04-13T13:39:14.000Z",,,,,,,,,"1","https://www.tiktok.com/@nachter/video/7357337111676079392?_r=1&_t=ZN-93r9JxE2rN0","false",,,"false",,"0","https://www.tiktok.com/@nachter/video/7357337111676079392?_r=1&_t=ZN-93r9JxE2rN0","El del fondo con la ansiedad 😂😂😂😂😂","6836065733253547013","tefaylupo","https://www.tiktok.com/@nachter/video/7357337111676079392"
"https://p16-sign-va.tiktokcdn.com/tos-maliva-avt-0068/6ae032c9859b5860b2a0d758e5cba254~tplv-tiktokx-cropcenter:100:100.jpg?dr=14579&refresh_token=6bb2ab3b&x-expires=1771329600&x-signature=4Fe5S8bnnNWkjEGDA%2BYjM1QXMYQ%3D&t=4d5b0474&ps=13740610&shp=30310797&shcp=ff37627b&idc=sg1","7358155595997938438","1713204113","2024-04-15T18:01:53.000Z",,,,,,,,,"1","https://www.tiktok.com/@nachter/video/7357337111676079392?_r=1&_t=ZN-93r9JxE2rN0","false",,,"false",,"0","https://www.tiktok.com/@nachter/video/7357337111676079392?_r=1&_t=ZN-93r9JxE2rN0","cuatro veces al año?","6809798429402285061","xavieryuri0","https://www.tiktok.com/@nachter/video/7357337111676079392"
"https://p16-sign-va.tiktokcdn.com/tos-maliva-avt-0068/3fcb98ad88f334471b0f41c2e22451c2~tplv-tiktokx-cropcenter:100:100.jpg?dr=14579&refresh_token=7d635f31&x-expires=1771329600&x-signature=kKBcFZm4nzKUT%2F6%2FfKJhd%2BTw42k%3D&t=4d5b0474&ps=13740610&shp=30310797&shcp=ff37627b&idc=sg1","7357797304248615686","1713120696","2024-04-14T18:51:36.000Z",,,,,,,,,"0","https://www.tiktok.com/@nachter/video/7357337111676079392?_r=1&_t=ZN-93r9JxE2rN0","false",,,"false",,"0","https://www.tiktok.com/@nachter/video/7357337111676079392?_r=1&_t=ZN-93r9JxE2rN0","¡Me encantó ese mensaje para concientizar a las personas!🥰👌👌👍👍","7232125738810541062","mariagabriela0457","https://www.tiktok.com/@nachter/video/7357337111676079392"
"https://p16-sign-va.tiktokcdn.com/tos-maliva-avt-0068/9effe5a1eb33028f6176a4b5b80c813b~tplv-tiktokx-cropcenter:100:100.jpg?dr=14579&refresh_token=67fac0d2&x-expires=1771329600&x-signature=SdhYplrrnG98PcezQl8eonkeonQ%3D&t=4d5b0474&ps=13740610&shp=30310797&shcp=ff37627b&idc=sg1","7357720976412574496","1713102932","2024-04-14T13:55:32.000Z",,,,,,,,,"0","https://www.tiktok.com/@nachter/video/7357337111676079392?_r=1&_t=ZN-93r9JxE2rN0","false",,,"false",,"0","https://www.tiktok.com/@nachter/video/7357337111676079392?_r=1&_t=ZN-93r9JxE2rN0","yo le tengo fobia jaja😭😹","6615544415170084870","joseliiin_21","https://www.tiktok.com/@nachter/video/7357337111676079392"
"https://p16-sign-sg.tiktokcdn.com/tos-alisg-avt-0068/8adb027ec0ae03faf008d24f35f366d1~tplv-tiktokx-cropcenter:100:100.jpg?dr=14579&refresh_token=e2bb912b&x-expires=1771329600&x-signature=nVe0NDxa%2BPozLqobTAvgRea7mwM%3D&t=4d5b0474&ps=13740610&shp=30310797&shcp=ff37627b&idc=sg1","7358204944371598086","1713215609","2024-04-15T21:13:29.000Z",,,,,,,,,"1","https://www.tiktok.com/@nachter/video/7357337111676079392?_r=1&_t=ZN-93r9JxE2rN0","false",,,"false",,"0","https://www.tiktok.com/@nachter/video/7357337111676079392?_r=1&_t=ZN-93r9JxE2rN0","yo tengo que distraerme con algo por que si me pinchan asi sin más se me baja lq presion 😔","6736684714335241222","mishi_donna0w0","https://www.tiktok.com/@nachter/video/7357337111676079392"
"https://p19-common-sign-useastred.tiktokcdn-eu.com/tos-useast2a-avt-0068-euttp/e21be66bcca9d8b5a7a30c0ed020c5ac~tplv-tiktokx-cropcenter:100:100.jpg?dr=14579&refresh_token=b1322efb&x-expires=1771329600&x-signature=oksBBMYJKTqBMjH0lNGWW%2BorXK0%3D&t=4d5b0474&ps=13740610&shp=30310797&shcp=ff37627b&idc=sg1","7357341601112884001","1713014605","2024-04-13T13:23:25.000Z",,,,,,,,,"1","https://www.tiktok.com/@nachter/video/7357337111676079392?_r=1&_t=ZN-93r9JxE2rN0","false",,,"false",,"0","https://www.tiktok.com/@nachter/video/7357337111676079392?_r=1&_t=ZN-93r9JxE2rN0","mil gracias 😎😉","7183814116732830726","manuekbraceli","https://www.tiktok.com/@nachter/video/7357337111676079392"
"https://p16-sign-va.tiktokcdn.com/tos-maliva-avt-0068/2be46d0ad310c569d14789511d654c11~tplv-tiktokx-cropcenter:100:100.jpg?dr=14579&refresh_token=2e0ccae9&x-expires=1771329600&x-signature=ury5wfByyET9gWSvVqRns5JG340%3D&t=4d5b0474&ps=13740610&shp=30310797&shcp=ff37627b&idc=sg1","7357748081184834336","1713109254","2024-04-14T15:40:54.000Z",,,,,,,,,"0","https://www.tiktok.com/@nachter/video/7357337111676079392?_r=1&_t=ZN-93r9JxE2rN0","false",,,"false",,"0","https://www.tiktok.com/@nachter/video/7357337111676079392?_r=1&_t=ZN-93r9JxE2rN0","los diabéticos podemos donar","7092759882005611526","joseheredia1971","https://www.tiktok.com/@nachter/video/7357337111676079392"
"https://p19-common-sign-useastred.tiktokcdn-eu.com/tos-useast2a-avt-0068-euttp/689bee34281080f0498f50ffd339f6e3~tplv-tiktokx-cropcenter:100:100.jpg?dr=14579&refresh_token=93eeac63&x-expires=1771329600&x-signature=ES9MsqJjy%2FYa4CY5RPZIQhotuPs%3D&t=4d5b0474&ps=13740610&shp=30310797&shcp=ff37627b&idc=sg1","7357676127580144417","1713092488","2024-04-14T11:01:28.000Z",,,,,,,,,"0","https://www.tiktok.com/@nachter/video/7357337111676079392?_r=1&_t=ZN-93r9JxE2rN0","false",,,"false",,"0","https://www.tiktok.com/@nachter/video/7357337111676079392?_r=1&_t=ZN-93r9JxE2rN0","a donar mi gente","6940351085266666502","_tinoo321_","https://www.tiktok.com/@nachter/video/7357337111676079392"
"https://p19-common-sign-useastred.tiktokcdn-eu.com/tos-useast2a-avt-0068-euttp/029ad4a696ef8e87596107b8d37e5c52~tplv-tiktokx-cropcenter:100:100.jpg?dr=14579&refresh_token=206a4da0&x-expires=1771329600&x-signature=fk4TowO0QwTWxhjF%2Be8ejJ%2F26%2Bo%3D&t=4d5b0474&ps=13740610&shp=30310797&shcp=ff37627b&idc=sg1","7357660080361292577","1713088751","2024-04-14T09:59:11.000Z",,,,,,,,,"0","https://www.tiktok.com/@nachter/video/7357337111676079392?_r=1&_t=ZN-93r9JxE2rN0","false",,,"false",,"0","https://www.tiktok.com/@nachter/video/7357337111676079392?_r=1&_t=ZN-93r9JxE2rN0","Yo soy de los 90, pero creo que soy más como los de los 80.😂","6848355406553646085","s.guti.sm","https://www.tiktok.com/@nachter/video/7357337111676079392"
"https://p16-sign-va.tiktokcdn.com/tos-maliva-avt-0068/47e200a6d2f07d7847f78ab85860d590~tplv-tiktokx-cropcenter:100:100.jpg?dr=14579&refresh_token=22aa4a1e&x-expires=1771329600&x-signature=EfqiKZZYxPAipKD0EGVAqQUDur4%3D&t=4d5b0474&ps=13740610&shp=30310797&shcp=ff37627b&idc=sg1","7360104850497651462","1713657971","2024-04-21T00:06:11.000Z",,,,,,,,,"0","https://www.tiktok.com/@nachter/video/7357337111676079392?_r=1&_t=ZN-93r9JxE2rN0","false",,,"false",,"0","https://www.tiktok.com/@nachter/video/7357337111676079392?_r=1&_t=ZN-93r9JxE2rN0","yo no puedo donar sangre :c","6793635148396364805","secrett013","https://www.tiktok.com/@nachter/video/7357337111676079392"
"https://p16-sign-va.tiktokcdn.com/tos-maliva-avt-0068/55cb9668b640cb4ef606f78414e32f91~tplv-tiktokx-cropcenter:100:100.jpg?dr=14579&refresh_token=a0141658&x-expires=1771329600&x-signature=HWYy3SMbBjs%2BOignowNoUc1IGYk%3D&t=4d5b0474&ps=13740610&shp=30310797&shcp=ff37627b&idc=sg1","7357672566867837728","1713091660","2024-04-14T10:47:40.000Z",,,,,,,,,"0","https://www.tiktok.com/@nachter/video/7357337111676079392?_r=1&_t=ZN-93r9JxE2rN0","false",,,"false",,"0","https://www.tiktok.com/@nachter/video/7357337111676079392?_r=1&_t=ZN-93r9JxE2rN0","a mi me encantaria donar pero tengo una medicación de por vida y no puedo... me da mucha rabia...","6908406018259043333","e.e.d.h","https://www.tiktok.com/@nachter/video/7357337111676079392"
"https://p16-sign-va.tiktokcdn.com/tos-maliva-avt-0068/7322278790766755846~tplv-tiktokx-cropcenter:100:100.jpg?dr=14579&refresh_token=818b2397&x-expires=1771329600&x-signature=e4sOd89p7%2FgalEMIKIsqdOpGxlY%3D&t=4d5b0474&ps=13740610&shp=30310797&shcp=ff37627b&idc=sg1","7357844370026627845","1713131657","2024-04-14T21:54:17.000Z",,,,,,,,,"0","https://www.tiktok.com/@nachter/video/7357337111676079392?_r=1&_t=ZN-93r9JxE2rN0","false",,,"false",,"0","https://www.tiktok.com/@nachter/video/7357337111676079392?_r=1&_t=ZN-93r9JxE2rN0","eres fenomenal amigo, gracias por tu humor","7019868749059212293","pepecornejo3","https://www.tiktok.com/@nachter/video/7357337111676079392"
"https://p16-sign-va.tiktokcdn.com/tos-maliva-avt-0068/69aee85a731fa322801e9c44953aba2a~tplv-tiktokx-cropcenter:100:100.jpg?dr=14579&refresh_token=f58dd9b2&x-expires=1771329600&x-signature=xehQ8PQGGTwjznlzM719%2F9Q5AiM%3D&t=4d5b0474&ps=13740610&shp=30310797&shcp=ff37627b&idc=sg1","7357642407638221573","1713084634","2024-04-14T08:50:34.000Z",,,,,,,,,"0","https://www.tiktok.com/@nachter/video/7357337111676079392?_r=1&_t=ZN-93r9JxE2rN0","false",,,"false",,"0","https://www.tiktok.com/@nachter/video/7357337111676079392?_r=1&_t=ZN-93r9JxE2rN0","Yo solo pude donar un vez hasta que me diagnosticaron trastorno bipolar y no puedo por los medicamentos","6947842180019995654","marurayo","https://www.tiktok.com/@nachter/video/7357337111676079392"
"https://p16-sign-va.tiktokcdn.com/tos-maliva-avt-0068/7331694314495901701~tplv-tiktokx-cropcenter:100:100.jpg?dr=14579&refresh_token=47dde7ec&x-expires=1771329600&x-signature=2hnVRLCgruE9qAK7rywOgSjfH0Y%3D&t=4d5b0474&ps=13740610&shp=30310797&shcp=ff37627b&idc=sg1","7357652365544145696","1713086961","2024-04-14T09:29:21.000Z",,,,,,,,,"0","https://www.tiktok.com/@nachter/video/7357337111676079392?_r=1&_t=ZN-93r9JxE2rN0","false",,,"false",,"0","https://www.tiktok.com/@nachter/video/7357337111676079392?_r=1&_t=ZN-93r9JxE2rN0","Voy cada mes y dono plaquetas en la aferesis.
En 4 bolsas de sangre sacas una de plaquetas y puedes ir cada mes.","6622579853207502853","carlosmestrea23","https://www.tiktok.com/@nachter/video/7357337111676079392"
"https://p16-sign-va.tiktokcdn.com/tos-maliva-avt-0068/7329060055994368006~tplv-tiktokx-cropcenter:100:100.jpg?dr=14579&refresh_token=cad456c6&x-expires=1771329600&x-signature=h7r6dpY4MlSkTUoHRadxDhYBRUg%3D&t=4d5b0474&ps=13740610&shp=30310797&shcp=ff37627b&idc=sg1","7357658704176595745","1713088429","2024-04-14T09:53:49.000Z",,,,,,,,,"0","https://www.tiktok.com/@nachter/video/7357337111676079392?_r=1&_t=ZN-93r9JxE2rN0","false",,,"false",,"0","https://www.tiktok.com/@nachter/video/7357337111676079392?_r=1&_t=ZN-93r9JxE2rN0","buena conclusión final","7052208496431596549","sportyvivi","https://www.tiktok.com/@nachter/video/7357337111676079392"
"https://p16-sign-va.tiktokcdn.com/tos-maliva-avt-0068/7111139758537408518~tplv-tiktokx-cropcenter:100:100.jpg?dr=14579&refresh_token=a706f8b6&x-expires=1771329600&x-signature=1jfeeteMfPl7dmQyeoA6SaqNVIA%3D&t=4d5b0474&ps=13740610&shp=30310797&shcp=ff37627b&idc=sg1","7357592635697464069","1713075485","2024-04-14T06:18:05.000Z",,,,,,,,,"0","https://www.tiktok.com/@nachter/video/7357337111676079392?_r=1&_t=ZN-93r9JxE2rN0","false",,,"false",,"0","https://www.tiktok.com/@nachter/video/7357337111676079392?_r=1&_t=ZN-93r9JxE2rN0","jsjsjsj los del 2006 que este año podemos donar","7068739087201453062","valentinsrojas09","https://www.tiktok.com/@nachter/video/7357337111676079392"
"https://p16-sign-va.tiktokcdn.com/tos-maliva-avt-0068/47c709bc060ea604177c3ce4eee7512d~tplv-tiktokx-cropcenter:100:100.jpg?dr=14579&refresh_token=e30b1773&x-expires=1771329600&x-signature=FMLb59vZA9JZaMqt9Iw9RLwJsz4%3D&t=4d5b0474&ps=13740610&shp=30310797&shcp=ff37627b&idc=sg1","7357604391909016325","1713075787","2024-04-14T06:23:07.000Z",,,,,,,,,"0","https://www.tiktok.com/@nachter/video/7357337111676079392?_r=1&_t=ZN-93r9JxE2rN0","false",,,"false",,"0","https://www.tiktok.com/@nachter/video/7357337111676079392?_r=1&_t=ZN-93r9JxE2rN0","la última vez que me sacaron sangre ( era pa un laboratorio) si casi me desmayo JAJAJA","167965580673593344","nata._.garcia18","https://www.tiktok.com/@nachter/video/7357337111676079392"
"https://p16-sign-va.tiktokcdn.com/tos-maliva-avt-0068/7296526129132830725~tplv-tiktokx-cropcenter:100:100.jpg?dr=14579&refresh_token=a91c8788&x-expires=1771329600&x-signature=eVGNQEe7v%2BRDb8zgN7ZGyizWErc%3D&t=4d5b0474&ps=13740610&shp=30310797&shcp=ff37627b&idc=sg1","7357573586817008389","1713068607","2024-04-14T04:23:27.000Z",,,,,,,,,"0","https://www.tiktok.com/@nachter/video/7357337111676079392?_r=1&_t=ZN-93r9JxE2rN0","false",,,"false",,"0","https://www.tiktok.com/@nachter/video/7357337111676079392?_r=1&_t=ZN-93r9JxE2rN0","Felicidades por la iniciativa. Dios te bendiga.","7296523921402217477","arcngel613","https://www.tiktok.com/@nachter/video/7357337111676079392"
"https://p16-sign-va.tiktokcdn.com/tos-maliva-avt-0068/1d28418ec6cd9cc485be48db729975ff~tplv-tiktokx-cropcenter:100:100.jpg?dr=14579&refresh_token=dd03e638&x-expires=1771329600&x-signature=YaDDXHoF9PLM1gNF1e%2FhGSingXk%3D&t=4d5b0474&ps=13740610&shp=30310797&shcp=ff37627b&idc=sg1","7357565222188942085","1713066670","2024-04-14T03:51:10.000Z",,,,,,,,,"0","https://www.tiktok.com/@nachter/video/7357337111676079392?_r=1&_t=ZN-93r9JxE2rN0","false",,,"false",,"0","https://www.tiktok.com/@nachter/video/7357337111676079392?_r=1&_t=ZN-93r9JxE2rN0","si soy. done una vez y luego de donar me desvanecí. me quedé muy triste","7041006297370788870","ojosarellano","https://www.tiktok.com/@nachter/video/7357337111676079392"
"https://p16-sign-va.tiktokcdn.com/tos-maliva-avt-0068/7102d755f30f802d10e59d04d9a01b3f~tplv-tiktokx-cropcenter:100:100.jpg?dr=14579&refresh_token=2c27f787&x-expires=1771329600&x-signature=unDrjOSmV5E9ZmEEfaFe4pL4TmA%3D&t=4d5b0474&ps=13740610&shp=30310797&shcp=ff37627b&idc=my2","7357821613163660037","1713129204","2024-04-14T21:13:24.000Z",,,,,,,,,"0","https://www.tiktok.com/@nachter/video/7357337111676079392?_r=1&_t=ZN-93r9JxE2rN0","false",,,"false",,"0","https://www.tiktok.com/@nachter/video/7357337111676079392?_r=1&_t=ZN-93r9JxE2rN0","jajajajaj las caraa por cada geracion es un poema jajajaj","7193098466552366085","ostoluis48","https://www.tiktok.com/@nachter/video/7357337111676079392"
"https://p16-sign-va.tiktokcdn.com/tos-maliva-avt-0068/1f4c73e638d7b99b36c0108a8e411ab1~tplv-tiktokx-cropcenter:100:100.jpg?dr=14579&refresh_token=711c8ccb&x-expires=1771329600&x-signature=miWDcmTMnacHe9e0SFsAfan2De8%3D&t=4d5b0474&ps=13740610&shp=30310797&shcp=ff37627b&idc=my2","7357791988081984261","1713119462","2024-04-14T18:31:02.000Z",,,,,,,,,"0","https://www.tiktok.com/@nachter/video/7357337111676079392?_r=1&_t=ZN-93r9JxE2rN0","false",,,"false",,"0","https://www.tiktok.com/@nachter/video/7357337111676079392?_r=1&_t=ZN-93r9JxE2rN0","He visto trasplantes de riñón y cirugías de emergencia sin sangre alogenica. Si un cirujano te dice que no puede operarte porque no hay tu tipo de sangre pues cambia de cirujano.","7006729698889827333","arts.by.zequi_guez","https://www.tiktok.com/@nachter/video/7357337111676079392"
"https://p19-common-sign-useastred.tiktokcdn-eu.com/tos-useast2a-avt-0068-euttp/162e76f89b17e4061d499b612b26f806~tplv-tiktokx-cropcenter:100:100.jpg?dr=14579&refresh_token=beda4745&x-expires=1771329600&x-signature=BS%2B6SLyquoTcDEbzoWHWQ90tm6Y%3D&t=4d5b0474&ps=13740610&shp=30310797&shcp=ff37627b&idc=my2","7357764373651882784","1713113039","2024-04-14T16:43:59.000Z",,,,,,,,,"0","https://www.tiktok.com/@nachter/video/7357337111676079392?_r=1&_t=ZN-93r9JxE2rN0","false",,,"false",,"0","https://www.tiktok.com/@nachter/video/7357337111676079392?_r=1&_t=ZN-93r9JxE2rN0","jajajjajajaja 💚 hermoso","7171380730789757957","cecyjejenbarrera","https://www.tiktok.com/@nachter/video/7357337111676079392"
"https://p16-sign-va.tiktokcdn.com/tos-maliva-avt-0068/51e062c359d6b5c9a2f9073f52f27e21~tplv-tiktokx-cropcenter:100:100.jpg?dr=14579&refresh_token=d652b97b&x-expires=1771329600&x-signature=NbG8gxnqlJuFysDlQygIZcCYv0c%3D&t=4d5b0474&ps=13740610&shp=30310797&shcp=ff37627b&idc=my2","7357731440392291078","1713105358","2024-04-14T14:35:58.000Z",,,,,,,,,"0","https://www.tiktok.com/@nachter/video/7357337111676079392?_r=1&_t=ZN-93r9JxE2rN0","false",,,"false",,"0","https://www.tiktok.com/@nachter/video/7357337111676079392?_r=1&_t=ZN-93r9JxE2rN0","Felicidades que buen canal","7061385585512137733","radioaficion63","https://www.tiktok.com/@nachter/video/7357337111676079392"
"https://p16-sign-va.tiktokcdn.com/tos-maliva-avt-0068/7321589840507011077~tplv-tiktokx-cropcenter:100:100.jpg?dr=14579&refresh_token=363752ce&x-expires=1771329600&x-signature=YCkYTnbiY1iiPhdbIsBj%2F8IdN%2Bg%3D&t=4d5b0474&ps=13740610&shp=30310797&shcp=ff37627b&idc=my2","7357712806516884257","1713101030","2024-04-14T13:23:50.000Z",,,,,,,,,"0","https://www.tiktok.com/@nachter/video/7357337111676079392?_r=1&_t=ZN-93r9JxE2rN0","false",,,"false",,"0","https://www.tiktok.com/@nachter/video/7357337111676079392?_r=1&_t=ZN-93r9JxE2rN0","no soy donante ,pero me parece que no puedo serlo","6734259922086052869","celestinoguerrero6","https://www.tiktok.com/@nachter/video/7357337111676079392"
"https://p16-sign-sg.tiktokcdn.com/tos-alisg-avt-0068/26c9ae6fa2e17813be621a38d5a84d16~tplv-tiktokx-cropcenter:100:100.jpg?dr=14579&refresh_token=3368ada7&x-expires=1771329600&x-signature=sms4Lf5rtF8ZxBGG1Y%2BI43zBHLI%3D&t=4d5b0474&ps=13740610&shp=30310797&shcp=ff37627b&idc=my2","7357704319414305542","1713099046","2024-04-14T12:50:46.000Z",,,,,,,,,"0","https://www.tiktok.com/@nachter/video/7357337111676079392?_r=1&_t=ZN-93r9JxE2rN0","false",,,"false",,"0","https://www.tiktok.com/@nachter/video/7357337111676079392?_r=1&_t=ZN-93r9JxE2rN0","jajaaja amo tus videos","7032757734199510022","lucasbas47","https://www.tiktok.com/@nachter/video/7357337111676079392"
"https://p16-sign-va.tiktokcdn.com/tos-maliva-avt-0068/7683064078d592202bd8fefa4c8f1b95~tplv-tiktokx-cropcenter:100:100.jpg?dr=14579&refresh_token=7ea5526b&x-expires=1771329600&x-signature=zIzD%2F%2FGmM9w97DqPZ4KJM9SPAKg%3D&t=4d5b0474&ps=13740610&shp=30310797&shcp=ff37627b&idc=my2","7357705752763220742","1713099380","2024-04-14T12:56:20.000Z",,,,,,,,,"0","https://www.tiktok.com/@nachter/video/7357337111676079392?_r=1&_t=ZN-93r9JxE2rN0","false",,,"false",,"0","https://www.tiktok.com/@nachter/video/7357337111676079392?_r=1&_t=ZN-93r9JxE2rN0","👏👏👏👏👏👏👏 yo soy donante siempre 💪","7019801289497461765","rosyurzua","https://www.tiktok.com/@nachter/video/7357337111676079392"
"https://p16-sign-va.tiktokcdn.com/tos-maliva-avt-0068/80803bec1a14ec31e5e9db737c28610a~tplv-tiktokx-cropcenter:100:100.jpg?dr=14579&refresh_token=2c3180fe&x-expires=1771329600&x-signature=QCWQcfv0uiwYLFJ88rXF2CIpB9A%3D&t=4d5b0474&ps=13740610&shp=30310797&shcp=ff37627b&idc=my2","7357670367038620422","1713091135","2024-04-14T10:38:55.000Z",,,,,,,,,"0","https://www.tiktok.com/@nachter/video/7357337111676079392?_r=1&_t=ZN-93r9JxE2rN0","false",,,"false",,"0","https://www.tiktok.com/@nachter/video/7357337111676079392?_r=1&_t=ZN-93r9JxE2rN0","que genio me encanta verte. desde bs.as. besos","7250652640673465350","susanamendezfeszc","https://www.tiktok.com/@nachter/video/7357337111676079392"
"https://p19-common-sign-useastred.tiktokcdn-eu.com/tos-useast2a-avt-0068-euttp/bee9a47d3c0a8bcd1645aa9eb3a09209~tplv-tiktokx-cropcenter:100:100.jpg?dr=14579&refresh_token=bb88e34a&x-expires=1771329600&x-signature=us4cLebDjFs%2FV5hzc6MqrYA8yH8%3D&t=4d5b0474&ps=13740610&shp=30310797&shcp=ff37627b&idc=my2","7357688999416218401","1713095482","2024-04-14T11:51:22.000Z",,,,,,,,,"0","https://www.tiktok.com/@nachter/video/7357337111676079392?_r=1&_t=ZN-93r9JxE2rN0","false",,,"false",,"0","https://www.tiktok.com/@nachter/video/7357337111676079392?_r=1&_t=ZN-93r9JxE2rN0","Los de 2010 no pueden donar","6970719051308876805","meeriaa_","https://www.tiktok.com/@nachter/video/7357337111676079392"
"https://p19-common-sign.tiktokcdn-eu.com/tos-maliva-avt-0068/09c828e29e20f585860bbd644d3acdbf~tplv-tiktokx-cropcenter:100:100.jpg?dr=10399&refresh_token=a8b9094a&x-expires=1771329600&x-signature=g2OMN589rbaQnOSb9w%2BERTmFwww%3D&t=4d5b0474&ps=13740610&shp=30310797&shcp=ff37627b&idc=no1a","7357894727528530693","1713143382","2024-04-15T01:09:42.000Z",,,,,,,,,"0","https://www.tiktok.com/@nachter/video/7357337111676079392?_r=1&_t=ZN-93r9JxE2rN0","false",,,"false",,"0","https://www.tiktok.com/@nachter/video/7357337111676079392?_r=1&_t=ZN-93r9JxE2rN0","en unos años se vienen los memes de los del 2020 jajajajaa","6898892709408654341","naranjins","https://www.tiktok.com/@nachter/video/7357337111676079392"
"https://p16-common-sign-useastred.tiktokcdn-eu.com/tos-useast2a-avt-0068-euttp/50c1b8b6e378e8710acbe23e1b583fea~tplv-tiktokx-cropcenter:100:100.jpg?dr=10399&refresh_token=f2577fe0&x-expires=1771329600&x-signature=4dAFbYzYNp5m6YtcdMk3fb4%2FuVM%3D&t=4d5b0474&ps=13740610&shp=30310797&shcp=ff37627b&idc=no1a","7357344608123487009","1713015315","2024-04-13T13:35:15.000Z",,,,,,,,,"7","https://www.tiktok.com/@nachter/video/7357337111676079392?_r=1&_t=ZN-93r9JxE2rN0","false",,,"false",,"1","https://www.tiktok.com/@nachter/video/7357337111676079392?_r=1&_t=ZN-93r9JxE2rN0","yo soy donante de sangre, es muy importante hacerlo. ♥️","6803189461817951238","isamibu","https://www.tiktok.com/@nachter/video/7357337111676079392"
"https://p16-common-sign.tiktokcdn-eu.com/tos-maliva-avt-0068/8e4606ae2c772fbecd2edfd07e1cfafb~tplv-tiktokx-cropcenter:100:100.jpg?dr=10399&refresh_token=a4fc9b28&x-expires=1771329600&x-signature=BhP80sdVdUhUZM23rxpSP3O%2B0QQ%3D&t=4d5b0474&ps=13740610&shp=30310797&shcp=ff37627b&idc=no1a","7358322211515876101","1713242907","2024-04-16T04:48:27.000Z",,,,,,,,,"2","https://www.tiktok.com/@nachter/video/7357337111676079392?_r=1&_t=ZN-93r9JxE2rN0","false",,,"false",,"2","https://www.tiktok.com/@nachter/video/7357337111676079392?_r=1&_t=ZN-93r9JxE2rN0","Yo he ido 3 veces a donar y siempre me dicen que no puedo porque tomo ácido valprohico","6738609734821512198","fabiorios99","https://www.tiktok.com/@nachter/video/7357337111676079392"
"https://p16-common-sign.tiktokcdn-eu.com/tos-maliva-avt-0068/cacc8da7a91cceb90b699cec9b6dbb48~tplv-tiktokx-cropcenter:100:100.jpg?dr=10399&refresh_token=f7eef66f&x-expires=1771329600&x-signature=hPKWOSgq%2BDoyRTag25khqsLCLV0%3D&t=4d5b0474&ps=13740610&shp=30310797&shcp=ff37627b&idc=no1a","7357413847851909894","1713031410","2024-04-13T18:03:30.000Z",,,,,,,,,"1","https://www.tiktok.com/@nachter/video/7357337111676079392?_r=1&_t=ZN-93r9JxE2rN0","false",,,"false",,"1","https://www.tiktok.com/@nachter/video/7357337111676079392?_r=1&_t=ZN-93r9JxE2rN0","En mi país, se implemento los siguiente en los hospitales: Para una cirugía programada te solicitan 2 donantes de sangre. Si no hay donación altruista, deben conseguir sangre de otra forma.","6901014872076551170","rosandy95","https://www.tiktok.com/@nachter/video/7357337111676079392"
"https://p16-common-sign.tiktokcdn-eu.com/tos-maliva-avt-0068/1a4e479bc318651d3de68261974c1710~tplv-tiktokx-cropcenter:100:100.jpg?dr=10399&refresh_token=74609886&x-expires=1771329600&x-signature=Cp%2BbcqY8UO7gqTyulTWfgTtFouQ%3D&t=4d5b0474&ps=13740610&shp=30310797&shcp=ff37627b&idc=no1a","7357357914229687045","1713018391","2024-04-13T14:26:31.000Z",,,,,,,,,"5","https://www.tiktok.com/@nachter/video/7357337111676079392?_r=1&_t=ZN-93r9JxE2rN0","false",,,"false",,"0","https://www.tiktok.com/@nachter/video/7357337111676079392?_r=1&_t=ZN-93r9JxE2rN0","tengo sangre tipo O- espero estar muy pronto en la comunidad valenciana y seguir siendo donante como lo hago en Colombia","6871663072538444805","nancy.jaramillo_","https://www.tiktok.com/@nachter/video/7357337111676079392"
"https://p19-pu-sign-no.tiktokcdn-eu.com/tos-no1a-avt-0068c001-no/ed460bf78dbac6b87a3afa9309129913~tplv-tiktokx-cropcenter:100:100.jpg?dr=10399&refresh_token=43deebb2&x-expires=1771329600&x-signature=%2BrmoLyN5OKwNv8b63%2BX3bw9Zjus%3D&t=4d5b0474&ps=13740610&shp=30310797&shcp=ff37627b&idc=no1a","7357834126961984288","1713129283","2024-04-14T21:14:43.000Z",,,,,,,,,"2","https://www.tiktok.com/@nachter/video/7357337111676079392?_r=1&_t=ZN-93r9JxE2rN0","false",,,"false",,"0","https://www.tiktok.com/@nachter/video/7357337111676079392?_r=1&_t=ZN-93r9JxE2rN0","yo soy donante activa desde que vivo en España me gusta ayudar de esta forma 🥰","7034445276338406406","aicha_1forever","https://www.tiktok.com/@nachter/video/7357337111676079392"
"https://p16-common-sign.tiktokcdn-eu.com/tos-alisg-avt-0068/8503e97f5cf8bd3a5106b993a39c9a3d~tplv-tiktokx-cropcenter:100:100.jpg?dr=10399&refresh_token=69740852&x-expires=1771329600&x-signature=iahQIsUhc2h8NkLpv1xAqPRrabQ%3D&t=4d5b0474&ps=13740610&shp=30310797&shcp=ff37627b&idc=no1a","7357895240705540870","1713143500","2024-04-15T01:11:40.000Z",,,,,,,,,"0","https://www.tiktok.com/@nachter/video/7357337111676079392?_r=1&_t=ZN-93r9JxE2rN0","false",,,"false",,"0","https://www.tiktok.com/@nachter/video/7357337111676079392?_r=1&_t=ZN-93r9JxE2rN0","yo estoy esperando a que pasen los seis meses de que me hice mi tatuaje para poder donar🥺","6807102250533192709","tatabc2003","https://www.tiktok.com/@nachter/video/7357337111676079392"
"https://p16-pu-sign-no.tiktokcdn-eu.com/tos-no1a-avt-0068c001-no/d20495523d3489861b158e554ac9da64~tplv-tiktokx-cropcenter:100:100.jpg?dr=10399&refresh_token=3ea13bd1&x-expires=1771329600&x-signature=QZxRjnFBa3jPlHl%2BXONE2%2FIZr9Y%3D&t=4d5b0474&ps=13740610&shp=30310797&shcp=ff37627b&idc=no1a","7479547414334292758","1741467849","2025-03-08T21:04:09.000Z",,,,,,,,,"0","https://www.tiktok.com/@nachter/video/7357337111676079392?_r=1&_t=ZN-93r9JxE2rN0","false",,,"false",,"0","https://www.tiktok.com/@nachter/video/7357337111676079392?_r=1&_t=ZN-93r9JxE2rN0","😂","6879511158455010310","lolita...___7","https://www.tiktok.com/@nachter/video/7357337111676079392"
"https://p16-common-sign.tiktokcdn-eu.com/tos-maliva-avt-0068/ad0b2a2b15ff7c95e7568ea971fe5c56~tplv-tiktokx-cropcenter:100:100.jpg?dr=10399&refresh_token=0891e26f&x-expires=1771329600&x-signature=BApgtCqOcBu5ZUa%2FUOOvok1i3PY%3D&t=4d5b0474&ps=13740610&shp=30310797&shcp=ff37627b&idc=no1a","7476648091853144887","1740792811","2025-03-01T01:33:31.000Z",,,,,,,,,"0","https://www.tiktok.com/@nachter/video/7357337111676079392?_r=1&_t=ZN-93r9JxE2rN0","false",,,"false",,"0","https://www.tiktok.com/@nachter/video/7357337111676079392?_r=1&_t=ZN-93r9JxE2rN0","🥀","7250999243770381318","valentin_yt_pepito","https://www.tiktok.com/@nachter/video/7357337111676079392"
"https://p16-common-sign.tiktokcdn-eu.com/tos-maliva-avt-0068/c57820351572a81622a83e8db875b39a~tplv-tiktokx-cropcenter:100:100.jpg?dr=10399&refresh_token=bbd65eb4&x-expires=1771329600&x-signature=%2BHgMp1JFk%2BXs90WWgiLe5r8p1%2FI%3D&t=4d5b0474&ps=13740610&shp=30310797&shcp=ff37627b&idc=no1a","7464297640609743622","1737917257","2025-01-26T18:47:37.000Z",,,,,,,,,"0","https://www.tiktok.com/@nachter/video/7357337111676079392?_r=1&_t=ZN-93r9JxE2rN0","false",,,"false",,"0","https://www.tiktok.com/@nachter/video/7357337111676079392?_r=1&_t=ZN-93r9JxE2rN0","😳","7217254889444246534","fabbieramgar4","https://www.tiktok.com/@nachter/video/7357337111676079392"
"https://p16-common-sign.tiktokcdn-eu.com/tos-alisg-avt-0068/f2326aa484c576e6561891926b4fd0fb~tplv-tiktokx-cropcenter:100:100.jpg?dr=10399&refresh_token=c8a13cf9&x-expires=1771329600&x-signature=viyiUMNAInjFUllK0ro7tZfo8is%3D&t=4d5b0474&ps=13740610&shp=30310797&shcp=ff37627b&idc=no1a","7440785845994996536","1732442987","2024-11-24T10:09:47.000Z",,,,,,,,,"0","https://www.tiktok.com/@nachter/video/7357337111676079392?_r=1&_t=ZN-93r9JxE2rN0","false",,,"false",,"0","https://www.tiktok.com/@nachter/video/7357337111676079392?_r=1&_t=ZN-93r9JxE2rN0","🥰","6877668750590968837","anasakuracacho","https://www.tiktok.com/@nachter/video/7357337111676079392"
"https://p19-pu-sign-no.tiktokcdn-eu.com/tos-no1a-avt-0068c001-no/5fe2f07d7b5aa3f111be70ad936ae95c~tplv-tiktokx-cropcenter:100:100.jpg?dr=10399&refresh_token=7b25ef56&x-expires=1771329600&x-signature=Kw4r1fFz5%2BkoDcdCvdZcUZ%2F2PRw%3D&t=4d5b0474&ps=13740610&shp=30310797&shcp=ff37627b&idc=no1a","7365483515925824288","1714910285","2024-05-05T11:58:05.000Z",,,,,,,,,"0","https://www.tiktok.com/@nachter/video/7357337111676079392?_r=1&_t=ZN-93r9JxE2rN0","false",,,"false",,"0","https://www.tiktok.com/@nachter/video/7357337111676079392?_r=1&_t=ZN-93r9JxE2rN0","💙💛❤️","7353740560497443873","elsuecan","https://www.tiktok.com/@nachter/video/7357337111676079392"
"https://p16-common-sign-useastred.tiktokcdn-eu.com/tos-useast2a-avt-0068-euttp/5e007927dca968fc0afdd6be36e661ef~tplv-tiktokx-cropcenter:100:100.jpg?dr=10399&refresh_token=d92aa242&x-expires=1771329600&x-signature=RWfr3K%2B3b%2Ff6OsAbDAE6YTj1DuU%3D&t=4d5b0474&ps=13740610&shp=30310797&shcp=ff37627b&idc=no1a","7363948056695898912","1714552797","2024-05-01T08:39:57.000Z",,,,,,,,,"0","https://www.tiktok.com/@nachter/video/7357337111676079392?_r=1&_t=ZN-93r9JxE2rN0","false",,,"false",,"0","https://www.tiktok.com/@nachter/video/7357337111676079392?_r=1&_t=ZN-93r9JxE2rN0","♥️","7106247625099904006","noeliaalbertlopez","https://www.tiktok.com/@nachter/video/7357337111676079392"
"https://p16-common-sign.tiktokcdn-eu.com/tos-maliva-avt-0068/6d9424c01ed80605e5076699a1139eec~tplv-tiktokx-cropcenter:100:100.jpg?dr=10399&refresh_token=cdbf0a98&x-expires=1771329600&x-signature=rx38kHZsMw9UaVKq6Fc7l5FXuxw%3D&t=4d5b0474&ps=13740610&shp=30310797&shcp=ff37627b&idc=no1a","7360035016364245793","1713641717","2024-04-20T19:35:17.000Z",,,,,,,,,"0","https://www.tiktok.com/@nachter/video/7357337111676079392?_r=1&_t=ZN-93r9JxE2rN0","false",,,"false",,"0","https://www.tiktok.com/@nachter/video/7357337111676079392?_r=1&_t=ZN-93r9JxE2rN0","💕💕💕","6807211811340420102","belen_mambo","https://www.tiktok.com/@nachter/video/7357337111676079392"
"https://p19-common-sign.tiktokcdn-eu.com/tos-maliva-avt-0068/7324930057893265414~tplv-tiktokx-cropcenter:100:100.jpg?dr=10399&refresh_token=05ee9a7d&x-expires=1771329600&x-signature=SG%2FhQMl4%2FFkjshYZ7KReH84MkGc%3D&t=4d5b0474&ps=13740610&shp=30310797&shcp=ff37627b&idc=no1a","7357448550890210054","1713039493","2024-04-13T20:18:13.000Z",,,,,,,,,"0","https://www.tiktok.com/@nachter/video/7357337111676079392?_r=1&_t=ZN-93r9JxE2rN0","false",,,"false",,"0","https://www.tiktok.com/@nachter/video/7357337111676079392?_r=1&_t=ZN-93r9JxE2rN0","🙏🥰🙏😂😂","6946980829277029382","clarivelospina","https://www.tiktok.com/@nachter/video/7357337111676079392"
"https://p16-common-sign.tiktokcdn-eu.com/musically-maliva-obj/1594805258216454~tplv-tiktokx-cropcenter:100:100.jpg?dr=10399&refresh_token=6c0ef564&x-expires=1771329600&x-signature=pBxS0h7tXjPzStbz1iNyIJx0huI%3D&t=4d5b0474&ps=13740610&shp=30310797&shcp=ff37627b&idc=no1a","7357453253544231686","1713040591","2024-04-13T20:36:31.000Z",,,,,,,,,"0","https://www.tiktok.com/@nachter/video/7357337111676079392?_r=1&_t=ZN-93r9JxE2rN0","false",,,"false",,"0","https://www.tiktok.com/@nachter/video/7357337111676079392?_r=1&_t=ZN-93r9JxE2rN0","🥰🥰🥰","7147781976132453382","susmiobam","https://www.tiktok.com/@nachter/video/7357337111676079392"
"https://p16-common-sign.tiktokcdn-eu.com/tos-maliva-avt-0068/36287c99dd8e7e6f31ce187cc1f02310~tplv-tiktokx-cropcenter:100:100.jpg?dr=10399&refresh_token=8f8f002e&x-expires=1771329600&x-signature=vat3IE1nA0%2FBHYg1FjQySPjhFYs%3D&t=4d5b0474&ps=13740610&shp=30310797&shcp=ff37627b&idc=no1a","7357430093558563614","1713035212","2024-04-13T19:06:52.000Z",,,,,,,,,"0","https://www.tiktok.com/@nachter/video/7357337111676079392?_r=1&_t=ZN-93r9JxE2rN0","false",,,"false",,"0","https://www.tiktok.com/@nachter/video/7357337111676079392?_r=1&_t=ZN-93r9JxE2rN0","👍👍👏👏","6971225760578110469","lissetteortega578","https://www.tiktok.com/@nachter/video/7357337111676079392"
"https://p16-common-sign.tiktokcdn-eu.com/tos-maliva-avt-0068/7327394779342798853~tplv-tiktokx-cropcenter:100:100.jpg?dr=10399&refresh_token=3e541461&x-expires=1771329600&x-signature=1%2BHjV9W0PDWp3TvooEk%2B1rCYSTk%3D&t=4d5b0474&ps=13740610&shp=30310797&shcp=ff37627b&idc=no1a","7357439119989261061","1713037298","2024-04-13T19:41:38.000Z",,,,,,,,,"0","https://www.tiktok.com/@nachter/video/7357337111676079392?_r=1&_t=ZN-93r9JxE2rN0","false",,,"false",,"0","https://www.tiktok.com/@nachter/video/7357337111676079392?_r=1&_t=ZN-93r9JxE2rN0","💯💯💯💯","6785480492000789510","ana_mvor","https://www.tiktok.com/@nachter/video/7357337111676079392"
"https://p16-common-sign.tiktokcdn-eu.com/tos-maliva-avt-0068/b38d93443d5bab8ae205d972c1cd67f5~tplv-tiktokx-cropcenter:100:100.jpg?dr=10399&refresh_token=c821a50f&x-expires=1771329600&x-signature=MC5taQkGLxNIMO2TnYcl8s6ESBM%3D&t=4d5b0474&ps=13740610&shp=30310797&shcp=ff37627b&idc=no1a","7357440372363526918","1713037595","2024-04-13T19:46:35.000Z",,,,,,,,,"0","https://www.tiktok.com/@nachter/video/7357337111676079392?_r=1&_t=ZN-93r9JxE2rN0","false",,,"false",,"0","https://www.tiktok.com/@nachter/video/7357337111676079392?_r=1&_t=ZN-93r9JxE2rN0","🤩🤩🤩","6816767925787313157","stormy275","https://www.tiktok.com/@nachter/video/7357337111676079392"
"https://p16-common-sign.tiktokcdn-eu.com/tos-useast2a-avt-0068-euttp/7317164975393341473~tplv-tiktokx-cropcenter:100:100.jpg?dr=10399&refresh_token=f2b5f325&x-expires=1771329600&x-signature=TKayswTYPppW9zOsmf%2FkXiS8PLE%3D&t=4d5b0474&ps=13740610&shp=30310797&shcp=ff37627b&idc=no1a","7357418323443958560","1713032471","2024-04-13T18:21:11.000Z",,,,,,,,,"0","https://www.tiktok.com/@nachter/video/7357337111676079392?_r=1&_t=ZN-93r9JxE2rN0","false",,,"false",,"0","https://www.tiktok.com/@nachter/video/7357337111676079392?_r=1&_t=ZN-93r9JxE2rN0","🥰","7288673953101661217","fernando.snchez454","https://www.tiktok.com/@nachter/video/7357337111676079392"
"https://p16-common-sign.tiktokcdn-eu.com/tos-maliva-avt-0068/5e59b22e60b1401cda7c95b1b478e4d6~tplv-tiktokx-cropcenter:100:100.jpg?dr=10399&refresh_token=6a928d6e&x-expires=1771329600&x-signature=DtdBUiz05ZqSIUIMgxDhbkgvbTU%3D&t=4d5b0474&ps=13740610&shp=30310797&shcp=ff37627b&idc=no1a","7357418917503501061","1713032593","2024-04-13T18:23:13.000Z",,,,,,,,,"0","https://www.tiktok.com/@nachter/video/7357337111676079392?_r=1&_t=ZN-93r9JxE2rN0","false",,,"false",,"0","https://www.tiktok.com/@nachter/video/7357337111676079392?_r=1&_t=ZN-93r9JxE2rN0","💖💖💖","6968244000814892038","monica_medina._","https://www.tiktok.com/@nachter/video/7357337111676079392"
"https://p16-common-sign.tiktokcdn-eu.com/tos-alisg-avt-0068/940d8228c3d5a560b45454e91be95169~tplv-tiktokx-cropcenter:100:100.jpg?dr=10399&refresh_token=b21de7ac&x-expires=1771329600&x-signature=pUqeLrrA8QObDEsMaJfF5om3x%2B0%3D&t=4d5b0474&ps=13740610&shp=30310797&shcp=ff37627b&idc=no1a","7357416695743070982","1713032077","2024-04-13T18:14:37.000Z",,,,,,,,,"0","https://www.tiktok.com/@nachter/video/7357337111676079392?_r=1&_t=ZN-93r9JxE2rN0","false",,,"false",,"0","https://www.tiktok.com/@nachter/video/7357337111676079392?_r=1&_t=ZN-93r9JxE2rN0","🖤🖤🖤","7199494161522689030","lilith.valle6","https://www.tiktok.com/@nachter/video/7357337111676079392"
"https://p16-common-sign.tiktokcdn-eu.com/tos-maliva-avt-0068/7324922019454124038~tplv-tiktokx-cropcenter:100:100.jpg?dr=10399&refresh_token=070a358f&x-expires=1771329600&x-signature=CkAI7iDI%2BCDluZ8gc00N9bwqT6s%3D&t=4d5b0474&ps=13740610&shp=30310797&shcp=ff37627b&idc=no1a","7357404664893768453","1713029275","2024-04-13T17:27:55.000Z",,,,,,,,,"0","https://www.tiktok.com/@nachter/video/7357337111676079392?_r=1&_t=ZN-93r9JxE2rN0","false",,,"false",,"0","https://www.tiktok.com/@nachter/video/7357337111676079392?_r=1&_t=ZN-93r9JxE2rN0","😂😂😂❤️","6835807590723912710","veronicadebanne","https://www.tiktok.com/@nachter/video/7357337111676079392"
"https://p16-common-sign.tiktokcdn-eu.com/tos-maliva-avt-0068/7335119574227058693~tplv-tiktokx-cropcenter:100:100.jpg?dr=10399&refresh_token=8ece1189&x-expires=1771329600&x-signature=qhH1ydtUz0gfRgIwN%2FnDC6KOwnM%3D&t=4d5b0474&ps=13740610&shp=30310797&shcp=ff37627b&idc=no1a","7357403109146772229","1713028912","2024-04-13T17:21:52.000Z",,,,,,,,,"0","https://www.tiktok.com/@nachter/video/7357337111676079392?_r=1&_t=ZN-93r9JxE2rN0","false",,,"false",,"0","https://www.tiktok.com/@nachter/video/7357337111676079392?_r=1&_t=ZN-93r9JxE2rN0","👍👍","7037662355949978629","mrcspv","https://www.tiktok.com/@nachter/video/7357337111676079392"
"https://p16-common-sign.tiktokcdn-eu.com/tos-maliva-avt-0068/8a60da964252f2e6782046a7bf6a8ec9~tplv-tiktokx-cropcenter:100:100.jpg?dr=10399&refresh_token=e9535962&x-expires=1771329600&x-signature=xF75gRILbopV86mOamC5AgbfPt4%3D&t=4d5b0474&ps=13740610&shp=30310797&shcp=ff37627b&idc=no1a","7357401090210775813","1713028447","2024-04-13T17:14:07.000Z",,,,,,,,,"0","https://www.tiktok.com/@nachter/video/7357337111676079392?_r=1&_t=ZN-93r9JxE2rN0","false",,,"false",,"0","https://www.tiktok.com/@nachter/video/7357337111676079392?_r=1&_t=ZN-93r9JxE2rN0","👏👏👏","6992034082298496005","cmbgr","https://www.tiktok.com/@nachter/video/7357337111676079392"
"https://p16-common-sign.tiktokcdn-eu.com/tos-maliva-avt-0068/4df630ee5b3b381b97d07224183e0315~tplv-tiktokx-cropcenter:100:100.jpg?dr=10399&refresh_token=8d46bfeb&x-expires=1771329600&x-signature=D7BxhGGqZPl5vg0kyQvmVljzwjE%3D&t=4d5b0474&ps=13740610&shp=30310797&shcp=ff37627b&idc=no1a","7357400029374448389","1713028197","2024-04-13T17:09:57.000Z",,,,,,,,,"0","https://www.tiktok.com/@nachter/video/7357337111676079392?_r=1&_t=ZN-93r9JxE2rN0","false",,,"false",,"0","https://www.tiktok.com/@nachter/video/7357337111676079392?_r=1&_t=ZN-93r9JxE2rN0","🥰🥰🥰","7006848436683359238","_.chinita0","https://www.tiktok.com/@nachter/video/7357337111676079392"
"https://p16-common-sign.tiktokcdn-eu.com/tos-maliva-avt-0068/745e64839775ac3f050a254e0934b509~tplv-tiktokx-cropcenter:100:100.jpg?dr=10399&refresh_token=70a1afd9&x-expires=1771329600&x-signature=UFtzEdHE23OILUNPa0PJd3o7mos%3D&t=4d5b0474&ps=13740610&shp=30310797&shcp=ff37627b&idc=no1a","7357394555819983648","1713026938","2024-04-13T16:48:58.000Z",,,,,,,,,"0","https://www.tiktok.com/@nachter/video/7357337111676079392?_r=1&_t=ZN-93r9JxE2rN0","false",,,"false",,"0","https://www.tiktok.com/@nachter/video/7357337111676079392?_r=1&_t=ZN-93r9JxE2rN0","👏👏👏👏👏👏","7035315901054616582","jimyji74","https://www.tiktok.com/@nachter/video/7357337111676079392"
"https://p16-common-sign.tiktokcdn-eu.com/tos-useast2a-avt-0068-giso/7235285278897340442~tplv-tiktokx-cropcenter:100:100.jpg?dr=10399&refresh_token=3fabeca4&x-expires=1771329600&x-signature=7z4hexPAk5qvBdHYWYq507kP2UI%3D&t=4d5b0474&ps=13740610&shp=30310797&shcp=ff37627b&idc=no1a","7357385609021080353","1713024847","2024-04-13T16:14:07.000Z",,,,,,,,,"0","https://www.tiktok.com/@nachter/video/7357337111676079392?_r=1&_t=ZN-93r9JxE2rN0","false",,,"false",,"0","https://www.tiktok.com/@nachter/video/7357337111676079392?_r=1&_t=ZN-93r9JxE2rN0","👏👏👏","7069624462719861766","conchisoto7","https://www.tiktok.com/@nachter/video/7357337111676079392"
"https://p16-pu-sign-no.tiktokcdn-eu.com/tos-no1a-avt-0068c001-no/ad74e7475d434b14586afb55358667bb~tplv-tiktokx-cropcenter:100:100.jpg?dr=10399&refresh_token=8e9d649c&x-expires=1771329600&x-signature=iMQBKmm9xHbEJRb9W0DtuciE9n0%3D&t=4d5b0474&ps=13740610&shp=30310797&shcp=ff37627b&idc=no1a","7357393758369055521","1713026743","2024-04-13T16:45:43.000Z",,,,,,,,,"0","https://www.tiktok.com/@nachter/video/7357337111676079392?_r=1&_t=ZN-93r9JxE2rN0","false",,,"false",,"0","https://www.tiktok.com/@nachter/video/7357337111676079392?_r=1&_t=ZN-93r9JxE2rN0","😍😍😍","7060222050216690693","bichitomama","https://www.tiktok.com/@nachter/video/7357337111676079392"
"https://p19-common-sign.tiktokcdn-eu.com/tos-maliva-avt-0068/47b3d1cda783b8d5e9cf5e6c6f287a39~tplv-tiktokx-cropcenter:100:100.jpg?dr=10399&refresh_token=3f4c258f&x-expires=1771329600&x-signature=ASeDD6D1NctkvJM%2F9d4xr5r5nRw%3D&t=4d5b0474&ps=13740610&shp=30310797&shcp=ff37627b&idc=no1a","7357389929141519110","1713025843","2024-04-13T16:30:43.000Z",,,,,,,,,"0","https://www.tiktok.com/@nachter/video/7357337111676079392?_r=1&_t=ZN-93r9JxE2rN0","false",,,"false",,"0","https://www.tiktok.com/@nachter/video/7357337111676079392?_r=1&_t=ZN-93r9JxE2rN0","🥰🥰🥰","7245823796436730885","ligiadelcarmenmed0","https://www.tiktok.com/@nachter/video/7357337111676079392"
"https://p19-common-sign.tiktokcdn-eu.com/tos-maliva-avt-0068/4db9784cd23d96013a3691f82eff1940~tplv-tiktokx-cropcenter:100:100.jpg?dr=10399&refresh_token=c82c2e47&x-expires=1771329600&x-signature=4um0WEtn4PJJvuvrjmDMMsq5U7Q%3D&t=4d5b0474&ps=13740610&shp=30310797&shcp=ff37627b&idc=no1a","7357385606483460870","1713024835","2024-04-13T16:13:55.000Z",,,,,,,,,"0","https://www.tiktok.com/@nachter/video/7357337111676079392?_r=1&_t=ZN-93r9JxE2rN0","false",,,"false",,"0","https://www.tiktok.com/@nachter/video/7357337111676079392?_r=1&_t=ZN-93r9JxE2rN0","😂😎😍","6986086349225722886","milhojas4x1","https://www.tiktok.com/@nachter/video/7357337111676079392"
"https://p16-common-sign.tiktokcdn-eu.com/tos-maliva-avt-0068/7347709097803776042~tplv-tiktokx-cropcenter:100:100.jpg?dr=10399&refresh_token=e806e367&x-expires=1771329600&x-signature=%2Bqhi5S8gWUI7jwzKVDPn9Iw2mcY%3D&t=4d5b0474&ps=13740610&shp=30310797&shcp=ff37627b&idc=no1a","7357379527541113642","1713023440","2024-04-13T15:50:40.000Z",,,,,,,,,"0","https://www.tiktok.com/@nachter/video/7357337111676079392?_r=1&_t=ZN-93r9JxE2rN0","false",,,"false",,"0","https://www.tiktok.com/@nachter/video/7357337111676079392?_r=1&_t=ZN-93r9JxE2rN0","🥰🥰🙏🙏","7112788020877001774","pajaritohernandito58","https://www.tiktok.com/@nachter/video/7357337111676079392"
"https://p16-sign-va.tiktokcdn.com/tos-maliva-avt-0068/7321853541789171718~tplv-tiktokx-cropcenter:100:100.jpg?dr=14579&refresh_token=4c64789f&x-expires=1771329600&x-signature=1u%2Fp87%2FoKhJRt3VBnLM1pVRHiDQ%3D&t=4d5b0474&ps=13740610&shp=30310797&shcp=ff37627b&idc=my","7357376249985254176","1713022671","2024-04-13T15:37:51.000Z",,,,,,,,,"2","https://www.tiktok.com/@nachter/video/7357337111676079392?_r=1&_t=ZN-93r9JxE2rN0","false",,,"false",,"0","https://www.tiktok.com/@nachter/video/7357337111676079392?_r=1&_t=ZN-93r9JxE2rN0","Te has olvidado algo importante! Bocata y bebida gratis!😎 A donar tod@s!!!!","6832921290460169221","yorchs38","https://www.tiktok.com/@nachter/video/7357337111676079392"
"https://p16-sign-va.tiktokcdn.com/tos-maliva-avt-0068/4b5c1de7d951f5f697a149b165554a33~tplv-tiktokx-cropcenter:100:100.jpg?dr=14579&refresh_token=a87438dc&x-expires=1771329600&x-signature=B4KdPVIkH8zFX9khO9KSJD8%2FeSw%3D&t=4d5b0474&ps=13740610&shp=30310797&shcp=ff37627b&idc=my","7357379137952056096","1713023339","2024-04-13T15:48:59.000Z",,,,,,,,,"1","https://www.tiktok.com/@nachter/video/7357337111676079392?_r=1&_t=ZN-93r9JxE2rN0","false",,,"false",,"0","https://www.tiktok.com/@nachter/video/7357337111676079392?_r=1&_t=ZN-93r9JxE2rN0","Eres un crack. Cuando sale ansiedad, me descojono. Real como la vida misma 😂","6943566594972353541","fran_ramirez20","https://www.tiktok.com/@nachter/video/7357337111676079392"
"https://p19-common-sign-useastred.tiktokcdn-eu.com/tos-useast2a-avt-0068-euttp/63c385b1c7edbdae523fef9206c02fe0~tplv-tiktokx-cropcenter:100:100.jpg?dr=14579&refresh_token=546d177d&x-expires=1771329600&x-signature=zbJ9x2yLbmbjL7cpc2aLv7X%2BzzA%3D&t=4d5b0474&ps=13740610&shp=30310797&shcp=ff37627b&idc=my","7359305758134485792","1713471924","2024-04-18T20:25:24.000Z",,,,,,,,,"0","https://www.tiktok.com/@nachter/video/7357337111676079392?_r=1&_t=ZN-93r9JxE2rN0","false",,,"false",,"0","https://www.tiktok.com/@nachter/video/7357337111676079392?_r=1&_t=ZN-93r9JxE2rN0","TE AMOOOOOO 👏👏👏😂😂😂","7093556855927030789","lp_3.3.3","https://www.tiktok.com/@nachter/video/7357337111676079392"
"https://p16-sign-va.tiktokcdn.com/tos-maliva-avt-0068/b2fca2ed3b93b08cc4410a829b336cf3~tplv-tiktokx-cropcenter:100:100.jpg?dr=14579&refresh_token=965b4707&x-expires=1771329600&x-signature=4Dj2oznMm59%2FbDyB0TPTp%2By8oAw%3D&t=4d5b0474&ps=13740610&shp=30310797&shcp=ff37627b&idc=my","7357353437519168289","1713017371","2024-04-13T14:09:31.000Z",,,,,,,,,"2","https://www.tiktok.com/@nachter/video/7357337111676079392?_r=1&_t=ZN-93r9JxE2rN0","false",,,"false",,"0","https://www.tiktok.com/@nachter/video/7357337111676079392?_r=1&_t=ZN-93r9JxE2rN0","Grande natcher","6929053272846943237","kendallroyy","https://www.tiktok.com/@nachter/video/7357337111676079392"
"https://p16-sign-sg.tiktokcdn.com/tos-alisg-avt-0068/07b3e4c49ab299fb4cb4f36c85752571~tplv-tiktokx-cropcenter:100:100.jpg?dr=14579&refresh_token=a4891b27&x-expires=1771329600&x-signature=%2BEPUk7mLX8qjya1uai%2BuCu54C54%3D&t=4d5b0474&ps=13740610&shp=30310797&shcp=ff37627b&idc=my","7472898371159147280","1739919791","2025-02-18T23:03:11.000Z",,,,,,,,,"0","https://www.tiktok.com/@nachter/video/7357337111676079392?_r=1&_t=ZN-93r9JxE2rN0","false",,,"false",,"0","https://www.tiktok.com/@nachter/video/7357337111676079392?_r=1&_t=ZN-93r9JxE2rN0","pq solo 4 veces al año? según yo si te alimentas bien y tales al día siguiente ya recompensas la sangre y PS bueno ya como mínimo donar cada 3 días si se quisiera","7410533085848667141","antena620","https://www.tiktok.com/@nachter/video/7357337111676079392"
"https://p19-common-sign-useastred.tiktokcdn-eu.com/tos-useast2a-avt-0068-euttp/d91092257508c28d8660e07a314f8f82~tplv-tiktokx-cropcenter:100:100.jpg?dr=14579&refresh_token=009f1291&x-expires=1771329600&x-signature=8gQbwgqqYr9xXL8VpAmhpiW%2B%2FQg%3D&t=4d5b0474&ps=13740610&shp=30310797&shcp=ff37627b&idc=my","7357630197182825248","1713081797","2024-04-14T08:03:17.000Z",,,,,,,,,"3","https://www.tiktok.com/@nachter/video/7357337111676079392?_r=1&_t=ZN-93r9JxE2rN0","false",,,"false",,"0","https://www.tiktok.com/@nachter/video/7357337111676079392?_r=1&_t=ZN-93r9JxE2rN0","yo siendo 0- pero no puedo donar porque soy diabético :(","6823434685331866629","carlos_cn88","https://www.tiktok.com/@nachter/video/7357337111676079392"
"https://p16-sign-va.tiktokcdn.com/tos-maliva-avt-0068/d09105d4e845bde7a0ae3c0677dc9746~tplv-tiktokx-cropcenter:100:100.jpg?dr=14579&refresh_token=cfe45666&x-expires=1771329600&x-signature=mcFVM9vIqytgeVTuvObrkPCZkpU%3D&t=4d5b0474&ps=13740610&shp=30310797&shcp=ff37627b&idc=my","7454080628172260102","1735538435","2024-12-30T06:00:35.000Z",,,,,,,,,"0","https://www.tiktok.com/@nachter/video/7357337111676079392?_r=1&_t=ZN-93r9JxE2rN0","false",,,"false",,"0","https://www.tiktok.com/@nachter/video/7357337111676079392?_r=1&_t=ZN-93r9JxE2rN0","Si a la persona que yo le done sangre le hacen una prueba de ADN 🧬 tendríamos algún parentesco?","6799361453054362630","andreisoti27","https://www.tiktok.com/@nachter/video/7357337111676079392"
"https://p16-sign-va.tiktokcdn.com/tos-maliva-avt-0068/bcd43f3bde23ae5bfcf1b238e1b53452~tplv-tiktokx-cropcenter:100:100.jpg?dr=14579&refresh_token=f5714f17&x-expires=1771329600&x-signature=nhQEJGKE4QaJEjDyWtxFkOM%2F440%3D&t=4d5b0474&ps=13740610&shp=30310797&shcp=ff37627b&idc=my","7357885715046843142","1713141282","2024-04-15T00:34:42.000Z",,,,,,,,,"0","https://www.tiktok.com/@nachter/video/7357337111676079392?_r=1&_t=ZN-93r9JxE2rN0","false",,,"false",,"0","https://www.tiktok.com/@nachter/video/7357337111676079392?_r=1&_t=ZN-93r9JxE2rN0","Me encantan tus videos, un poco de humor y concientizacion 🥰","7227189764956390406","rosannabenitez3","https://www.tiktok.com/@nachter/video/7357337111676079392"
"https://p19-common-sign.tiktokcdn-us.com/tos-maliva-avt-0068/fa18d7558ba4ca5e51489c55401f7e46~tplv-tiktokx-cropcenter:100:100.jpg?dr=9640&refresh_token=e0b7189f&x-expires=1771329600&x-signature=QRpKWQ%2BM%2BC81VRujshKMbkcy3xc%3D&t=4d5b0474&ps=13740610&shp=30310797&shcp=ff37627b&idc=useast5","7357494769277174533","1713053313","2024-04-14T00:08:33.000Z",,,,,,,,,"1","https://www.tiktok.com/@nachter/video/7357337111676079392?_r=1&_t=ZN-93r9JxE2rN0","false",,,,"7357344608123487009",,"https://www.tiktok.com/@nachter/video/7357337111676079392?_r=1&_t=ZN-93r9JxE2rN0","Adi es! Gracias!","7018237773220594694","franziskashimchick","https://www.tiktok.com/@nachter/video/7357337111676079392"
"https://p19-common-sign.tiktokcdn-us.com/tos-maliva-avt-0068/cacc8da7a91cceb90b699cec9b6dbb48~tplv-tiktokx-cropcenter:100:100.jpg?dr=9640&refresh_token=8858f876&x-expires=1771329600&x-signature=tls1IklPpkKDz3Kwr%2Fv7VPEipec%3D&t=4d5b0474&ps=13740610&shp=30310797&shcp=ff37627b&idc=useast5","7357413995420844805","1713031449","2024-04-13T18:04:09.000Z",,,,,,,,,"0","https://www.tiktok.com/@nachter/video/7357337111676079392?_r=1&_t=ZN-93r9JxE2rN0","false",,,,"7357413847851909894",,"https://www.tiktok.com/@nachter/video/7357337111676079392?_r=1&_t=ZN-93r9JxE2rN0","Soy donante altruista y me dan desayuno y también una bolsa de dulce o algo igual de barato como una forma de agradecer mi donación","6901014872076551170","rosandy95","https://www.tiktok.com/@nachter/video/7357337111676079392"
"https://p16-common-sign.tiktokcdn-eu.com/tos-maliva-avt-0068/8e4606ae2c772fbecd2edfd07e1cfafb~tplv-tiktokx-cropcenter:100:100.jpg?dr=10399&refresh_token=a4fc9b28&x-expires=1771329600&x-signature=BhP80sdVdUhUZM23rxpSP3O%2B0QQ%3D&t=4d5b0474&ps=13740610&shp=30310797&shcp=ff37627b&idc=no1a","7358434157326533381","1713268975","2024-04-16T12:02:55.000Z",,,,,,,,,"0","https://www.tiktok.com/@nachter/video/7357337111676079392?_r=1&_t=ZN-93r9JxE2rN0","false",,,,"7358322211515876101",,"https://www.tiktok.com/@nachter/video/7357337111676079392?_r=1&_t=ZN-93r9JxE2rN0","tal vez hubo un avance o no sé una técnica diferente con algún tratamiento pero siempre quise poner el granito de arena para ayudar","6738609734821512198","fabiorios99","https://www.tiktok.com/@nachter/video/7357337111676079392"
"https://p16-common-sign.tiktokcdn-eu.com/tos-alisg-avt-0068/b052e85f0918804f76a6cf4fd2ceec62~tplv-tiktokx-cropcenter:100:100.jpg?dr=10399&refresh_token=2808625e&x-expires=1771329600&x-signature=N5vU5o7R4dOM2XopSX398pytzNM%3D&t=4d5b0474&ps=13740610&shp=30310797&shcp=ff37627b&idc=no1a","7358344393340666630","1713248079","2024-04-16T06:14:39.000Z",,,,,,,,,"0","https://www.tiktok.com/@nachter/video/7357337111676079392?_r=1&_t=ZN-93r9JxE2rN0","false",,,,"7358322211515876101",,"https://www.tiktok.com/@nachter/video/7357337111676079392?_r=1&_t=ZN-93r9JxE2rN0","y pa que vas si ya te dijeron eso","6808977169542841349","ygprlt_1918","https://www.tiktok.com/@nachter/video/7357337111676079392"
"https://p16-common-sign.tiktokcdn-us.com/tos-maliva-avt-0068/362f1d3ffd013a30bab0ffd2f830451f~tplv-tiktokx-cropcenter:100:100.jpg?dr=9640&refresh_token=1e6a9107&x-expires=1771329600&x-signature=ugj3YxhCtTuVjXNQWc%2FYWPYuHio%3D&t=4d5b0474&ps=13740610&shp=30310797&shcp=ff37627b&idc=useast8","7357705461862548229","1713099309","2024-04-14T12:55:09.000Z",,,,,,,,,"0","https://www.tiktok.com/@nachter/video/7357337111676079392?_r=1&_t=ZN-93r9JxE2rN0","false",,,"false",,"0","https://www.tiktok.com/@nachter/video/7357337111676079392?_r=1&_t=ZN-93r9JxE2rN0","👍🏻👍🏻👍🏻😂😂😂","7180053562692404229","ceguiotyioc","https://www.tiktok.com/@nachter/video/7357337111676079392"
"https://p16-common-sign.tiktokcdn-us.com/tos-alisg-avt-0068/a93b0784b64a4e8fc94f895dfd444730~tplv-tiktokx-cropcenter:100:100.jpg?dr=9640&refresh_token=1d56cbf2&x-expires=1771329600&x-signature=nelWj9U0IoOhIqCVy6mTq3QA7Yo%3D&t=4d5b0474&ps=13740610&shp=30310797&shcp=ff37627b&idc=useast8","7357779716051206917","1713116599","2024-04-14T17:43:19.000Z",,,,,,,,,"0","https://www.tiktok.com/@nachter/video/7357337111676079392?_r=1&_t=ZN-93r9JxE2rN0","false",,,"false",,"0","https://www.tiktok.com/@nachter/video/7357337111676079392?_r=1&_t=ZN-93r9JxE2rN0","🥰🥰❤️","6940269824383828997","70ale6","https://www.tiktok.com/@nachter/video/7357337111676079392"
"https://p19-common-sign.tiktokcdn-us.com/tos-maliva-avt-0068/6faa928f0f0b132699f698027c85b9a9~tplv-tiktokx-cropcenter:100:100.jpg?dr=9640&refresh_token=9e957468&x-expires=1771329600&x-signature=%2BWJU1MGLixeFtH2vOaew2WqY9XI%3D&t=4d5b0474&ps=13740610&shp=30310797&shcp=ff37627b&idc=useast8","7357711344222601989","1713100677","2024-04-14T13:17:57.000Z",,,,,,,,,"0","https://www.tiktok.com/@nachter/video/7357337111676079392?_r=1&_t=ZN-93r9JxE2rN0","false",,,"false",,"0","https://www.tiktok.com/@nachter/video/7357337111676079392?_r=1&_t=ZN-93r9JxE2rN0","🤣","7233920028716958725","harryalfaro123","https://www.tiktok.com/@nachter/video/7357337111676079392"
"https://p16-common-sign.tiktokcdn-us.com/tos-maliva-avt-0068/7301943430769442821~tplv-tiktokx-cropcenter:100:100.jpg?dr=9640&refresh_token=bd2de288&x-expires=1771329600&x-signature=pGc85Sf9nLWl14TGOsdXG18TIqo%3D&t=4d5b0474&ps=13740610&shp=30310797&shcp=ff37627b&idc=useast8","7357716972777898758","1713101992","2024-04-14T13:39:52.000Z",,,,,,,,,"0","https://www.tiktok.com/@nachter/video/7357337111676079392?_r=1&_t=ZN-93r9JxE2rN0","false",,,"false",,"0","https://www.tiktok.com/@nachter/video/7357337111676079392?_r=1&_t=ZN-93r9JxE2rN0","😂😂😂","7300806528718046214","elkin.gabriel.pov","https://www.tiktok.com/@nachter/video/7357337111676079392"
"https://p19-common-sign.tiktokcdn-us.com/tos-maliva-avt-0068/7325858207830016006~tplv-tiktokx-cropcenter:100:100.jpg?dr=9640&refresh_token=76024e9a&x-expires=1771329600&x-signature=4xgNZlvGXuc8ZVy%2F637V3lgXKWg%3D&t=4d5b0474&ps=13740610&shp=30310797&shcp=ff37627b&idc=useast8","7357868028652389152","1713137193","2024-04-14T23:26:33.000Z",,,,,,,,,"0","https://www.tiktok.com/@nachter/video/7357337111676079392?_r=1&_t=ZN-93r9JxE2rN0","false",,,"false",,"0","https://www.tiktok.com/@nachter/video/7357337111676079392?_r=1&_t=ZN-93r9JxE2rN0","los del 2010 aún no pueden donar porque tienes que tener 18 años🥰","6804421670133810181","patrimp23","https://www.tiktok.com/@nachter/video/7357337111676079392"
"https://p16-common-sign.tiktokcdn-us.com/tos-maliva-avt-0068/e291bc75dbfee0b5fd0d82746903192a~tplv-tiktokx-cropcenter:100:100.jpg?dr=9640&refresh_token=5d21e972&x-expires=1771329600&x-signature=pbeS6xTIpmdGpWwqzTD1UyOdcQk%3D&t=4d5b0474&ps=13740610&shp=30310797&shcp=ff37627b&idc=useast8","7357836641068942112","1713129862","2024-04-14T21:24:22.000Z",,,,,,,,,"0","https://www.tiktok.com/@nachter/video/7357337111676079392?_r=1&_t=ZN-93r9JxE2rN0","false",,,"false",,"0","https://www.tiktok.com/@nachter/video/7357337111676079392?_r=1&_t=ZN-93r9JxE2rN0","🤣🙂.","7145558084310909958","y.99_rl","https://www.tiktok.com/@nachter/video/7357337111676079392"
"https://p16-common-sign.tiktokcdn-us.com/tos-maliva-avt-0068/7332269887048155141~tplv-tiktokx-cropcenter:100:100.jpg?dr=9640&refresh_token=1aab91ea&x-expires=1771329600&x-signature=WcwRi%2BGuQeT%2FAaPWa8iKGcbRe%2Fs%3D&t=4d5b0474&ps=13740610&shp=30310797&shcp=ff37627b&idc=useast8","7357843636485325600","1713131504","2024-04-14T21:51:44.000Z",,,,,,,,,"0","https://www.tiktok.com/@nachter/video/7357337111676079392?_r=1&_t=ZN-93r9JxE2rN0","false",,,"false",,"0","https://www.tiktok.com/@nachter/video/7357337111676079392?_r=1&_t=ZN-93r9JxE2rN0","🥰🥰","6788619058390221829","monicasanso","https://www.tiktok.com/@nachter/video/7357337111676079392"
"https://p16-common-sign.tiktokcdn-us.com/tos-maliva-avt-0068/69842606f0dd524dff2be63bd2b64f4d~tplv-tiktokx-cropcenter:100:100.jpg?dr=9640&refresh_token=31bba788&x-expires=1771329600&x-signature=JWL%2F7zUYiLNlJCE3BA6xuMv2Rhg%3D&t=4d5b0474&ps=13740610&shp=30310797&shcp=ff37627b&idc=useast8","7357846228379583238","1713132088","2024-04-14T22:01:28.000Z",,,,,,,,,"0","https://www.tiktok.com/@nachter/video/7357337111676079392?_r=1&_t=ZN-93r9JxE2rN0","false",,,"false",,"0","https://www.tiktok.com/@nachter/video/7357337111676079392?_r=1&_t=ZN-93r9JxE2rN0","😂😂😂","6928210363335803910","adry.garcia751","https://www.tiktok.com/@nachter/video/7357337111676079392"
"https://p16-common-sign.tiktokcdn-us.com/tos-maliva-avt-0068/93b83e7a7773c48ae40188527c15a440~tplv-tiktokx-cropcenter:100:100.jpg?dr=9640&refresh_token=6cc0f053&x-expires=1771329600&x-signature=mOt%2FHWWO%2Bj1SYuCLkWeIZZFtwxw%3D&t=4d5b0474&ps=13740610&shp=30310797&shcp=ff37627b&idc=useast8","7357851195166507781","1713133249","2024-04-14T22:20:49.000Z",,,,,,,,,"0","https://www.tiktok.com/@nachter/video/7357337111676079392?_r=1&_t=ZN-93r9JxE2rN0","false",,,"false",,"0","https://www.tiktok.com/@nachter/video/7357337111676079392?_r=1&_t=ZN-93r9JxE2rN0","sopas","7328246859837785093","sopas.2015","https://www.tiktok.com/@nachter/video/7357337111676079392"
"https://p16-common-sign.tiktokcdn-us.com/tos-maliva-avt-0068/4bbc70484ce40d33059304a930eedeaa~tplv-tiktokx-cropcenter:100:100.jpg?dr=9640&refresh_token=87738c0f&x-expires=1771329600&x-signature=Nccbrm%2BiCR9acOAoCRQ5TepJMC0%3D&t=4d5b0474&ps=13740610&shp=30310797&shcp=ff37627b&idc=useast8","7357854360874926854","1713133980","2024-04-14T22:33:00.000Z",,,,,,,,,"0","https://www.tiktok.com/@nachter/video/7357337111676079392?_r=1&_t=ZN-93r9JxE2rN0","false",,,"false",,"0","https://www.tiktok.com/@nachter/video/7357337111676079392?_r=1&_t=ZN-93r9JxE2rN0","🥰🥰🥰🥰🥰🥰","6858240994316649477","maravillaadriana1","https://www.tiktok.com/@nachter/video/7357337111676079392"
"https://p16-common-sign.tiktokcdn-us.com/tos-alisg-avt-0068/18090d6b86ea2225eb1e79b07355f71c~tplv-tiktokx-cropcenter:100:100.jpg?dr=9640&refresh_token=fc4cd888&x-expires=1771329600&x-signature=5fRH7EUMR7it4WLK0jTcf6zxfDw%3D&t=4d5b0474&ps=13740610&shp=30310797&shcp=ff37627b&idc=useast8","7357867305352758021","1713136993","2024-04-14T23:23:13.000Z",,,,,,,,,"0","https://www.tiktok.com/@nachter/video/7357337111676079392?_r=1&_t=ZN-93r9JxE2rN0","false",,,"false",,"0","https://www.tiktok.com/@nachter/video/7357337111676079392?_r=1&_t=ZN-93r9JxE2rN0","Yo done una vez, pero no donaría nunca más, es el ciclo de la vida.","7008551609828279301","lau.larodri","https://www.tiktok.com/@nachter/video/7357337111676079392"
"https://p16-common-sign.tiktokcdn-us.com/tos-maliva-avt-0068/fe4457c42cd9eac31e8a585d92cd1cad~tplv-tiktokx-cropcenter:100:100.jpg?dr=9640&refresh_token=a59118e0&x-expires=1771329600&x-signature=GO01ysXciz%2F26wZv1H%2BYLhJ%2Ft9A%3D&t=4d5b0474&ps=13740610&shp=30310797&shcp=ff37627b&idc=useast8","7357882539334664965","1713140550","2024-04-15T00:22:30.000Z",,,,,,,,,"0","https://www.tiktok.com/@nachter/video/7357337111676079392?_r=1&_t=ZN-93r9JxE2rN0","false",,,"false",,"0","https://www.tiktok.com/@nachter/video/7357337111676079392?_r=1&_t=ZN-93r9JxE2rN0","yo nunca done me da cosa 😳","7276200987298563077","charly6897","https://www.tiktok.com/@nachter/video/7357337111676079392"
"https://p16-common-sign.tiktokcdn-us.com/tos-maliva-avt-0068/d3d7fda61d7ed12047c28732eb135eab~tplv-tiktokx-cropcenter:100:100.jpg?dr=9640&refresh_token=53ca1c79&x-expires=1771329600&x-signature=QZnWWFbaZls0PcnTVB0v0axisfw%3D&t=4d5b0474&ps=13740610&shp=30310797&shcp=ff37627b&idc=useast8","7357883067434156806","1713140662","2024-04-15T00:24:22.000Z",,,,,,,,,"0","https://www.tiktok.com/@nachter/video/7357337111676079392?_r=1&_t=ZN-93r9JxE2rN0","false",,,"false",,"0","https://www.tiktok.com/@nachter/video/7357337111676079392?_r=1&_t=ZN-93r9JxE2rN0","😂😂😂","6806478808565367814","felixlopezrivera408","https://www.tiktok.com/@nachter/video/7357337111676079392"
"https://p16-common-sign.tiktokcdn-us.com/tos-alisg-avt-0068/e075f54b2b728829e99bedea06dda993~tplv-tiktokx-cropcenter:100:100.jpg?dr=9640&refresh_token=cf9ce710&x-expires=1771329600&x-signature=T2mSHeuO2R9PuQARloS%2B8R6gMzU%3D&t=4d5b0474&ps=13740610&shp=30310797&shcp=ff37627b&idc=useast8","7357886248983053061","1713141411","2024-04-15T00:36:51.000Z",,,,,,,,,"0","https://www.tiktok.com/@nachter/video/7357337111676079392?_r=1&_t=ZN-93r9JxE2rN0","false",,,"false",,"0","https://www.tiktok.com/@nachter/video/7357337111676079392?_r=1&_t=ZN-93r9JxE2rN0","🤣🤣🤣","6809421344985891846","www.gatita3","https://www.tiktok.com/@nachter/video/7357337111676079392"
"https://p16-common-sign.tiktokcdn-us.com/tos-maliva-avt-0068/72d3641207dd8b5797801ad346ee08fd~tplv-tiktokx-cropcenter:100:100.jpg?dr=9640&refresh_token=69cd036c&x-expires=1771329600&x-signature=J2KlFEVPd%2F6%2Bw9CZAnT4H%2B5HUuc%3D&t=4d5b0474&ps=13740610&shp=30310797&shcp=ff37627b&idc=useast8","7357887795514295046","1713141771","2024-04-15T00:42:51.000Z",,,,,,,,,"0","https://www.tiktok.com/@nachter/video/7357337111676079392?_r=1&_t=ZN-93r9JxE2rN0","false",,,"false",,"0","https://www.tiktok.com/@nachter/video/7357337111676079392?_r=1&_t=ZN-93r9JxE2rN0","👍👍👍","6885135556839605254","izaack84","https://www.tiktok.com/@nachter/video/7357337111676079392"
"https://p19-common-sign.tiktokcdn-us.com/tos-alisg-avt-0068/ecafe656e5d385f7488c1b707826f867~tplv-tiktokx-cropcenter:100:100.jpg?dr=9640&refresh_token=a61455ec&x-expires=1771329600&x-signature=4H%2FgWWjgGoI0BFMBWRkBDgrzZfw%3D&t=4d5b0474&ps=13740610&shp=30310797&shcp=ff37627b&idc=useast8","7357888786103681798","1713141998","2024-04-15T00:46:38.000Z",,,,,,,,,"0","https://www.tiktok.com/@nachter/video/7357337111676079392?_r=1&_t=ZN-93r9JxE2rN0","false",,,"false",,"0","https://www.tiktok.com/@nachter/video/7357337111676079392?_r=1&_t=ZN-93r9JxE2rN0","cómo me alegra el día cuando me sale un vídeo tuyo 😂😂😂😂😂 todo lo he vivido y si no lo veo de cerca😂😂😂😂","6843466110106797061","norcar4","https://www.tiktok.com/@nachter/video/7357337111676079392"
"https://p16-common-sign.tiktokcdn-us.com/tos-maliva-avt-0068/0a72d290622e2341bdc8d42b06327879~tplv-tiktokx-cropcenter:100:100.jpg?dr=9640&refresh_token=c3f0ab3b&x-expires=1771329600&x-signature=iRxZXk4EUhwDQOpPUOg7Lmnh0ok%3D&t=4d5b0474&ps=13740610&shp=30310797&shcp=ff37627b&idc=useast8","7357810662372213536","1713123809","2024-04-14T19:43:29.000Z",,,,,,,,,"0","https://www.tiktok.com/@nachter/video/7357337111676079392?_r=1&_t=ZN-93r9JxE2rN0","false",,,"false",,"0","https://www.tiktok.com/@nachter/video/7357337111676079392?_r=1&_t=ZN-93r9JxE2rN0","💙💙💙","6867556253515432966","amitai.gg","https://www.tiktok.com/@nachter/video/7357337111676079392"
"https://p16-common-sign.tiktokcdn-us.com/tos-alisg-avt-0068/7328810201459458049~tplv-tiktokx-cropcenter:100:100.jpg?dr=9640&refresh_token=490c028e&x-expires=1771329600&x-signature=nPZMP%2B6h96Byogsqg%2FziqSADTxU%3D&t=4d5b0474&ps=13740610&shp=30310797&shcp=ff37627b&idc=useast8","7357781978995376901","1713117125","2024-04-14T17:52:05.000Z",,,,,,,,,"0","https://www.tiktok.com/@nachter/video/7357337111676079392?_r=1&_t=ZN-93r9JxE2rN0","false",,,"false",,"0","https://www.tiktok.com/@nachter/video/7357337111676079392?_r=1&_t=ZN-93r9JxE2rN0","🤣🤣","6884297660683387910","carmen_p_g","https://www.tiktok.com/@nachter/video/7357337111676079392"
"https://p16-common-sign.tiktokcdn-eu.com/tos-maliva-avt-0068/4edf7ee28d19a6a9f123d43ab68a854d~tplv-tiktokx-cropcenter:100:100.jpg?dr=10399&refresh_token=58e7b61e&x-expires=1771329600&x-signature=Us1PxWl5k%2Fux2iTbjREG8%2FMEVdA%3D&t=4d5b0474&ps=13740610&shp=30310797&shcp=ff37627b&idc=no1a","7357395448124146464","1713027139","2024-04-13T16:52:19.000Z",,,,,,,,,"0","https://www.tiktok.com/@nachter/video/7357337111676079392?_r=1&_t=ZN-93r9JxE2rN0","false",,,"false",,"0","https://www.tiktok.com/@nachter/video/7357337111676079392?_r=1&_t=ZN-93r9JxE2rN0","Anda, veo TODOS tus videos y lo de hoy NO me lo esperaba🥰🥰🥰🥰, me parto contigo","6928395058049090565","josebjm","https://www.tiktok.com/@nachter/video/7357337111676079392"
"https://p16-common-sign.tiktokcdn-eu.com/tos-maliva-avt-0068/7223466764386336773~tplv-tiktokx-cropcenter:100:100.jpg?dr=10399&refresh_token=23dbada4&x-expires=1771329600&x-signature=UmLUjp%2FOQz71LQ39pvLfTBgbosU%3D&t=4d5b0474&ps=13740610&shp=30310797&shcp=ff37627b&idc=no1a","7357389497447662369","1713025764","2024-04-13T16:29:24.000Z",,,,,,,,,"0","https://www.tiktok.com/@nachter/video/7357337111676079392?_r=1&_t=ZN-93r9JxE2rN0","false",,,"false",,"0","https://www.tiktok.com/@nachter/video/7357337111676079392?_r=1&_t=ZN-93r9JxE2rN0","Cuando nos hace falta si nos acordamos","7035677839898723333","elenafernandez390","https://www.tiktok.com/@nachter/video/7357337111676079392"
"https://p16-common-sign.tiktokcdn-eu.com/tos-maliva-avt-0068/661970eff9cce58bf4886b182e941ac8~tplv-tiktokx-cropcenter:100:100.jpg?dr=10399&refresh_token=4437206a&x-expires=1771329600&x-signature=GcMlfAxRSNMAdA6%2BauRJJn97OTU%3D&t=4d5b0474&ps=13740610&shp=30310797&shcp=ff37627b&idc=no1a","7357389443021423366","1713027039","2024-04-13T16:50:39.000Z",,,,,,,,,"0","https://www.tiktok.com/@nachter/video/7357337111676079392?_r=1&_t=ZN-93r9JxE2rN0","false",,,"false",,"0","https://www.tiktok.com/@nachter/video/7357337111676079392?_r=1&_t=ZN-93r9JxE2rN0","ERES UN GENIO JAJAJAJA
SALUDOS DESDE CARACAS VENEZUELA UN ABRAZO","7276460196296606726","romell114","https://www.tiktok.com/@nachter/video/7357337111676079392"
"https://p16-common-sign.tiktokcdn-eu.com/tos-maliva-avt-0068/06d35904782330122cef53c38cc14354~tplv-tiktokx-cropcenter:100:100.jpg?dr=10399&refresh_token=e8e47493&x-expires=1771329600&x-signature=yY5n8iwCZ%2FFP%2BrTPfMnIZZC8a1Y%3D&t=4d5b0474&ps=13740610&shp=30310797&shcp=ff37627b&idc=no1a","7357404678487245601","1713029290","2024-04-13T17:28:10.000Z",,,,,,,,,"0","https://www.tiktok.com/@nachter/video/7357337111676079392?_r=1&_t=ZN-93r9JxE2rN0","false",,,"false",,"0","https://www.tiktok.com/@nachter/video/7357337111676079392?_r=1&_t=ZN-93r9JxE2rN0","ets molt gran!!!👍","6610809589083308037","ramonespvil","https://www.tiktok.com/@nachter/video/7357337111676079392"
"https://p16-common-sign.tiktokcdn-eu.com/tos-alisg-avt-0068/34820b6ced168562089fd584e602573d~tplv-tiktokx-cropcenter:100:100.jpg?dr=10399&refresh_token=0febfaed&x-expires=1771329600&x-signature=7Jq7lxHub9MKRhMx8VDAG3PsLQw%3D&t=4d5b0474&ps=13740610&shp=30310797&shcp=ff37627b&idc=no1a","7357390006430843654","1713025865","2024-04-13T16:31:05.000Z",,,,,,,,,"0","https://www.tiktok.com/@nachter/video/7357337111676079392?_r=1&_t=ZN-93r9JxE2rN0","false",,,"false",,"0","https://www.tiktok.com/@nachter/video/7357337111676079392?_r=1&_t=ZN-93r9JxE2rN0","Yo quiero 🤑🤑","6816195192796021766","tohru_kobayashi4","https://www.tiktok.com/@nachter/video/7357337111676079392"
"https://p16-common-sign.tiktokcdn-eu.com/tos-maliva-avt-0068/7345975324221866026~tplv-tiktokx-cropcenter:100:100.jpg?dr=10399&refresh_token=596f5a71&x-expires=1771329600&x-signature=q5HCjZRLql09lYIPTFvlFOW%2FCvg%3D&t=4d5b0474&ps=13740610&shp=30310797&shcp=ff37627b&idc=no1a","7357392388427694894","1713026434","2024-04-13T16:40:34.000Z",,,,,,,,,"0","https://www.tiktok.com/@nachter/video/7357337111676079392?_r=1&_t=ZN-93r9JxE2rN0","false",,,"false",,"0","https://www.tiktok.com/@nachter/video/7357337111676079392?_r=1&_t=ZN-93r9JxE2rN0","siempre me divierten los videos y rio mucho pero si se puede donar ayuda mucho","7088891862730064942","kirabalderrama153","https://www.tiktok.com/@nachter/video/7357337111676079392"
"https://p16-common-sign.tiktokcdn-eu.com/tos-maliva-avt-0068/b706468329ca2c88c0f596e8e2a91e89~tplv-tiktokx-cropcenter:100:100.jpg?dr=10399&refresh_token=25666cb8&x-expires=1771329600&x-signature=X3%2FOKE7P0QpGAh582mTFucW7AZY%3D&t=4d5b0474&ps=13740610&shp=30310797&shcp=ff37627b&idc=no1a","7357378785761084192","1713023263","2024-04-13T15:47:43.000Z",,,,,,,,,"0","https://www.tiktok.com/@nachter/video/7357337111676079392?_r=1&_t=ZN-93r9JxE2rN0","false",,,"false",,"0","https://www.tiktok.com/@nachter/video/7357337111676079392?_r=1&_t=ZN-93r9JxE2rN0","soy donante desde 1996 y lo que me queda.","7060247579603534854","dymtdfil98bl","https://www.tiktok.com/@nachter/video/7357337111676079392"
"https://p16-common-sign.tiktokcdn-eu.com/tos-maliva-avt-0068/7336727175007043590~tplv-tiktokx-cropcenter:100:100.jpg?dr=10399&refresh_token=7815a359&x-expires=1771329600&x-signature=WMgDl2Oc2U69ARy%2FcJ2IfZc4UIo%3D&t=4d5b0474&ps=13740610&shp=30310797&shcp=ff37627b&idc=no1a","7357404893265888006","1713029332","2024-04-13T17:28:52.000Z",,,,,,,,,"0","https://www.tiktok.com/@nachter/video/7357337111676079392?_r=1&_t=ZN-93r9JxE2rN0","false",,,"false",,"0","https://www.tiktok.com/@nachter/video/7357337111676079392?_r=1&_t=ZN-93r9JxE2rN0","Usted vende la sangre o la dona?","6942692148144849925","dany.ver","https://www.tiktok.com/@nachter/video/7357337111676079392"
"https://p16-common-sign.tiktokcdn-eu.com/tos-maliva-avt-0068/b8b6a9404d0a0d2fd3d6213cd6a9e0af~tplv-tiktokx-cropcenter:100:100.jpg?dr=10399&refresh_token=fe0506bd&x-expires=1771329600&x-signature=EKXwCR%2BgL6ek089FLUSsQNAkp0o%3D&t=4d5b0474&ps=13740610&shp=30310797&shcp=ff37627b&idc=no1a","7357399217951965958","1713028006","2024-04-13T17:06:46.000Z",,,,,,,,,"0","https://www.tiktok.com/@nachter/video/7357337111676079392?_r=1&_t=ZN-93r9JxE2rN0","false",,,"false",,"0","https://www.tiktok.com/@nachter/video/7357337111676079392?_r=1&_t=ZN-93r9JxE2rN0","Genial!! ❤ 👏🏻👏🏻👏🏻","7099160837839619078","ana_analyce","https://www.tiktok.com/@nachter/video/7357337111676079392"
"https://p16-common-sign.tiktokcdn-eu.com/tos-maliva-avt-0068/7327586973605085189~tplv-tiktokx-cropcenter:100:100.jpg?dr=10399&refresh_token=f2cf8680&x-expires=1771329600&x-signature=qF%2FmfH1%2BO7fKGWyqDOsU0X9QNUw%3D&t=4d5b0474&ps=13740610&shp=30310797&shcp=ff37627b&idc=no1a","7495652761578816261","1745217723","2025-04-21T06:42:03.000Z",,,,,,,,,"0","https://www.tiktok.com/@nachter/video/7357337111676079392?_r=1&_t=ZN-93r9JxE2rN0","false",,,"false",,"0","https://www.tiktok.com/@nachter/video/7357337111676079392?_r=1&_t=ZN-93r9JxE2rN0","😳","6978641513694741510","julio07.56","https://www.tiktok.com/@nachter/video/7357337111676079392"
"https://p16-common-sign.tiktokcdn-eu.com/tos-maliva-avt-0068/7329684793460228101~tplv-tiktokx-cropcenter:100:100.jpg?dr=10399&refresh_token=97abe47e&x-expires=1771329600&x-signature=43cCAZWNa7nMXMD%2FP30XfGw%2FfHw%3D&t=4d5b0474&ps=13740610&shp=30310797&shcp=ff37627b&idc=no1a","7364184503127098118","1714607838","2024-05-01T23:57:18.000Z",,,,,,,,,"0","https://www.tiktok.com/@nachter/video/7357337111676079392?_r=1&_t=ZN-93r9JxE2rN0","false",,,"false",,"0","https://www.tiktok.com/@nachter/video/7357337111676079392?_r=1&_t=ZN-93r9JxE2rN0","👏👏👏👏","6971631937476903942","ceciliaillescas","https://www.tiktok.com/@nachter/video/7357337111676079392"
"https://p16-common-sign.tiktokcdn-us.com/tos-useast2a-avt-0068-euttp/4e57b23350499823349a79d7cb4b42ac~tplv-tiktokx-cropcenter:100:100.jpg?dr=9640&refresh_token=40d3d510&x-expires=1771329600&x-signature=Wdpp5o1qlUGvvpuCyNeZcc5Rrq0%3D&t=4d5b0474&ps=13740610&shp=30310797&shcp=ff37627b&idc=useast5","7357787559777010464","1713118432","2024-04-14T18:13:52.000Z","Cuenta oficial de PSOE","https://www.tiktok.com/@6870018531460285445","MS4wLjABAAAAToGZG7OVO9ZBUEXM9Vy8gtj9qcMTBDJQRfF_oB3Sy4fW4w_HT4Gbo5vGzK-fOF7_","6870018531460285445","Sumar","https://www.tiktok.com/@7106933002035053574","MS4wLjABAAAAL2T1p-CM_5TMi0FNRRQ5D6V2oGcb-7CkfAnJb5qxEGXEJBQBEuMCEewaNlOCcKRl","7106933002035053574","0","https://www.tiktok.com/@nachter/video/7357337111676079392?_r=1&_t=ZN-93r9JxE2rN0","false","@Cuenta oficial de PSOE","@Sumar","false",,"0","https://www.tiktok.com/@nachter/video/7357337111676079392?_r=1&_t=ZN-93r9JxE2rN0","@Cuenta oficial de PSOE @Sumar Q tenga que hacer una petición un ciudadano y no haya campañas publicitarias en los grandes medios de comunicación, ahora, amnistía pa un rato ehhh eso sí","6821942164932232198","fx1982","https://www.tiktok.com/@nachter/video/7357337111676079392"
"https://p16-common-sign.tiktokcdn-us.com/tos-maliva-avt-0068/4e6b775c6b0273894718bcc68ef9cf58~tplv-tiktokx-cropcenter:100:100.jpg?dr=9640&refresh_token=65907316&x-expires=1771329600&x-signature=OGBfc9tLGTH0L6T1vHHlEmm4DYM%3D&t=4d5b0474&ps=13740610&shp=30310797&shcp=ff37627b&idc=useast5","7357789866300064544","1713118965","2024-04-14T18:22:45.000Z",,,,,,,,,"0","https://www.tiktok.com/@nachter/video/7357337111676079392?_r=1&_t=ZN-93r9JxE2rN0","false",,,"false",,"0","https://www.tiktok.com/@nachter/video/7357337111676079392?_r=1&_t=ZN-93r9JxE2rN0","😂😂😂","6680556730000933893","_.abde_.07","https://www.tiktok.com/@nachter/video/7357337111676079392"
"https://p16-common-sign.tiktokcdn-us.com/tos-maliva-avt-0068/bd26c0a8b03ec518869ae3de2b7de7a3~tplv-tiktokx-cropcenter:100:100.jpg?dr=9640&refresh_token=ad37f299&x-expires=1771329600&x-signature=n8EsIxWxBevHswTn%2BaBbhXca11k%3D&t=4d5b0474&ps=13740610&shp=30310797&shcp=ff37627b&idc=useast5","7357791029251506949","1713119239","2024-04-14T18:27:19.000Z",,,,,,,,,"0","https://www.tiktok.com/@nachter/video/7357337111676079392?_r=1&_t=ZN-93r9JxE2rN0","false",,,"false",,"0","https://www.tiktok.com/@nachter/video/7357337111676079392?_r=1&_t=ZN-93r9JxE2rN0","🤣🤣🤣","6835237449020294150","memita31","https://www.tiktok.com/@nachter/video/7357337111676079392"
"https://p19-common-sign.tiktokcdn-us.com/tos-maliva-avt-0068/0a72d290622e2341bdc8d42b06327879~tplv-tiktokx-cropcenter:100:100.jpg?dr=9640&refresh_token=340fc5bb&x-expires=1771329600&x-signature=dM%2FNEI9p3qIAVF95GAZuhsor4ac%3D&t=4d5b0474&ps=13740610&shp=30310797&shcp=ff37627b&idc=useast5","7357810675169362720","1713123813","2024-04-14T19:43:33.000Z",,,,,,,,,"0","https://www.tiktok.com/@nachter/video/7357337111676079392?_r=1&_t=ZN-93r9JxE2rN0","false",,,"false",,"0","https://www.tiktok.com/@nachter/video/7357337111676079392?_r=1&_t=ZN-93r9JxE2rN0","👏👏👏","6867556253515432966","amitai.gg","https://www.tiktok.com/@nachter/video/7357337111676079392"
"https://p19-common-sign.tiktokcdn-us.com/tos-maliva-avt-0068/7334484559801221126~tplv-tiktokx-cropcenter:100:100.jpg?dr=9640&refresh_token=96c65d91&x-expires=1771329600&x-signature=f9ZE1vP1WJAdduJnkShY0utirkg%3D&t=4d5b0474&ps=13740610&shp=30310797&shcp=ff37627b&idc=useast5","7357825408915800864","1713127242","2024-04-14T20:40:42.000Z",,,,,,,,,"0","https://www.tiktok.com/@nachter/video/7357337111676079392?_r=1&_t=ZN-93r9JxE2rN0","false",,,"false",,"0","https://www.tiktok.com/@nachter/video/7357337111676079392?_r=1&_t=ZN-93r9JxE2rN0","🥰🥰🥰","6863867935598150661","aurifr","https://www.tiktok.com/@nachter/video/7357337111676079392"
"https://p16-common-sign.tiktokcdn-us.com/musically-maliva-obj/1594805258216454~tplv-tiktokx-cropcenter:100:100.jpg?dr=9640&refresh_token=f231bd68&x-expires=1771329600&x-signature=b7JYUqWvA9lKsD3%2BfjosG9k8G%2BY%3D&t=4d5b0474&ps=13740610&shp=30310797&shcp=ff37627b&idc=useast5","7357825687963665184","1713127316","2024-04-14T20:41:56.000Z",,,,,,,,,"0","https://www.tiktok.com/@nachter/video/7357337111676079392?_r=1&_t=ZN-93r9JxE2rN0","false",,,"false",,"0","https://www.tiktok.com/@nachter/video/7357337111676079392?_r=1&_t=ZN-93r9JxE2rN0","entonces no se llamaría DONACION ,ya t contesto yo espléndido , ojalá nunca necesites una transfusión","7028528949433041925","mafalda_nemo","https://www.tiktok.com/@nachter/video/7357337111676079392"
"https://p16-common-sign.tiktokcdn-us.com/tos-maliva-avt-0068/04e099ab34dffaf15cf2d8e9e177a52f~tplv-tiktokx-cropcenter:100:100.jpg?dr=9640&refresh_token=5f0698c6&x-expires=1771329600&x-signature=2tJnqKa3z4mjzabU0peaJM0Ycds%3D&t=4d5b0474&ps=13740610&shp=30310797&shcp=ff37627b&idc=useast5","7365349447083066118","1714879062","2024-05-05T03:17:42.000Z",,,,,,,,,"0","https://www.tiktok.com/@nachter/video/7357337111676079392?_r=1&_t=ZN-93r9JxE2rN0","false",,,"false",,"0","https://www.tiktok.com/@nachter/video/7357337111676079392?_r=1&_t=ZN-93r9JxE2rN0","🤣🤣🤣🤣","6990056673343882245","store_fatima","https://www.tiktok.com/@nachter/video/7357337111676079392"
"https://p16-common-sign.tiktokcdn-us.com/tos-maliva-avt-0068/8a0d248997a5cb02373f044a22dc970c~tplv-tiktokx-cropcenter:100:100.jpg?dr=9640&refresh_token=bcafe86f&x-expires=1771329600&x-signature=R1an0w0FSHUtCCHVb%2BbVRqgXpQI%3D&t=4d5b0474&ps=13740610&shp=30310797&shcp=ff37627b&idc=useast5","7362525479264797473","1714221588","2024-04-27T12:39:48.000Z",,,,,,,,,"0","https://www.tiktok.com/@nachter/video/7357337111676079392?_r=1&_t=ZN-93r9JxE2rN0","false",,,"false",,"0","https://www.tiktok.com/@nachter/video/7357337111676079392?_r=1&_t=ZN-93r9JxE2rN0","😂😂😂","6943302600365081606","iriscanarias","https://www.tiktok.com/@nachter/video/7357337111676079392"
"https://p16-common-sign.tiktokcdn-us.com/tos-maliva-avt-0068/c715744d4cd42991b7514f4c8ab0472f~tplv-tiktokx-cropcenter:100:100.jpg?dr=9640&refresh_token=87e14c3d&x-expires=1771329600&x-signature=kUe5aHAlyM7ud1M%2FrkX1uSHjj74%3D&t=4d5b0474&ps=13740610&shp=30310797&shcp=ff37627b&idc=useast5","7363128217928352517","1714361899","2024-04-29T03:38:19.000Z",,,,,,,,,"0","https://www.tiktok.com/@nachter/video/7357337111676079392?_r=1&_t=ZN-93r9JxE2rN0","false",,,"false",,"0","https://www.tiktok.com/@nachter/video/7357337111676079392?_r=1&_t=ZN-93r9JxE2rN0","😂😂😂","6936192112015524869","victoriachamorroo","https://www.tiktok.com/@nachter/video/7357337111676079392"
"https://p16-common-sign.tiktokcdn-us.com/tos-maliva-avt-0068/7323683107205775365~tplv-tiktokx-cropcenter:100:100.jpg?dr=9640&refresh_token=a569715c&x-expires=1771329600&x-signature=qfZKeYxEyAeOHOoohAo9T3aPVis%3D&t=4d5b0474&ps=13740610&shp=30310797&shcp=ff37627b&idc=useast5","7364147249238426401","1714599172","2024-05-01T21:32:52.000Z",,,,,,,,,"0","https://www.tiktok.com/@nachter/video/7357337111676079392?_r=1&_t=ZN-93r9JxE2rN0","false",,,"false",,"0","https://www.tiktok.com/@nachter/video/7357337111676079392?_r=1&_t=ZN-93r9JxE2rN0","😂😂😂🤣🤣","6637638911533858821","gipsysastipentaly","https://www.tiktok.com/@nachter/video/7357337111676079392"
"https://p16-common-sign.tiktokcdn-us.com/tos-maliva-avt-0068/7323372407280451590~tplv-tiktokx-cropcenter:100:100.jpg?dr=9640&refresh_token=2e78ba33&x-expires=1771329600&x-signature=%2FcKCJ%2F%2BWojI123d7Ci9A8bhysOM%3D&t=4d5b0474&ps=13740610&shp=30310797&shcp=ff37627b&idc=useast5","7365978377167651590","1715025505","2024-05-06T19:58:25.000Z",,,,,,,,,"0","https://www.tiktok.com/@nachter/video/7357337111676079392?_r=1&_t=ZN-93r9JxE2rN0","false",,,"false",,"0","https://www.tiktok.com/@nachter/video/7357337111676079392?_r=1&_t=ZN-93r9JxE2rN0","🤣🤣🤣m convenciste ya mismo arranco a donarle sangre a toda esa gente q m crítica 🤣🤣🤣","6845639440518562821","scavonepaula","https://www.tiktok.com/@nachter/video/7357337111676079392"
"https://p16-common-sign.tiktokcdn-us.com/musically-maliva-obj/1594805258216454~tplv-tiktokx-cropcenter:100:100.jpg?dr=9640&refresh_token=f231bd68&x-expires=1771329600&x-signature=b7JYUqWvA9lKsD3%2BfjosG9k8G%2BY%3D&t=4d5b0474&ps=13740610&shp=30310797&shcp=ff37627b&idc=useast5","7366090197945500449","1715051677","2024-05-07T03:14:37.000Z",,,,,,,,,"0","https://www.tiktok.com/@nachter/video/7357337111676079392?_r=1&_t=ZN-93r9JxE2rN0","false",,,"false",,"0","https://www.tiktok.com/@nachter/video/7357337111676079392?_r=1&_t=ZN-93r9JxE2rN0","yo viví a mi lado cuando donde algo bastante traumanete","7094771450130105349","elvisus333","https://www.tiktok.com/@nachter/video/7357337111676079392"
"https://p16-common-sign.tiktokcdn-eu.com/tos-maliva-avt-0068/e5ef9f2a0ffd9c52467292cafe0029c0~tplv-tiktokx-cropcenter:100:100.jpg?dr=10399&refresh_token=3bae0fbb&x-expires=1771329600&x-signature=qbZjPQzPmVfsFZHNC2wY8E8L5Y8%3D&t=4d5b0474&ps=13740610&shp=30310797&shcp=ff37627b&idc=no1a","7357531703408575238","1713058865","2024-04-14T01:41:05.000Z",,,,,,,,,"0","https://www.tiktok.com/@nachter/video/7357337111676079392?_r=1&_t=ZN-93r9JxE2rN0","false",,,"false",,"0","https://www.tiktok.com/@nachter/video/7357337111676079392?_r=1&_t=ZN-93r9JxE2rN0","yo no puedo donar 🥺 he intentado pero se me coabula la sangre y no les sirve 😅","7076848353878967302","lady_angel1993.2.0","https://www.tiktok.com/@nachter/video/7357337111676079392"
"https://p16-common-sign-useastred.tiktokcdn-eu.com/tos-useast2a-avt-0068-euttp/0298caca37fea5db91e4a40f4e261970~tplv-tiktokx-cropcenter:100:100.jpg?dr=10399&refresh_token=8670cc44&x-expires=1771329600&x-signature=gK0Z%2FfBOrCi3uke1ZTgfF8W476I%3D&t=4d5b0474&ps=13740610&shp=30310797&shcp=ff37627b&idc=no1a","7357452571109573408","1713040435","2024-04-13T20:33:55.000Z",,,,,,,,,"0","https://www.tiktok.com/@nachter/video/7357337111676079392?_r=1&_t=ZN-93r9JxE2rN0","false",,,"false",,"0","https://www.tiktok.com/@nachter/video/7357337111676079392?_r=1&_t=ZN-93r9JxE2rN0","Usa el icono de edición para fijar, añadir o eliminar clips.","7325401133467567136","moha_08_5_4","https://www.tiktok.com/@nachter/video/7357337111676079392"
"https://p16-common-sign.tiktokcdn-eu.com/tos-maliva-avt-0068/7323959385867157510~tplv-tiktokx-cropcenter:100:100.jpg?dr=10399&refresh_token=f26191cb&x-expires=1771329600&x-signature=FtzbqEIEYOZFHUF%2Bt2g5URH%2Fh5I%3D&t=4d5b0474&ps=13740610&shp=30310797&shcp=ff37627b&idc=no1a","7357443366857343750","1713038294","2024-04-13T19:58:14.000Z",,,,,,,,,"0","https://www.tiktok.com/@nachter/video/7357337111676079392?_r=1&_t=ZN-93r9JxE2rN0","false",,,"false",,"0","https://www.tiktok.com/@nachter/video/7357337111676079392?_r=1&_t=ZN-93r9JxE2rN0","yo donaba sangre y nací en los 70","7323959244083332102","zaratustra46","https://www.tiktok.com/@nachter/video/7357337111676079392"
"https://p16-common-sign-useastred.tiktokcdn-eu.com/tos-useast2a-avt-0068-euttp/553eefffc6f93a95d19ed11af788809d~tplv-tiktokx-cropcenter:100:100.jpg?dr=10399&refresh_token=b2ad2dbb&x-expires=1771329600&x-signature=SDxXYju13AygBnyk2XnfsU%2BMV24%3D&t=4d5b0474&ps=13740610&shp=30310797&shcp=ff37627b&idc=no1a","7357449626317865760","1713039747","2024-04-13T20:22:27.000Z",,,,,,,,,"0","https://www.tiktok.com/@nachter/video/7357337111676079392?_r=1&_t=ZN-93r9JxE2rN0","false",,,"false",,"0","https://www.tiktok.com/@nachter/video/7357337111676079392?_r=1&_t=ZN-93r9JxE2rN0","Ohh❤️","6593011135841173510","rachel_towers","https://www.tiktok.com/@nachter/video/7357337111676079392"
"https://p16-common-sign.tiktokcdn-eu.com/tos-maliva-avt-0068/ea212695fe0a063454eb7af0e7726924~tplv-tiktokx-cropcenter:100:100.jpg?dr=10399&refresh_token=52c054f1&x-expires=1771329600&x-signature=XZTy8duOYw0VGFG10kwICqSyykU%3D&t=4d5b0474&ps=13740610&shp=30310797&shcp=ff37627b&idc=no1a","7357445743663481606","1713038840","2024-04-13T20:07:20.000Z",,,,,,,,,"0","https://www.tiktok.com/@nachter/video/7357337111676079392?_r=1&_t=ZN-93r9JxE2rN0","false",,,"false",,"0","https://www.tiktok.com/@nachter/video/7357337111676079392?_r=1&_t=ZN-93r9JxE2rN0","En Perú donamos sangre para que el seguro la venda por lo bajo y saquen beneficio económico 😔","7347161047965631494","ella_se_fue_","https://www.tiktok.com/@nachter/video/7357337111676079392"
"https://p16-common-sign.tiktokcdn-eu.com/tos-maliva-avt-0068/ca7f682f3eb6bf1490e1ffd209718436~tplv-tiktokx-cropcenter:100:100.jpg?dr=10399&refresh_token=14d0fb6c&x-expires=1771329600&x-signature=WL3Dr5BDrGr1Z0cT2YSxv0yghns%3D&t=4d5b0474&ps=13740610&shp=30310797&shcp=ff37627b&idc=no1a","7357440767050449670","1713037681","2024-04-13T19:48:01.000Z",,,,,,,,,"0","https://www.tiktok.com/@nachter/video/7357337111676079392?_r=1&_t=ZN-93r9JxE2rN0","false",,,"false",,"0","https://www.tiktok.com/@nachter/video/7357337111676079392?_r=1&_t=ZN-93r9JxE2rN0","❤Ansiedad😂🥰❤","6934681243532116997","los.patas.de.tyrion","https://www.tiktok.com/@nachter/video/7357337111676079392"
"https://p16-common-sign.tiktokcdn-eu.com/tos-alisg-avt-0068/3c8f0e418e2a7929a12b207c70b6e091~tplv-tiktokx-cropcenter:100:100.jpg?dr=10399&refresh_token=715298e9&x-expires=1771329600&x-signature=FBAmLlJnpUfJxcYBx3bQhtbcy50%3D&t=4d5b0474&ps=13740610&shp=30310797&shcp=ff37627b&idc=no1a","7357441050053067526","1713037749","2024-04-13T19:49:09.000Z",,,,,,,,,"0","https://www.tiktok.com/@nachter/video/7357337111676079392?_r=1&_t=ZN-93r9JxE2rN0","false",,,"false",,"0","https://www.tiktok.com/@nachter/video/7357337111676079392?_r=1&_t=ZN-93r9JxE2rN0","ama tu grupo de WhatsApp","7307467793627841541","david.nez76","https://www.tiktok.com/@nachter/video/7357337111676079392"
"https://p16-common-sign.tiktokcdn-eu.com/tos-maliva-avt-0068/5df05f332b56ad8a7a1c9926c62660a6~tplv-tiktokx-cropcenter:100:100.jpg?dr=10399&refresh_token=f050322c&x-expires=1771329600&x-signature=DBJOCSv562p0%2FBkjLkVaOZwp%2BEA%3D&t=4d5b0474&ps=13740610&shp=30310797&shcp=ff37627b&idc=no1a","7357442695138198277","1713038127","2024-04-13T19:55:27.000Z",,,,,,,,,"0","https://www.tiktok.com/@nachter/video/7357337111676079392?_r=1&_t=ZN-93r9JxE2rN0","false",,,"false",,"0","https://www.tiktok.com/@nachter/video/7357337111676079392?_r=1&_t=ZN-93r9JxE2rN0","😂 soy 87, pero parezco un 2010... me desmayo con una aguja! 😂","6971886918326338566","since_987","https://www.tiktok.com/@nachter/video/7357337111676079392"
"https://p16-common-sign.tiktokcdn-eu.com/tos-maliva-avt-0068/39db32770732fbb14d1101a8b617ef92~tplv-tiktokx-cropcenter:100:100.jpg?dr=10399&refresh_token=0b73df94&x-expires=1771329600&x-signature=7jj7JbogRfnp0Cf120yLk2g6rgk%3D&t=4d5b0474&ps=13740610&shp=30310797&shcp=ff37627b&idc=no1a","7357413242027459333","1713031271","2024-04-13T18:01:11.000Z",,,,,,,,,"0","https://www.tiktok.com/@nachter/video/7357337111676079392?_r=1&_t=ZN-93r9JxE2rN0","false",,,"false",,"0","https://www.tiktok.com/@nachter/video/7357337111676079392?_r=1&_t=ZN-93r9JxE2rN0","yo me desmaye porque no me comí el lunch que te dan 🤣🥺","6939026968424268806","yos_1808","https://www.tiktok.com/@nachter/video/7357337111676079392"
"https://p16-common-sign.tiktokcdn-eu.com/tos-maliva-avt-0068/a830fb3fac7e8b88272663f7b914fae1~tplv-tiktokx-cropcenter:100:100.jpg?dr=10399&refresh_token=d6312a74&x-expires=1771329600&x-signature=Hds0eCWkfsBXEO62EMJtX8qavLA%3D&t=4d5b0474&ps=13740610&shp=30310797&shcp=ff37627b&idc=no1a","7357433406635131654","1713035973","2024-04-13T19:19:33.000Z",,,,,,,,,"0","https://www.tiktok.com/@nachter/video/7357337111676079392?_r=1&_t=ZN-93r9JxE2rN0","false",,,"false",,"0","https://www.tiktok.com/@nachter/video/7357337111676079392?_r=1&_t=ZN-93r9JxE2rN0","pronto iré a hacerlo sin duda💯💯💯👍","6798227119806678021","ricardoarmas32","https://www.tiktok.com/@nachter/video/7357337111676079392"
"https://p16-common-sign-useastred.tiktokcdn-eu.com/tos-useast2a-avt-0068-euttp/ca861817c9f2a9902c4039f2057a3ec6~tplv-tiktokx-cropcenter:100:100.jpg?dr=10399&refresh_token=3a779d0b&x-expires=1771329600&x-signature=beBROS7hKvVnn%2FhETQ8w3cIC%2B1M%3D&t=4d5b0474&ps=13740610&shp=30310797&shcp=ff37627b&idc=no1a","7357431598797751073","1713035560","2024-04-13T19:12:40.000Z",,,,,,,,,"0","https://www.tiktok.com/@nachter/video/7357337111676079392?_r=1&_t=ZN-93r9JxE2rN0","false",,,"false",,"0","https://www.tiktok.com/@nachter/video/7357337111676079392?_r=1&_t=ZN-93r9JxE2rN0","eres un crack 😂","6811605073194451973","mari.carmen6845","https://www.tiktok.com/@nachter/video/7357337111676079392"
"https://p16-common-sign.tiktokcdn-eu.com/tos-maliva-avt-0068/c60ccccced357676104e882b75ae0948~tplv-tiktokx-cropcenter:100:100.jpg?dr=10399&refresh_token=5cbdbdc9&x-expires=1771329600&x-signature=IZwjWD3QP8Lg%2Fdhhl33MXdt0vQQ%3D&t=4d5b0474&ps=13740610&shp=30310797&shcp=ff37627b&idc=no1a","7357426234495714053","1713034294","2024-04-13T18:51:34.000Z",,,,,,,,,"0","https://www.tiktok.com/@nachter/video/7357337111676079392?_r=1&_t=ZN-93r9JxE2rN0","false",,,"false",,"0","https://www.tiktok.com/@nachter/video/7357337111676079392?_r=1&_t=ZN-93r9JxE2rN0","😅😅😅😅😅no puedo yo dono sangre . 👌","7081438905186665478","margaritacenteno1","https://www.tiktok.com/@nachter/video/7357337111676079392"
"https://p16-common-sign.tiktokcdn-eu.com/tos-maliva-avt-0068/1916345cbe1ce2e0779e8812a9cfe49b~tplv-tiktokx-cropcenter:100:100.jpg?dr=10399&refresh_token=86f8577b&x-expires=1771329600&x-signature=lNTBqprWYOYFxKzsN%2FlXQhThVpo%3D&t=4d5b0474&ps=13740610&shp=30310797&shcp=ff37627b&idc=no1a","7357419344181936902","1713032694","2024-04-13T18:24:54.000Z",,,,,,,,,"0","https://www.tiktok.com/@nachter/video/7357337111676079392?_r=1&_t=ZN-93r9JxE2rN0","false",,,"false",,"0","https://www.tiktok.com/@nachter/video/7357337111676079392?_r=1&_t=ZN-93r9JxE2rN0","Estemos donde estemos…cualquier día del año…donemos sangre…salvemos vidas…saludos desde Perú","6784103671111615493","alex.me82","https://www.tiktok.com/@nachter/video/7357337111676079392"
"https://p16-common-sign.tiktokcdn-eu.com/tos-maliva-avt-0068/7144069956400283653~tplv-tiktokx-cropcenter:100:100.jpg?dr=10399&refresh_token=9b2527b5&x-expires=1771329600&x-signature=e6zZL8uMFXM2MkG%2FPUlnEDXR7%2F0%3D&t=4d5b0474&ps=13740610&shp=30310797&shcp=ff37627b&idc=no1a","7357427242978542369","1713034540","2024-04-13T18:55:40.000Z",,,,,,,,,"0","https://www.tiktok.com/@nachter/video/7357337111676079392?_r=1&_t=ZN-93r9JxE2rN0","false",,,"false",,"0","https://www.tiktok.com/@nachter/video/7357337111676079392?_r=1&_t=ZN-93r9JxE2rN0","Bravo","7031251655286932485","orlandosuarez365","https://www.tiktok.com/@nachter/video/7357337111676079392"
"https://p19-common-sign.tiktokcdn-eu.com/musically-maliva-obj/1594805258216454~tplv-tiktokx-cropcenter:100:100.jpg?dr=10399&refresh_token=732d153c&x-expires=1771329600&x-signature=kjMFriM4pfBX7%2FzRxMIFitejJZs%3D&t=4d5b0474&ps=13740610&shp=30310797&shcp=ff37627b&idc=no1a","7357430205026370310","1713035228","2024-04-13T19:07:08.000Z",,,,,,,,,"0","https://www.tiktok.com/@nachter/video/7357337111676079392?_r=1&_t=ZN-93r9JxE2rN0","false",,,"false",,"0","https://www.tiktok.com/@nachter/video/7357337111676079392?_r=1&_t=ZN-93r9JxE2rN0","Admiro como describes las generaciones con sus reacciones ante cada situación 👏👏👏","7184555174810567686","kica6736","https://www.tiktok.com/@nachter/video/7357337111676079392"
"https://p16-common-sign.tiktokcdn-eu.com/tos-alisg-avt-0068/8788c16a4bdaad2634da2d16431f712a~tplv-tiktokx-cropcenter:100:100.jpg?dr=10399&refresh_token=bfcabc9b&x-expires=1771329600&x-signature=3affoiPSbbSxKIwGArXVvYgmFeQ%3D&t=4d5b0474&ps=13740610&shp=30310797&shcp=ff37627b&idc=no1a","7357426097447289606","1713034268","2024-04-13T18:51:08.000Z",,,,,,,,,"0","https://www.tiktok.com/@nachter/video/7357337111676079392?_r=1&_t=ZN-93r9JxE2rN0","false",,,"false",,"0","https://www.tiktok.com/@nachter/video/7357337111676079392?_r=1&_t=ZN-93r9JxE2rN0","Eres un gran actor con mucha originalidad.","7318958691767354373","carmen.alonso59","https://www.tiktok.com/@nachter/video/7357337111676079392"
"https://p77-sign-va.tiktokcdn.com/tos-maliva-avt-0068/1f44bd3dfb6c472c207b3d7b8c49750c~tplv-tiktokx-cropcenter:100:100.jpg?dr=14579&refresh_token=18977d4e&x-expires=1771329600&x-signature=84BiklELOD%2BqnPWSGiUNqdhspKM%3D&t=4d5b0474&ps=13740610&shp=30310797&shcp=ff37627b&idc=my","7357340234529358624","1713014294","2024-04-13T13:18:14.000Z",,,,,,,,,"31","https://www.tiktok.com/@nachter/video/7357337111676079392?_r=1&_t=ZN-93r9JxE2rN0","false",,,"false",,"1","https://www.tiktok.com/@nachter/video/7357337111676079392?_r=1&_t=ZN-93r9JxE2rN0","Muy importante !!!!❤️❤️","6825998512896918533","guille_ferrer_2","https://www.tiktok.com/@nachter/video/7357337111676079392"
"https://p77-sign-va.tiktokcdn.com/tos-maliva-avt-0068/39705578cda0e54f9afbbadbcf70964d~tplv-tiktokx-cropcenter:100:100.jpg?dr=14579&refresh_token=f7d63e56&x-expires=1771329600&x-signature=i37hw8Poe92%2FrlKC3AmTfKPoHao%3D&t=4d5b0474&ps=13740610&shp=30310797&shcp=ff37627b&idc=my","7357900501529658118","1713144733","2024-04-15T01:32:13.000Z",,,,,,,,,"0","https://www.tiktok.com/@nachter/video/7357337111676079392?_r=1&_t=ZN-93r9JxE2rN0","false",,,"false",,"0","https://www.tiktok.com/@nachter/video/7357337111676079392?_r=1&_t=ZN-93r9JxE2rN0","😂soy la última jeje...","6805019266330018821","isabelsanchezsanc7","https://www.tiktok.com/@nachter/video/7357337111676079392"
"https://p16-common-sign.tiktokcdn-us.com/tos-maliva-avt-0068/500917898f695887d9c1b3c2954c0113~tplv-tiktokx-cropcenter:100:100.jpg?dr=9640&refresh_token=f5b3c483&x-expires=1771329600&x-signature=%2FjOEUN3r9C33WK9Co7KSjC3SKJc%3D&t=4d5b0474&ps=13740610&shp=30310797&shcp=ff37627b&idc=useast5","7369899999167857441","1715938603","2024-05-17T09:36:43.000Z",,,,,,,,,"0","https://www.tiktok.com/@nachter/video/7357337111676079392?_r=1&_t=ZN-93r9JxE2rN0","false",,,"false",,"0","https://www.tiktok.com/@nachter/video/7357337111676079392?_r=1&_t=ZN-93r9JxE2rN0","Yo he querido donar y me ponen pegas por el peso .","7061600202629596165","pamelalope08","https://www.tiktok.com/@nachter/video/7357337111676079392"
"https://p16-common-sign.tiktokcdn-us.com/tos-maliva-avt-0068/0af965412cd55859c5db0d696542f318~tplv-tiktokx-cropcenter:100:100.jpg?dr=9640&refresh_token=c054d66c&x-expires=1771329600&x-signature=l40gawcs079CFaHGb%2FspIxsF1YM%3D&t=4d5b0474&ps=13740610&shp=30310797&shcp=ff37627b&idc=useast5","7360393209544065797","1713725103","2024-04-21T18:45:03.000Z",,,,,,,,,"0","https://www.tiktok.com/@nachter/video/7357337111676079392?_r=1&_t=ZN-93r9JxE2rN0","false",,,"false",,"0","https://www.tiktok.com/@nachter/video/7357337111676079392?_r=1&_t=ZN-93r9JxE2rN0","😂😂😂","7261649067250385926","jazz1111111","https://www.tiktok.com/@nachter/video/7357337111676079392"
"https://p16-common-sign.tiktokcdn-us.com/tos-useast2a-avt-0068-euttp/2fb267a451430b44b4bacf7ae1ad9b59~tplv-tiktokx-cropcenter:100:100.jpg?dr=9640&refresh_token=a5ed0a0e&x-expires=1771329600&x-signature=F9PApn8kuwIrPcbqwW9aXzcdCm8%3D&t=4d5b0474&ps=13740610&shp=30310797&shcp=ff37627b&idc=useast5","7359695621920932641","1713562707","2024-04-19T21:38:27.000Z",,,,,,,,,"0","https://www.tiktok.com/@nachter/video/7357337111676079392?_r=1&_t=ZN-93r9JxE2rN0","false",,,"false",,"0","https://www.tiktok.com/@nachter/video/7357337111676079392?_r=1&_t=ZN-93r9JxE2rN0","🤣🤣🤣","7263208344244405280","user93094854281284","https://www.tiktok.com/@nachter/video/7357337111676079392"
"https://p16-common-sign.tiktokcdn-us.com/musically-maliva-obj/1594805258216454~tplv-tiktokx-cropcenter:100:100.jpg?dr=9640&refresh_token=f231bd68&x-expires=1771329600&x-signature=b7JYUqWvA9lKsD3%2BfjosG9k8G%2BY%3D&t=4d5b0474&ps=13740610&shp=30310797&shcp=ff37627b&idc=useast5","7359800428131369734","1713587085","2024-04-20T04:24:45.000Z",,,,,,,,,"0","https://www.tiktok.com/@nachter/video/7357337111676079392?_r=1&_t=ZN-93r9JxE2rN0","false",,,"false",,"0","https://www.tiktok.com/@nachter/video/7357337111676079392?_r=1&_t=ZN-93r9JxE2rN0","😂😂😂","7120610063748858885","gabygoroz","https://www.tiktok.com/@nachter/video/7357337111676079392"
"https://p19-common-sign.tiktokcdn-us.com/tos-maliva-avt-0068/517fa5e3eff179eabf3917a328090259~tplv-tiktokx-cropcenter:100:100.jpg?dr=9640&refresh_token=4a670bc9&x-expires=1771329600&x-signature=o7b%2FkWwck7flu9PZZx45zy8Flvo%3D&t=4d5b0474&ps=13740610&shp=30310797&shcp=ff37627b&idc=useast5","7359949079010296582","1713621697","2024-04-20T14:01:37.000Z",,,,,,,,,"0","https://www.tiktok.com/@nachter/video/7357337111676079392?_r=1&_t=ZN-93r9JxE2rN0","false",,,"false",,"0","https://www.tiktok.com/@nachter/video/7357337111676079392?_r=1&_t=ZN-93r9JxE2rN0","españoles así que cueros, pero pienso en pique y se me olvida hasta la donación","6835014110652974086","hermoso.pecoso","https://www.tiktok.com/@nachter/video/7357337111676079392"
"https://p16-common-sign.tiktokcdn-us.com/tos-maliva-avt-0068/7351068959386894342~tplv-tiktokx-cropcenter:100:100.jpg?dr=9640&refresh_token=f89425ac&x-expires=1771329600&x-signature=Y5uZosAphaNP9dZX5%2BvDefTBBgY%3D&t=4d5b0474&ps=13740610&shp=30310797&shcp=ff37627b&idc=useast5","7360665575474381600","1713788546","2024-04-22T12:22:26.000Z",,,,,,,,,"0","https://www.tiktok.com/@nachter/video/7357337111676079392?_r=1&_t=ZN-93r9JxE2rN0","false",,,"false",,"0","https://www.tiktok.com/@nachter/video/7357337111676079392?_r=1&_t=ZN-93r9JxE2rN0","😂😂😂😂😂😂😂","7050639729809409030","nenacecilia63","https://www.tiktok.com/@nachter/video/7357337111676079392"
"https://p16-common-sign.tiktokcdn-us.com/tos-alisg-avt-0068/dd0fb90cc788ba42cb68a89ca40f5940~tplv-tiktokx-cropcenter:100:100.jpg?dr=9640&refresh_token=6b5b4b6f&x-expires=1771329600&x-signature=86gYaUr9pvV%2BjtBs2c1N4Lp26nc%3D&t=4d5b0474&ps=13740610&shp=30310797&shcp=ff37627b&idc=useast5","7360918637216236293","1713847445","2024-04-23T04:44:05.000Z",,,,,,,,,"0","https://www.tiktok.com/@nachter/video/7357337111676079392?_r=1&_t=ZN-93r9JxE2rN0","false",,,"false",,"0","https://www.tiktok.com/@nachter/video/7357337111676079392?_r=1&_t=ZN-93r9JxE2rN0","pues ya desmayado se le puede sacar la sangre jajajajajaa","6963316929905935365","santiago_arellano1606","https://www.tiktok.com/@nachter/video/7357337111676079392"
"https://p16-common-sign.tiktokcdn-us.com/tos-maliva-avt-0068/3c697e3583e658483d45df3b0f894791~tplv-tiktokx-cropcenter:100:100.jpg?dr=9640&refresh_token=a64f9553&x-expires=1771329600&x-signature=Sx1aNVYQhFq32r3Y%2BMwZySSasNY%3D&t=4d5b0474&ps=13740610&shp=30310797&shcp=ff37627b&idc=useast5","7473333162656547639","1740021007","2025-02-20T03:10:07.000Z",,,,,,,,,"0","https://www.tiktok.com/@nachter/video/7357337111676079392?_r=1&_t=ZN-93r9JxE2rN0","false",,,"false",,"0","https://www.tiktok.com/@nachter/video/7357337111676079392?_r=1&_t=ZN-93r9JxE2rN0","🥰","7030809246078125062","dereck_alessandro","https://www.tiktok.com/@nachter/video/7357337111676079392"
"https://p16-common-sign.tiktokcdn-us.com/tos-maliva-avt-0068/f40833352884b98c2b5e1ff1f60fc9b1~tplv-tiktokx-cropcenter:100:100.jpg?dr=9640&refresh_token=f930751c&x-expires=1771329600&x-signature=Us6uCnn4IB64LkjruxL8Qh83Qpc%3D&t=4d5b0474&ps=13740610&shp=30310797&shcp=ff37627b&idc=useast5","7502184440790795026","1746738477","2025-05-08T21:07:57.000Z",,,,,,,,,"0","https://www.tiktok.com/@nachter/video/7357337111676079392?_r=1&_t=ZN-93r9JxE2rN0","false",,,"false",,"0","https://www.tiktok.com/@nachter/video/7357337111676079392?_r=1&_t=ZN-93r9JxE2rN0","😂😂😂","6809078516816544773","ktrodriguez0","https://www.tiktok.com/@nachter/video/7357337111676079392"
"https://p16-common-sign.tiktokcdn-us.com/tos-maliva-avt-0068/7216194408549941253~tplv-tiktokx-cropcenter:100:100.jpg?dr=9640&refresh_token=7b9282eb&x-expires=1771329600&x-signature=fYy8NsE2iCSgpozkn4mhMmzB0Jo%3D&t=4d5b0474&ps=13740610&shp=30310797&shcp=ff37627b&idc=useast5","7507826920119304968","1748052187","2025-05-24T02:03:07.000Z",,,,,,,,,"0","https://www.tiktok.com/@nachter/video/7357337111676079392?_r=1&_t=ZN-93r9JxE2rN0","false",,,"false",,"0","https://www.tiktok.com/@nachter/video/7357337111676079392?_r=1&_t=ZN-93r9JxE2rN0","😂","7216193817186632710","adelatello516","https://www.tiktok.com/@nachter/video/7357337111676079392"
"https://p16-common-sign.tiktokcdn-us.com/tos-maliva-avt-0068/7326561681734107141~tplv-tiktokx-cropcenter:100:100.jpg?dr=9640&refresh_token=1ae38149&x-expires=1771329600&x-signature=Au8RHE2R%2Fv4SxgbpXGZ4W3Fq6ms%3D&t=4d5b0474&ps=13740610&shp=30310797&shcp=ff37627b&idc=useast5","7513796322881962758","1749442052","2025-06-09T04:07:32.000Z",,,,,,,,,"0","https://www.tiktok.com/@nachter/video/7357337111676079392?_r=1&_t=ZN-93r9JxE2rN0","false",,,"false",,"0","https://www.tiktok.com/@nachter/video/7357337111676079392?_r=1&_t=ZN-93r9JxE2rN0","😳","7018199752668070918","jesusfalcon97","https://www.tiktok.com/@nachter/video/7357337111676079392"
"https://p16-common-sign.tiktokcdn-us.com/tos-maliva-avt-0068/07d6671c15ced0fd1326fb0f14ab8eae~tplv-tiktokx-cropcenter:100:100.jpg?dr=9640&refresh_token=40423908&x-expires=1771329600&x-signature=aUbbFmQcYR2SBo2OkGSpTMUU0sg%3D&t=4d5b0474&ps=13740610&shp=30310797&shcp=ff37627b&idc=useast5","7472013397246116614","1739713721","2025-02-16T13:48:41.000Z",,,,,,,,,"0","https://www.tiktok.com/@nachter/video/7357337111676079392?_r=1&_t=ZN-93r9JxE2rN0","false",,,"false",,"0","https://www.tiktok.com/@nachter/video/7357337111676079392?_r=1&_t=ZN-93r9JxE2rN0","💗","7303782236775941125","fede.r2689","https://www.tiktok.com/@nachter/video/7357337111676079392"
"https://p16-common-sign.tiktokcdn-us.com/tos-useast2a-avt-0068-euttp/9c34600df359468282d86315e95787e7~tplv-tiktokx-cropcenter:100:100.jpg?dr=9640&refresh_token=ee4561a6&x-expires=1771329600&x-signature=INTSjXyXu2Pt0RqsKh%2FW4eHz0NE%3D&t=4d5b0474&ps=13740610&shp=30310797&shcp=ff37627b&idc=useast5","7357345084008465185","1713015418","2024-04-13T13:36:58.000Z",,,,,,,,,"1","https://www.tiktok.com/@nachter/video/7357337111676079392?_r=1&_t=ZN-93r9JxE2rN0","false",,,,"7357340234529358624",,"https://www.tiktok.com/@nachter/video/7357337111676079392?_r=1&_t=ZN-93r9JxE2rN0","Salvas vidas 😁","6797670369038910469","n_ferrer_","https://www.tiktok.com/@nachter/video/7357337111676079392"
"https://p16-common-sign.tiktokcdn-us.com/tos-alisg-avt-0068/e79acfac2df63b11bf99573c65a424ce~tplv-tiktokx-cropcenter:100:100.jpg?dr=9640&refresh_token=21be5829&x-expires=1771329600&x-signature=pUDAiNZi2SYiIP1R4JTKSgbuEUI%3D&t=4d5b0474&ps=13740610&shp=30310797&shcp=ff37627b&idc=useast5","7438849025950827320","1731992046","2024-11-19T04:54:06.000Z",,,,,,,,,"0","https://www.tiktok.com/@nachter/video/7357337111676079392?_r=1&_t=ZN-93r9JxE2rN0","false",,,"false",,"0","https://www.tiktok.com/@nachter/video/7357337111676079392?_r=1&_t=ZN-93r9JxE2rN0","😂😂😂","7417662529303856133","uziel7370","https://www.tiktok.com/@nachter/video/7357337111676079392"
"https://p16-common-sign.tiktokcdn-us.com/tos-maliva-avt-0068/dfd00f87828d6dfd1e9f92ec1e6da421~tplv-tiktokx-cropcenter:100:100.jpg?dr=9640&refresh_token=fe54de2e&x-expires=1771329600&x-signature=J%2Fw1K%2BfNXHCANisS7n%2BTGLqQhiA%3D&t=4d5b0474&ps=13740610&shp=30310797&shcp=ff37627b&idc=useast5","7359685371704099590","1713560298","2024-04-19T20:58:18.000Z",,,,,,,,,"0","https://www.tiktok.com/@nachter/video/7357337111676079392?_r=1&_t=ZN-93r9JxE2rN0","false",,,"false",,"0","https://www.tiktok.com/@nachter/video/7357337111676079392?_r=1&_t=ZN-93r9JxE2rN0","tambien se deberia de tocar mas el tema de la donacion de organos , 1 cuerpo podria salvar varias vidas 💖","7154774596066722822","leon._2001","https://www.tiktok.com/@nachter/video/7357337111676079392"
"https://p16-common-sign.tiktokcdn-us.com/tos-maliva-avt-0068/7177265773482606597~tplv-tiktokx-cropcenter:100:100.jpg?dr=9640&refresh_token=2461677e&x-expires=1771329600&x-signature=rCeJ56T6dg9ckNy2vzp1km%2FBsEg%3D&t=4d5b0474&ps=13740610&shp=30310797&shcp=ff37627b&idc=useast5","7460346829533594373","1736997398","2025-01-16T03:16:38.000Z",,,,,,,,,"0","https://www.tiktok.com/@nachter/video/7357337111676079392?_r=1&_t=ZN-93r9JxE2rN0","false",,,"false",,"0","https://www.tiktok.com/@nachter/video/7357337111676079392?_r=1&_t=ZN-93r9JxE2rN0","😂😂😂","7157248767849317382","maria.alicia.perales","https://www.tiktok.com/@nachter/video/7357337111676079392"
"https://p16-common-sign.tiktokcdn-us.com/tos-maliva-avt-0068/3777d43fa8abf1f82137bc794b952042~tplv-tiktokx-cropcenter:100:100.jpg?dr=9640&refresh_token=c90d41a3&x-expires=1771329600&x-signature=27rIHKfjqSC6xdRVVmRbBhp6MMM%3D&t=4d5b0474&ps=13740610&shp=30310797&shcp=ff37627b&idc=useast5","7462237212266087175","1737437522","2025-01-21T05:32:02.000Z",,,,,,,,,"0","https://www.tiktok.com/@nachter/video/7357337111676079392?_r=1&_t=ZN-93r9JxE2rN0","false",,,"false",,"0","https://www.tiktok.com/@nachter/video/7357337111676079392?_r=1&_t=ZN-93r9JxE2rN0","🤣🤣🤣","7143353902342325253","marcelagalvis398","https://www.tiktok.com/@nachter/video/7357337111676079392"
"https://p16-common-sign.tiktokcdn-us.com/tos-alisg-avt-0068/221dae1b2ddfe485b3316ae42c41ac37~tplv-tiktokx-cropcenter:100:100.jpg?dr=9640&refresh_token=eb8ff54a&x-expires=1771329600&x-signature=PcASCfxTHKvk43rnduJMtZqgZ%2Bo%3D&t=4d5b0474&ps=13740610&shp=30310797&shcp=ff37627b&idc=useast5","7468798587689796357","1738965219","2025-02-07T21:53:39.000Z",,,,,,,,,"0","https://www.tiktok.com/@nachter/video/7357337111676079392?_r=1&_t=ZN-93r9JxE2rN0","false",,,"false",,"0","https://www.tiktok.com/@nachter/video/7357337111676079392?_r=1&_t=ZN-93r9JxE2rN0","saben por qué son así ahora no?","7151149857800487941","miriam_j.pi","https://www.tiktok.com/@nachter/video/7357337111676079392"
"https://p16-common-sign.tiktokcdn-us.com/tos-alisg-avt-0068/1aa0e75542dbbe2b071beaa8d2e3e4e7~tplv-tiktokx-cropcenter:100:100.jpg?dr=9640&refresh_token=5540d22c&x-expires=1771329600&x-signature=ybVw9MutGB1HXqnwnZjSTnJZvtE%3D&t=4d5b0474&ps=13740610&shp=30310797&shcp=ff37627b&idc=useast5","7471662976078316294","1739632137","2025-02-15T15:08:57.000Z",,,,,,,,,"0","https://www.tiktok.com/@nachter/video/7357337111676079392?_r=1&_t=ZN-93r9JxE2rN0","false",,,"false",,"0","https://www.tiktok.com/@nachter/video/7357337111676079392?_r=1&_t=ZN-93r9JxE2rN0","🙈","6812088487261586437","rod._.vzt","https://www.tiktok.com/@nachter/video/7357337111676079392"
"https://p16-common-sign.tiktokcdn-us.com/tos-useast2a-avt-0068-euttp/9ab8b0acca7b228979dd85e79c05a3d2~tplv-tiktokx-cropcenter:100:100.jpg?dr=9640&refresh_token=0bc252fa&x-expires=1771329600&x-signature=uEiM3pzNxbnAtAND6kKPM9Xug3Q%3D&t=4d5b0474&ps=13740610&shp=30310797&shcp=ff37627b&idc=useast5","7358558571884675873","1713297953","2024-04-16T20:05:53.000Z",,,,,,,,,"0","https://www.tiktok.com/@nachter/video/7357337111676079392?_r=1&_t=ZN-93r9JxE2rN0","false",,,"false",,"0","https://www.tiktok.com/@nachter/video/7357337111676079392?_r=1&_t=ZN-93r9JxE2rN0","los de los 80 no le darían gratis nada a nadie","7167140955001750533","many3dtutoriales","https://www.tiktok.com/@nachter/video/7357337111676079392"
"https://p16-common-sign.tiktokcdn-us.com/tos-maliva-avt-0068/e2056af72594b358081d88e8c7b06ecd~tplv-tiktokx-cropcenter:100:100.jpg?dr=9640&refresh_token=8f5dcaa0&x-expires=1771329600&x-signature=qyWERRWDlslMdEkaPwT64grMJSI%3D&t=4d5b0474&ps=13740610&shp=30310797&shcp=ff37627b&idc=useast5","7358359090878448417","1713251531","2024-04-16T07:12:11.000Z",,,,,,,,,"0","https://www.tiktok.com/@nachter/video/7357337111676079392?_r=1&_t=ZN-93r9JxE2rN0","false",,,"false",,"0","https://www.tiktok.com/@nachter/video/7357337111676079392?_r=1&_t=ZN-93r9JxE2rN0","😂😂😂","6954068751734965254","www.tiktok.celia1981","https://www.tiktok.com/@nachter/video/7357337111676079392"
"https://p16-common-sign.tiktokcdn-us.com/tos-maliva-avt-0068/98ff0fd6dbd1d67a9121cb0dc242ca30~tplv-tiktokx-cropcenter:100:100.jpg?dr=9640&refresh_token=e22b1219&x-expires=1771329600&x-signature=VWDfPs0Zoj3c7HAxMfQP2%2BSwfL0%3D&t=4d5b0474&ps=13740610&shp=30310797&shcp=ff37627b&idc=useast5","7358454221199688453","1713273647","2024-04-16T13:20:47.000Z",,,,,,,,,"0","https://www.tiktok.com/@nachter/video/7357337111676079392?_r=1&_t=ZN-93r9JxE2rN0","false",,,"false",,"0","https://www.tiktok.com/@nachter/video/7357337111676079392?_r=1&_t=ZN-93r9JxE2rN0","😂😂😂😂😂","7063536245012055045","drreinaldovargascp","https://www.tiktok.com/@nachter/video/7357337111676079392"
"https://p19-common-sign.tiktokcdn-us.com/tos-maliva-avt-0068/7066136762300497925~tplv-tiktokx-cropcenter:100:100.jpg?dr=9640&refresh_token=358a1172&x-expires=1771329600&x-signature=CDzEIHpYYV0RqayHZca9ZJLvj04%3D&t=4d5b0474&ps=13740610&shp=30310797&shcp=ff37627b&idc=useast5","7358473752222958368","1713278200","2024-04-16T14:36:40.000Z",,,,,,,,,"0","https://www.tiktok.com/@nachter/video/7357337111676079392?_r=1&_t=ZN-93r9JxE2rN0","false",,,"false",,"0","https://www.tiktok.com/@nachter/video/7357337111676079392?_r=1&_t=ZN-93r9JxE2rN0","👍🏻👍🏻👍🏻👍🏻👍🏻👏👏👏👏👏","7066135293644112901","blancasordo826","https://www.tiktok.com/@nachter/video/7357337111676079392"
"https://p77-sign-va.tiktokcdn.com/tos-maliva-avt-0068/7324186021121163269~tplv-tiktokx-cropcenter:100:100.jpg?dr=14579&refresh_token=fd267c28&x-expires=1771329600&x-signature=PQyzKKOuNln%2F4M%2BzvCll0BTROgU%3D&t=4d5b0474&ps=13740610&shp=30310797&shcp=ff37627b&idc=my2","7357624807892927265","1713080556","2024-04-14T07:42:36.000Z",,,,,,,,,"0","https://www.tiktok.com/@nachter/video/7357337111676079392?_r=1&_t=ZN-93r9JxE2rN0","false",,,"false",,"0","https://www.tiktok.com/@nachter/video/7357337111676079392?_r=1&_t=ZN-93r9JxE2rN0","me encantaría donar pero hay que cumplir requisitos","6640507400417886213","martadrm3","https://www.tiktok.com/@nachter/video/7357337111676079392"
"https://p77-sign-va.tiktokcdn.com/tos-maliva-avt-0068/7330648693450866693~tplv-tiktokx-cropcenter:100:100.jpg?dr=14579&refresh_token=b1b77de7&x-expires=1771329600&x-signature=sHd826et0KmRToQhzbknhO81T4s%3D&t=4d5b0474&ps=13740610&shp=30310797&shcp=ff37627b&idc=my2","7357588218751206149","1713072014","2024-04-14T05:20:14.000Z",,,,,,,,,"0","https://www.tiktok.com/@nachter/video/7357337111676079392?_r=1&_t=ZN-93r9JxE2rN0","false",,,"false",,"0","https://www.tiktok.com/@nachter/video/7357337111676079392?_r=1&_t=ZN-93r9JxE2rN0","yo quiero donar pero le tengo fobia a las agujas 🥲","6805545675557340166","josephcb08","https://www.tiktok.com/@nachter/video/7357337111676079392"
"https://p77-sign-va.tiktokcdn.com/tos-maliva-avt-0068/5b8d16a8fb56d524b545ac3a6806264f~tplv-tiktokx-cropcenter:100:100.jpg?dr=14579&refresh_token=4657c16b&x-expires=1771329600&x-signature=t22RfEzNpDfsD7MB3gqvb7p%2FbZE%3D&t=4d5b0474&ps=13740610&shp=30310797&shcp=ff37627b&idc=my2","7357583566236680965","1713070932","2024-04-14T05:02:12.000Z",,,,,,,,,"0","https://www.tiktok.com/@nachter/video/7357337111676079392?_r=1&_t=ZN-93r9JxE2rN0","false",,,"false",,"0","https://www.tiktok.com/@nachter/video/7357337111676079392?_r=1&_t=ZN-93r9JxE2rN0","😂😂😂eres estupendo... 😳😳ansiedad!!!!","6882549445219025922","merecita_7","https://www.tiktok.com/@nachter/video/7357337111676079392"
"https://p77-sign-va.tiktokcdn.com/tos-maliva-avt-0068/7118020934469320710~tplv-tiktokx-cropcenter:100:100.jpg?dr=14579&refresh_token=8b4f3da5&x-expires=1771329600&x-signature=NX1xKTGUtK0JkkyRX9tW9KcdLNw%3D&t=4d5b0474&ps=13740610&shp=30310797&shcp=ff37627b&idc=my2","7357542925490733830","1713061472","2024-04-14T02:24:32.000Z",,,,,,,,,"0","https://www.tiktok.com/@nachter/video/7357337111676079392?_r=1&_t=ZN-93r9JxE2rN0","false",,,"false",,"0","https://www.tiktok.com/@nachter/video/7357337111676079392?_r=1&_t=ZN-93r9JxE2rN0","Jajajaja","7085133693421044741","lucymg1210","https://www.tiktok.com/@nachter/video/7357337111676079392"
"https://p77-sign-sg.tiktokcdn.com/tos-alisg-avt-0068/00774b5a30b329a96d32d899f08c30b1~tplv-tiktokx-cropcenter:100:100.jpg?dr=14579&refresh_token=6cbb50dc&x-expires=1771329600&x-signature=AzJSkzX0P8IKJGPdK8ZwJhlMdww%3D&t=4d5b0474&ps=13740610&shp=30310797&shcp=ff37627b&idc=my2","7357544507700101894","1713061844","2024-04-14T02:30:44.000Z",,,,,,,,,"0","https://www.tiktok.com/@nachter/video/7357337111676079392?_r=1&_t=ZN-93r9JxE2rN0","false",,,"false",,"0","https://www.tiktok.com/@nachter/video/7357337111676079392?_r=1&_t=ZN-93r9JxE2rN0","Exactamente así es!!!","6976354688627360773","maurirega01","https://www.tiktok.com/@nachter/video/7357337111676079392"
"https://p77-sign-va.tiktokcdn.com/musically-maliva-obj/1594805258216454~tplv-tiktokx-cropcenter:100:100.jpg?dr=14579&refresh_token=e31abd02&x-expires=1771329600&x-signature=JaOZEvvsJGZD1MfAfkPZLnJ6954%3D&t=4d5b0474&ps=13740610&shp=30310797&shcp=ff37627b&idc=my2","7357563453094347526","1713066253","2024-04-14T03:44:13.000Z",,,,,,,,,"0","https://www.tiktok.com/@nachter/video/7357337111676079392?_r=1&_t=ZN-93r9JxE2rN0","false",,,"false",,"0","https://www.tiktok.com/@nachter/video/7357337111676079392?_r=1&_t=ZN-93r9JxE2rN0","en tres ocasiones quise donar sangre para personas hospitalizadas pero tengo plaquetas bajas, el sig...😞","7148818692884775941","user7692858105709","https://www.tiktok.com/@nachter/video/7357337111676079392"
"https://p77-sign-va.tiktokcdn.com/tos-maliva-avt-0068/05d64bb13aa378d0a4c424a0a27e2cb9~tplv-tiktokx-cropcenter:100:100.jpg?dr=14579&refresh_token=3d1dd606&x-expires=1771329600&x-signature=sx%2Bw3uPvV%2B5z8cWlUTDSM5HCTZk%3D&t=4d5b0474&ps=13740610&shp=30310797&shcp=ff37627b&idc=my2","7357522170304316165","1713058940","2024-04-14T01:42:20.000Z",,,,,,,,,"0","https://www.tiktok.com/@nachter/video/7357337111676079392?_r=1&_t=ZN-93r9JxE2rN0","false",,,"false",,"0","https://www.tiktok.com/@nachter/video/7357337111676079392?_r=1&_t=ZN-93r9JxE2rN0","excelente","6801558818830205958","jorgev.ballester","https://www.tiktok.com/@nachter/video/7357337111676079392"
"https://p16-sign-va.tiktokcdn.com/tos-maliva-avt-0068/7089953627083571205~tplv-tiktokx-cropcenter:100:100.jpg?dr=14579&refresh_token=fbf3774d&x-expires=1771329600&x-signature=2wMLsRLUgFyd4H0MRAYIq7xcrTA%3D&t=4d5b0474&ps=13740610&shp=30310797&shcp=ff37627b&idc=my2","7357515854642545413","1713055166","2024-04-14T00:39:26.000Z",,,,,,,,,"0","https://www.tiktok.com/@nachter/video/7357337111676079392?_r=1&_t=ZN-93r9JxE2rN0","false",,,"false",,"0","https://www.tiktok.com/@nachter/video/7357337111676079392?_r=1&_t=ZN-93r9JxE2rN0","yo fui donante mucho tiempo","7089084486381880326","lulita170816","https://www.tiktok.com/@nachter/video/7357337111676079392"
"https://p77-sign-sg.tiktokcdn.com/tos-alisg-avt-0068/435a671c6141827e6f832cf37a0bac35~tplv-tiktokx-cropcenter:100:100.jpg?dr=14579&refresh_token=3f831def&x-expires=1771329600&x-signature=xbsu0IvHh3pyfPHCIo4Ah4wDXyQ%3D&t=4d5b0474&ps=13740610&shp=30310797&shcp=ff37627b&idc=my2","7357526399894504198","1713057621","2024-04-14T01:20:21.000Z",,,,,,,,,"0","https://www.tiktok.com/@nachter/video/7357337111676079392?_r=1&_t=ZN-93r9JxE2rN0","false",,,"false",,"0","https://www.tiktok.com/@nachter/video/7357337111676079392?_r=1&_t=ZN-93r9JxE2rN0","Jaja la de veses que he visto una aguja","7314152274874926086","el_enano_john28","https://www.tiktok.com/@nachter/video/7357337111676079392"
"https://p77-sign-va.tiktokcdn.com/tos-maliva-avt-0068/515a2e2548b53deb9b777ef28561bec9~tplv-tiktokx-cropcenter:100:100.jpg?dr=14579&refresh_token=b6403b33&x-expires=1771329600&x-signature=b7H%2FrrNk46gcp%2BoNY%2Fo0vZyw9Y0%3D&t=4d5b0474&ps=13740610&shp=30310797&shcp=ff37627b&idc=my2","7357508085781234438","1713053361","2024-04-14T00:09:21.000Z",,,,,,,,,"0","https://www.tiktok.com/@nachter/video/7357337111676079392?_r=1&_t=ZN-93r9JxE2rN0","false",,,"false",,"0","https://www.tiktok.com/@nachter/video/7357337111676079392?_r=1&_t=ZN-93r9JxE2rN0","alguien con 14 años puede donar sangre en España porque acá en Argentina no solo mayores de 18","6900662945118766086","luthiermedieval","https://www.tiktok.com/@nachter/video/7357337111676079392"
"https://p77-sign-va.tiktokcdn.com/tos-maliva-avt-0068/aeaf8c88d3c36da17682e9c44cb7f962~tplv-tiktokx-cropcenter:100:100.jpg?dr=14579&refresh_token=4404d2b3&x-expires=1771329600&x-signature=dXP31kewhDB0wx4AtLP5OipUiYM%3D&t=4d5b0474&ps=13740610&shp=30310797&shcp=ff37627b&idc=my2","7357480898441708294","1713047037","2024-04-13T22:23:57.000Z",,,,,,,,,"0","https://www.tiktok.com/@nachter/video/7357337111676079392?_r=1&_t=ZN-93r9JxE2rN0","false",,,"false",,"0","https://www.tiktok.com/@nachter/video/7357337111676079392?_r=1&_t=ZN-93r9JxE2rN0","Totalmente de acuerdo","7189396055586063365","luisaline.yo","https://www.tiktok.com/@nachter/video/7357337111676079392"
"https://p77-sign-sg.tiktokcdn.com/tos-alisg-avt-0068/de3dce2ef275bd5f5cd8128e35067a58~tplv-tiktokx-cropcenter:100:100.jpg?dr=14579&refresh_token=42b26a32&x-expires=1771329600&x-signature=SS9JZz%2Fs53LJfQhyjHoRy3%2FkuUw%3D&t=4d5b0474&ps=13740610&shp=30310797&shcp=ff37627b&idc=my2","7357484756025852677","1713047925","2024-04-13T22:38:45.000Z",,,,,,,,,"0","https://www.tiktok.com/@nachter/video/7357337111676079392?_r=1&_t=ZN-93r9JxE2rN0","false",,,"false",,"0","https://www.tiktok.com/@nachter/video/7357337111676079392?_r=1&_t=ZN-93r9JxE2rN0","yo tenía toda la voluntad de donar y no me dejaron porque tenía una cirugía del corazón :'v","6556749258417111046","mitsui_2019","https://www.tiktok.com/@nachter/video/7357337111676079392"
"https://p77-sign-va.tiktokcdn.com/tos-maliva-avt-0068/d56af9edf61e12855785c08e186a7c03~tplv-tiktokx-cropcenter:100:100.jpg?dr=14579&refresh_token=845936fe&x-expires=1771329600&x-signature=w1nfw7ypOYR%2F%2B1THWWh2o1mKl6Y%3D&t=4d5b0474&ps=13740610&shp=30310797&shcp=ff37627b&idc=my2","7357477256228913926","1713046181","2024-04-13T22:09:41.000Z",,,,,,,,,"0","https://www.tiktok.com/@nachter/video/7357337111676079392?_r=1&_t=ZN-93r9JxE2rN0","false",,,"false",,"0","https://www.tiktok.com/@nachter/video/7357337111676079392?_r=1&_t=ZN-93r9JxE2rN0","no puedo donar, nunca llego con el peso minimo🥺😭","6818061941597504518","rosihughera","https://www.tiktok.com/@nachter/video/7357337111676079392"
"https://p77-sign-va.tiktokcdn.com/tos-maliva-avt-0068/7330198524589506566~tplv-tiktokx-cropcenter:100:100.jpg?dr=14579&refresh_token=d2d7d337&x-expires=1771329600&x-signature=BZDYWjATO4uuQWx6xKTgI37LU%2Fg%3D&t=4d5b0474&ps=13740610&shp=30310797&shcp=ff37627b&idc=my2","7357481443520217861","1713047156","2024-04-13T22:25:56.000Z",,,,,,,,,"0","https://www.tiktok.com/@nachter/video/7357337111676079392?_r=1&_t=ZN-93r9JxE2rN0","false",,,"false",,"0","https://www.tiktok.com/@nachter/video/7357337111676079392?_r=1&_t=ZN-93r9JxE2rN0","espectacular","6834495608184144902","jorgevilachan","https://www.tiktok.com/@nachter/video/7357337111676079392"
"https://p77-sign-va.tiktokcdn.com/tos-maliva-avt-0068/94b82dc8797f182b7ace768890e461b0~tplv-tiktokx-cropcenter:100:100.jpg?dr=14579&refresh_token=c0d4264a&x-expires=1771329600&x-signature=h9JQXlQIGkW0weYg6uLo8hkT0pY%3D&t=4d5b0474&ps=13740610&shp=30310797&shcp=ff37627b&idc=my2","7357475283995886342","1713045721","2024-04-13T22:02:01.000Z",,,,,,,,,"0","https://www.tiktok.com/@nachter/video/7357337111676079392?_r=1&_t=ZN-93r9JxE2rN0","false",,,"false",,"0","https://www.tiktok.com/@nachter/video/7357337111676079392?_r=1&_t=ZN-93r9JxE2rN0","Excelente 👏👏👏👏","7157030376292385798","olganavarrote","https://www.tiktok.com/@nachter/video/7357337111676079392"
"https://p77-sign-va.tiktokcdn.com/tos-maliva-avt-0068/7d6f32147e23c852c8efddf59582a47d~tplv-tiktokx-cropcenter:100:100.jpg?dr=14579&refresh_token=6051e247&x-expires=1771329600&x-signature=8cEs%2BOqC1maidb1LIcHTVU9AaEE%3D&t=4d5b0474&ps=13740610&shp=30310797&shcp=ff37627b&idc=my2","7357478201646564101","1713048915","2024-04-13T22:55:15.000Z",,,,,,,,,"0","https://www.tiktok.com/@nachter/video/7357337111676079392?_r=1&_t=ZN-93r9JxE2rN0","false",,,"false",,"0","https://www.tiktok.com/@nachter/video/7357337111676079392?_r=1&_t=ZN-93r9JxE2rN0","TIENES RAZON, QUE CARA TAN ESPECIAL Y GRACIOSA Q TIENES. GRACIAS","6876930426150142982","beatrizm1234","https://www.tiktok.com/@nachter/video/7357337111676079392"
"https://p77-sign-va.tiktokcdn.com/tos-maliva-avt-0068/7239136295253884934~tplv-tiktokx-cropcenter:100:100.jpg?dr=14579&refresh_token=af6b71dc&x-expires=1771329600&x-signature=UovYGrwpUMhoCucCMJ%2BgyuFGZRw%3D&t=4d5b0474&ps=13740610&shp=30310797&shcp=ff37627b&idc=my2","7357484493198770949","1713047868","2024-04-13T22:37:48.000Z",,,,,,,,,"0","https://www.tiktok.com/@nachter/video/7357337111676079392?_r=1&_t=ZN-93r9JxE2rN0","false",,,"false",,"0","https://www.tiktok.com/@nachter/video/7357337111676079392?_r=1&_t=ZN-93r9JxE2rN0","Si algún día voy a Valencia, me encantaría conocerlo🤗👍","7239135425561543686","dinagu67","https://www.tiktok.com/@nachter/video/7357337111676079392"
"https://p77-sign-va.tiktokcdn.com/tos-maliva-avt-0068/3f020b07b9ea50886c6e1e99e01ea57c~tplv-tiktokx-cropcenter:100:100.jpg?dr=14579&refresh_token=000fb7f1&x-expires=1771329600&x-signature=NHDNGivxGNmztJbPyKYOcCjrOzQ%3D&t=4d5b0474&ps=13740610&shp=30310797&shcp=ff37627b&idc=my2","7357473014212133664","1713045214","2024-04-13T21:53:34.000Z",,,,,,,,,"0","https://www.tiktok.com/@nachter/video/7357337111676079392?_r=1&_t=ZN-93r9JxE2rN0","false",,,"false",,"0","https://www.tiktok.com/@nachter/video/7357337111676079392?_r=1&_t=ZN-93r9JxE2rN0","yo soy donante de sangre y de organos🌸🌸🌸","6786966079837570053","eloraculodero","https://www.tiktok.com/@nachter/video/7357337111676079392"
"https://p16-common-sign.tiktokcdn-us.com/tos-maliva-avt-0068/a7708b5c70ff22e6bebd046dd42f8be0~tplv-tiktokx-cropcenter:100:100.jpg?dr=9640&refresh_token=2f63cbaa&x-expires=1771329600&x-signature=H5skcXvzHMKSIFChP2L388lhbRk%3D&t=4d5b0474&ps=13740610&shp=30310797&shcp=ff37627b&idc=useast8","7357721067660493601","1713102962","2024-04-14T13:56:02.000Z",,,,,,,,,"0","https://www.tiktok.com/@nachter/video/7357337111676079392?_r=1&_t=ZN-93r9JxE2rN0","false",,,"false",,"0","https://www.tiktok.com/@nachter/video/7357337111676079392?_r=1&_t=ZN-93r9JxE2rN0","para que? para que hagan negocio con mi sangre? paso","6829419668957709317","r_gonza17","https://www.tiktok.com/@nachter/video/7357337111676079392"
"https://p19-common-sign.tiktokcdn-us.com/tos-maliva-avt-0068/7335057163652235269~tplv-tiktokx-cropcenter:100:100.jpg?dr=9640&refresh_token=fbec3f7e&x-expires=1771329600&x-signature=T5EGOhvspCfMEaHLK5j1K1JKL44%3D&t=4d5b0474&ps=13740610&shp=30310797&shcp=ff37627b&idc=useast8","7357752827785429766","1713110337","2024-04-14T15:58:57.000Z",,,,,,,,,"0","https://www.tiktok.com/@nachter/video/7357337111676079392?_r=1&_t=ZN-93r9JxE2rN0","false",,,"false",,"0","https://www.tiktok.com/@nachter/video/7357337111676079392?_r=1&_t=ZN-93r9JxE2rN0","😂","7155961320004027397","peter_choy_abanto","https://www.tiktok.com/@nachter/video/7357337111676079392"
"https://p16-common-sign.tiktokcdn-us.com/musically-maliva-obj/1594805258216454~tplv-tiktokx-cropcenter:100:100.jpg?dr=9640&refresh_token=f231bd68&x-expires=1771329600&x-signature=b7JYUqWvA9lKsD3%2BfjosG9k8G%2BY%3D&t=4d5b0474&ps=13740610&shp=30310797&shcp=ff37627b&idc=useast8","7357763395808494378","1713112805","2024-04-14T16:40:05.000Z",,,,,,,,,"0","https://www.tiktok.com/@nachter/video/7357337111676079392?_r=1&_t=ZN-93r9JxE2rN0","false",,,"false",,"0","https://www.tiktok.com/@nachter/video/7357337111676079392?_r=1&_t=ZN-93r9JxE2rN0","😄😆😅","7126632047522743339","primaveraspring1114","https://www.tiktok.com/@nachter/video/7357337111676079392"
"https://p19-common-sign.tiktokcdn-us.com/tos-maliva-avt-0068/cf61ab22075f878c657996574f4ab584~tplv-tiktokx-cropcenter:100:100.jpg?dr=9640&refresh_token=1445ac02&x-expires=1771329600&x-signature=4%2BxBuPoBSv1oFKQ92KrHQ9aAXW0%3D&t=4d5b0474&ps=13740610&shp=30310797&shcp=ff37627b&idc=useast8","7357767818097967877","1713113827","2024-04-14T16:57:07.000Z",,,,,,,,,"0","https://www.tiktok.com/@nachter/video/7357337111676079392?_r=1&_t=ZN-93r9JxE2rN0","false",,,"false",,"0","https://www.tiktok.com/@nachter/video/7357337111676079392?_r=1&_t=ZN-93r9JxE2rN0","😂😂😂","7295964069412422661","marceladionisio00","https://www.tiktok.com/@nachter/video/7357337111676079392"
"https://p19-common-sign.tiktokcdn-us.com/tos-maliva-avt-0068/f3ba7e4097029bcec53aa5ba3b7e8bd2~tplv-tiktokx-cropcenter:100:100.jpg?dr=9640&refresh_token=4cdfd58f&x-expires=1771329600&x-signature=E1Pl2APE4c20d4dwV82u2WqTVFc%3D&t=4d5b0474&ps=13740610&shp=30310797&shcp=ff37627b&idc=useast8","7357768479938396933","1713113982","2024-04-14T16:59:42.000Z",,,,,,,,,"0","https://www.tiktok.com/@nachter/video/7357337111676079392?_r=1&_t=ZN-93r9JxE2rN0","false",,,"false",,"0","https://www.tiktok.com/@nachter/video/7357337111676079392?_r=1&_t=ZN-93r9JxE2rN0","✨✨✨","6861013695943427077","yuni77120","https://www.tiktok.com/@nachter/video/7357337111676079392"
"https://p16-common-sign.tiktokcdn-us.com/tos-useast2a-avt-0068-euttp/1efd8564ce8e744864bb0147cd60f966~tplv-tiktokx-cropcenter:100:100.jpg?dr=9640&refresh_token=0c4a330f&x-expires=1771329600&x-signature=mNWU6RSLOCbh7yC4rPXlq9RkCZY%3D&t=4d5b0474&ps=13740610&shp=30310797&shcp=ff37627b&idc=useast8","7357774388395426592","1713115369","2024-04-14T17:22:49.000Z",,,,,,,,,"0","https://www.tiktok.com/@nachter/video/7357337111676079392?_r=1&_t=ZN-93r9JxE2rN0","false",,,"false",,"0","https://www.tiktok.com/@nachter/video/7357337111676079392?_r=1&_t=ZN-93r9JxE2rN0","🤣🤣🤣","7331459910330696737","soy_polytherian","https://www.tiktok.com/@nachter/video/7357337111676079392"
"https://p16-common-sign.tiktokcdn-us.com/tos-maliva-avt-0068/fc517b1b1431fbb19c8c5b674519dc1f~tplv-tiktokx-cropcenter:100:100.jpg?dr=9640&refresh_token=ded05d71&x-expires=1771329600&x-signature=ttcs%2FrsCW1fGdU6Vqiq319fwa4U%3D&t=4d5b0474&ps=13740610&shp=30310797&shcp=ff37627b&idc=useast8","7357679009798324998","1713095993","2024-04-14T11:59:53.000Z",,,,,,,,,"0","https://www.tiktok.com/@nachter/video/7357337111676079392?_r=1&_t=ZN-93r9JxE2rN0","false",,,"false",,"0","https://www.tiktok.com/@nachter/video/7357337111676079392?_r=1&_t=ZN-93r9JxE2rN0","🤣🤣🤣🤣🤣","7153030390993880070","jjxx5625","https://www.tiktok.com/@nachter/video/7357337111676079392"
"https://p16-common-sign.tiktokcdn-us.com/tos-useast2a-avt-0068-euttp/94ef9ae0eeb71dc70705e6cd08ecc0e5~tplv-tiktokx-cropcenter:100:100.jpg?dr=9640&refresh_token=a62a6c7b&x-expires=1771329600&x-signature=CQ7SWeKo59q1Me5IyDQ5%2BBJnbUs%3D&t=4d5b0474&ps=13740610&shp=30310797&shcp=ff37627b&idc=useast8","7357700204898992929","1713098102","2024-04-14T12:35:02.000Z",,,,,,,,,"0","https://www.tiktok.com/@nachter/video/7357337111676079392?_r=1&_t=ZN-93r9JxE2rN0","false",,,"false",,"0","https://www.tiktok.com/@nachter/video/7357337111676079392?_r=1&_t=ZN-93r9JxE2rN0","si está desmayado es más fácil sacarle la sangre","7014619281220453382","luis82011","https://www.tiktok.com/@nachter/video/7357337111676079392"
"https://p19-common-sign.tiktokcdn-us.com/tos-maliva-avt-0068/0a68c5fb3d852e1c559f442230210180~tplv-tiktokx-cropcenter:100:100.jpg?dr=9640&refresh_token=d297dfaf&x-expires=1771329600&x-signature=UP2M57kNnkQbHRaXrhxrCqeERF0%3D&t=4d5b0474&ps=13740610&shp=30310797&shcp=ff37627b&idc=useast8","7357700348955411232","1713098129","2024-04-14T12:35:29.000Z",,,,,,,,,"0","https://www.tiktok.com/@nachter/video/7357337111676079392?_r=1&_t=ZN-93r9JxE2rN0","false",,,"false",,"0","https://www.tiktok.com/@nachter/video/7357337111676079392?_r=1&_t=ZN-93r9JxE2rN0","👍👍👍👏👏👏","6943562822631572485","elsapataky1","https://www.tiktok.com/@nachter/video/7357337111676079392"
"https://p16-common-sign.tiktokcdn-us.com/tos-maliva-avt-0068/7336393780633239558~tplv-tiktokx-cropcenter:100:100.jpg?dr=9640&refresh_token=da7ab6bc&x-expires=1771329600&x-signature=Bq2pXyypW2u3GgaCClk5%2BB89SpQ%3D&t=4d5b0474&ps=13740610&shp=30310797&shcp=ff37627b&idc=useast5","7358485250102854406","1713280874","2024-04-16T15:21:14.000Z",,,,,,,,,"0","https://www.tiktok.com/@nachter/video/7357337111676079392?_r=1&_t=ZN-93r9JxE2rN0","false",,,"false",,"0","https://www.tiktok.com/@nachter/video/7357337111676079392?_r=1&_t=ZN-93r9JxE2rN0","♥️","7062154929410327558","patyguadarrama177","https://www.tiktok.com/@nachter/video/7357337111676079392"
"https://p19-common-sign.tiktokcdn-us.com/tos-maliva-avt-0068/b92a426379e791d5768d7c6438252e60~tplv-tiktokx-cropcenter:100:100.jpg?dr=9640&refresh_token=c39a75e7&x-expires=1771329600&x-signature=KEP%2F71CVhe6V0hnN1Z5Jutn%2BjA8%3D&t=4d5b0474&ps=13740610&shp=30310797&shcp=ff37627b&idc=useast5","7358534753358021409","1713292401","2024-04-16T18:33:21.000Z",,,,,,,,,"0","https://www.tiktok.com/@nachter/video/7357337111676079392?_r=1&_t=ZN-93r9JxE2rN0","false",,,"false",,"0","https://www.tiktok.com/@nachter/video/7357337111676079392?_r=1&_t=ZN-93r9JxE2rN0","😂😂😂","7021258164834272261","neila78n","https://www.tiktok.com/@nachter/video/7357337111676079392"
"https://p19-common-sign.tiktokcdn-us.com/tos-maliva-avt-0068/b92a426379e791d5768d7c6438252e60~tplv-tiktokx-cropcenter:100:100.jpg?dr=9640&refresh_token=c39a75e7&x-expires=1771329600&x-signature=KEP%2F71CVhe6V0hnN1Z5Jutn%2BjA8%3D&t=4d5b0474&ps=13740610&shp=30310797&shcp=ff37627b&idc=useast5","7358534986469032736","1713292455","2024-04-16T18:34:15.000Z",,,,,,,,,"0","https://www.tiktok.com/@nachter/video/7357337111676079392?_r=1&_t=ZN-93r9JxE2rN0","false",,,"false",,"0","https://www.tiktok.com/@nachter/video/7357337111676079392?_r=1&_t=ZN-93r9JxE2rN0","♥️♥️♥️♥️","7021258164834272261","neila78n","https://www.tiktok.com/@nachter/video/7357337111676079392"
"https://p16-common-sign.tiktokcdn-us.com/tos-maliva-avt-0068/3fc3cc5087332b5cfed7010685efdf24~tplv-tiktokx-cropcenter:100:100.jpg?dr=9640&refresh_token=5c2aa2a1&x-expires=1771329600&x-signature=YNw%2BSYALSUVwiTSdOOgy4GxVck8%3D&t=4d5b0474&ps=13740610&shp=30310797&shcp=ff37627b&idc=useast5","7358353579180049185","1713250233","2024-04-16T06:50:33.000Z",,,,,,,,,"0","https://www.tiktok.com/@nachter/video/7357337111676079392?_r=1&_t=ZN-93r9JxE2rN0","false",,,"false",,"0","https://www.tiktok.com/@nachter/video/7357337111676079392?_r=1&_t=ZN-93r9JxE2rN0","😂😂😂😂","6557322538966876166","ana.h_madrid","https://www.tiktok.com/@nachter/video/7357337111676079392"
"https://p16.flipagramcdn.com/dd11464569d99a879b8df664dde77308-0a9b121ca1559178f3147375900838b9b8f34684_323449636_1504552909361-large","7358564568992531217","1713299374","2024-04-16T20:29:34.000Z",,,,,,,,,"0","https://www.tiktok.com/@nachter/video/7357337111676079392?_r=1&_t=ZN-93r9JxE2rN0","false",,,"false",,"0","https://www.tiktok.com/@nachter/video/7357337111676079392?_r=1&_t=ZN-93r9JxE2rN0","soy la que jamás se ha dejado ni se dejará sacar sangre nunca. Antes me muero, tampoco quiero sangre de nadie. Cuestiones personales, anulo cualquier maldición y que vuelva a quien las eche X 1000","6532361688564645890","user025298409","https://www.tiktok.com/@nachter/video/7357337111676079392"
"https://p16-common-sign.tiktokcdn-us.com/tos-alisg-avt-0068/669bcd5ca1ae6c287fb7b318db86dfbe~tplv-tiktokx-cropcenter:100:100.jpg?dr=9640&refresh_token=a0132e9e&x-expires=1771329600&x-signature=aLRvf4DBrqKLkyezJ%2FmBUQl1J5c%3D&t=4d5b0474&ps=13740610&shp=30310797&shcp=ff37627b&idc=useast5","7358572373421605638","1713301161","2024-04-16T20:59:21.000Z",,,,,,,,,"0","https://www.tiktok.com/@nachter/video/7357337111676079392?_r=1&_t=ZN-93r9JxE2rN0","false",,,"false",,"0","https://www.tiktok.com/@nachter/video/7357337111676079392?_r=1&_t=ZN-93r9JxE2rN0","😆😂😅😄😂","6850201217295451141","marisaperez72","https://www.tiktok.com/@nachter/video/7357337111676079392"
"https://p16-common-sign.tiktokcdn-us.com/tos-maliva-avt-0068/6e9f3df7a01ec0b9b2eeee5ed9c774b3~tplv-tiktokx-cropcenter:100:100.jpg?dr=9640&refresh_token=888e09ab&x-expires=1771329600&x-signature=6I3jNyTiDHd0rNTLMyqseEMdTHw%3D&t=4d5b0474&ps=13740610&shp=30310797&shcp=ff37627b&idc=useast5","7358637741650100998","1713316383","2024-04-17T01:13:03.000Z",,,,,,,,,"0","https://www.tiktok.com/@nachter/video/7357337111676079392?_r=1&_t=ZN-93r9JxE2rN0","false",,,"false",,"0","https://www.tiktok.com/@nachter/video/7357337111676079392?_r=1&_t=ZN-93r9JxE2rN0","a mí me saldo la vida","7327114591699158022","dayis.o.day","https://www.tiktok.com/@nachter/video/7357337111676079392"
"https://p16-common-sign.tiktokcdn-us.com/tos-maliva-avt-0068/7271817186301280261~tplv-tiktokx-cropcenter:100:100.jpg?dr=9640&refresh_token=2aadf7be&x-expires=1771329600&x-signature=I5USz8Rs4%2FVCYTvVLvhnD6T8jHg%3D&t=4d5b0474&ps=13740610&shp=30310797&shcp=ff37627b&idc=useast5","7358675453412672262","1713325159","2024-04-17T03:39:19.000Z",,,,,,,,,"0","https://www.tiktok.com/@nachter/video/7357337111676079392?_r=1&_t=ZN-93r9JxE2rN0","false",,,"false",,"0","https://www.tiktok.com/@nachter/video/7357337111676079392?_r=1&_t=ZN-93r9JxE2rN0","🤣🤣🤣🤣","7271817017048400902","user402928940","https://www.tiktok.com/@nachter/video/7357337111676079392"
"https://p16-common-sign.tiktokcdn-us.com/tos-maliva-avt-0068/7592cdfa40bfae610fe78775904745cf~tplv-tiktokx-cropcenter:100:100.jpg?dr=9640&refresh_token=daba66c3&x-expires=1771329600&x-signature=lAsuh0OOibWdSJVKSp5ntfiHy38%3D&t=4d5b0474&ps=13740610&shp=30310797&shcp=ff37627b&idc=useast5","7358233547583406853","1713222274","2024-04-15T23:04:34.000Z",,,,,,,,,"0","https://www.tiktok.com/@nachter/video/7357337111676079392?_r=1&_t=ZN-93r9JxE2rN0","false",,,"false",,"0","https://www.tiktok.com/@nachter/video/7357337111676079392?_r=1&_t=ZN-93r9JxE2rN0","🥰🥰🥰","6936723504587604998","isuyeriala","https://www.tiktok.com/@nachter/video/7357337111676079392"
"https://p16-common-sign.tiktokcdn-us.com/tos-maliva-avt-0068/d4f69c5774375765e0be5fca9bbe2200~tplv-tiktokx-cropcenter:100:100.jpg?dr=9640&refresh_token=0c662e4d&x-expires=1771329600&x-signature=jjvHzIhZR7sllQwxHrM308l9%2Bo4%3D&t=4d5b0474&ps=13740610&shp=30310797&shcp=ff37627b&idc=useast5","7358192565533508358","1713214672","2024-04-15T20:57:52.000Z",,,,,,,,,"0","https://www.tiktok.com/@nachter/video/7357337111676079392?_r=1&_t=ZN-93r9JxE2rN0","false",,,"false",,"0","https://www.tiktok.com/@nachter/video/7357337111676079392?_r=1&_t=ZN-93r9JxE2rN0","He donado sagre y plaquetas varias veces, me parece completamente ridículo el miedo que le tiene la gente a las agujas. 🙄","7060311755406672901","jesusgdl117","https://www.tiktok.com/@nachter/video/7357337111676079392"
"https://p16-common-sign.tiktokcdn-us.com/tos-maliva-avt-0068/04c048b7f5c0018e1f7479904d9d4e38~tplv-tiktokx-cropcenter:100:100.jpg?dr=9640&refresh_token=26f99e16&x-expires=1771329600&x-signature=W9Lnd%2B4C5awdpfX0z19B58czYG8%3D&t=4d5b0474&ps=13740610&shp=30310797&shcp=ff37627b&idc=useast5","7358213341645243141","1713217567","2024-04-15T21:46:07.000Z",,,,,,,,,"0","https://www.tiktok.com/@nachter/video/7357337111676079392?_r=1&_t=ZN-93r9JxE2rN0","false",,,"false",,"0","https://www.tiktok.com/@nachter/video/7357337111676079392?_r=1&_t=ZN-93r9JxE2rN0","que tiene este con los de 2010","7168612959777833990","hduduwns7xu","https://www.tiktok.com/@nachter/video/7357337111676079392"
"https://p19-common-sign.tiktokcdn-us.com/tos-alisg-avt-0068/e89162ca0397b8656123783fad59bd70~tplv-tiktokx-cropcenter:100:100.jpg?dr=9640&refresh_token=afb7a5a1&x-expires=1771329600&x-signature=hYPXHh15x0vQKkEpmPIwBl0D8%2Fo%3D&t=4d5b0474&ps=13740610&shp=30310797&shcp=ff37627b&idc=useast5","7358213877353415429","1713217684","2024-04-15T21:48:04.000Z",,,,,,,,,"0","https://www.tiktok.com/@nachter/video/7357337111676079392?_r=1&_t=ZN-93r9JxE2rN0","false",,,"false",,"0","https://www.tiktok.com/@nachter/video/7357337111676079392?_r=1&_t=ZN-93r9JxE2rN0","😈😈😈","7222839362089124869","cristbal.valenzue","https://www.tiktok.com/@nachter/video/7357337111676079392"
"https://p19-common-sign.tiktokcdn-us.com/tos-maliva-avt-0068/7158544211682263046~tplv-tiktokx-cropcenter:100:100.jpg?dr=9640&refresh_token=49802728&x-expires=1771329600&x-signature=T6EVpT7VfHhSW7swZ8HOTAZP6V4%3D&t=4d5b0474&ps=13740610&shp=30310797&shcp=ff37627b&idc=useast5","7358216755909247777","1713218378","2024-04-15T21:59:38.000Z",,,,,,,,,"0","https://www.tiktok.com/@nachter/video/7357337111676079392?_r=1&_t=ZN-93r9JxE2rN0","false",,,"false",,"0","https://www.tiktok.com/@nachter/video/7357337111676079392?_r=1&_t=ZN-93r9JxE2rN0","👏👏","7148532406943761414","soienka39","https://www.tiktok.com/@nachter/video/7357337111676079392"
"https://p16-common-sign.tiktokcdn-us.com/tos-maliva-avt-0068/7164889726520786950~tplv-tiktokx-cropcenter:100:100.jpg?dr=9640&refresh_token=ed5c18bd&x-expires=1771329600&x-signature=c1NvVuCWe8FYD%2Bafhhg1FxXFRo8%3D&t=4d5b0474&ps=13740610&shp=30310797&shcp=ff37627b&idc=useast5","7358222555428733729","1713219746","2024-04-15T22:22:26.000Z",,,,,,,,,"0","https://www.tiktok.com/@nachter/video/7357337111676079392?_r=1&_t=ZN-93r9JxE2rN0","false",,,"false",,"0","https://www.tiktok.com/@nachter/video/7357337111676079392?_r=1&_t=ZN-93r9JxE2rN0","😂😂😂😂😂😂","7164889426542461957","user81460663522271","https://www.tiktok.com/@nachter/video/7357337111676079392"
"https://p16-common-sign.tiktokcdn-us.com/tos-maliva-avt-0068/7164889726520786950~tplv-tiktokx-cropcenter:100:100.jpg?dr=9640&refresh_token=ed5c18bd&x-expires=1771329600&x-signature=c1NvVuCWe8FYD%2Bafhhg1FxXFRo8%3D&t=4d5b0474&ps=13740610&shp=30310797&shcp=ff37627b&idc=useast5","7358222554031899424","1713219753","2024-04-15T22:22:33.000Z",,,,,,,,,"0","https://www.tiktok.com/@nachter/video/7357337111676079392?_r=1&_t=ZN-93r9JxE2rN0","false",,,"false",,"0","https://www.tiktok.com/@nachter/video/7357337111676079392?_r=1&_t=ZN-93r9JxE2rN0","💕","7164889426542461957","user81460663522271","https://www.tiktok.com/@nachter/video/7357337111676079392"
"https://p19-common-sign.tiktokcdn-us.com/tos-useast2a-avt-0068-euttp/a9f93c0a6a1c8b3209637b7363f680b8~tplv-tiktokx-cropcenter:100:100.jpg?dr=9640&refresh_token=6393253e&x-expires=1771329600&x-signature=pRKzOcNW%2BPnpJit1pKQ6JYPklSQ%3D&t=4d5b0474&ps=13740610&shp=30310797&shcp=ff37627b&idc=useast5","7358688181788033825","1713328220","2024-04-17T04:30:20.000Z",,,,,,,,,"0","https://www.tiktok.com/@nachter/video/7357337111676079392?_r=1&_t=ZN-93r9JxE2rN0","false",,,"false",,"0","https://www.tiktok.com/@nachter/video/7357337111676079392?_r=1&_t=ZN-93r9JxE2rN0","😂😂😂😂😂","6863482864084943878","mivipa123","https://www.tiktok.com/@nachter/video/7357337111676079392"
"https://p16-common-sign.tiktokcdn-us.com/musically-maliva-obj/1594805258216454~tplv-tiktokx-cropcenter:100:100.jpg?dr=9640&refresh_token=f231bd68&x-expires=1771329600&x-signature=b7JYUqWvA9lKsD3%2BfjosG9k8G%2BY%3D&t=4d5b0474&ps=13740610&shp=30310797&shcp=ff37627b&idc=useast5","7358270559362794245","1713230889","2024-04-16T01:28:09.000Z",,,,,,,,,"0","https://www.tiktok.com/@nachter/video/7357337111676079392?_r=1&_t=ZN-93r9JxE2rN0","false",,,"false",,"0","https://www.tiktok.com/@nachter/video/7357337111676079392?_r=1&_t=ZN-93r9JxE2rN0","Jajaj ya extrañaba a ANCIEDAD 🤣🤣🤣","7262512228426662918","elw1024","https://www.tiktok.com/@nachter/video/7357337111676079392"
"https://p19-common-sign.tiktokcdn-us.com/tos-useast5-avt-0068-tx/7344901925311086635~tplv-tiktokx-cropcenter:100:100.jpg?dr=9640&refresh_token=59bd41e2&x-expires=1771329600&x-signature=o24%2FkcUTS4HVvAOFsvHGy5%2Bty8U%3D&t=4d5b0474&ps=13740610&shp=30310797&shcp=ff37627b&idc=useast5","7358289104699687723","1713235205","2024-04-16T02:40:05.000Z",,,,,,,,,"0","https://www.tiktok.com/@nachter/video/7357337111676079392?_r=1&_t=ZN-93r9JxE2rN0","false",,,"false",,"0","https://www.tiktok.com/@nachter/video/7357337111676079392?_r=1&_t=ZN-93r9JxE2rN0","♥️♥️♥️","6916287019954373637","jelendy2","https://www.tiktok.com/@nachter/video/7357337111676079392"
"https://p16-common-sign.tiktokcdn-us.com/tos-alisg-avt-0068/e9715006b6c94f56124c3deb92deda88~tplv-tiktokx-cropcenter:100:100.jpg?dr=9640&refresh_token=fd23c3df&x-expires=1771329600&x-signature=LDHZs6e4CVHGhwlStzqneDEhEN4%3D&t=4d5b0474&ps=13740610&shp=30310797&shcp=ff37627b&idc=useast5","7358293602005451525","1713236252","2024-04-16T02:57:32.000Z",,,,,,,,,"0","https://www.tiktok.com/@nachter/video/7357337111676079392?_r=1&_t=ZN-93r9JxE2rN0","false",,,"false",,"0","https://www.tiktok.com/@nachter/video/7357337111676079392?_r=1&_t=ZN-93r9JxE2rN0","ansiedad!!!! 🤣🤣🤣🤣🤣🤣","6767391043723101189","siete_11","https://www.tiktok.com/@nachter/video/7357337111676079392"
"https://p16-sign-va.tiktokcdn.com/tos-maliva-avt-0068/5c1efd0f30aa748e981181a86a7c6651~tplv-tiktokx-cropcenter:100:100.jpg?dr=14579&refresh_token=1d43b600&x-expires=1771329600&x-signature=9YGfiBsMlhOW8gxFZbZEzAnk%2FgM%3D&t=4d5b0474&ps=13740610&shp=30310797&shcp=ff37627b&idc=my2","7357611308983239429","1713077395","2024-04-14T06:49:55.000Z",,,,,,,,,"0","https://www.tiktok.com/@nachter/video/7357337111676079392?_r=1&_t=ZN-93r9JxE2rN0","false",,,"false",,"0","https://www.tiktok.com/@nachter/video/7357337111676079392?_r=1&_t=ZN-93r9JxE2rN0","🥰🥰🥰","6883712175036122114","bettybo05","https://www.tiktok.com/@nachter/video/7357337111676079392"
"https://p16-sign-sg.tiktokcdn.com/tos-alisg-avt-0068/305e95bf79c9856647b153f97e523f02~tplv-tiktokx-cropcenter:100:100.jpg?dr=14579&refresh_token=eb8f0450&x-expires=1771329600&x-signature=%2FfKj7Ylkcg1%2BMqJzCaG0QIQw2ts%3D&t=4d5b0474&ps=13740610&shp=30310797&shcp=ff37627b&idc=my2","7357617237044708101","1713078778","2024-04-14T07:12:58.000Z",,,,,,,,,"0","https://www.tiktok.com/@nachter/video/7357337111676079392?_r=1&_t=ZN-93r9JxE2rN0","false",,,"false",,"0","https://www.tiktok.com/@nachter/video/7357337111676079392?_r=1&_t=ZN-93r9JxE2rN0","👌❤️","6822804552020132869","kikamatatena21","https://www.tiktok.com/@nachter/video/7357337111676079392"
"https://p16-sign-va.tiktokcdn.com/tos-maliva-avt-0068/7325781609746186246~tplv-tiktokx-cropcenter:100:100.jpg?dr=14579&refresh_token=335df7ad&x-expires=1771329600&x-signature=gkcSEzvAolnfKsnsZYyk4shz%2BrQ%3D&t=4d5b0474&ps=13740610&shp=30310797&shcp=ff37627b&idc=my2","7357597704317780769","1713074300","2024-04-14T05:58:20.000Z",,,,,,,,,"0","https://www.tiktok.com/@nachter/video/7357337111676079392?_r=1&_t=ZN-93r9JxE2rN0","false",,,"false",,"0","https://www.tiktok.com/@nachter/video/7357337111676079392?_r=1&_t=ZN-93r9JxE2rN0","😅😅😅😅","6744021026524972037","conchicerrillogomez","https://www.tiktok.com/@nachter/video/7357337111676079392"
"https://p16-sign-va.tiktokcdn.com/tos-maliva-avt-0068/80c16a6ee34d408a327c59e40d233c9a~tplv-tiktokx-cropcenter:100:100.jpg?dr=14579&refresh_token=2b973f98&x-expires=1771329600&x-signature=riy89HBIcJ%2BeDPmRlHB7FxsHYp4%3D&t=4d5b0474&ps=13740610&shp=30310797&shcp=ff37627b&idc=my2","7357576023817290501","1713069179","2024-04-14T04:32:59.000Z",,,,,,,,,"0","https://www.tiktok.com/@nachter/video/7357337111676079392?_r=1&_t=ZN-93r9JxE2rN0","false",,,"false",,"0","https://www.tiktok.com/@nachter/video/7357337111676079392?_r=1&_t=ZN-93r9JxE2rN0","👍👍👍","7286557919200756742","angeloto_8","https://www.tiktok.com/@nachter/video/7357337111676079392"
"https://p16-sign-va.tiktokcdn.com/tos-maliva-avt-0068/7100363406686814213~tplv-tiktokx-cropcenter:100:100.jpg?dr=14579&refresh_token=4121eb4b&x-expires=1771329600&x-signature=aellK%2FjfKhjzE1j25t1MouubyAc%3D&t=4d5b0474&ps=13740610&shp=30310797&shcp=ff37627b&idc=my2","7357573136650535686","1713068499","2024-04-14T04:21:39.000Z",,,,,,,,,"0","https://www.tiktok.com/@nachter/video/7357337111676079392?_r=1&_t=ZN-93r9JxE2rN0","false",,,"false",,"0","https://www.tiktok.com/@nachter/video/7357337111676079392?_r=1&_t=ZN-93r9JxE2rN0","💯💪👏","7100320995249423365","ivanlionelrolando","https://www.tiktok.com/@nachter/video/7357337111676079392"
"https://p16-sign-va.tiktokcdn.com/tos-maliva-avt-0068/7334736175578906629~tplv-tiktokx-cropcenter:100:100.jpg?dr=14579&refresh_token=2ac51d8d&x-expires=1771329600&x-signature=Q6Eqa%2F021iLyXgZZCdLdkx9ScEU%3D&t=4d5b0474&ps=13740610&shp=30310797&shcp=ff37627b&idc=my2","7357548987963048710","1713062885","2024-04-14T02:48:05.000Z",,,,,,,,,"0","https://www.tiktok.com/@nachter/video/7357337111676079392?_r=1&_t=ZN-93r9JxE2rN0","false",,,"false",,"0","https://www.tiktok.com/@nachter/video/7357337111676079392?_r=1&_t=ZN-93r9JxE2rN0","🥰🥰🥰🥰","6806897690086786054","lizethog98","https://www.tiktok.com/@nachter/video/7357337111676079392"
"https://p16-sign-va.tiktokcdn.com/tos-maliva-avt-0068/7331816784615931910~tplv-tiktokx-cropcenter:100:100.jpg?dr=14579&refresh_token=2e109c8e&x-expires=1771329600&x-signature=SGjUKL4UkB64BV%2Fxg5jocvMehOE%3D&t=4d5b0474&ps=13740610&shp=30310797&shcp=ff37627b&idc=my2","7357542656237765381","1713061415","2024-04-14T02:23:35.000Z",,,,,,,,,"0","https://www.tiktok.com/@nachter/video/7357337111676079392?_r=1&_t=ZN-93r9JxE2rN0","false",,,"false",,"0","https://www.tiktok.com/@nachter/video/7357337111676079392?_r=1&_t=ZN-93r9JxE2rN0","👍","6823760662671574022","carmenpinales3","https://www.tiktok.com/@nachter/video/7357337111676079392"
"https://p16-sign-va.tiktokcdn.com/tos-maliva-avt-0068/7155317213031825414~tplv-tiktokx-cropcenter:100:100.jpg?dr=14579&refresh_token=4a0bc56d&x-expires=1771329600&x-signature=Q%2Fo8sP50%2BOUP%2BO%2FzIDKkEZfYo%2F0%3D&t=4d5b0474&ps=13740610&shp=30310797&shcp=ff37627b&idc=my2","7357548992986891014","1713062881","2024-04-14T02:48:01.000Z",,,,,,,,,"0","https://www.tiktok.com/@nachter/video/7357337111676079392?_r=1&_t=ZN-93r9JxE2rN0","false",,,"false",,"0","https://www.tiktok.com/@nachter/video/7357337111676079392?_r=1&_t=ZN-93r9JxE2rN0","😂😂😂😂😂","7155316560897901573","connieelviratorre","https://www.tiktok.com/@nachter/video/7357337111676079392"
"https://p16-sign-va.tiktokcdn.com/musically-maliva-obj/1594805258216454~tplv-tiktokx-cropcenter:100:100.jpg?dr=14579&refresh_token=ec3f6722&x-expires=1771329600&x-signature=KHQ6w5RxTcy%2FTQ26ecoMSyxxIj0%3D&t=4d5b0474&ps=13740610&shp=30310797&shcp=ff37627b&idc=my2","7357546006131966725","1713062194","2024-04-14T02:36:34.000Z",,,,,,,,,"0","https://www.tiktok.com/@nachter/video/7357337111676079392?_r=1&_t=ZN-93r9JxE2rN0","false",,,"false",,"0","https://www.tiktok.com/@nachter/video/7357337111676079392?_r=1&_t=ZN-93r9JxE2rN0","👏👏👏","7173714933095154693","user1832156906951","https://www.tiktok.com/@nachter/video/7357337111676079392"
"https://p16-amd-va.tiktokcdn.com/obj/musically-maliva-obj/1594805258216454","7357514703549858565","1713054903","2024-04-14T00:35:03.000Z",,,,,,,,,"0","https://www.tiktok.com/@nachter/video/7357337111676079392?_r=1&_t=ZN-93r9JxE2rN0","false",,,"false",,"0","https://www.tiktok.com/@nachter/video/7357337111676079392?_r=1&_t=ZN-93r9JxE2rN0","👍","6573396949298855942","user6215806","https://www.tiktok.com/@nachter/video/7357337111676079392"
"https://p16-sign-va.tiktokcdn.com/tos-maliva-avt-0068/510bae86aff8912249f51736e143e987~tplv-tiktokx-cropcenter:100:100.jpg?dr=14579&refresh_token=e334b19e&x-expires=1771329600&x-signature=5pl0KQvwSeNn1g%2BHl%2FwtISvfy0A%3D&t=4d5b0474&ps=13740610&shp=30310797&shcp=ff37627b&idc=my2","7357507062371451654","1713053127","2024-04-14T00:05:27.000Z",,,,,,,,,"0","https://www.tiktok.com/@nachter/video/7357337111676079392?_r=1&_t=ZN-93r9JxE2rN0","false",,,"false",,"0","https://www.tiktok.com/@nachter/video/7357337111676079392?_r=1&_t=ZN-93r9JxE2rN0","😁","6980117010664211462","yhibhercashas","https://www.tiktok.com/@nachter/video/7357337111676079392"
"https://p16-sign-va.tiktokcdn.com/tos-maliva-avt-0068/7092033039168962566~tplv-tiktokx-cropcenter:100:100.jpg?dr=14579&refresh_token=bff1846d&x-expires=1771329600&x-signature=GDGCrHA128jaKPMjOuDSFI0bHV0%3D&t=4d5b0474&ps=13740610&shp=30310797&shcp=ff37627b&idc=my2","7357493581454377734","1713049983","2024-04-13T23:13:03.000Z",,,,,,,,,"0","https://www.tiktok.com/@nachter/video/7357337111676079392?_r=1&_t=ZN-93r9JxE2rN0","false",,,"false",,"0","https://www.tiktok.com/@nachter/video/7357337111676079392?_r=1&_t=ZN-93r9JxE2rN0","😳😳😳","7006507979483448325","juanymatya","https://www.tiktok.com/@nachter/video/7357337111676079392"
"https://p16-sign-va.tiktokcdn.com/tos-maliva-avt-0068/7114339198311596037~tplv-tiktokx-cropcenter:100:100.jpg?dr=14579&refresh_token=96118e8c&x-expires=1771329600&x-signature=7hTCpP%2ByYVe5gO%2FgQje5NhNqlH8%3D&t=4d5b0474&ps=13740610&shp=30310797&shcp=ff37627b&idc=my2","7357499904073171717","1713051451","2024-04-13T23:37:31.000Z",,,,,,,,,"0","https://www.tiktok.com/@nachter/video/7357337111676079392?_r=1&_t=ZN-93r9JxE2rN0","false",,,"false",,"0","https://www.tiktok.com/@nachter/video/7357337111676079392?_r=1&_t=ZN-93r9JxE2rN0","😅😅😅","7114319842715370502","mayersalazar813","https://www.tiktok.com/@nachter/video/7357337111676079392"
"https://p16-sign-sg.tiktokcdn.com/tos-alisg-avt-0068/71041fae051fd624fc9c99ccfc3ff4c9~tplv-tiktokx-cropcenter:100:100.jpg?dr=14579&refresh_token=c61e34f9&x-expires=1771329600&x-signature=R%2F8e8qgi1twu9Bz%2BMekOiICf6%2B4%3D&t=4d5b0474&ps=13740610&shp=30310797&shcp=ff37627b&idc=my2","7357500007710425862","1713051476","2024-04-13T23:37:56.000Z",,,,,,,,,"0","https://www.tiktok.com/@nachter/video/7357337111676079392?_r=1&_t=ZN-93r9JxE2rN0","false",,,"false",,"0","https://www.tiktok.com/@nachter/video/7357337111676079392?_r=1&_t=ZN-93r9JxE2rN0","😎😎😎","7260527036800140294","bryant010689","https://www.tiktok.com/@nachter/video/7357337111676079392"
"https://p16-sign-va.tiktokcdn.com/tos-maliva-avt-0068/c726d04c5ef5d5e3d920a8df7f9c2c6e~tplv-tiktokx-cropcenter:100:100.jpg?dr=14579&refresh_token=8f377505&x-expires=1771329600&x-signature=fT7GV4UH8UgnZoz%2BVntyL1keZbg%3D&t=4d5b0474&ps=13740610&shp=30310797&shcp=ff37627b&idc=my2","7357492718966899462","1713049783","2024-04-13T23:09:43.000Z",,,,,,,,,"0","https://www.tiktok.com/@nachter/video/7357337111676079392?_r=1&_t=ZN-93r9JxE2rN0","false",,,"false",,"0","https://www.tiktok.com/@nachter/video/7357337111676079392?_r=1&_t=ZN-93r9JxE2rN0","👏👏👏👏👏👏👏","6899713361204708358","rebecahernolve","https://www.tiktok.com/@nachter/video/7357337111676079392"
"https://p16-sign-va.tiktokcdn.com/tos-maliva-avt-0068/7252821746447810566~tplv-tiktokx-cropcenter:100:100.jpg?dr=14579&refresh_token=5979666b&x-expires=1771329600&x-signature=g8NF%2Br7gLpW8oguRRKwXeXcv8YA%3D&t=4d5b0474&ps=13740610&shp=30310797&shcp=ff37627b&idc=my2","7357486202726433541","1713048270","2024-04-13T22:44:30.000Z",,,,,,,,,"0","https://www.tiktok.com/@nachter/video/7357337111676079392?_r=1&_t=ZN-93r9JxE2rN0","false",,,"false",,"0","https://www.tiktok.com/@nachter/video/7357337111676079392?_r=1&_t=ZN-93r9JxE2rN0","🥰🥰🥰","7252821564692956165","karinaalvaradocha","https://www.tiktok.com/@nachter/video/7357337111676079392"
"https://p16-sign-va.tiktokcdn.com/tos-maliva-avt-0068/16f4218803331266ad64043b193d4798~tplv-tiktokx-cropcenter:100:100.jpg?dr=14579&refresh_token=1a97e3ad&x-expires=1771329600&x-signature=JIa4WqG8MhDFVQZkAIULd7c90eE%3D&t=4d5b0474&ps=13740610&shp=30310797&shcp=ff37627b&idc=my2","7357472969750840070","1713045181","2024-04-13T21:53:01.000Z",,,,,,,,,"0","https://www.tiktok.com/@nachter/video/7357337111676079392?_r=1&_t=ZN-93r9JxE2rN0","false",,,"false",,"0","https://www.tiktok.com/@nachter/video/7357337111676079392?_r=1&_t=ZN-93r9JxE2rN0","👍🏻","7302268636914598917","tonatiuhguerra87","https://www.tiktok.com/@nachter/video/7357337111676079392"
"https://p16-sign-va.tiktokcdn.com/tos-maliva-avt-0068/c8cf3903cae2287938edc1a223eb305b~tplv-tiktokx-cropcenter:100:100.jpg?dr=14579&refresh_token=856c1cb0&x-expires=1771329600&x-signature=HcjW3bYtHlwKkRgJX4Hy%2FaJGNLc%3D&t=4d5b0474&ps=13740610&shp=30310797&shcp=ff37627b&idc=my2","7357465268745372449","1713043403","2024-04-13T21:23:23.000Z",,,,,,,,,"0","https://www.tiktok.com/@nachter/video/7357337111676079392?_r=1&_t=ZN-93r9JxE2rN0","false",,,"false",,"0","https://www.tiktok.com/@nachter/video/7357337111676079392?_r=1&_t=ZN-93r9JxE2rN0","👏👏👏👏😍😍","7111424044680086533","maribelicadelx","https://www.tiktok.com/@nachter/video/7357337111676079392"
"https://p16-sign-va.tiktokcdn.com/tos-maliva-avt-0068/6733321d1e6db5db7f7bd0764f04d086~tplv-tiktokx-cropcenter:100:100.jpg?dr=14579&refresh_token=a0c73ff0&x-expires=1771329600&x-signature=pT0kngYxZV7m%2Bx8VkmCWrO77c6I%3D&t=4d5b0474&ps=13740610&shp=30310797&shcp=ff37627b&idc=my2","7357468273598677765","1713044090","2024-04-13T21:34:50.000Z",,,,,,,,,"0","https://www.tiktok.com/@nachter/video/7357337111676079392?_r=1&_t=ZN-93r9JxE2rN0","false",,,"false",,"0","https://www.tiktok.com/@nachter/video/7357337111676079392?_r=1&_t=ZN-93r9JxE2rN0","👀👀👀👀","6968111358940759045","mlcpntalbaguzmare","https://www.tiktok.com/@nachter/video/7357337111676079392"
"https://p16-sign-va.tiktokcdn.com/tos-maliva-avt-0068/7175559347723763717~tplv-tiktokx-cropcenter:100:100.jpg?dr=14579&refresh_token=e3860959&x-expires=1771329600&x-signature=%2FBMmY4avwX6YW76kirHSiNicK64%3D&t=4d5b0474&ps=13740610&shp=30310797&shcp=ff37627b&idc=my2","7357463593409807109","1713043000","2024-04-13T21:16:40.000Z",,,,,,,,,"0","https://www.tiktok.com/@nachter/video/7357337111676079392?_r=1&_t=ZN-93r9JxE2rN0","false",,,"false",,"0","https://www.tiktok.com/@nachter/video/7357337111676079392?_r=1&_t=ZN-93r9JxE2rN0","👍👍👍","7034938007091233797","karenzalles","https://www.tiktok.com/@nachter/video/7357337111676079392"
"https://p16-sign-va.tiktokcdn.com/musically-maliva-obj/1594805258216454~tplv-tiktokx-cropcenter:100:100.jpg?dr=14579&refresh_token=ec3f6722&x-expires=1771329600&x-signature=KHQ6w5RxTcy%2FTQ26ecoMSyxxIj0%3D&t=4d5b0474&ps=13740610&shp=30310797&shcp=ff37627b&idc=my2","7357476565599339270","1713046023","2024-04-13T22:07:03.000Z",,,,,,,,,"0","https://www.tiktok.com/@nachter/video/7357337111676079392?_r=1&_t=ZN-93r9JxE2rN0","false",,,"false",,"0","https://www.tiktok.com/@nachter/video/7357337111676079392?_r=1&_t=ZN-93r9JxE2rN0","🥰🥰🥰🥰🥰🥰","7257180880043541509","visnu481","https://www.tiktok.com/@nachter/video/7357337111676079392"
"https://p16-sign-va.tiktokcdn.com/tos-maliva-avt-0068/7321743367019675653~tplv-tiktokx-cropcenter:100:100.jpg?dr=14579&refresh_token=36963c4f&x-expires=1771329600&x-signature=tuLu7KTvUP8edDhEp5Q15lDgOXg%3D&t=4d5b0474&ps=13740610&shp=30310797&shcp=ff37627b&idc=my2","7357476766166401825","1713046077","2024-04-13T22:07:57.000Z",,,,,,,,,"0","https://www.tiktok.com/@nachter/video/7357337111676079392?_r=1&_t=ZN-93r9JxE2rN0","false",,,"false",,"0","https://www.tiktok.com/@nachter/video/7357337111676079392?_r=1&_t=ZN-93r9JxE2rN0","🥰🥰🥰","6833390361306530821","aran1964","https://www.tiktok.com/@nachter/video/7357337111676079392"
"https://p16-common-sign.tiktokcdn-us.com/tos-maliva-avt-0068/7148635611807612934~tplv-tiktokx-cropcenter:100:100.jpg?dr=9640&refresh_token=45a353da&x-expires=1771329600&x-signature=GDcLBxIFxww46ovYAdbbPRoOJnc%3D&t=4d5b0474&ps=13740610&shp=30310797&shcp=ff37627b&idc=useast5","7359163418220823302","1713438772","2024-04-18T11:12:52.000Z",,,,,,,,,"0","https://www.tiktok.com/@nachter/video/7357337111676079392?_r=1&_t=ZN-93r9JxE2rN0","false",,,"false",,"0","https://www.tiktok.com/@nachter/video/7357337111676079392?_r=1&_t=ZN-93r9JxE2rN0","🤣🤣🤣🤣🤣","7148614477708657670","byronlanas329","https://www.tiktok.com/@nachter/video/7357337111676079392"
"https://p16-common-sign.tiktokcdn-us.com/tos-maliva-avt-0068/7330109400092917766~tplv-tiktokx-cropcenter:100:100.jpg?dr=9640&refresh_token=99d71f39&x-expires=1771329600&x-signature=hxbMs0KDWrvAFU2mfQX3Tn5p72M%3D&t=4d5b0474&ps=13740610&shp=30310797&shcp=ff37627b&idc=useast5","7359174476569363232","1713441362","2024-04-18T11:56:02.000Z",,,,,,,,,"0","https://www.tiktok.com/@nachter/video/7357337111676079392?_r=1&_t=ZN-93r9JxE2rN0","false",,,"false",,"0","https://www.tiktok.com/@nachter/video/7357337111676079392?_r=1&_t=ZN-93r9JxE2rN0","🥰🥰🥰🥰🥰","6961103922053252101","anaines1955","https://www.tiktok.com/@nachter/video/7357337111676079392"
"https://p16-common-sign.tiktokcdn-us.com/tos-alisg-avt-0068/ed238ab13374e5aa5eeaf6bb99c3a474~tplv-tiktokx-cropcenter:100:100.jpg?dr=9640&refresh_token=d199a92c&x-expires=1771329600&x-signature=B46dM%2F4GcSljK2A4x5ez9kSAE4Q%3D&t=4d5b0474&ps=13740610&shp=30310797&shcp=ff37627b&idc=useast5","7359181503399953157","1713442977","2024-04-18T12:22:57.000Z",,,,,,,,,"0","https://www.tiktok.com/@nachter/video/7357337111676079392?_r=1&_t=ZN-93r9JxE2rN0","false",,,"false",,"0","https://www.tiktok.com/@nachter/video/7357337111676079392?_r=1&_t=ZN-93r9JxE2rN0","😂😂😂","6867297009076323333","quenaniquena1","https://www.tiktok.com/@nachter/video/7357337111676079392"
"https://p16-common-sign.tiktokcdn-us.com/tos-useast2a-avt-0068-euttp/d51eab72058e5c7f967235971930ff59~tplv-tiktokx-cropcenter:100:100.jpg?dr=9640&refresh_token=aa715cd9&x-expires=1771329600&x-signature=KUmrQvGUwHsCdQrCI2yGCt7cusA%3D&t=4d5b0474&ps=13740610&shp=30310797&shcp=ff37627b&idc=useast5","7359291546741080865","1713468603","2024-04-18T19:30:03.000Z",,,,,,,,,"0","https://www.tiktok.com/@nachter/video/7357337111676079392?_r=1&_t=ZN-93r9JxE2rN0","false",,,"false",,"0","https://www.tiktok.com/@nachter/video/7357337111676079392?_r=1&_t=ZN-93r9JxE2rN0","😂😂😂","7350038694105105440","sara.clara3","https://www.tiktok.com/@nachter/video/7357337111676079392"
"https://p16-common-sign.tiktokcdn-us.com/tos-maliva-avt-0068/e763959d4a3b860d8ee50a03b1f9c1b9~tplv-tiktokx-cropcenter:100:100.jpg?dr=9640&refresh_token=fd21ed44&x-expires=1771329600&x-signature=DT8JAcASET7vEyWh4HOfURgI3m0%3D&t=4d5b0474&ps=13740610&shp=30310797&shcp=ff37627b&idc=useast5","7359140653249626886","1713433476","2024-04-18T09:44:36.000Z",,,,,,,,,"0","https://www.tiktok.com/@nachter/video/7357337111676079392?_r=1&_t=ZN-93r9JxE2rN0","false",,,"false",,"0","https://www.tiktok.com/@nachter/video/7357337111676079392?_r=1&_t=ZN-93r9JxE2rN0","😅","6989641313969193989","nancygm1214","https://www.tiktok.com/@nachter/video/7357337111676079392"
"https://p16-common-sign.tiktokcdn-us.com/tos-maliva-avt-0068/7334879146377969670~tplv-tiktokx-cropcenter:100:100.jpg?dr=9640&refresh_token=8d84c136&x-expires=1771329600&x-signature=jmOTbwgGV0IhcI3MeUVNHtsDAZM%3D&t=4d5b0474&ps=13740610&shp=30310797&shcp=ff37627b&idc=useast5","7359367321422594822","1713486248","2024-04-19T00:24:08.000Z",,,,,,,,,"0","https://www.tiktok.com/@nachter/video/7357337111676079392?_r=1&_t=ZN-93r9JxE2rN0","false",,,"false",,"0","https://www.tiktok.com/@nachter/video/7357337111676079392?_r=1&_t=ZN-93r9JxE2rN0","❤️","6792632206214382598","kenia3k","https://www.tiktok.com/@nachter/video/7357337111676079392"
"https://p19-common-sign.tiktokcdn-us.com/tos-maliva-avt-0068/367fc4aa6f32d488f6905dfe1a14748f~tplv-tiktokx-cropcenter:100:100.jpg?dr=9640&refresh_token=2de14e7c&x-expires=1771329600&x-signature=w%2BeO8AUgQmyepDCBYP4FdukP%2Bfk%3D&t=4d5b0474&ps=13740610&shp=30310797&shcp=ff37627b&idc=useast5","7359394223764964102","1713492514","2024-04-19T02:08:34.000Z",,,,,,,,,"0","https://www.tiktok.com/@nachter/video/7357337111676079392?_r=1&_t=ZN-93r9JxE2rN0","false",,,"false",,"0","https://www.tiktok.com/@nachter/video/7357337111676079392?_r=1&_t=ZN-93r9JxE2rN0","😂😂😂","7072155837612000261","davismeza973","https://www.tiktok.com/@nachter/video/7357337111676079392"
"https://p16-common-sign.tiktokcdn-us.com/tos-maliva-avt-0068/1b73275ad18aa967ad21927e8088d4a0~tplv-tiktokx-cropcenter:100:100.jpg?dr=9640&refresh_token=94e10ac3&x-expires=1771329600&x-signature=uIABgGcvxCQKD9TIoc1DcxnHyoQ%3D&t=4d5b0474&ps=13740610&shp=30310797&shcp=ff37627b&idc=useast5","7359435548778808069","1713502137","2024-04-19T04:48:57.000Z",,,,,,,,,"0","https://www.tiktok.com/@nachter/video/7357337111676079392?_r=1&_t=ZN-93r9JxE2rN0","false",,,"false",,"0","https://www.tiktok.com/@nachter/video/7357337111676079392?_r=1&_t=ZN-93r9JxE2rN0","❤️❤️❤️","6936414659747742725","arteconluna","https://www.tiktok.com/@nachter/video/7357337111676079392"
"https://p16-common-sign.tiktokcdn-us.com/tos-maliva-avt-0068/ca2ae354c54a6aad18151e56be3238ee~tplv-tiktokx-cropcenter:100:100.jpg?dr=9640&refresh_token=67f8d5e4&x-expires=1771329600&x-signature=RRofaU939iHANxqh%2FG8ZvHkiOO4%3D&t=4d5b0474&ps=13740610&shp=30310797&shcp=ff37627b&idc=useast5","7359441743966864134","1713503580","2024-04-19T05:13:00.000Z",,,,,,,,,"0","https://www.tiktok.com/@nachter/video/7357337111676079392?_r=1&_t=ZN-93r9JxE2rN0","false",,,"false",,"0","https://www.tiktok.com/@nachter/video/7357337111676079392?_r=1&_t=ZN-93r9JxE2rN0","ansiedad 😂😂😂😂 sabía 🤣🤣🤣","6946565850212942853","witch_14198677","https://www.tiktok.com/@nachter/video/7357337111676079392"
"https://p19-common-sign.tiktokcdn-us.com/tos-alisg-avt-0068/22423488c72803db1e11a1231d0fff41~tplv-tiktokx-cropcenter:100:100.jpg?dr=9640&refresh_token=a3505255&x-expires=1771329600&x-signature=OV%2Fqzs3cDuio%2BILwKrde4EUrmvE%3D&t=4d5b0474&ps=13740610&shp=30310797&shcp=ff37627b&idc=useast5","7359454673369727750","1713506584","2024-04-19T06:03:04.000Z",,,,,,,,,"0","https://www.tiktok.com/@nachter/video/7357337111676079392?_r=1&_t=ZN-93r9JxE2rN0","false",,,"false",,"0","https://www.tiktok.com/@nachter/video/7357337111676079392?_r=1&_t=ZN-93r9JxE2rN0","🥰🥰🥰","7295112082324145157","miss.ross21","https://www.tiktok.com/@nachter/video/7357337111676079392"
"https://p16-common-sign.tiktokcdn-us.com/tos-maliva-avt-0068/74191c8367ed5a382688e43838079a1f~tplv-tiktokx-cropcenter:100:100.jpg?dr=9640&refresh_token=517ae13c&x-expires=1771329600&x-signature=C2ljkFeq8igYb1n1xIhe3M1hUAA%3D&t=4d5b0474&ps=13740610&shp=30310797&shcp=ff37627b&idc=useast5","7359586005232927521","1713537179","2024-04-19T14:32:59.000Z",,,,,,,,,"0","https://www.tiktok.com/@nachter/video/7357337111676079392?_r=1&_t=ZN-93r9JxE2rN0","false",,,"false",,"0","https://www.tiktok.com/@nachter/video/7357337111676079392?_r=1&_t=ZN-93r9JxE2rN0","😂","6988621959647003653","nievechin","https://www.tiktok.com/@nachter/video/7357337111676079392"
"https://p16-common-sign.tiktokcdn-us.com/tos-maliva-avt-0068/facdaea9585aaac3a35e00916911de3d~tplv-tiktokx-cropcenter:100:100.jpg?dr=9640&refresh_token=9c79e240&x-expires=1771329600&x-signature=5OUfslhTpnaF4kebx9tAVxUAzik%3D&t=4d5b0474&ps=13740610&shp=30310797&shcp=ff37627b&idc=useast5","7358873751175774982","1713371323","2024-04-17T16:28:43.000Z",,,,,,,,,"0","https://www.tiktok.com/@nachter/video/7357337111676079392?_r=1&_t=ZN-93r9JxE2rN0","false",,,"false",,"1","https://www.tiktok.com/@nachter/video/7357337111676079392?_r=1&_t=ZN-93r9JxE2rN0","Yo quiero donar sangre pero mis papás no quieren😭😭
Me llenaron de miedo de que si dono voy a engordar como cerdo","6911898159040562181","_lizzy.ml_","https://www.tiktok.com/@nachter/video/7357337111676079392"
"https://p16-common-sign.tiktokcdn-us.com/tos-maliva-avt-0068/89954f4ddeb6719f3ad94675fa3a21b4~tplv-tiktokx-cropcenter:100:100.jpg?dr=9640&refresh_token=bc629757&x-expires=1771329600&x-signature=2AVO3IDxELPP4tPjRz%2FTLR1uojw%3D&t=4d5b0474&ps=13740610&shp=30310797&shcp=ff37627b&idc=useast5","7358709174279422726","1713333015","2024-04-17T05:50:15.000Z",,,,,,,,,"0","https://www.tiktok.com/@nachter/video/7357337111676079392?_r=1&_t=ZN-93r9JxE2rN0","false",,,"false",,"0","https://www.tiktok.com/@nachter/video/7357337111676079392?_r=1&_t=ZN-93r9JxE2rN0","😂🤣😂🤣😂🤣","7299862999605838853","monit2570","https://www.tiktok.com/@nachter/video/7357337111676079392"
"https://p19-common-sign.tiktokcdn-us.com/tos-maliva-avt-0068/43fa65aec559d80d8877fbaf54075b07~tplv-tiktokx-cropcenter:100:100.jpg?dr=9640&refresh_token=2e46dd43&x-expires=1771329600&x-signature=UDjsFupi%2BZX89XUIMCqAfX6v0n0%3D&t=4d5b0474&ps=13740610&shp=30310797&shcp=ff37627b&idc=useast5","7358837279970968325","1713362835","2024-04-17T14:07:15.000Z",,,,,,,,,"0","https://www.tiktok.com/@nachter/video/7357337111676079392?_r=1&_t=ZN-93r9JxE2rN0","false",,,"false",,"0","https://www.tiktok.com/@nachter/video/7357337111676079392?_r=1&_t=ZN-93r9JxE2rN0","🤣🤣🤣","7248320025765053446","elizabethlaluzfer","https://www.tiktok.com/@nachter/video/7357337111676079392"
"https://p19-common-sign.tiktokcdn-us.com/tos-maliva-avt-0068/43fa65aec559d80d8877fbaf54075b07~tplv-tiktokx-cropcenter:100:100.jpg?dr=9640&refresh_token=2e46dd43&x-expires=1771329600&x-signature=UDjsFupi%2BZX89XUIMCqAfX6v0n0%3D&t=4d5b0474&ps=13740610&shp=30310797&shcp=ff37627b&idc=useast5","7358837335255024389","1713362843","2024-04-17T14:07:23.000Z",,,,,,,,,"0","https://www.tiktok.com/@nachter/video/7357337111676079392?_r=1&_t=ZN-93r9JxE2rN0","false",,,"false",,"0","https://www.tiktok.com/@nachter/video/7357337111676079392?_r=1&_t=ZN-93r9JxE2rN0","🤣🤣👌👌👌👌","7248320025765053446","elizabethlaluzfer","https://www.tiktok.com/@nachter/video/7357337111676079392"
"https://p19-common-sign.tiktokcdn-us.com/tos-maliva-avt-0068/7322508959997722630~tplv-tiktokx-cropcenter:100:100.jpg?dr=9640&refresh_token=903bd19d&x-expires=1771329600&x-signature=liA1xaUKUXNHyi84T%2FqDtbIPcg8%3D&t=4d5b0474&ps=13740610&shp=30310797&shcp=ff37627b&idc=useast5","7358857759364907781","1713367603","2024-04-17T15:26:43.000Z",,,,,,,,,"0","https://www.tiktok.com/@nachter/video/7357337111676079392?_r=1&_t=ZN-93r9JxE2rN0","false",,,"false",,"0","https://www.tiktok.com/@nachter/video/7357337111676079392?_r=1&_t=ZN-93r9JxE2rN0","😂😂😂","6978468755584893957","danielrua335","https://www.tiktok.com/@nachter/video/7357337111676079392"
"https://p16-common-sign.tiktokcdn-us.com/musically-maliva-obj/1594805258216454~tplv-tiktokx-cropcenter:100:100.jpg?dr=9640&refresh_token=f231bd68&x-expires=1771329600&x-signature=b7JYUqWvA9lKsD3%2BfjosG9k8G%2BY%3D&t=4d5b0474&ps=13740610&shp=30310797&shcp=ff37627b&idc=useast5","7358856111216886534","1713369458","2024-04-17T15:57:38.000Z",,,,,,,,,"0","https://www.tiktok.com/@nachter/video/7357337111676079392?_r=1&_t=ZN-93r9JxE2rN0","false",,,"false",,"0","https://www.tiktok.com/@nachter/video/7357337111676079392?_r=1&_t=ZN-93r9JxE2rN0","😃😃😃😃😃","7069210755022799873","user56834946531843","https://www.tiktok.com/@nachter/video/7357337111676079392"
"https://p19-common-sign.tiktokcdn-us.com/tos-alisg-avt-0068/c515b46a8c075a0f7bc07ad6ae6d2e88~tplv-tiktokx-cropcenter:100:100.jpg?dr=9640&refresh_token=58c11b7e&x-expires=1771329600&x-signature=zrjYro7lk2rFCn3ICbpVkIbgf%2BU%3D&t=4d5b0474&ps=13740610&shp=30310797&shcp=ff37627b&idc=useast5","7358198612675576582","1713214137","2024-04-15T20:48:57.000Z",,,,,,,,,"0","https://www.tiktok.com/@nachter/video/7357337111676079392?_r=1&_t=ZN-93r9JxE2rN0","false",,,"false",,"0","https://www.tiktok.com/@nachter/video/7357337111676079392?_r=1&_t=ZN-93r9JxE2rN0","🤣🤣🤣","7253244721618486278","thiago21797","https://www.tiktok.com/@nachter/video/7357337111676079392"
"https://p16-common-sign.tiktokcdn-us.com/tos-maliva-avt-0068/a196ee91cb3e3d97da08f0cbfce952d2~tplv-tiktokx-cropcenter:100:100.jpg?dr=9640&refresh_token=e51b6c5a&x-expires=1771329600&x-signature=2x8bGKGqKDyTJU0cxjM2xLZ%2BdHY%3D&t=4d5b0474&ps=13740610&shp=30310797&shcp=ff37627b&idc=useast5","7358889595636892421","1713375009","2024-04-17T17:30:09.000Z",,,,,,,,,"0","https://www.tiktok.com/@nachter/video/7357337111676079392?_r=1&_t=ZN-93r9JxE2rN0","false",,,"false",,"0","https://www.tiktok.com/@nachter/video/7357337111676079392?_r=1&_t=ZN-93r9JxE2rN0","extrañaba mucho el ansiedad😂","6837214500451894277","aledanidanye","https://www.tiktok.com/@nachter/video/7357337111676079392"
"https://p16-common-sign.tiktokcdn-us.com/tos-maliva-avt-0068/c9114283669c02b3653852f94b7113dd~tplv-tiktokx-cropcenter:100:100.jpg?dr=9640&refresh_token=6caffc77&x-expires=1771329600&x-signature=tX1onCJefxRycwQ%2FbWyxbweJOF8%3D&t=4d5b0474&ps=13740610&shp=30310797&shcp=ff37627b&idc=useast5","7358920539282801440","1713382222","2024-04-17T19:30:22.000Z",,,,,,,,,"0","https://www.tiktok.com/@nachter/video/7357337111676079392?_r=1&_t=ZN-93r9JxE2rN0","false",,,"false",,"0","https://www.tiktok.com/@nachter/video/7357337111676079392?_r=1&_t=ZN-93r9JxE2rN0","👏👏👏👏👏👏","6888024550916113414","esloquehayprimo","https://www.tiktok.com/@nachter/video/7357337111676079392"
"https://p16-sign-va.tiktokcdn.com/tos-maliva-avt-0068/8ad84b473defb208ee2ed67039a0ab8e~tplv-tiktokx-cropcenter:100:100.jpg?dr=14579&refresh_token=b620d396&x-expires=1771329600&x-signature=HLN4kHsre3cL3KYnhENYsh7yzF4%3D&t=4d5b0474&ps=13740610&shp=30310797&shcp=ff37627b&idc=my","7357458156279284486","1713041736","2024-04-13T20:55:36.000Z",,,,,,,,,"0","https://www.tiktok.com/@nachter/video/7357337111676079392?_r=1&_t=ZN-93r9JxE2rN0","false",,,"false",,"0","https://www.tiktok.com/@nachter/video/7357337111676079392?_r=1&_t=ZN-93r9JxE2rN0","😂😂😂😂 super","7096664739451044869","leonisatrujillo1233","https://www.tiktok.com/@nachter/video/7357337111676079392"
"https://p19-common-sign-useastred.tiktokcdn-eu.com/tos-useast2a-avt-0068-euttp/93ee2d1f1901db62e7dd2ee044b4483b~tplv-tiktokx-cropcenter:100:100.jpg?dr=14579&refresh_token=3ba69734&x-expires=1771329600&x-signature=Jub8XhDCh4%2F0UPNqaXAN0M8xBE0%3D&t=4d5b0474&ps=13740610&shp=30310797&shcp=ff37627b&idc=my","7357461660477408032","1713042557","2024-04-13T21:09:17.000Z",,,,,,,,,"0","https://www.tiktok.com/@nachter/video/7357337111676079392?_r=1&_t=ZN-93r9JxE2rN0","false",,,"false",,"0","https://www.tiktok.com/@nachter/video/7357337111676079392?_r=1&_t=ZN-93r9JxE2rN0","ansiedad 😂❤️","7055395949090194438","annamfv090","https://www.tiktok.com/@nachter/video/7357337111676079392"
"https://p19-common-sign-useastred.tiktokcdn-eu.com/tos-useast2a-avt-0068-euttp/93ee2d1f1901db62e7dd2ee044b4483b~tplv-tiktokx-cropcenter:100:100.jpg?dr=14579&refresh_token=3ba69734&x-expires=1771329600&x-signature=Jub8XhDCh4%2F0UPNqaXAN0M8xBE0%3D&t=4d5b0474&ps=13740610&shp=30310797&shcp=ff37627b&idc=my","7357461780925104929","1713042588","2024-04-13T21:09:48.000Z",,,,,,,,,"0","https://www.tiktok.com/@nachter/video/7357337111676079392?_r=1&_t=ZN-93r9JxE2rN0","false",,,"false",,"0","https://www.tiktok.com/@nachter/video/7357337111676079392?_r=1&_t=ZN-93r9JxE2rN0","siempre doné mientras mi edad me lo permitió ❤️","7055395949090194438","annamfv090","https://www.tiktok.com/@nachter/video/7357337111676079392"
"https://p16-sign-sg.tiktokcdn.com/tos-alisg-avt-0068/7333513795005841429~tplv-tiktokx-cropcenter:100:100.jpg?dr=14579&refresh_token=3143267d&x-expires=1771329600&x-signature=7%2BASbrRkq4ubHK2pT8kRpcf1yAE%3D&t=4d5b0474&ps=13740610&shp=30310797&shcp=ff37627b&idc=my","7357457551543649057","1713041595","2024-04-13T20:53:15.000Z",,,,,,,,,"0","https://www.tiktok.com/@nachter/video/7357337111676079392?_r=1&_t=ZN-93r9JxE2rN0","false",,,"false",,"0","https://www.tiktok.com/@nachter/video/7357337111676079392?_r=1&_t=ZN-93r9JxE2rN0","Estoy de acuerdo","6837507195367588869","rafaelgildelacalleja","https://www.tiktok.com/@nachter/video/7357337111676079392"
"https://p16-sign-va.tiktokcdn.com/tos-maliva-avt-0068/a9f4543b5ca3e40c158ab81eb2a20758~tplv-tiktokx-cropcenter:100:100.jpg?dr=14579&refresh_token=df0fd236&x-expires=1771329600&x-signature=vPN1Yx4yFDsqmj6wOHwN28Z7jvo%3D&t=4d5b0474&ps=13740610&shp=30310797&shcp=ff37627b&idc=my","7357468324869620512","1713044106","2024-04-13T21:35:06.000Z",,,,,,,,,"0","https://www.tiktok.com/@nachter/video/7357337111676079392?_r=1&_t=ZN-93r9JxE2rN0","false",,,"false",,"0","https://www.tiktok.com/@nachter/video/7357337111676079392?_r=1&_t=ZN-93r9JxE2rN0","te quiero 🥰","6944667113177220102","mokhti","https://www.tiktok.com/@nachter/video/7357337111676079392"
"https://p16-sign-va.tiktokcdn.com/tos-maliva-avt-0068/8ecd21a2bddaa01da1134f94ed989748~tplv-tiktokx-cropcenter:100:100.jpg?dr=14579&refresh_token=fb7d69de&x-expires=1771329600&x-signature=WLNC%2FmgVIQ%2FDkhiX4hoea%2BE0FN0%3D&t=4d5b0474&ps=13740610&shp=30310797&shcp=ff37627b&idc=sg1","7358130834576261894","1713198349","2024-04-15T16:25:49.000Z",,,,,,,,,"0","https://www.tiktok.com/@nachter/video/7357337111676079392?_r=1&_t=ZN-93r9JxE2rN0","false",,,"false",,"0","https://www.tiktok.com/@nachter/video/7357337111676079392?_r=1&_t=ZN-93r9JxE2rN0","🥰🥰🥰","6892345955241509894","soykarlota","https://www.tiktok.com/@nachter/video/7357337111676079392"
"https://p16-sign-sg.tiktokcdn.com/tos-alisg-avt-0068/0ed9e71f8fed68eb1400b4c98871f188~tplv-tiktokx-cropcenter:100:100.jpg?dr=14579&refresh_token=79e85caf&x-expires=1771329600&x-signature=MED2Sfb8SALXcTaIc6%2BVJ0WUonQ%3D&t=4d5b0474&ps=13740610&shp=30310797&shcp=ff37627b&idc=sg1","7358140440543183649","1713200590","2024-04-15T17:03:10.000Z",,,,,,,,,"0","https://www.tiktok.com/@nachter/video/7357337111676079392?_r=1&_t=ZN-93r9JxE2rN0","false",,,"false",,"0","https://www.tiktok.com/@nachter/video/7357337111676079392?_r=1&_t=ZN-93r9JxE2rN0","😍😍😍😍😍","6754703178912498694","mariadiazglez","https://www.tiktok.com/@nachter/video/7357337111676079392"
"https://p16-sign-sg.tiktokcdn.com/tos-alisg-avt-0068/25813fee874a70f6df89f5d09fac4165~tplv-tiktokx-cropcenter:100:100.jpg?dr=14579&refresh_token=661a54f9&x-expires=1771329600&x-signature=XwErK9pY%2F%2BGTJ%2Fn2eXgkCKE0c5U%3D&t=4d5b0474&ps=13740610&shp=30310797&shcp=ff37627b&idc=sg1","7358069371652752134","1713184038","2024-04-15T12:27:18.000Z",,,,,,,,,"0","https://www.tiktok.com/@nachter/video/7357337111676079392?_r=1&_t=ZN-93r9JxE2rN0","false",,,"false",,"0","https://www.tiktok.com/@nachter/video/7357337111676079392?_r=1&_t=ZN-93r9JxE2rN0","💪💪💪","7275830406220973062","arturo__dxniel","https://www.tiktok.com/@nachter/video/7357337111676079392"
"https://p16-sign-sg.tiktokcdn.com/tos-alisg-avt-0068/7549129752b7855018a111518cb4beb3~tplv-tiktokx-cropcenter:100:100.jpg?dr=14579&refresh_token=ec576f1c&x-expires=1771329600&x-signature=J83KjAbXQaK%2BI07KfDi5QFnseuw%3D&t=4d5b0474&ps=13740610&shp=30310797&shcp=ff37627b&idc=sg1","7357723648134726406","1713103546","2024-04-14T14:05:46.000Z",,,,,,,,,"0","https://www.tiktok.com/@nachter/video/7357337111676079392?_r=1&_t=ZN-93r9JxE2rN0","false",,,"false",,"0","https://www.tiktok.com/@nachter/video/7357337111676079392?_r=1&_t=ZN-93r9JxE2rN0","❤❤❤","7172911405397869573","4ndii.19","https://www.tiktok.com/@nachter/video/7357337111676079392"
"https://p16-sign-va.tiktokcdn.com/tos-maliva-avt-0068/23c03868d43f73b2c7e08ae05ddc7f54~tplv-tiktokx-cropcenter:100:100.jpg?dr=14579&refresh_token=533726ad&x-expires=1771329600&x-signature=H%2Bsp6LPZGlBeN6AMbzGIF6mS3Lo%3D&t=4d5b0474&ps=13740610&shp=30310797&shcp=ff37627b&idc=sg1","7357670265373868832","1713091131","2024-04-14T10:38:51.000Z",,,,,,,,,"0","https://www.tiktok.com/@nachter/video/7357337111676079392?_r=1&_t=ZN-93r9JxE2rN0","false",,,"false",,"0","https://www.tiktok.com/@nachter/video/7357337111676079392?_r=1&_t=ZN-93r9JxE2rN0","😂😂👏👏🥰","7117945883288077318","matildefernandez53","https://www.tiktok.com/@nachter/video/7357337111676079392"
"https://p19-common-sign-useastred.tiktokcdn-eu.com/tos-useast2a-avt-0068-euttp/a7562aa7cc0519be63494bd18162c3a4~tplv-tiktokx-cropcenter:100:100.jpg?dr=14579&refresh_token=6e6d5a8d&x-expires=1771329600&x-signature=1izkJo1vUenNiia0j%2FhXgNE5YI4%3D&t=4d5b0474&ps=13740610&shp=30310797&shcp=ff37627b&idc=sg1","7357622661470487328","1713080055","2024-04-14T07:34:15.000Z",,,,,,,,,"0","https://www.tiktok.com/@nachter/video/7357337111676079392?_r=1&_t=ZN-93r9JxE2rN0","false",,,"false",,"0","https://www.tiktok.com/@nachter/video/7357337111676079392?_r=1&_t=ZN-93r9JxE2rN0","🥰🥰","7332524638101390369","user154504394","https://www.tiktok.com/@nachter/video/7357337111676079392"
"https://p16-sign-va.tiktokcdn.com/tos-maliva-avt-0068/3d95667c74489209c44bcaa7e5de2821~tplv-tiktokx-cropcenter:100:100.jpg?dr=14579&refresh_token=8d3b3837&x-expires=1771329600&x-signature=YJws2TqvUiGqxKKP5Djhqen5Gy0%3D&t=4d5b0474&ps=13740610&shp=30310797&shcp=ff37627b&idc=sg1","7357623452351808261","1713080215","2024-04-14T07:36:55.000Z",,,,,,,,,"0","https://www.tiktok.com/@nachter/video/7357337111676079392?_r=1&_t=ZN-93r9JxE2rN0","false",,,"false",,"0","https://www.tiktok.com/@nachter/video/7357337111676079392?_r=1&_t=ZN-93r9JxE2rN0","❤️","6932832108352963590","byron_sanchez29","https://www.tiktok.com/@nachter/video/7357337111676079392"
"https://p16-sign-va.tiktokcdn.com/tos-maliva-avt-0068/cf06e8aa70f60f456d01b26d81471de8~tplv-tiktokx-cropcenter:100:100.jpg?dr=14579&refresh_token=c6b31c61&x-expires=1771329600&x-signature=XhqEPw%2FxpZX0PLYsA%2FF7edci4aI%3D&t=4d5b0474&ps=13740610&shp=30310797&shcp=ff37627b&idc=sg1","7357610265473073926","1713077148","2024-04-14T06:45:48.000Z",,,,,,,,,"0","https://www.tiktok.com/@nachter/video/7357337111676079392?_r=1&_t=ZN-93r9JxE2rN0","false",,,"false",,"0","https://www.tiktok.com/@nachter/video/7357337111676079392?_r=1&_t=ZN-93r9JxE2rN0","🥰","7112300228992664582","anysauria201264","https://www.tiktok.com/@nachter/video/7357337111676079392"
"https://p19-common-sign.tiktokcdn-us.com/tos-maliva-avt-0068/04b4d3785387a333c4e7377393459c69~tplv-tiktokx-cropcenter:100:100.jpg?dr=9640&refresh_token=92c78008&x-expires=1771329600&x-signature=uU641vLTXx%2BY8oAConDsofuTvTE%3D&t=4d5b0474&ps=13740610&shp=30310797&shcp=ff37627b&idc=useast8","7359082580857455365","1713419949","2024-04-18T05:59:09.000Z",,,,,,,,,"1","https://www.tiktok.com/@nachter/video/7357337111676079392?_r=1&_t=ZN-93r9JxE2rN0","false",,,,"7358873751175774982",,"https://www.tiktok.com/@nachter/video/7357337111676079392?_r=1&_t=ZN-93r9JxE2rN0","si tan bien mi mamá me lo dijo pero el medico me dijo que es un mito","6810778699811947525","mar0rhu","https://www.tiktok.com/@nachter/video/7357337111676079392"
"https://p16-common-sign.tiktokcdn-us.com/tos-maliva-avt-0068/62d76c1061f1ebc2d6405f2f965f8f90~tplv-tiktokx-cropcenter:100:100.jpg?dr=9640&refresh_token=7ce39c4f&x-expires=1771329600&x-signature=4AkYge9beSphVI9bRQLDsxkh%2FQc%3D&t=4d5b0474&ps=13740610&shp=30310797&shcp=ff37627b&idc=useast8","7359006490529497889","1713402423","2024-04-18T01:07:03.000Z",,,,,,,,,"0","https://www.tiktok.com/@nachter/video/7357337111676079392?_r=1&_t=ZN-93r9JxE2rN0","false",,,"false",,"0","https://www.tiktok.com/@nachter/video/7357337111676079392?_r=1&_t=ZN-93r9JxE2rN0","🤣🤣🤣🤣🤣ay que me parto cada vez que se cae engarrotado y se quiebra 🤣🤣🤣🤣","7197744501644428294","user7506700219787","https://www.tiktok.com/@nachter/video/7357337111676079392"
"https://p16-common-sign.tiktokcdn-us.com/musically-maliva-obj/1594805258216454~tplv-tiktokx-cropcenter:100:100.jpg?dr=9640&refresh_token=f231bd68&x-expires=1771329600&x-signature=b7JYUqWvA9lKsD3%2BfjosG9k8G%2BY%3D&t=4d5b0474&ps=13740610&shp=30310797&shcp=ff37627b&idc=useast8","7359105891927196448","1713425412","2024-04-18T07:30:12.000Z",,,,,,,,,"0","https://www.tiktok.com/@nachter/video/7357337111676079392?_r=1&_t=ZN-93r9JxE2rN0","false",,,"false",,"0","https://www.tiktok.com/@nachter/video/7357337111676079392?_r=1&_t=ZN-93r9JxE2rN0","😂😂😂😂","6894284463256896518","esteticaduenas","https://www.tiktok.com/@nachter/video/7357337111676079392"
"https://p16-common-sign.tiktokcdn-us.com/tos-maliva-avt-0068/e7af271a7b3e343b7b97fef01ed05ec3~tplv-tiktokx-cropcenter:100:100.jpg?dr=9640&refresh_token=9a095702&x-expires=1771329600&x-signature=YWbIjry21e8uHw3q%2F3XVOtvsucE%3D&t=4d5b0474&ps=13740610&shp=30310797&shcp=ff37627b&idc=useast8","7359117808720364321","1713428182","2024-04-18T08:16:22.000Z",,,,,,,,,"0","https://www.tiktok.com/@nachter/video/7357337111676079392?_r=1&_t=ZN-93r9JxE2rN0","false",,,"false",,"0","https://www.tiktok.com/@nachter/video/7357337111676079392?_r=1&_t=ZN-93r9JxE2rN0","no es bueno donar ..😏","6886144046403650566","lemousette","https://www.tiktok.com/@nachter/video/7357337111676079392"
"https://p19-common-sign.tiktokcdn-us.com/tos-maliva-avt-0068/cc4fe3173f997d2a404e70fc3583bd2c~tplv-tiktokx-cropcenter:100:100.jpg?dr=9640&refresh_token=8550dd01&x-expires=1771329600&x-signature=e%2FrBSXWvQKLcqN9oBLwvjtgNNMo%3D&t=4d5b0474&ps=13740610&shp=30310797&shcp=ff37627b&idc=useast8","7357385908779549445","1713024905","2024-04-13T16:15:05.000Z",,,,,,,,,"0","https://www.tiktok.com/@nachter/video/7357337111676079392?_r=1&_t=ZN-93r9JxE2rN0","false",,,"false",,"0","https://www.tiktok.com/@nachter/video/7357337111676079392?_r=1&_t=ZN-93r9JxE2rN0","ansiedad 😂😂😂😂🤣🤣🤣","6921384555694474245","paulinaedithrodriguezca1","https://www.tiktok.com/@nachter/video/7357337111676079392"
"https://p16-common-sign.tiktokcdn-us.com/tos-maliva-avt-0068/83e63c4f8ecdd9f0c1cbbdb4441d0a39~tplv-tiktokx-cropcenter:100:100.jpg?dr=9640&refresh_token=9d9c5d64&x-expires=1771329600&x-signature=GcVFNUDCTeKonnlixjGK3QWitJg%3D&t=4d5b0474&ps=13740610&shp=30310797&shcp=ff37627b&idc=useast8","7357386127059813125","1713024959","2024-04-13T16:15:59.000Z",,,,,,,,,"0","https://www.tiktok.com/@nachter/video/7357337111676079392?_r=1&_t=ZN-93r9JxE2rN0","false",,,"false",,"0","https://www.tiktok.com/@nachter/video/7357337111676079392?_r=1&_t=ZN-93r9JxE2rN0","😂😂😂","6835008423354221573","ceciliaarcieri","https://www.tiktok.com/@nachter/video/7357337111676079392"
"https://p19-common-sign.tiktokcdn-us.com/tos-maliva-avt-0068/7fd27c2c09453d53544034e67494786a~tplv-tiktokx-cropcenter:100:100.jpg?dr=9640&refresh_token=11ec32f0&x-expires=1771329600&x-signature=moQ2Zw%2BG63o9JFLLD1mErvHqdIE%3D&t=4d5b0474&ps=13740610&shp=30310797&shcp=ff37627b&idc=useast8","7357390455539794694","1713025967","2024-04-13T16:32:47.000Z",,,,,,,,,"0","https://www.tiktok.com/@nachter/video/7357337111676079392?_r=1&_t=ZN-93r9JxE2rN0","false",,,"false",,"0","https://www.tiktok.com/@nachter/video/7357337111676079392?_r=1&_t=ZN-93r9JxE2rN0","lo malo es que no puedo donar sangre por mi enfermedad","7148465868593759237","swet_honie","https://www.tiktok.com/@nachter/video/7357337111676079392"
"https://p16-common-sign.tiktokcdn-us.com/tos-maliva-avt-0068/7159040452006674438~tplv-tiktokx-cropcenter:100:100.jpg?dr=9640&refresh_token=319005b7&x-expires=1771329600&x-signature=SCQQb5udFkKcnStoaCNUhq4ppxM%3D&t=4d5b0474&ps=13740610&shp=30310797&shcp=ff37627b&idc=useast8","7357394214856884997","1713026837","2024-04-13T16:47:17.000Z",,,,,,,,,"0","https://www.tiktok.com/@nachter/video/7357337111676079392?_r=1&_t=ZN-93r9JxE2rN0","false",,,"false",,"0","https://www.tiktok.com/@nachter/video/7357337111676079392?_r=1&_t=ZN-93r9JxE2rN0","son dos???😂😂😂😂😂","7159039798106817541","oskrmtv","https://www.tiktok.com/@nachter/video/7357337111676079392"
"https://p16-common-sign.tiktokcdn-us.com/tos-maliva-avt-0068/7327607552208879621~tplv-tiktokx-cropcenter:100:100.jpg?dr=9640&refresh_token=5d25d3a4&x-expires=1771329600&x-signature=opqWaanbvCp2kGwoCIEXZrylLBc%3D&t=4d5b0474&ps=13740610&shp=30310797&shcp=ff37627b&idc=useast8","7357395875285189381","1713027228","2024-04-13T16:53:48.000Z",,,,,,,,,"0","https://www.tiktok.com/@nachter/video/7357337111676079392?_r=1&_t=ZN-93r9JxE2rN0","false",,,"false",,"1","https://www.tiktok.com/@nachter/video/7357337111676079392?_r=1&_t=ZN-93r9JxE2rN0","en México donar es una pesadilla por la burocracia, al menos en las instalaciones públicas a las que voy, desalienta a todos a ayudar.","6843304165302764550","chelcobs","https://www.tiktok.com/@nachter/video/7357337111676079392"
"https://p16-common-sign.tiktokcdn-us.com/tos-maliva-avt-0068/97e56751b7c54d4013ae22eba19e1784~tplv-tiktokx-cropcenter:100:100.jpg?dr=9640&refresh_token=b0f7f763&x-expires=1771329600&x-signature=QkNk8%2BlDTblTDkY6ZBpWaBVWGyw%3D&t=4d5b0474&ps=13740610&shp=30310797&shcp=ff37627b&idc=useast8","7357396933591810848","1713027489","2024-04-13T16:58:09.000Z",,,,,,,,,"0","https://www.tiktok.com/@nachter/video/7357337111676079392?_r=1&_t=ZN-93r9JxE2rN0","false",,,"false",,"0","https://www.tiktok.com/@nachter/video/7357337111676079392?_r=1&_t=ZN-93r9JxE2rN0","🤣🤣🤣","7276508305723671585","adrianblancomiran","https://www.tiktok.com/@nachter/video/7357337111676079392"
"https://p16-common-sign.tiktokcdn-us.com/tos-maliva-avt-0068/97e56751b7c54d4013ae22eba19e1784~tplv-tiktokx-cropcenter:100:100.jpg?dr=9640&refresh_token=b0f7f763&x-expires=1771329600&x-signature=QkNk8%2BlDTblTDkY6ZBpWaBVWGyw%3D&t=4d5b0474&ps=13740610&shp=30310797&shcp=ff37627b&idc=useast8","7357397046377087777","1713027519","2024-04-13T16:58:39.000Z",,,,,,,,,"0","https://www.tiktok.com/@nachter/video/7357337111676079392?_r=1&_t=ZN-93r9JxE2rN0","false",,,"false",,"0","https://www.tiktok.com/@nachter/video/7357337111676079392?_r=1&_t=ZN-93r9JxE2rN0","❤️❤️❤️","7276508305723671585","adrianblancomiran","https://www.tiktok.com/@nachter/video/7357337111676079392"
"https://p19-common-sign.tiktokcdn-us.com/tos-maliva-avt-0068/4357f2cc9aef0bf29e284c70f38499bf~tplv-tiktokx-cropcenter:100:100.jpg?dr=9640&refresh_token=8f39166a&x-expires=1771329600&x-signature=USFLy0BPZgX%2FYhrvQAtHJBmb4wY%3D&t=4d5b0474&ps=13740610&shp=30310797&shcp=ff37627b&idc=useast8","7357374318563984133","1713022214","2024-04-13T15:30:14.000Z",,,,,,,,,"0","https://www.tiktok.com/@nachter/video/7357337111676079392?_r=1&_t=ZN-93r9JxE2rN0","false",,,"false",,"0","https://www.tiktok.com/@nachter/video/7357337111676079392?_r=1&_t=ZN-93r9JxE2rN0","aaa pero a mí me votan 🤔🤔","7006754106036765702","kunashy_jhonatan","https://www.tiktok.com/@nachter/video/7357337111676079392"
"https://p16-common-sign.tiktokcdn-us.com/tos-maliva-avt-0068/7327242088479440901~tplv-tiktokx-cropcenter:100:100.jpg?dr=9640&refresh_token=ef41b3ce&x-expires=1771329600&x-signature=f4XZvltPQ%2BMYru8ZTCU3vlULtYU%3D&t=4d5b0474&ps=13740610&shp=30310797&shcp=ff37627b&idc=useast8","7357368277168030496","1713020824","2024-04-13T15:07:04.000Z",,,,,,,,,"0","https://www.tiktok.com/@nachter/video/7357337111676079392?_r=1&_t=ZN-93r9JxE2rN0","false",,,"false",,"0","https://www.tiktok.com/@nachter/video/7357337111676079392?_r=1&_t=ZN-93r9JxE2rN0","osea me mareo cuando me sacan la aguja de sacar un bote que es mas fina imaginate con esa que es mas gorda..","6814955244955812870","morenoderojas","https://www.tiktok.com/@nachter/video/7357337111676079392"
"https://p16-common-sign.tiktokcdn-us.com/tos-maliva-avt-0068/7335525099866914821~tplv-tiktokx-cropcenter:100:100.jpg?dr=9640&refresh_token=3d6d71d6&x-expires=1771329600&x-signature=1kGxgFtK8rygxb9lGlYfy%2FedNSg%3D&t=4d5b0474&ps=13740610&shp=30310797&shcp=ff37627b&idc=useast8","7357369778190713605","1713021149","2024-04-13T15:12:29.000Z",,,,,,,,,"0","https://www.tiktok.com/@nachter/video/7357337111676079392?_r=1&_t=ZN-93r9JxE2rN0","false",,,"false",,"0","https://www.tiktok.com/@nachter/video/7357337111676079392?_r=1&_t=ZN-93r9JxE2rN0","jaja yo un día fui a donar, pero me desmayo y me dijo la doctora que mejor dijera que no podia.","6534515380092670976","feryáñez8","https://www.tiktok.com/@nachter/video/7357337111676079392"
"https://p16-common-sign.tiktokcdn-us.com/tos-useast2a-avt-0068-euttp/6fb7c03988d0f0b23110ea7387d8cb3c~tplv-tiktokx-cropcenter:100:100.jpg?dr=9640&refresh_token=189f1cfe&x-expires=1771329600&x-signature=nFX27VCyteQpEPcFnZQQqhGdqY8%3D&t=4d5b0474&ps=13740610&shp=30310797&shcp=ff37627b&idc=useast8","7357369990137676576","1713021213","2024-04-13T15:13:33.000Z","M","https://www.tiktok.com/@203730938403418112","MS4wLjABAAAAA1zAoSVyJEbiG2F0uGDvL5Ye0Wg370SraeUk5SF5rNS_3yFfnYsQOwHj-iLPMjxK","203730938403418112",,,,,"0","https://www.tiktok.com/@nachter/video/7357337111676079392?_r=1&_t=ZN-93r9JxE2rN0","false","@M",,"false",,"0","https://www.tiktok.com/@nachter/video/7357337111676079392?_r=1&_t=ZN-93r9JxE2rN0","@M","6565498201926320134","mmarclleti","https://www.tiktok.com/@nachter/video/7357337111676079392"
"https://p16-common-sign.tiktokcdn-us.com/tos-maliva-avt-0068/7321595814961709062~tplv-tiktokx-cropcenter:100:100.jpg?dr=9640&refresh_token=8e33eae5&x-expires=1771329600&x-signature=pxzb6reozhkk9xF%2F3%2BD6RDP%2BgKM%3D&t=4d5b0474&ps=13740610&shp=30310797&shcp=ff37627b&idc=useast8","7357372795016708897","1713021881","2024-04-13T15:24:41.000Z",,,,,,,,,"0","https://www.tiktok.com/@nachter/video/7357337111676079392?_r=1&_t=ZN-93r9JxE2rN0","false",,,"false",,"0","https://www.tiktok.com/@nachter/video/7357337111676079392?_r=1&_t=ZN-93r9JxE2rN0","de los 80 y con mi carné de donante desde los 18😁","7026344341972190213","faznha","https://www.tiktok.com/@nachter/video/7357337111676079392"
"https://p16-common-sign.tiktokcdn-us.com/tos-maliva-avt-0068/7330338606331985926~tplv-tiktokx-cropcenter:100:100.jpg?dr=9640&refresh_token=fcbc6ae7&x-expires=1771329600&x-signature=y2hGe%2FMxHhfgq88QKmIK4YnET5o%3D&t=4d5b0474&ps=13740610&shp=30310797&shcp=ff37627b&idc=useast8","7357374069999928096","1713022162","2024-04-13T15:29:22.000Z",,,,,,,,,"0","https://www.tiktok.com/@nachter/video/7357337111676079392?_r=1&_t=ZN-93r9JxE2rN0","false",,,"false",,"0","https://www.tiktok.com/@nachter/video/7357337111676079392?_r=1&_t=ZN-93r9JxE2rN0","👏👏👏","7044581029738644485","alejandrolaravand","https://www.tiktok.com/@nachter/video/7357337111676079392"
"https://p19-common-sign.tiktokcdn-us.com/tos-maliva-avt-0068/49c457a1b8bca62ce7d06a6c547ab94c~tplv-tiktokx-cropcenter:100:100.jpg?dr=9640&refresh_token=e6f4dd30&x-expires=1771329600&x-signature=D5nd%2BZ0aNIec72yoSs8%2FzSKDkIY%3D&t=4d5b0474&ps=13740610&shp=30310797&shcp=ff37627b&idc=useast8","7357374124534022918","1713022163","2024-04-13T15:29:23.000Z",,,,,,,,,"0","https://www.tiktok.com/@nachter/video/7357337111676079392?_r=1&_t=ZN-93r9JxE2rN0","false",,,"false",,"0","https://www.tiktok.com/@nachter/video/7357337111676079392?_r=1&_t=ZN-93r9JxE2rN0","😂😂😂","6657547036134834182","jenn77gnr","https://www.tiktok.com/@nachter/video/7357337111676079392"
"https://p16-sign-va.tiktokcdn.com/tos-maliva-avt-0068/7325926640957456389~tplv-tiktokx-cropcenter:100:100.jpg?dr=14579&refresh_token=619539fe&x-expires=1771329600&x-signature=peaqx0YwtUE3j4mpsv1PRmYeg7g%3D&t=4d5b0474&ps=13740610&shp=30310797&shcp=ff37627b&idc=my","7357374629973000992","1713022295","2024-04-13T15:31:35.000Z",,,,,,,,,"0","https://www.tiktok.com/@nachter/video/7357337111676079392?_r=1&_t=ZN-93r9JxE2rN0","false",,,"false",,"0","https://www.tiktok.com/@nachter/video/7357337111676079392?_r=1&_t=ZN-93r9JxE2rN0","y yo que quiero donar no puedo 🥺","6994139266147681286","anacristy1803","https://www.tiktok.com/@nachter/video/7357337111676079392"
"https://p16-sign-va.tiktokcdn.com/tos-maliva-avt-0068/a30e58cdfa49ec5f88e570a92ef05e35~tplv-tiktokx-cropcenter:100:100.jpg?dr=14579&refresh_token=35304bf5&x-expires=1771329600&x-signature=nm4zUgDM1h38dO3ot4WJEzwL4gw%3D&t=4d5b0474&ps=13740610&shp=30310797&shcp=ff37627b&idc=my","7357958105680872198","1713158140","2024-04-15T05:15:40.000Z","Valentina A ¡★!","https://www.tiktok.com/@6872747877895373826","MS4wLjABAAAA7ylOogc37icFIVo92j0QeaStZ_WZcmDd7KUGzUcDnpZsUvFS3hEGczzzYYn4zcX4","6872747877895373826","𝙿𝚒𝚎𝚛𝚒𝚗𝚊 👸🏽","https://www.tiktok.com/@125903922866565120","MS4wLjABAAAANU11GuNC-kDZnRXoWwB5akaK11gbyLUDES82h4xz3oln9iv7jK1ErV2DbB6hBMyf","125903922866565120","1","https://www.tiktok.com/@nachter/video/7357337111676079392?_r=1&_t=ZN-93r9JxE2rN0","false","@Valentina A ¡★!","@𝙿𝚒𝚎𝚛𝚒𝚗𝚊 👸🏽","false",,"0","https://www.tiktok.com/@nachter/video/7357337111676079392?_r=1&_t=ZN-93r9JxE2rN0","@Valentina A ¡★! @𝙿𝚒𝚎𝚛𝚒𝚗𝚊 👸🏽","6630202185567633414","erikaaandradev","https://www.tiktok.com/@nachter/video/7357337111676079392"
"https://p16-sign-va.tiktokcdn.com/tos-maliva-avt-0068/f56d3ddecc03dfb38e142f09ef5840ee~tplv-tiktokx-cropcenter:100:100.jpg?dr=14579&refresh_token=16ed4ce2&x-expires=1771329600&x-signature=M9k845l2Iz8yz4utd3MjF9Gnytk%3D&t=4d5b0474&ps=13740610&shp=30310797&shcp=ff37627b&idc=my","7357804563254739717","1713122384","2024-04-14T19:19:44.000Z",,,,,,,,,"1","https://www.tiktok.com/@nachter/video/7357337111676079392?_r=1&_t=ZN-93r9JxE2rN0","false",,,"false",,"0","https://www.tiktok.com/@nachter/video/7357337111676079392?_r=1&_t=ZN-93r9JxE2rN0","😁😁😁","6808751492201251846","lawgdl2024","https://www.tiktok.com/@nachter/video/7357337111676079392"
"https://p77-sign-va.tiktokcdn.com/tos-maliva-avt-0068/cb85522551c2566590acc36d3864dccd~tplv-tiktokx-cropcenter:100:100.jpg?dr=14579&refresh_token=cf0acbce&x-expires=1771329600&x-signature=0NsqZU6SFfIHMFGN0zus%2FhhvamY%3D&t=4d5b0474&ps=13740610&shp=30310797&shcp=ff37627b&idc=sg1","7357568608794428165","1713069082","2024-04-14T04:31:22.000Z","Alexis castilloo","https://www.tiktok.com/@7144289067798135813","MS4wLjABAAAAZxm7c90YKk7IBLDhqwIGDIV5wS2Dg2pwc3xs0ypOgIyEUUGmtqMRsWFBgajnWPpC","7144289067798135813",,,,,"0","https://www.tiktok.com/@nachter/video/7357337111676079392?_r=1&_t=ZN-93r9JxE2rN0","false","@Alexis castilloo",,"false",,"0","https://www.tiktok.com/@nachter/video/7357337111676079392?_r=1&_t=ZN-93r9JxE2rN0","@Alexis castilloo anciedad ?","7207874637089686533","el_papu2011","https://www.tiktok.com/@nachter/video/7357337111676079392"
"https://p77-sign-va.tiktokcdn.com/tos-maliva-avt-0068/89fc3134a619043d19c488c0bd7a2c18~tplv-tiktokx-cropcenter:100:100.jpg?dr=14579&refresh_token=f685442a&x-expires=1771329600&x-signature=5qEdRFSAdYRv0bOjXiyt1lNrs1w%3D&t=4d5b0474&ps=13740610&shp=30310797&shcp=ff37627b&idc=sg1","7357404075216438021","1713029138","2024-04-13T17:25:38.000Z",,,,,,,,,"0","https://www.tiktok.com/@nachter/video/7357337111676079392?_r=1&_t=ZN-93r9JxE2rN0","false",,,"false",,"0","https://www.tiktok.com/@nachter/video/7357337111676079392?_r=1&_t=ZN-93r9JxE2rN0","❤️❤️❤️","6860210797482656773","bel_gaudino","https://www.tiktok.com/@nachter/video/7357337111676079392"
"https://p16-common-sign.tiktokcdn-eu.com/tos-maliva-avt-0068/7327607552208879621~tplv-tiktokx-cropcenter:100:100.jpg?dr=10399&refresh_token=547c18a2&x-expires=1771329600&x-signature=xHQB70bg7diH8WLKOTkRMo0zwlY%3D&t=4d5b0474&ps=13740610&shp=30310797&shcp=ff37627b&idc=no1a","7357396083637945093","1713027281","2024-04-13T16:54:41.000Z",,,,,,,,,"0","https://www.tiktok.com/@nachter/video/7357337111676079392?_r=1&_t=ZN-93r9JxE2rN0","false",,,,"7357395875285189381",,"https://www.tiktok.com/@nachter/video/7357337111676079392?_r=1&_t=ZN-93r9JxE2rN0","se que esté tiktok no es para México namas datos que nadie pidió.
igual seguimos donando","6843304165302764550","chelcobs","https://www.tiktok.com/@nachter/video/7357337111676079392"
"https://p16-sign-va.tiktokcdn.com/tos-maliva-avt-0068/624a6cbfa19b8c3bef95c6e3dd3967a2~tplv-tiktokx-cropcenter:100:100.jpg?dr=14579&refresh_token=281a2d78&x-expires=1771329600&x-signature=GMQGXsgmaGLdkNgFsqN7CL20ivE%3D&t=4d5b0474&ps=13740610&shp=30310797&shcp=ff37627b&idc=my2","7357388557222183713","1713025532","2024-04-13T16:25:32.000Z",,,,,,,,,"1","https://www.tiktok.com/@nachter/video/7357337111676079392?_r=1&_t=ZN-93r9JxE2rN0","false",,,"false",,"0","https://www.tiktok.com/@nachter/video/7357337111676079392?_r=1&_t=ZN-93r9JxE2rN0","140","7164857434871006214","gaizkacs.2010","https://www.tiktok.com/@nachter/video/7357337111676079392"
"https://p16-sign-va.tiktokcdn.com/tos-maliva-avt-0068/8b292e744da32127fbe753a296573b1e~tplv-tiktokx-cropcenter:100:100.jpg?dr=14579&refresh_token=395fa62b&x-expires=1771329600&x-signature=hCjOI0RGGBpzLOxoIxakqYVAsYA%3D&t=4d5b0474&ps=13740610&shp=30310797&shcp=ff37627b&idc=my2","7357372078150533920","1713021706","2024-04-13T15:21:46.000Z",,,,,,,,,"1","https://www.tiktok.com/@nachter/video/7357337111676079392?_r=1&_t=ZN-93r9JxE2rN0","false",,,"false",,"0","https://www.tiktok.com/@nachter/video/7357337111676079392?_r=1&_t=ZN-93r9JxE2rN0","Ya nadie habla de lo de trini
　　　
10h 　 Responder 　 　 　 　 　 ♡896
　　　
● 𝓑𝓮𝓪💗
cai JAJAJA 🥲","7025208006308971526","mrdraco_calisthenics","https://www.tiktok.com/@nachter/video/7357337111676079392"
"https://p19-common-sign-useastred.tiktokcdn-eu.com/tos-useast2a-avt-0068-euttp/455716c7674d58c6113cbb942899c4e4~tplv-tiktokx-cropcenter:100:100.jpg?dr=14579&refresh_token=0fadc1f8&x-expires=1771329600&x-signature=mPwK2929mvWs390rmz%2BoEeXASn0%3D&t=4d5b0474&ps=13740610&shp=30310797&shcp=ff37627b&idc=my2","7357343706931086112","1713015109","2024-04-13T13:31:49.000Z",,,,,,,,,"1","https://www.tiktok.com/@nachter/video/7357337111676079392?_r=1&_t=ZN-93r9JxE2rN0","false",,,"false",,"0","https://www.tiktok.com/@nachter/video/7357337111676079392?_r=1&_t=ZN-93r9JxE2rN0","Que aprovechen que se ha desmayao el de la ansiedad 🤣🤣","6869022078576067589","antonioosb1722","https://www.tiktok.com/@nachter/video/7357337111676079392"
"https://p16-sign-va.tiktokcdn.com/tos-maliva-avt-0068/463c9b28e2a6b77a763c19ae21e0c070~tplv-tiktokx-cropcenter:100:100.jpg?dr=14579&refresh_token=a16a8b2e&x-expires=1771329600&x-signature=A3oRDpq9svTL3tITAnQeIusQ%2BzE%3D&t=4d5b0474&ps=13740610&shp=30310797&shcp=ff37627b&idc=my2","7357339918400766725","1713014205","2024-04-13T13:16:45.000Z",,,,,,,,,"1","https://www.tiktok.com/@nachter/video/7357337111676079392?_r=1&_t=ZN-93r9JxE2rN0","false",,,"false",,"0","https://www.tiktok.com/@nachter/video/7357337111676079392?_r=1&_t=ZN-93r9JxE2rN0","jajajja","6878796539516060677","jenniffermtp","https://www.tiktok.com/@nachter/video/7357337111676079392"
"https://p16-common-sign.tiktokcdn-us.com/tos-alisg-avt-0068/2059b40cb70897c9e834c9adeea8006b~tplv-tiktokx-cropcenter:100:100.jpg?dr=9640&refresh_token=51f21b39&x-expires=1771329600&x-signature=gUcqdlDna0FVvcMp0SlfnQDOCe0%3D&t=4d5b0474&ps=13740610&shp=30310797&shcp=ff37627b&idc=useast5","7357398091337401094","1713027747","2024-04-13T17:02:27.000Z",,,,,,,,,"0","https://www.tiktok.com/@nachter/video/7357337111676079392?_r=1&_t=ZN-93r9JxE2rN0","false",,,"false",,"0","https://www.tiktok.com/@nachter/video/7357337111676079392?_r=1&_t=ZN-93r9JxE2rN0","😂😂😂","7318766841953092614","claudia88094","https://www.tiktok.com/@nachter/video/7357337111676079392"
"https://p16-common-sign.tiktokcdn-us.com/tos-useast2a-avt-0068-euttp/7312557317097488417~tplv-tiktokx-cropcenter:100:100.jpg?dr=9640&refresh_token=e128c26d&x-expires=1771329600&x-signature=AnsI4cPmabwViOYIjLS9k%2FnnlZE%3D&t=4d5b0474&ps=13740610&shp=30310797&shcp=ff37627b&idc=useast5","7357377420959662881","1713022944","2024-04-13T15:42:24.000Z",,,,,,,,,"0","https://www.tiktok.com/@nachter/video/7357337111676079392?_r=1&_t=ZN-93r9JxE2rN0","false",,,"false",,"0","https://www.tiktok.com/@nachter/video/7357337111676079392?_r=1&_t=ZN-93r9JxE2rN0","😂😂😂","7157336600043717638","coumba.dia30","https://www.tiktok.com/@nachter/video/7357337111676079392"
"https://p19-common-sign.tiktokcdn-us.com/tos-maliva-avt-0068/126003f2c96d16cceeec3d00f049d961~tplv-tiktokx-cropcenter:100:100.jpg?dr=9640&refresh_token=16793025&x-expires=1771329600&x-signature=L6N3R7ko0FtSEkREi6WY9UKSE5Y%3D&t=4d5b0474&ps=13740610&shp=30310797&shcp=ff37627b&idc=useast5","7357385427281986337","1713024807","2024-04-13T16:13:27.000Z",,,,,,,,,"0","https://www.tiktok.com/@nachter/video/7357337111676079392?_r=1&_t=ZN-93r9JxE2rN0","false",,,"false",,"0","https://www.tiktok.com/@nachter/video/7357337111676079392?_r=1&_t=ZN-93r9JxE2rN0","Es importante, pero yo jamás la donaría por motivos espirituales","6825022464713032709","alicialaninfadeoro3","https://www.tiktok.com/@nachter/video/7357337111676079392"
"https://p16-common-sign.tiktokcdn-us.com/tos-useast5-avt-0068-tx/961d7676919bb4ae9378c06f7331ee62~tplv-tiktokx-cropcenter:100:100.jpg?dr=9640&refresh_token=f7813e18&x-expires=1771329600&x-signature=9%2FT9KCeN28mWOf4OYbVJMls5iqY%3D&t=4d5b0474&ps=13740610&shp=30310797&shcp=ff37627b&idc=useast5","7357424203954291498","1713033840","2024-04-13T18:44:00.000Z",,,,,,,,,"0","https://www.tiktok.com/@nachter/video/7357337111676079392?_r=1&_t=ZN-93r9JxE2rN0","false",,,"false",,"0","https://www.tiktok.com/@nachter/video/7357337111676079392?_r=1&_t=ZN-93r9JxE2rN0","tiene un hermano gemelo.","7229092996985979950","inglesxtodo3","https://www.tiktok.com/@nachter/video/7357337111676079392"
"https://p16-common-sign.tiktokcdn-us.com/tos-maliva-avt-0068/50a7b822d29624cf4ddf492932adb0b7~tplv-tiktokx-cropcenter:100:100.jpg?dr=9640&refresh_token=843ca8f9&x-expires=1771329600&x-signature=m5qs6ZUxYpj7SoEYCsoFU2GZt1Y%3D&t=4d5b0474&ps=13740610&shp=30310797&shcp=ff37627b&idc=useast5","7357417862444483333","1713032352","2024-04-13T18:19:12.000Z",,,,,,,,,"0","https://www.tiktok.com/@nachter/video/7357337111676079392?_r=1&_t=ZN-93r9JxE2rN0","false",,,"false",,"0","https://www.tiktok.com/@nachter/video/7357337111676079392?_r=1&_t=ZN-93r9JxE2rN0","😂😂😂","7013027424226558982","camencho60","https://www.tiktok.com/@nachter/video/7357337111676079392"
"https://p16-common-sign.tiktokcdn-us.com/tos-maliva-avt-0068/7322187575716610053~tplv-tiktokx-cropcenter:100:100.jpg?dr=9640&refresh_token=1138ef06&x-expires=1771329600&x-signature=jedTuwTWRm%2BzcnJ%2B%2FwJYJPZ5KCs%3D&t=4d5b0474&ps=13740610&shp=30310797&shcp=ff37627b&idc=useast5","7357418591731745542","1713032519","2024-04-13T18:21:59.000Z",,,,,,,,,"0","https://www.tiktok.com/@nachter/video/7357337111676079392?_r=1&_t=ZN-93r9JxE2rN0","false",,,"false",,"0","https://www.tiktok.com/@nachter/video/7357337111676079392?_r=1&_t=ZN-93r9JxE2rN0","No sólo en Valencia necesitan donadores. En todos los países del mundo se ha registrado una merma de donadores, no sólo de sangre sino de órganos también 😔
Donemos, no cuesta nada
Saludos","6832387954511283206","manque_1967","https://www.tiktok.com/@nachter/video/7357337111676079392"
"https://p16-common-sign.tiktokcdn-us.com/tos-maliva-avt-0068/cc0a57c372bfb57433b414c4cd5548ab~tplv-tiktokx-cropcenter:100:100.jpg?dr=9640&refresh_token=d22f619f&x-expires=1771329600&x-signature=d3D06Dmza3CadBrkGspUGjukGCo%3D&t=4d5b0474&ps=13740610&shp=30310797&shcp=ff37627b&idc=useast5","7357422587830436614","1713033450","2024-04-13T18:37:30.000Z",,,,,,,,,"0","https://www.tiktok.com/@nachter/video/7357337111676079392?_r=1&_t=ZN-93r9JxE2rN0","false",,,"false",,"0","https://www.tiktok.com/@nachter/video/7357337111676079392?_r=1&_t=ZN-93r9JxE2rN0","😂😂😂","6853550654709924870","darthuguesz","https://www.tiktok.com/@nachter/video/7357337111676079392"
"https://p16-common-sign.tiktokcdn-us.com/tos-useast5-avt-0068-tx/961d7676919bb4ae9378c06f7331ee62~tplv-tiktokx-cropcenter:100:100.jpg?dr=9640&refresh_token=f7813e18&x-expires=1771329600&x-signature=9%2FT9KCeN28mWOf4OYbVJMls5iqY%3D&t=4d5b0474&ps=13740610&shp=30310797&shcp=ff37627b&idc=useast5","7357423995261911850","1713033784","2024-04-13T18:43:04.000Z",,,,,,,,,"0","https://www.tiktok.com/@nachter/video/7357337111676079392?_r=1&_t=ZN-93r9JxE2rN0","false",,,"false",,"0","https://www.tiktok.com/@nachter/video/7357337111676079392?_r=1&_t=ZN-93r9JxE2rN0","donaciones de sangre es un negocio.","7229092996985979950","inglesxtodo3","https://www.tiktok.com/@nachter/video/7357337111676079392"
"https://p19-common-sign.tiktokcdn-us.com/tos-alisg-avt-0068/0c5aba0698f384a4bb7b997c6d192072~tplv-tiktokx-cropcenter:100:100.jpg?dr=9640&refresh_token=ea6362af&x-expires=1771329600&x-signature=c5QZCnnTMfvtSoDRi6BQJ5KizKM%3D&t=4d5b0474&ps=13740610&shp=30310797&shcp=ff37627b&idc=useast5","7357424176342795013","1713033819","2024-04-13T18:43:39.000Z",,,,,,,,,"0","https://www.tiktok.com/@nachter/video/7357337111676079392?_r=1&_t=ZN-93r9JxE2rN0","false",,,"false",,"0","https://www.tiktok.com/@nachter/video/7357337111676079392?_r=1&_t=ZN-93r9JxE2rN0","es verdad, mi hermana que es O negativo casi se muere por tanta gente egoista 🙄","6807542899765855238","irlandalorena","https://www.tiktok.com/@nachter/video/7357337111676079392"
"https://p16-common-sign.tiktokcdn-us.com/tos-alisg-avt-0068/0484a53c81e3a73d6a9a7cf6640e94e9~tplv-tiktokx-cropcenter:100:100.jpg?dr=9640&refresh_token=3874cbda&x-expires=1771329600&x-signature=tR5LXdFU43WiQojxv41oOA8UsT0%3D&t=4d5b0474&ps=13740610&shp=30310797&shcp=ff37627b&idc=useast5","7357424419725574918","1713033872","2024-04-13T18:44:32.000Z",,,,,,,,,"0","https://www.tiktok.com/@nachter/video/7357337111676079392?_r=1&_t=ZN-93r9JxE2rN0","false",,,"false",,"0","https://www.tiktok.com/@nachter/video/7357337111676079392?_r=1&_t=ZN-93r9JxE2rN0","ahora ni aunque pagues consigues donadores","7045508353291944965","natys.larraga","https://www.tiktok.com/@nachter/video/7357337111676079392"
"https://p16-common-sign.tiktokcdn-us.com/tos-alisg-avt-0068/6cae1a90185e156ff288cd0b7f0b9e4e~tplv-tiktokx-cropcenter:100:100.jpg?dr=9640&refresh_token=7c1e82ee&x-expires=1771329600&x-signature=OI9oK53x5uUSRa9iGzHsj80ilao%3D&t=4d5b0474&ps=13740610&shp=30310797&shcp=ff37627b&idc=useast5","7357414158601044741","1713034097","2024-04-13T18:48:17.000Z",,,,,,,,,"0","https://www.tiktok.com/@nachter/video/7357337111676079392?_r=1&_t=ZN-93r9JxE2rN0","false",,,"false",,"0","https://www.tiktok.com/@nachter/video/7357337111676079392?_r=1&_t=ZN-93r9JxE2rN0","😂😂😂😂","7009398453428306949","danielasosa027","https://www.tiktok.com/@nachter/video/7357337111676079392"
"https://p16-common-sign.tiktokcdn-us.com/tos-maliva-avt-0068/7335017219094659077~tplv-tiktokx-cropcenter:100:100.jpg?dr=9640&refresh_token=f39917fd&x-expires=1771329600&x-signature=xYcfrvcAu3uW23zAEz94rIGb0mo%3D&t=4d5b0474&ps=13740610&shp=30310797&shcp=ff37627b&idc=useast5","7357426248573207301","1713034306","2024-04-13T18:51:46.000Z",,,,,,,,,"0","https://www.tiktok.com/@nachter/video/7357337111676079392?_r=1&_t=ZN-93r9JxE2rN0","false",,,"false",,"0","https://www.tiktok.com/@nachter/video/7357337111676079392?_r=1&_t=ZN-93r9JxE2rN0","🤣","6801923022967374853","jpablotinoco","https://www.tiktok.com/@nachter/video/7357337111676079392"
"https://p16-common-sign.tiktokcdn-us.com/tos-maliva-avt-0068/91e91d3ec998dc81e69b9c17a5820b96~tplv-tiktokx-cropcenter:100:100.jpg?dr=9640&refresh_token=a89fdf90&x-expires=1771329600&x-signature=pExl8t%2FClwLAkOE%2BcLqtTlsRu7o%3D&t=4d5b0474&ps=13740610&shp=30310797&shcp=ff37627b&idc=useast5","7357426741395407648","1713034432","2024-04-13T18:53:52.000Z",,,,,,,,,"0","https://www.tiktok.com/@nachter/video/7357337111676079392?_r=1&_t=ZN-93r9JxE2rN0","false",,,"false",,"0","https://www.tiktok.com/@nachter/video/7357337111676079392?_r=1&_t=ZN-93r9JxE2rN0","yo semen 😂😂😂😂😂","6846861365265990662","javireyes58","https://www.tiktok.com/@nachter/video/7357337111676079392"
"https://p16-common-sign.tiktokcdn-us.com/tos-maliva-avt-0068/250eea7d00e43eb8e4fcbe67390fabd1~tplv-tiktokx-cropcenter:100:100.jpg?dr=9640&refresh_token=95af5fa0&x-expires=1771329600&x-signature=Ubeasov%2BVa6slqFVZeTv3c9Xhew%3D&t=4d5b0474&ps=13740610&shp=30310797&shcp=ff37627b&idc=useast5","7357429431981802246","1713035042","2024-04-13T19:04:02.000Z",,,,,,,,,"0","https://www.tiktok.com/@nachter/video/7357337111676079392?_r=1&_t=ZN-93r9JxE2rN0","false",,,"false",,"0","https://www.tiktok.com/@nachter/video/7357337111676079392?_r=1&_t=ZN-93r9JxE2rN0","Donar Sangre también es positivo para nuestro sistema inmunológico ya que generamos plaquetas etc....Buena campaña","7332752894313120773","jmvsalas1","https://www.tiktok.com/@nachter/video/7357337111676079392"
"https://p16-sign-va.tiktokcdn.com/tos-maliva-avt-0068/82d85424376958a8bcfbc7c8d587ee5a~tplv-tiktokx-cropcenter:100:100.jpg?dr=14579&refresh_token=ab19f55a&x-expires=1771329600&x-signature=AMt1L9f%2B7lF%2BFJBse%2FRz2xRPwEI%3D&t=4d5b0474&ps=13740610&shp=30310797&shcp=ff37627b&idc=sg1","7357401414052987653","1713028521","2024-04-13T17:15:21.000Z",,,,,,,,,"0","https://www.tiktok.com/@nachter/video/7357337111676079392?_r=1&_t=ZN-93r9JxE2rN0","false",,,"false",,"0","https://www.tiktok.com/@nachter/video/7357337111676079392?_r=1&_t=ZN-93r9JxE2rN0","👍👍👍","7281351439741502470","rodrigo.futbol6","https://www.tiktok.com/@nachter/video/7357337111676079392"
"https://p19-common-sign-useastred.tiktokcdn-eu.com/tos-useast2a-avt-0068-euttp/7e0ab91c482e213fba071051e73fae1d~tplv-tiktokx-cropcenter:100:100.jpg?dr=14579&refresh_token=8855e859&x-expires=1771329600&x-signature=wHBr%2Br0PNjHJyrQf23q0CJ9MAgs%3D&t=4d5b0474&ps=13740610&shp=30310797&shcp=ff37627b&idc=sg1","7357380903863517984","1713023759","2024-04-13T15:55:59.000Z",,,,,,,,,"0","https://www.tiktok.com/@nachter/video/7357337111676079392?_r=1&_t=ZN-93r9JxE2rN0","false",,,"false",,"0","https://www.tiktok.com/@nachter/video/7357337111676079392?_r=1&_t=ZN-93r9JxE2rN0","👏🏻👏🏻👏🏻","6819355113712092166","pili_acquarela","https://www.tiktok.com/@nachter/video/7357337111676079392"
"https://p19-common-sign-useastred.tiktokcdn-eu.com/tos-useast2a-avt-0068-euttp/7286073633095548961~tplv-tiktokx-cropcenter:100:100.jpg?dr=14579&refresh_token=f863935b&x-expires=1771329600&x-signature=FuxfcaqD4vnguvkUlFUzYbAMY%2F0%3D&t=4d5b0474&ps=13740610&shp=30310797&shcp=ff37627b&idc=sg1","7357379068852093729","1713023332","2024-04-13T15:48:52.000Z",,,,,,,,,"0","https://www.tiktok.com/@nachter/video/7357337111676079392?_r=1&_t=ZN-93r9JxE2rN0","false",,,"false",,"0","https://www.tiktok.com/@nachter/video/7357337111676079392?_r=1&_t=ZN-93r9JxE2rN0","👏🏻👏🏻👏🏻","7286073437788619808","sara.umaa.bonilla","https://www.tiktok.com/@nachter/video/7357337111676079392"
"https://p16-sign-va.tiktokcdn.com/tos-maliva-avt-0068/7152250133873328134~tplv-tiktokx-cropcenter:100:100.jpg?dr=14579&refresh_token=303b8ab0&x-expires=1771329600&x-signature=vQ%2B7O7D6c4uQ6k0h9avjFC0AXaY%3D&t=4d5b0474&ps=13740610&shp=30310797&shcp=ff37627b&idc=sg1","7358089589934064417","1713188759","2024-04-15T13:45:59.000Z",,,,,,,,,"0","https://www.tiktok.com/@nachter/video/7357337111676079392?_r=1&_t=ZN-93r9JxE2rN0","false",,,"false",,"0","https://www.tiktok.com/@nachter/video/7357337111676079392?_r=1&_t=ZN-93r9JxE2rN0","😂😂😂😂😂😂👍👍","7152249789042885637","morenalabella_","https://www.tiktok.com/@nachter/video/7357337111676079392"
"https://p16-sign-sg.tiktokcdn.com/tos-alisg-avt-0068/7325758375025704962~tplv-tiktokx-cropcenter:100:100.jpg?dr=14579&refresh_token=2acbe814&x-expires=1771329600&x-signature=jQsWyrUO103%2B4iofqFCBxB0dOnA%3D&t=4d5b0474&ps=13740610&shp=30310797&shcp=ff37627b&idc=sg1","7357748272506946336","1713109288","2024-04-14T15:41:28.000Z",,,,,,,,,"0","https://www.tiktok.com/@nachter/video/7357337111676079392?_r=1&_t=ZN-93r9JxE2rN0","false",,,"false",,"0","https://www.tiktok.com/@nachter/video/7357337111676079392?_r=1&_t=ZN-93r9JxE2rN0","╭━╮
╰━╮
╰━╯𝑼𝑷𝑬𝑹","6844778421873804294","joseantoniocentenosantos","https://www.tiktok.com/@nachter/video/7357337111676079392"
"https://p16-sign-va.tiktokcdn.com/tos-maliva-avt-0068/37bcabfc6288ac9c1b40a50b03231edc~tplv-tiktokx-cropcenter:100:100.jpg?dr=14579&refresh_token=6756c042&x-expires=1771329600&x-signature=2KcKSUQeLkdaOBOBgkxotgKmuhE%3D&t=4d5b0474&ps=13740610&shp=30310797&shcp=ff37627b&idc=sg1","7357666303584568097","1713090200","2024-04-14T10:23:20.000Z",,,,,,,,,"0","https://www.tiktok.com/@nachter/video/7357337111676079392?_r=1&_t=ZN-93r9JxE2rN0","false",,,"false",,"0","https://www.tiktok.com/@nachter/video/7357337111676079392?_r=1&_t=ZN-93r9JxE2rN0","😳😳😳😂😂😂😂😂😂😂ansiedad","7021523866364298245","hadamagica32","https://www.tiktok.com/@nachter/video/7357337111676079392"
"https://p16-sign-va.tiktokcdn.com/tos-maliva-avt-0068/0bb1e1f91ac402d3871c7a0379e49b31~tplv-tiktokx-cropcenter:100:100.jpg?dr=14579&refresh_token=8187797a&x-expires=1771329600&x-signature=pGq3qW%2FaZFkM3qav4pFDKR1esu0%3D&t=4d5b0474&ps=13740610&shp=30310797&shcp=ff37627b&idc=sg1","7357406579379487493","1713029721","2024-04-13T17:35:21.000Z",,,,,,,,,"0","https://www.tiktok.com/@nachter/video/7357337111676079392?_r=1&_t=ZN-93r9JxE2rN0","false",,,"false",,"0","https://www.tiktok.com/@nachter/video/7357337111676079392?_r=1&_t=ZN-93r9JxE2rN0","Done una sola vez, no me sentí mal. Ahora no puedo.donar tengo una enfermedad autoinmune. Quise donar médula y no.me aceptan en el INCUCAI soy de Argentina..","6943000688435823621","clauvgimenez12","https://www.tiktok.com/@nachter/video/7357337111676079392"
"https://p16-sign-va.tiktokcdn.com/tos-maliva-avt-0068/e3de07a6142cb8db6dface5809cf2c1a~tplv-tiktokx-cropcenter:100:100.jpg?dr=14579&refresh_token=bff30b04&x-expires=1771329600&x-signature=v1EBf4uxQJtpMJt9trFYeKgDS5o%3D&t=4d5b0474&ps=13740610&shp=30310797&shcp=ff37627b&idc=sg1","7357891177339110150","1713142552","2024-04-15T00:55:52.000Z",,,,,,,,,"5","https://www.tiktok.com/@nachter/video/7357337111676079392?_r=1&_t=ZN-93r9JxE2rN0","false",,,"false",,"4","https://www.tiktok.com/@nachter/video/7357337111676079392?_r=1&_t=ZN-93r9JxE2rN0","no te pagan por donar sangre vdd?","6876206826078667782","quesobadameda","https://www.tiktok.com/@nachter/video/7357337111676079392"
"https://p16-sign-va.tiktokcdn.com/tos-maliva-avt-0068/8d5571fb92673aeae5072d68f3c4935b~tplv-tiktokx-cropcenter:100:100.jpg?dr=14579&refresh_token=b50b5602&x-expires=1771329600&x-signature=%2BpTkb14w3Glzu23Wg%2B3PWvsRgWo%3D&t=4d5b0474&ps=13740610&shp=30310797&shcp=ff37627b&idc=sg1","7358368634508706566","1713253720","2024-04-16T07:48:40.000Z",,,,,,,,,"2","https://www.tiktok.com/@nachter/video/7357337111676079392?_r=1&_t=ZN-93r9JxE2rN0","false",,,"false",,"0","https://www.tiktok.com/@nachter/video/7357337111676079392?_r=1&_t=ZN-93r9JxE2rN0","no todos somos así los del 2010🥺","7270712226070823941","hristian157","https://www.tiktok.com/@nachter/video/7357337111676079392"
"https://p16-sign-sg.tiktokcdn.com/tos-alisg-avt-0068/76635ce1d2ba1b9cdf7b5f78e6fcb8dc~tplv-tiktokx-cropcenter:100:100.jpg?dr=14579&refresh_token=f3d08873&x-expires=1771329600&x-signature=XImTpTQWS9QG0sYF42V5pW3mepk%3D&t=4d5b0474&ps=13740610&shp=30310797&shcp=ff37627b&idc=sg1","7359347574748939014","1713481652","2024-04-18T23:07:32.000Z",,,,,,,,,"1","https://www.tiktok.com/@nachter/video/7357337111676079392?_r=1&_t=ZN-93r9JxE2rN0","false",,,"false",,"0","https://www.tiktok.com/@nachter/video/7357337111676079392?_r=1&_t=ZN-93r9JxE2rN0","😂😂😂","6830617003642405894","borisriquelme1991","https://www.tiktok.com/@nachter/video/7357337111676079392"
"https://p16-sign-va.tiktokcdn.com/tos-maliva-avt-0068/924d39c817c4427adf090fc2be7ae5fa~tplv-tiktokx-cropcenter:100:100.jpg?dr=14579&refresh_token=ed990724&x-expires=1771329600&x-signature=i16MpNwdtnZ86x%2B137%2BbdXsk%2Fa0%3D&t=4d5b0474&ps=13740610&shp=30310797&shcp=ff37627b&idc=sg1","7358218405109728005","1713218748","2024-04-15T22:05:48.000Z",,,,,,,,,"1","https://www.tiktok.com/@nachter/video/7357337111676079392?_r=1&_t=ZN-93r9JxE2rN0","false",,,"false",,"0","https://www.tiktok.com/@nachter/video/7357337111676079392?_r=1&_t=ZN-93r9JxE2rN0","2010 bro como así quien del 2010 llora 💀💀💀","6908569299465929734","danykdd","https://www.tiktok.com/@nachter/video/7357337111676079392"
"https://p16-sign-va.tiktokcdn.com/tos-maliva-avt-0068/ac5afaa53c9adbff7a38eb768e48e42e~tplv-tiktokx-cropcenter:100:100.jpg?dr=14579&refresh_token=1bef2d36&x-expires=1771329600&x-signature=Y26bCA7n1akwSN7R3Po70myDqbI%3D&t=4d5b0474&ps=13740610&shp=30310797&shcp=ff37627b&idc=sg1","7357888644609606406","1713147128","2024-04-15T02:12:08.000Z",,,,,,,,,"1","https://www.tiktok.com/@nachter/video/7357337111676079392?_r=1&_t=ZN-93r9JxE2rN0","false",,,"false",,"0","https://www.tiktok.com/@nachter/video/7357337111676079392?_r=1&_t=ZN-93r9JxE2rN0","q cosa donamos sangre gratis y cuando la necesitamos no la cobra q cosas no","7100380557360071685","da8819gr","https://www.tiktok.com/@nachter/video/7357337111676079392"
"https://p16-common-sign.tiktokcdn-us.com/tos-maliva-avt-0068/a4b25fcb44c71efa4d24b460ac5d170d~tplv-tiktokx-cropcenter:100:100.jpg?dr=9640&refresh_token=7be5d38e&x-expires=1771329600&x-signature=y%2B3%2FjGALTJ%2FHmrCfwhVWYm3Uwvw%3D&t=4d5b0474&ps=13740610&shp=30310797&shcp=ff37627b&idc=useast8","7357374177252360966","1713022173","2024-04-13T15:29:33.000Z",,,,,,,,,"0","https://www.tiktok.com/@nachter/video/7357337111676079392?_r=1&_t=ZN-93r9JxE2rN0","false",,,"false",,"0","https://www.tiktok.com/@nachter/video/7357337111676079392?_r=1&_t=ZN-93r9JxE2rN0","😂😂😂😂😂😂😂","225162357654929408","andreesquivel07","https://www.tiktok.com/@nachter/video/7357337111676079392"
"https://p16-common-sign.tiktokcdn-us.com/tos-maliva-avt-0068/bf8c0bd9ac58d50c682baaadf44f142e~tplv-tiktokx-cropcenter:100:100.jpg?dr=9640&refresh_token=96a0def1&x-expires=1771329600&x-signature=OqKiHjSGMgxRqXZRRbZ3EYmcys4%3D&t=4d5b0474&ps=13740610&shp=30310797&shcp=ff37627b&idc=useast5","7357368130434433824","1713020786","2024-04-13T15:06:26.000Z",,,,,,,,,"0","https://www.tiktok.com/@nachter/video/7357337111676079392?_r=1&_t=ZN-93r9JxE2rN0","false",,,"false",,"0","https://www.tiktok.com/@nachter/video/7357337111676079392?_r=1&_t=ZN-93r9JxE2rN0","🤣🤣🤣","7170681122728281094","zinkasashkovarado","https://www.tiktok.com/@nachter/video/7357337111676079392"
"https://p19-common-sign.tiktokcdn-us.com/musically-maliva-obj/1594805258216454~tplv-tiktokx-cropcenter:100:100.jpg?dr=9640&refresh_token=7eedafe5&x-expires=1771329600&x-signature=Mn%2F5LxFG9i%2B6gDy%2Bv3p8%2BWvfFxQ%3D&t=4d5b0474&ps=13740610&shp=30310797&shcp=ff37627b&idc=useast5","7357405687519085317","1713029511","2024-04-13T17:31:51.000Z",,,,,,,,,"0","https://www.tiktok.com/@nachter/video/7357337111676079392?_r=1&_t=ZN-93r9JxE2rN0","false",,,"false",,"0","https://www.tiktok.com/@nachter/video/7357337111676079392?_r=1&_t=ZN-93r9JxE2rN0","😂😂😂","6986754707625362437","olga.coronel4","https://www.tiktok.com/@nachter/video/7357337111676079392"
"https://p16-common-sign.tiktokcdn-us.com/tos-maliva-avt-0068/8955e7b9653fe25d7a6e266da400f2e6~tplv-tiktokx-cropcenter:100:100.jpg?dr=9640&refresh_token=fa5ce3f6&x-expires=1771329600&x-signature=TSqTR%2BhUrzS801cC8EFf8p64Gm0%3D&t=4d5b0474&ps=13740610&shp=30310797&shcp=ff37627b&idc=useast5","7357409761191281440","1713030476","2024-04-13T17:47:56.000Z",,,,,,,,,"0","https://www.tiktok.com/@nachter/video/7357337111676079392?_r=1&_t=ZN-93r9JxE2rN0","false",,,"false",,"0","https://www.tiktok.com/@nachter/video/7357337111676079392?_r=1&_t=ZN-93r9JxE2rN0","😂😂😂😂","7034450290250646534","puedeser18","https://www.tiktok.com/@nachter/video/7357337111676079392"
"https://p16-common-sign.tiktokcdn-us.com/tos-maliva-avt-0068/962a31ac7372f318ddf47927ea45a795~tplv-tiktokx-cropcenter:100:100.jpg?dr=9640&refresh_token=e4459879&x-expires=1771329600&x-signature=7sHYoAGIHxMN4Xz4AWNQa0EnFPg%3D&t=4d5b0474&ps=13740610&shp=30310797&shcp=ff37627b&idc=useast5","7357413478485852934","1713031332","2024-04-13T18:02:12.000Z",,,,,,,,,"0","https://www.tiktok.com/@nachter/video/7357337111676079392?_r=1&_t=ZN-93r9JxE2rN0","false",,,"false",,"0","https://www.tiktok.com/@nachter/video/7357337111676079392?_r=1&_t=ZN-93r9JxE2rN0","Yo tengo 30 hago show antes de que me pinchen con la aguja 😅😅😅","7086116296156300293","marialejandracastroh","https://www.tiktok.com/@nachter/video/7357337111676079392"
"https://p19-common-sign.tiktokcdn-us.com/tos-maliva-avt-0068/649b6cf359ecbd6219c1888a6af8a5cf~tplv-tiktokx-cropcenter:100:100.jpg?dr=9640&refresh_token=cac2ab29&x-expires=1771329600&x-signature=iEvS48yHE6WUzm83hZNXDG%2BlDxo%3D&t=4d5b0474&ps=13740610&shp=30310797&shcp=ff37627b&idc=useast5","7357416518164742917","1713032037","2024-04-13T18:13:57.000Z",,,,,,,,,"0","https://www.tiktok.com/@nachter/video/7357337111676079392?_r=1&_t=ZN-93r9JxE2rN0","false",,,"false",,"0","https://www.tiktok.com/@nachter/video/7357337111676079392?_r=1&_t=ZN-93r9JxE2rN0","🤣🤣🤣","7278693005955187717","jm77214","https://www.tiktok.com/@nachter/video/7357337111676079392"
"https://p16-common-sign.tiktokcdn-us.com/tos-useast2a-avt-0068-giso/8d6bb8a767bbd46324eda32d7665f405~tplv-tiktokx-cropcenter:100:100.jpg?dr=9640&refresh_token=ec5dfd2d&x-expires=1771329600&x-signature=scPjBdu%2FzzQWDRmqvGNkPN%2Bgt1w%3D&t=4d5b0474&ps=13740610&shp=30310797&shcp=ff37627b&idc=useast5","7357346415578841889","1713015729","2024-04-13T13:42:09.000Z",,,,,,,,,"0","https://www.tiktok.com/@nachter/video/7357337111676079392?_r=1&_t=ZN-93r9JxE2rN0","false",,,"false",,"0","https://www.tiktok.com/@nachter/video/7357337111676079392?_r=1&_t=ZN-93r9JxE2rN0","❤️❤️💯🤟","6914939484279309317","jinmyfrancism","https://www.tiktok.com/@nachter/video/7357337111676079392"
"https://p16-common-sign.tiktokcdn-us.com/tos-maliva-avt-0068/f6d5d860a3becb22957af3a8cd1d05ec~tplv-tiktokx-cropcenter:100:100.jpg?dr=9640&refresh_token=80cd2226&x-expires=1771329600&x-signature=gNfUsPTUtoS3pIMMJwe3TONpyMc%3D&t=4d5b0474&ps=13740610&shp=30310797&shcp=ff37627b&idc=useast5","7357343037011493664","1713014936","2024-04-13T13:28:56.000Z",,,,,,,,,"0","https://www.tiktok.com/@nachter/video/7357337111676079392?_r=1&_t=ZN-93r9JxE2rN0","false",,,"false",,"0","https://www.tiktok.com/@nachter/video/7357337111676079392?_r=1&_t=ZN-93r9JxE2rN0","😂😂😂😂😂👏👏👏👏👏por fin volvió Ansiedad 😂😂😂","7059796519625720838","topacioluna6","https://www.tiktok.com/@nachter/video/7357337111676079392"
"https://p16-common-sign.tiktokcdn-us.com/tos-maliva-avt-0068/7325937269485895685~tplv-tiktokx-cropcenter:100:100.jpg?dr=9640&refresh_token=abc6b74b&x-expires=1771329600&x-signature=KH%2Bvsdundtse7WdbC004yr5%2FCBg%3D&t=4d5b0474&ps=13740610&shp=30310797&shcp=ff37627b&idc=useast5","7357343742628692768","1713015113","2024-04-13T13:31:53.000Z",,,,,,,,,"0","https://www.tiktok.com/@nachter/video/7357337111676079392?_r=1&_t=ZN-93r9JxE2rN0","false",,,"false",,"0","https://www.tiktok.com/@nachter/video/7357337111676079392?_r=1&_t=ZN-93r9JxE2rN0","muy 😂😁 bueno","6654916894687084550","mikelrodriguez110","https://www.tiktok.com/@nachter/video/7357337111676079392"
"https://p19-common-sign.tiktokcdn-us.com/tos-maliva-avt-0068/fa133443c7b2b6523e6b88bd015eb99f~tplv-tiktokx-cropcenter:100:100.jpg?dr=9640&refresh_token=53c3aec1&x-expires=1771329600&x-signature=Mxn7hcGZ8nteQ8459AU6kbXO7TA%3D&t=4d5b0474&ps=13740610&shp=30310797&shcp=ff37627b&idc=useast5","7357343791991653153","1713015128","2024-04-13T13:32:08.000Z",,,,,,,,,"0","https://www.tiktok.com/@nachter/video/7357337111676079392?_r=1&_t=ZN-93r9JxE2rN0","false",,,"false",,"0","https://www.tiktok.com/@nachter/video/7357337111676079392?_r=1&_t=ZN-93r9JxE2rN0","🤣🤣🤣","6863789113502893062","ana10.02.73","https://www.tiktok.com/@nachter/video/7357337111676079392"
"https://p19-common-sign.tiktokcdn-us.com/tos-maliva-avt-0068/e539b7a0cc358b02550484f81b2a7146~tplv-tiktokx-cropcenter:100:100.jpg?dr=9640&refresh_token=ad441d27&x-expires=1771329600&x-signature=nMei8%2FpLeCZLkKT59jSC9kOZZdg%3D&t=4d5b0474&ps=13740610&shp=30310797&shcp=ff37627b&idc=useast5","7357344312742675232","1713015234","2024-04-13T13:33:54.000Z",,,,,,,,,"0","https://www.tiktok.com/@nachter/video/7357337111676079392?_r=1&_t=ZN-93r9JxE2rN0","false",,,"false",,"0","https://www.tiktok.com/@nachter/video/7357337111676079392?_r=1&_t=ZN-93r9JxE2rN0","Yo solo puedo una vez ala ñap","6931048044751193094","ladamadelbosque","https://www.tiktok.com/@nachter/video/7357337111676079392"
"https://p16-common-sign.tiktokcdn-us.com/tos-maliva-avt-0068/6fa1372cfdaf4a11218c35a2d0838737~tplv-tiktokx-cropcenter:100:100.jpg?dr=9640&refresh_token=2f607b54&x-expires=1771329600&x-signature=JuSgENhKfA6exRy7IDaIutp3LFs%3D&t=4d5b0474&ps=13740610&shp=30310797&shcp=ff37627b&idc=useast5","7357344504418616070","1713015266","2024-04-13T13:34:26.000Z",,,,,,,,,"0","https://www.tiktok.com/@nachter/video/7357337111676079392?_r=1&_t=ZN-93r9JxE2rN0","false",,,"false",,"0","https://www.tiktok.com/@nachter/video/7357337111676079392?_r=1&_t=ZN-93r9JxE2rN0","😅😅😅😅. muy cierto juntos podemos más","6860240624434070534","elizabethcarreraparedes","https://www.tiktok.com/@nachter/video/7357337111676079392"
"https://p16-common-sign.tiktokcdn-us.com/tos-alisg-avt-0068/6195f10301497ea98c4f9393d2a5cbaf~tplv-tiktokx-cropcenter:100:100.jpg?dr=9640&refresh_token=85989939&x-expires=1771329600&x-signature=JcctPfOa%2FHzL5y1uNw258fGB%2Bxs%3D&t=4d5b0474&ps=13740610&shp=30310797&shcp=ff37627b&idc=useast5","7357345664605029126","1713015538","2024-04-13T13:38:58.000Z",,,,,,,,,"0","https://www.tiktok.com/@nachter/video/7357337111676079392?_r=1&_t=ZN-93r9JxE2rN0","false",,,"false",,"0","https://www.tiktok.com/@nachter/video/7357337111676079392?_r=1&_t=ZN-93r9JxE2rN0","🤣🤣🤣","7329151411705660421","finiarrieta_","https://www.tiktok.com/@nachter/video/7357337111676079392"
"https://p16-common-sign.tiktokcdn-us.com/tos-useast2a-avt-0068-euttp/0ec2bef1b345795db1ffbafa9e4dfd5d~tplv-tiktokx-cropcenter:100:100.jpg?dr=9640&refresh_token=f70963ff&x-expires=1771329600&x-signature=sqnd50kVzM3iUSX3pnBkjfUXZuw%3D&t=4d5b0474&ps=13740610&shp=30310797&shcp=ff37627b&idc=useast5","7357346153077801760","1713015663","2024-04-13T13:41:03.000Z",,,,,,,,,"0","https://www.tiktok.com/@nachter/video/7357337111676079392?_r=1&_t=ZN-93r9JxE2rN0","false",,,"false",,"0","https://www.tiktok.com/@nachter/video/7357337111676079392?_r=1&_t=ZN-93r9JxE2rN0","😂😂😂😂😂","7113999569164223494","mayteserra9","https://www.tiktok.com/@nachter/video/7357337111676079392"
"https://p19-common-sign.tiktokcdn-us.com/tos-maliva-avt-0068/8c4af7b15f5534bf73ded8a40c4b9361~tplv-tiktokx-cropcenter:100:100.jpg?dr=9640&refresh_token=fbcad39b&x-expires=1771329600&x-signature=r6Ir0jU0Dbp%2B0ly6hvwwpLhQ9r4%3D&t=4d5b0474&ps=13740610&shp=30310797&shcp=ff37627b&idc=useast5","7357346338327577377","1713015707","2024-04-13T13:41:47.000Z",,,,,,,,,"0","https://www.tiktok.com/@nachter/video/7357337111676079392?_r=1&_t=ZN-93r9JxE2rN0","false",,,"false",,"0","https://www.tiktok.com/@nachter/video/7357337111676079392?_r=1&_t=ZN-93r9JxE2rN0","Es muy importante donar. Una pena que yo con mi discapacidad no pueda","7032747488470090758","rutsam7","https://www.tiktok.com/@nachter/video/7357337111676079392"
"https://p16-common-sign.tiktokcdn-us.com/tos-maliva-avt-0068/11ce36d0bfa4687d5f417152d9f336dc~tplv-tiktokx-cropcenter:100:100.jpg?dr=9640&refresh_token=f5780c4d&x-expires=1771329600&x-signature=edR9%2BYXKb7dNnJpvTqaiOY6w1ps%3D&t=4d5b0474&ps=13740610&shp=30310797&shcp=ff37627b&idc=useast5","7357342140257338117","1713014715","2024-04-13T13:25:15.000Z",,,,,,,,,"0","https://www.tiktok.com/@nachter/video/7357337111676079392?_r=1&_t=ZN-93r9JxE2rN0","false",,,"false",,"0","https://www.tiktok.com/@nachter/video/7357337111676079392?_r=1&_t=ZN-93r9JxE2rN0","Che y el Fontanero 🤨🤨🤨","7284368337374610437","daniel_churrod1","https://www.tiktok.com/@nachter/video/7357337111676079392"
"https://p19-common-sign.tiktokcdn-us.com/tos-useast8-avt-0068-tx2/87d3a5edaae56579b88a5f315935a5b2~tplv-tiktokx-cropcenter:100:100.jpg?dr=9640&refresh_token=3cc5709b&x-expires=1771329600&x-signature=6FAOkik4QHTSMmxHQJTs7sEnWFo%3D&t=4d5b0474&ps=13740610&shp=30310797&shcp=ff37627b&idc=useast5","7357347399835616046","1713015966","2024-04-13T13:46:06.000Z",,,,,,,,,"0","https://www.tiktok.com/@nachter/video/7357337111676079392?_r=1&_t=ZN-93r9JxE2rN0","false",,,"false",,"0","https://www.tiktok.com/@nachter/video/7357337111676079392?_r=1&_t=ZN-93r9JxE2rN0","👍👍👍👍","6764112534519317509","annerisc04","https://www.tiktok.com/@nachter/video/7357337111676079392"
"https://p16-common-sign.tiktokcdn-us.com/tos-useast2a-avt-0068-euttp/912c2040c87a81fa46acba21804d4c9a~tplv-tiktokx-cropcenter:100:100.jpg?dr=9640&refresh_token=57a52a82&x-expires=1771329600&x-signature=xoT7N6Ici3GzpdwXw612gSJnqQg%3D&t=4d5b0474&ps=13740610&shp=30310797&shcp=ff37627b&idc=useast5","7357347509335933728","1713015987","2024-04-13T13:46:27.000Z",,,,,,,,,"0","https://www.tiktok.com/@nachter/video/7357337111676079392?_r=1&_t=ZN-93r9JxE2rN0","false",,,"false",,"0","https://www.tiktok.com/@nachter/video/7357337111676079392?_r=1&_t=ZN-93r9JxE2rN0","yo me desmayo por bajada de tensión al perder sangre, yo quiero donar pero no me dejan😂😂😂","7026786213722227717","kayn0310","https://www.tiktok.com/@nachter/video/7357337111676079392"
"https://p16-common-sign.tiktokcdn-us.com/tos-maliva-avt-0068/b07700befef3fcd0c7ba03ba0dd0a7ce~tplv-tiktokx-cropcenter:100:100.jpg?dr=9640&refresh_token=d1c4a5f4&x-expires=1771329600&x-signature=CCn1gV2Az3tCR7iW87p9rd5iWV8%3D&t=4d5b0474&ps=13740610&shp=30310797&shcp=ff37627b&idc=useast5","7357348484770972421","1713016194","2024-04-13T13:49:54.000Z",,,,,,,,,"0","https://www.tiktok.com/@nachter/video/7357337111676079392?_r=1&_t=ZN-93r9JxE2rN0","false",,,"false",,"0","https://www.tiktok.com/@nachter/video/7357337111676079392?_r=1&_t=ZN-93r9JxE2rN0","🥰🥰🥰🥰🥰","7298143149775750150","anavil794","https://www.tiktok.com/@nachter/video/7357337111676079392"
"https://p16-common-sign.tiktokcdn-us.com/musically-maliva-obj/1594805258216454~tplv-tiktokx-cropcenter:100:100.jpg?dr=9640&refresh_token=f231bd68&x-expires=1771329600&x-signature=b7JYUqWvA9lKsD3%2BfjosG9k8G%2BY%3D&t=4d5b0474&ps=13740610&shp=30310797&shcp=ff37627b&idc=useast5","7357349066610098976","1713016359","2024-04-13T13:52:39.000Z",,,,,,,,,"0","https://www.tiktok.com/@nachter/video/7357337111676079392?_r=1&_t=ZN-93r9JxE2rN0","false",,,"false",,"0","https://www.tiktok.com/@nachter/video/7357337111676079392?_r=1&_t=ZN-93r9JxE2rN0","🥰🥰🥰","6971841035060954118","carmenbombonete","https://www.tiktok.com/@nachter/video/7357337111676079392"
"https://p16-common-sign.tiktokcdn-us.com/musically-maliva-obj/1594805258216454~tplv-tiktokx-cropcenter:100:100.jpg?dr=9640&refresh_token=f231bd68&x-expires=1771329600&x-signature=b7JYUqWvA9lKsD3%2BfjosG9k8G%2BY%3D&t=4d5b0474&ps=13740610&shp=30310797&shcp=ff37627b&idc=useast5","7357349093680071457","1713016364","2024-04-13T13:52:44.000Z",,,,,,,,,"0","https://www.tiktok.com/@nachter/video/7357337111676079392?_r=1&_t=ZN-93r9JxE2rN0","false",,,"false",,"0","https://www.tiktok.com/@nachter/video/7357337111676079392?_r=1&_t=ZN-93r9JxE2rN0","🍀🍀🍀","6971841035060954118","carmenbombonete","https://www.tiktok.com/@nachter/video/7357337111676079392"
"https://p16-common-sign.tiktokcdn-us.com/tos-maliva-avt-0068/7332635256078073861~tplv-tiktokx-cropcenter:100:100.jpg?dr=9640&refresh_token=a9753d58&x-expires=1771329600&x-signature=pNu3ae9OYh5dx%2B%2BrbVJfr9nyCuU%3D&t=4d5b0474&ps=13740610&shp=30310797&shcp=ff37627b&idc=useast5","7357349485071139590","1713016430","2024-04-13T13:53:50.000Z",,,,,,,,,"0","https://www.tiktok.com/@nachter/video/7357337111676079392?_r=1&_t=ZN-93r9JxE2rN0","false",,,"false",,"0","https://www.tiktok.com/@nachter/video/7357337111676079392?_r=1&_t=ZN-93r9JxE2rN0","🤣🤣🤣","6849529184249201670","elenaportillo19","https://www.tiktok.com/@nachter/video/7357337111676079392"
"https://p16-common-sign.tiktokcdn-us.com/tos-maliva-avt-0068/7329160266988388358~tplv-tiktokx-cropcenter:100:100.jpg?dr=9640&refresh_token=280f70ac&x-expires=1771329600&x-signature=Exi%2BcJ1PWzti2vJZ8oC8WznZMOE%3D&t=4d5b0474&ps=13740610&shp=30310797&shcp=ff37627b&idc=useast5","7357350943820579617","1713016788","2024-04-13T13:59:48.000Z",,,,,,,,,"0","https://www.tiktok.com/@nachter/video/7357337111676079392?_r=1&_t=ZN-93r9JxE2rN0","false",,,"false",,"0","https://www.tiktok.com/@nachter/video/7357337111676079392?_r=1&_t=ZN-93r9JxE2rN0","GRACIAS🥰","6925033392501867526","elivervaz_farmasis","https://www.tiktok.com/@nachter/video/7357337111676079392"
"https://p16-sign-va.tiktokcdn.com/tos-maliva-avt-0068/984bfb364eb1b0cbad252f8e0c6690df~tplv-tiktokx-cropcenter:100:100.jpg?dr=14579&refresh_token=a4523e41&x-expires=1771329600&x-signature=HVMOQRPocSWcgbYlONyOuBq6vfc%3D&t=4d5b0474&ps=13740610&shp=30310797&shcp=ff37627b&idc=sg1","7358206335622087429","1713215931","2024-04-15T21:18:51.000Z",,,,,,,,,"1","https://www.tiktok.com/@nachter/video/7357337111676079392?_r=1&_t=ZN-93r9JxE2rN0","false",,,,"7357891177339110150",,"https://www.tiktok.com/@nachter/video/7357337111676079392?_r=1&_t=ZN-93r9JxE2rN0","Entonces no sería donar","7254663268204315654","fermin____0","https://www.tiktok.com/@nachter/video/7357337111676079392"
"https://p16-sign-va.tiktokcdn.com/tos-maliva-avt-0068/e3de07a6142cb8db6dface5809cf2c1a~tplv-tiktokx-cropcenter:100:100.jpg?dr=14579&refresh_token=bff30b04&x-expires=1771329600&x-signature=v1EBf4uxQJtpMJt9trFYeKgDS5o%3D&t=4d5b0474&ps=13740610&shp=30310797&shcp=ff37627b&idc=sg1","7358281888375341830","1713233524","2024-04-16T02:12:04.000Z",,,,,,,,,"1","https://www.tiktok.com/@nachter/video/7357337111676079392?_r=1&_t=ZN-93r9JxE2rN0","false",,,,"7357891177339110150",,"https://www.tiktok.com/@nachter/video/7357337111676079392?_r=1&_t=ZN-93r9JxE2rN0","esque hay paises que si pagan","6876206826078667782","quesobadameda","https://www.tiktok.com/@nachter/video/7357337111676079392"
"https://p16-sign-va.tiktokcdn.com/tos-maliva-avt-0068/18f422f3d9127f19acc2c46d617d2767~tplv-tiktokx-cropcenter:100:100.jpg?dr=14579&refresh_token=6e6b6d42&x-expires=1771329600&x-signature=DQKB3EgFkwY7qFpbogBp3iLqxYo%3D&t=4d5b0474&ps=13740610&shp=30310797&shcp=ff37627b&idc=sg1","7357980261768545030","1713163298","2024-04-15T06:41:38.000Z",,,,,,,,,"1","https://www.tiktok.com/@nachter/video/7357337111676079392?_r=1&_t=ZN-93r9JxE2rN0","false",,,,"7357891177339110150",,"https://www.tiktok.com/@nachter/video/7357337111676079392?_r=1&_t=ZN-93r9JxE2rN0","por algo es donación y no vender sangre","7316399645764371462","rycky136","https://www.tiktok.com/@nachter/video/7357337111676079392"
"https://p16-sign-va.tiktokcdn.com/tos-maliva-avt-0068/286564bad312f3662791688f4aba83db~tplv-tiktokx-cropcenter:100:100.jpg?dr=14579&refresh_token=175ffbd9&x-expires=1771329600&x-signature=894rzHiGvCBuIoFZuLqZJMazFS0%3D&t=4d5b0474&ps=13740610&shp=30310797&shcp=ff37627b&idc=sg1","7358073837232620294","1713185084","2024-04-15T12:44:44.000Z",,,,,,,,,"0","https://www.tiktok.com/@nachter/video/7357337111676079392?_r=1&_t=ZN-93r9JxE2rN0","false",,,,"7357891177339110150",,"https://www.tiktok.com/@nachter/video/7357337111676079392?_r=1&_t=ZN-93r9JxE2rN0","te dan un bocadillo despues","6866192521665807361","carbiuxplay","https://www.tiktok.com/@nachter/video/7357337111676079392"
"https://p16-sign-va.tiktokcdn.com/tos-maliva-avt-0068/56a9c58e5150a699b3aeb963cf35ddac~tplv-tiktokx-cropcenter:100:100.jpg?dr=14579&refresh_token=3a23dcb9&x-expires=1771329600&x-signature=GywcJv%2BZC2NVJaagDmcGhStuUrE%3D&t=4d5b0474&ps=13740610&shp=30310797&shcp=ff37627b&idc=sg1","7357351206614762245","1713016831","2024-04-13T14:00:31.000Z",,,,,,,,,"0","https://www.tiktok.com/@nachter/video/7357337111676079392?_r=1&_t=ZN-93r9JxE2rN0","false",,,"false",,"0","https://www.tiktok.com/@nachter/video/7357337111676079392?_r=1&_t=ZN-93r9JxE2rN0","epa yo nunca le e tenido miedo a las agujas, y la ves que done sangre esa madre si me asusto XD igual doen sin problemas pero me asusto ese tuvo que me clavaron en la vena","6881303171478586373","fredy.psc","https://www.tiktok.com/@nachter/video/7357337111676079392"
"https://p16-common-sign.tiktokcdn-us.com/tos-useast2a-avt-0068-euttp/d44277ca9bfe99fae35a20f7e06ae9ca~tplv-tiktokx-cropcenter:100:100.jpg?dr=9640&refresh_token=5e1fc271&x-expires=1771329600&x-signature=0TV2VsUZrSCITVz8js5FmbH8ChE%3D&t=4d5b0474&ps=13740610&shp=30310797&shcp=ff37627b&idc=useast5","7357339146782933792","1713014041","2024-04-13T13:14:01.000Z",,,,,,,,,"0","https://www.tiktok.com/@nachter/video/7357337111676079392?_r=1&_t=ZN-93r9JxE2rN0","false",,,"false",,"0","https://www.tiktok.com/@nachter/video/7357337111676079392?_r=1&_t=ZN-93r9JxE2rN0","hola","7317955651089663008","nuray.lopez8","https://www.tiktok.com/@nachter/video/7357337111676079392"
"https://p16-common-sign.tiktokcdn-us.com/tos-maliva-avt-0068/c169ea7b92812854adc8393b4b81de0f~tplv-tiktokx-cropcenter:100:100.jpg?dr=9640&refresh_token=bfa92a07&x-expires=1771329600&x-signature=YVGrKTa4Fkzc8eBiPdyK5pDMJwk%3D&t=4d5b0474&ps=13740610&shp=30310797&shcp=ff37627b&idc=useast5","7357337966718534433","1713013752","2024-04-13T13:09:12.000Z",,,,,,,,,"0","https://www.tiktok.com/@nachter/video/7357337111676079392?_r=1&_t=ZN-93r9JxE2rN0","false",,,"false",,"0","https://www.tiktok.com/@nachter/video/7357337111676079392?_r=1&_t=ZN-93r9JxE2rN0","Segundo","7298063215837627425","unceporrocualquiera","https://www.tiktok.com/@nachter/video/7357337111676079392"
"https://p16-common-sign.tiktokcdn-us.com/tos-maliva-avt-0068/7328573474590031877~tplv-tiktokx-cropcenter:100:100.jpg?dr=9640&refresh_token=5f0fe3cf&x-expires=1771329600&x-signature=tH%2BzqXxv8KrMGo8lJDUtXa213Ck%3D&t=4d5b0474&ps=13740610&shp=30310797&shcp=ff37627b&idc=useast5","7357337968590406432","1713013765","2024-04-13T13:09:25.000Z",,,,,,,,,"0","https://www.tiktok.com/@nachter/video/7357337111676079392?_r=1&_t=ZN-93r9JxE2rN0","false",,,"false",,"0","https://www.tiktok.com/@nachter/video/7357337111676079392?_r=1&_t=ZN-93r9JxE2rN0","💋","6817480333564462085","rayruzkun","https://www.tiktok.com/@nachter/video/7357337111676079392"
"https://p16-common-sign.tiktokcdn-us.com/tos-useast2a-avt-0068-euttp/d21f8351cea077fda54b773043a06292~tplv-tiktokx-cropcenter:100:100.jpg?dr=9640&refresh_token=b141e34f&x-expires=1771329600&x-signature=rpufjWcA9jCaW4it9WBqOZPKZIs%3D&t=4d5b0474&ps=13740610&shp=30310797&shcp=ff37627b&idc=useast5","7357338113040974624","1713013788","2024-04-13T13:09:48.000Z",,,,,,,,,"0","https://www.tiktok.com/@nachter/video/7357337111676079392?_r=1&_t=ZN-93r9JxE2rN0","false",,,"false",,"0","https://www.tiktok.com/@nachter/video/7357337111676079392?_r=1&_t=ZN-93r9JxE2rN0","hola me sigues pls","7251530444264981531","angel_beniarjo","https://www.tiktok.com/@nachter/video/7357337111676079392"
"https://p16-common-sign.tiktokcdn-us.com/tos-maliva-avt-0068/6bdf07fcc8e6b8fff409abd258f59d33~tplv-tiktokx-cropcenter:100:100.jpg?dr=9640&refresh_token=09aa3ed6&x-expires=1771329600&x-signature=FOsy3nRR3Stf8vnB9zIiDRxsl2c%3D&t=4d5b0474&ps=13740610&shp=30310797&shcp=ff37627b&idc=useast5","7357338194876957473","1713013819","2024-04-13T13:10:19.000Z",,,,,,,,,"0","https://www.tiktok.com/@nachter/video/7357337111676079392?_r=1&_t=ZN-93r9JxE2rN0","false",,,"false",,"0","https://www.tiktok.com/@nachter/video/7357337111676079392?_r=1&_t=ZN-93r9JxE2rN0","soy tu primer like","7266053728053740577","mballo.79","https://www.tiktok.com/@nachter/video/7357337111676079392"
"https://p16-common-sign.tiktokcdn-us.com/tos-maliva-avt-0068/3f822bd3e73165321c9fe4a7910348dc~tplv-tiktokx-cropcenter:100:100.jpg?dr=9640&refresh_token=e426b71c&x-expires=1771329600&x-signature=18cqV%2BbJHIofG8YBuwVEzXp05i0%3D&t=4d5b0474&ps=13740610&shp=30310797&shcp=ff37627b&idc=useast5","7357338606673789729","1713013914","2024-04-13T13:11:54.000Z",,,,,,,,,"0","https://www.tiktok.com/@nachter/video/7357337111676079392?_r=1&_t=ZN-93r9JxE2rN0","false",,,"false",,"0","https://www.tiktok.com/@nachter/video/7357337111676079392?_r=1&_t=ZN-93r9JxE2rN0","Hola","7042377679198667781","carolitaz99","https://www.tiktok.com/@nachter/video/7357337111676079392"
"https://p16-common-sign.tiktokcdn-us.com/tos-maliva-avt-0068/e84fbea4b84dd74f66e0e3f4f94e83b8~tplv-tiktokx-cropcenter:100:100.jpg?dr=9640&refresh_token=92fb8ed4&x-expires=1771329600&x-signature=ThrUnjRczJTVtXnuTQORZKtIRYw%3D&t=4d5b0474&ps=13740610&shp=30310797&shcp=ff37627b&idc=useast5","7357338761363686177","1713013946","2024-04-13T13:12:26.000Z",,,,,,,,,"0","https://www.tiktok.com/@nachter/video/7357337111676079392?_r=1&_t=ZN-93r9JxE2rN0","false",,,"false",,"0","https://www.tiktok.com/@nachter/video/7357337111676079392?_r=1&_t=ZN-93r9JxE2rN0","7","6933463434600956934","_.joordi__","https://www.tiktok.com/@nachter/video/7357337111676079392"
"https://p16-common-sign.tiktokcdn-us.com/tos-maliva-avt-0068/f5418e9ee481d50cb905477c195962f4~tplv-tiktokx-cropcenter:100:100.jpg?dr=9640&refresh_token=d10c8454&x-expires=1771329600&x-signature=scLFfv15ZYyon%2B%2BYIoecUXVSeZ0%3D&t=4d5b0474&ps=13740610&shp=30310797&shcp=ff37627b&idc=useast5","7357338983347323653","1713013983","2024-04-13T13:13:03.000Z",,,,,,,,,"0","https://www.tiktok.com/@nachter/video/7357337111676079392?_r=1&_t=ZN-93r9JxE2rN0","false",,,"false",,"0","https://www.tiktok.com/@nachter/video/7357337111676079392?_r=1&_t=ZN-93r9JxE2rN0","Donen a Drácula, salvemos a la especie","6808258696846607366","cedrickgoo","https://www.tiktok.com/@nachter/video/7357337111676079392"
"https://p19-common-sign.tiktokcdn-us.com/musically-maliva-obj/1594805258216454~tplv-tiktokx-cropcenter:100:100.jpg?dr=9640&refresh_token=7eedafe5&x-expires=1771329600&x-signature=Mn%2F5LxFG9i%2B6gDy%2Bv3p8%2BWvfFxQ%3D&t=4d5b0474&ps=13740610&shp=30310797&shcp=ff37627b&idc=useast5","7357339049512846112","1713014023","2024-04-13T13:13:43.000Z",,,,,,,,,"0","https://www.tiktok.com/@nachter/video/7357337111676079392?_r=1&_t=ZN-93r9JxE2rN0","false",,,"false",,"0","https://www.tiktok.com/@nachter/video/7357337111676079392?_r=1&_t=ZN-93r9JxE2rN0","😂😂😂😂😂😂","6851151192006624261","itaca4444","https://www.tiktok.com/@nachter/video/7357337111676079392"
"https://p16-common-sign.tiktokcdn-us.com/tos-maliva-avt-0068/7326524292082024453~tplv-tiktokx-cropcenter:100:100.jpg?dr=9640&refresh_token=d7ef7381&x-expires=1771329600&x-signature=jyiM7q3EfOcjkVqym%2BIFJA%2BMfuk%3D&t=4d5b0474&ps=13740610&shp=30310797&shcp=ff37627b&idc=useast5","7357352194596078368","1713017082","2024-04-13T14:04:42.000Z",,,,,,,,,"0","https://www.tiktok.com/@nachter/video/7357337111676079392?_r=1&_t=ZN-93r9JxE2rN0","false",,,"false",,"0","https://www.tiktok.com/@nachter/video/7357337111676079392?_r=1&_t=ZN-93r9JxE2rN0","♥️♥️♥️","7018101450804069381","davidnavarro23891","https://www.tiktok.com/@nachter/video/7357337111676079392"
"https://p16-common-sign.tiktokcdn-us.com/tos-useast5-avt-0068-tx/5d95be3677067cfd9fcaa7592e40a448~tplv-tiktokx-cropcenter:100:100.jpg?dr=9640&refresh_token=f0040e6c&x-expires=1771329600&x-signature=rWV2z7lvUgx%2FYaSBIDSiIxMK8XY%3D&t=4d5b0474&ps=13740610&shp=30310797&shcp=ff37627b&idc=useast5","7357339378798822187","1713014100","2024-04-13T13:15:00.000Z",,,,,,,,,"0","https://www.tiktok.com/@nachter/video/7357337111676079392?_r=1&_t=ZN-93r9JxE2rN0","false",,,"false",,"0","https://www.tiktok.com/@nachter/video/7357337111676079392?_r=1&_t=ZN-93r9JxE2rN0","👏👏","7051755416112645126","yurisbelbatistadi","https://www.tiktok.com/@nachter/video/7357337111676079392"
"https://p16-common-sign.tiktokcdn-us.com/tos-useast2a-avt-0068-euttp/53765937a601c424fb8e8c44b76fe5f3~tplv-tiktokx-cropcenter:100:100.jpg?dr=9640&refresh_token=e826b1f3&x-expires=1771329600&x-signature=jpZho3%2BuKlPTf3OnADPR1ViKMgo%3D&t=4d5b0474&ps=13740610&shp=30310797&shcp=ff37627b&idc=useast5","7357339973848531744","1713014224","2024-04-13T13:17:04.000Z",,,,,,,,,"0","https://www.tiktok.com/@nachter/video/7357337111676079392?_r=1&_t=ZN-93r9JxE2rN0","false",,,"false",,"0","https://www.tiktok.com/@nachter/video/7357337111676079392?_r=1&_t=ZN-93r9JxE2rN0","😂😂","7235776239976858630","andret743","https://www.tiktok.com/@nachter/video/7357337111676079392"
"https://p16-common-sign.tiktokcdn-us.com/tos-useast2a-avt-0068-euttp/1c6ba9c9beef2e14bb9dce96a3800e34~tplv-tiktokx-cropcenter:100:100.jpg?dr=9640&refresh_token=66b81194&x-expires=1771329600&x-signature=gf9bKhw1jKOgdqES%2BRjhH9wzIR0%3D&t=4d5b0474&ps=13740610&shp=30310797&shcp=ff37627b&idc=useast5","7357340505708200737","1713014357","2024-04-13T13:19:17.000Z",,,,,,,,,"0","https://www.tiktok.com/@nachter/video/7357337111676079392?_r=1&_t=ZN-93r9JxE2rN0","false",,,"false",,"0","https://www.tiktok.com/@nachter/video/7357337111676079392?_r=1&_t=ZN-93r9JxE2rN0","👏🏻👏🏻👏🏻👏🏻","6921853943003071493","meryinred93","https://www.tiktok.com/@nachter/video/7357337111676079392"
"https://p16-common-sign.tiktokcdn-us.com/tos-maliva-avt-0068/7311657867804147718~tplv-tiktokx-cropcenter:100:100.jpg?dr=9640&refresh_token=d1b284b1&x-expires=1771329600&x-signature=Suci3E5IlnEAAa%2FSeIUqIY2jh9Y%3D&t=4d5b0474&ps=13740610&shp=30310797&shcp=ff37627b&idc=useast5","7357340906538271493","1713014433","2024-04-13T13:20:33.000Z",,,,,,,,,"0","https://www.tiktok.com/@nachter/video/7357337111676079392?_r=1&_t=ZN-93r9JxE2rN0","false",,,"false",,"0","https://www.tiktok.com/@nachter/video/7357337111676079392?_r=1&_t=ZN-93r9JxE2rN0","🤣🤣🤣","7153296913638671365","marcela.k1968","https://www.tiktok.com/@nachter/video/7357337111676079392"
"https://p16-common-sign.tiktokcdn-us.com/tos-useast2a-avt-0068-giso/76f37267ce47378022efe56964885554~tplv-tiktokx-cropcenter:100:100.jpg?dr=9640&refresh_token=57ddeeee&x-expires=1771329600&x-signature=cP1puHofxQ9jNyWXeN4g1tLxHsE%3D&t=4d5b0474&ps=13740610&shp=30310797&shcp=ff37627b&idc=useast5","7357341338718192416","1713014556","2024-04-13T13:22:36.000Z",,,,,,,,,"0","https://www.tiktok.com/@nachter/video/7357337111676079392?_r=1&_t=ZN-93r9JxE2rN0","false",,,"false",,"0","https://www.tiktok.com/@nachter/video/7357337111676079392?_r=1&_t=ZN-93r9JxE2rN0","😂😂anciedad","7121657531953759238","user9821387583269","https://www.tiktok.com/@nachter/video/7357337111676079392"
"https://p19-common-sign.tiktokcdn-us.com/tos-maliva-avt-0068/7326934342188892166~tplv-tiktokx-cropcenter:100:100.jpg?dr=9640&refresh_token=5665e215&x-expires=1771329600&x-signature=yC7rdehJbPA8JGPcDsrMMm3pGZk%3D&t=4d5b0474&ps=13740610&shp=30310797&shcp=ff37627b&idc=useast5","7357341628548350726","1713014598","2024-04-13T13:23:18.000Z",,,,,,,,,"0","https://www.tiktok.com/@nachter/video/7357337111676079392?_r=1&_t=ZN-93r9JxE2rN0","false",,,"false",,"0","https://www.tiktok.com/@nachter/video/7357337111676079392?_r=1&_t=ZN-93r9JxE2rN0","😂😂😂😂😂😂","7033148523962090502","sag0529","https://www.tiktok.com/@nachter/video/7357337111676079392"
"https://p19-common-sign.tiktokcdn-us.com/tos-useast8-avt-0068-tx2/8d393302c6693ceab697f14088a149eb~tplv-tiktokx-cropcenter:100:100.jpg?dr=9640&refresh_token=df9007a9&x-expires=1771329600&x-signature=aPQnsHLGyz94Howot%2FTDQET9H8c%3D&t=4d5b0474&ps=13740610&shp=30310797&shcp=ff37627b&idc=useast5","7357341917899784990","1713014676","2024-04-13T13:24:36.000Z",,,,,,,,,"0","https://www.tiktok.com/@nachter/video/7357337111676079392?_r=1&_t=ZN-93r9JxE2rN0","false",,,"false",,"0","https://www.tiktok.com/@nachter/video/7357337111676079392?_r=1&_t=ZN-93r9JxE2rN0","ansiedad 😂","6991587458937062405","el_pibe45","https://www.tiktok.com/@nachter/video/7357337111676079392"
"https://p16-common-sign.tiktokcdn-us.com/tos-useast2a-avt-0068-euttp/f52ed5b3cce32cf44f0b8eceb224e2eb~tplv-tiktokx-cropcenter:100:100.jpg?dr=9640&refresh_token=046d02a0&x-expires=1771329600&x-signature=n%2FzuaaH5p5NdyNflcpkCTkZFbsU%3D&t=4d5b0474&ps=13740610&shp=30310797&shcp=ff37627b&idc=useast5","7357366000604136224","1713020288","2024-04-13T14:58:08.000Z",,,,,,,,,"0","https://www.tiktok.com/@nachter/video/7357337111676079392?_r=1&_t=ZN-93r9JxE2rN0","false",,,"false",,"0","https://www.tiktok.com/@nachter/video/7357337111676079392?_r=1&_t=ZN-93r9JxE2rN0","🙌🏻🙌🏻🙌🏻🙌🏻🙌🏻🙌🏻","6822383042939765765","elenita14699","https://www.tiktok.com/@nachter/video/7357337111676079392"
"https://p16-common-sign.tiktokcdn-us.com/tos-maliva-avt-0068/4a80f5458f2298a75eec9074f1a2085d~tplv-tiktokx-cropcenter:100:100.jpg?dr=9640&refresh_token=69a31737&x-expires=1771329600&x-signature=UrpHLQh8B11lPDNdvRi5kk%2FlUEc%3D&t=4d5b0474&ps=13740610&shp=30310797&shcp=ff37627b&idc=useast5","7357362899786007302","1713019555","2024-04-13T14:45:55.000Z",,,,,,,,,"0","https://www.tiktok.com/@nachter/video/7357337111676079392?_r=1&_t=ZN-93r9JxE2rN0","false",,,"false",,"0","https://www.tiktok.com/@nachter/video/7357337111676079392?_r=1&_t=ZN-93r9JxE2rN0","😂😂😂","7126194010122060806","jugadordls2026","https://www.tiktok.com/@nachter/video/7357337111676079392"
"https://p16-common-sign.tiktokcdn-us.com/tos-maliva-avt-0068/7182422343199916037~tplv-tiktokx-cropcenter:100:100.jpg?dr=9640&refresh_token=0cfa84a2&x-expires=1771329600&x-signature=B97YkNPGQUrsR4lh8qyD8dp213M%3D&t=4d5b0474&ps=13740610&shp=30310797&shcp=ff37627b&idc=useast5","7357362926624244486","1713019558","2024-04-13T14:45:58.000Z",,,,,,,,,"0","https://www.tiktok.com/@nachter/video/7357337111676079392?_r=1&_t=ZN-93r9JxE2rN0","false",,,"false",,"0","https://www.tiktok.com/@nachter/video/7357337111676079392?_r=1&_t=ZN-93r9JxE2rN0","😁😁😁😁😁","7182241750126412806","judithmorales452","https://www.tiktok.com/@nachter/video/7357337111676079392"
"https://p16-common-sign.tiktokcdn-us.com/tos-useast2a-avt-0068-giso/dd06e1020857085f1a878a59b6ed1980~tplv-tiktokx-cropcenter:100:100.jpg?dr=9640&refresh_token=81e688e4&x-expires=1771329600&x-signature=QQB8%2F1mQDjAbVkop1OGh2hKwJy4%3D&t=4d5b0474&ps=13740610&shp=30310797&shcp=ff37627b&idc=useast5","7357363548488221473","1713019715","2024-04-13T14:48:35.000Z",,,,,,,,,"0","https://www.tiktok.com/@nachter/video/7357337111676079392?_r=1&_t=ZN-93r9JxE2rN0","false",,,"false",,"0","https://www.tiktok.com/@nachter/video/7357337111676079392?_r=1&_t=ZN-93r9JxE2rN0","😂😂😂👍👍👍","7039283626710729734","avelar705","https://www.tiktok.com/@nachter/video/7357337111676079392"
"https://p19-common-sign.tiktokcdn-us.com/tos-maliva-avt-0068/a0c85dade74e625a83a933d5132f9ca7~tplv-tiktokx-cropcenter:100:100.jpg?dr=9640&refresh_token=58a8d3c6&x-expires=1771329600&x-signature=0ee3yxQZhrlz%2B6cnjScT4vQUpv4%3D&t=4d5b0474&ps=13740610&shp=30310797&shcp=ff37627b&idc=useast5","7357363804038316832","1713019772","2024-04-13T14:49:32.000Z",,,,,,,,,"0","https://www.tiktok.com/@nachter/video/7357337111676079392?_r=1&_t=ZN-93r9JxE2rN0","false",,,"false",,"0","https://www.tiktok.com/@nachter/video/7357337111676079392?_r=1&_t=ZN-93r9JxE2rN0","Eres muy bueno.👏👏👏👍","7108105211910947846","mariafernandezyes1","https://www.tiktok.com/@nachter/video/7357337111676079392"
"https://p19-common-sign.tiktokcdn-us.com/tos-maliva-avt-0068/75006df609f46ebaeff8e963731f1fb4~tplv-tiktokx-cropcenter:100:100.jpg?dr=9640&refresh_token=466dc676&x-expires=1771329600&x-signature=rJDOc0cTygYOCyuT5cXQbDKfAB8%3D&t=4d5b0474&ps=13740610&shp=30310797&shcp=ff37627b&idc=useast5","7357364396936725254","1713019898","2024-04-13T14:51:38.000Z",,,,,,,,,"0","https://www.tiktok.com/@nachter/video/7357337111676079392?_r=1&_t=ZN-93r9JxE2rN0","false",,,"false",,"0","https://www.tiktok.com/@nachter/video/7357337111676079392?_r=1&_t=ZN-93r9JxE2rN0","Fui donadora y ahora ya no puedo, pero es muy gratificante poder ayudar un poco 😍","6911807745567261702","yadirp79287","https://www.tiktok.com/@nachter/video/7357337111676079392"
"https://p16-common-sign.tiktokcdn-us.com/tos-maliva-avt-0068/9e25abba9ac4a72e80868bd74bf1fe2c~tplv-tiktokx-cropcenter:100:100.jpg?dr=9640&refresh_token=f84cf106&x-expires=1771329600&x-signature=IFJVRRSyikM2MciTi1wm6PrvohY%3D&t=4d5b0474&ps=13740610&shp=30310797&shcp=ff37627b&idc=useast5","7357364390428345094","1713019901","2024-04-13T14:51:41.000Z",,,,,,,,,"0","https://www.tiktok.com/@nachter/video/7357337111676079392?_r=1&_t=ZN-93r9JxE2rN0","false",,,"false",,"0","https://www.tiktok.com/@nachter/video/7357337111676079392?_r=1&_t=ZN-93r9JxE2rN0","😃😃😃","7194769384073741318","nicolasjavierlato","https://www.tiktok.com/@nachter/video/7357337111676079392"
"https://p16-common-sign.tiktokcdn-us.com/tos-maliva-avt-0068/62a79040c0a80bc26adc24900c650a26~tplv-tiktokx-cropcenter:100:100.jpg?dr=9640&refresh_token=b742b510&x-expires=1771329600&x-signature=5JFEHc%2FsuRRpiyzTK5Stnw8Kt7Q%3D&t=4d5b0474&ps=13740610&shp=30310797&shcp=ff37627b&idc=useast5","7357364757744386822","1713019987","2024-04-13T14:53:07.000Z",,,,,,,,,"0","https://www.tiktok.com/@nachter/video/7357337111676079392?_r=1&_t=ZN-93r9JxE2rN0","false",,,"false",,"0","https://www.tiktok.com/@nachter/video/7357337111676079392?_r=1&_t=ZN-93r9JxE2rN0","👏👏👏👏","6803737431059301381","terukita007","https://www.tiktok.com/@nachter/video/7357337111676079392"
"https://p16-common-sign.tiktokcdn-us.com/tos-alisg-avt-0068/7327467898711048194~tplv-tiktokx-cropcenter:100:100.jpg?dr=9640&refresh_token=b80e87c6&x-expires=1771329600&x-signature=oUs34kL1Mw9pyV3g1Ww3T7iIAhs%3D&t=4d5b0474&ps=13740610&shp=30310797&shcp=ff37627b&idc=useast5","7357364782079034144","1713020005","2024-04-13T14:53:25.000Z",,,,,,,,,"0","https://www.tiktok.com/@nachter/video/7357337111676079392?_r=1&_t=ZN-93r9JxE2rN0","false",,,"false",,"0","https://www.tiktok.com/@nachter/video/7357337111676079392?_r=1&_t=ZN-93r9JxE2rN0","🤣🤣🤣🤣","6621915218657591302","anita43019","https://www.tiktok.com/@nachter/video/7357337111676079392"
"https://p16-common-sign.tiktokcdn-us.com/tos-maliva-avt-0068/4a80f5458f2298a75eec9074f1a2085d~tplv-tiktokx-cropcenter:100:100.jpg?dr=9640&refresh_token=69a31737&x-expires=1771329600&x-signature=UrpHLQh8B11lPDNdvRi5kk%2FlUEc%3D&t=4d5b0474&ps=13740610&shp=30310797&shcp=ff37627b&idc=useast5","7357362887718257414","1713019552","2024-04-13T14:45:52.000Z",,,,,,,,,"0","https://www.tiktok.com/@nachter/video/7357337111676079392?_r=1&_t=ZN-93r9JxE2rN0","false",,,"false",,"0","https://www.tiktok.com/@nachter/video/7357337111676079392?_r=1&_t=ZN-93r9JxE2rN0","😁😁😁","7126194010122060806","jugadordls2026","https://www.tiktok.com/@nachter/video/7357337111676079392"
"https://p16-common-sign.tiktokcdn-us.com/tos-alisg-avt-0068/2e74ff3e4ebd43e83ca9002ca0cf5dee~tplv-tiktokx-cropcenter:100:100.jpg?dr=9640&refresh_token=2babb383&x-expires=1771329600&x-signature=%2Bn3pQPa2e%2FcOGQ5bPKLkOQPdi9o%3D&t=4d5b0474&ps=13740610&shp=30310797&shcp=ff37627b&idc=useast5","7357366508777014022","1713020387","2024-04-13T14:59:47.000Z",,,,,,,,,"0","https://www.tiktok.com/@nachter/video/7357337111676079392?_r=1&_t=ZN-93r9JxE2rN0","false",,,"false",,"0","https://www.tiktok.com/@nachter/video/7357337111676079392?_r=1&_t=ZN-93r9JxE2rN0","😍😍😍","6804572227683304454","dianaavila471","https://www.tiktok.com/@nachter/video/7357337111676079392"
"https://p16-common-sign.tiktokcdn-us.com/tos-maliva-avt-0068/7200448910706835462~tplv-tiktokx-cropcenter:100:100.jpg?dr=9640&refresh_token=5517f55f&x-expires=1771329600&x-signature=TUeVpvHESY44xwo1oXYoorQ21Ek%3D&t=4d5b0474&ps=13740610&shp=30310797&shcp=ff37627b&idc=useast5","7357366631176176390","1713020422","2024-04-13T15:00:22.000Z",,,,,,,,,"0","https://www.tiktok.com/@nachter/video/7357337111676079392?_r=1&_t=ZN-93r9JxE2rN0","false",,,"false",,"0","https://www.tiktok.com/@nachter/video/7357337111676079392?_r=1&_t=ZN-93r9JxE2rN0","grande pibe, un fenómeno!","7194846624107480070","leonardotamburini6","https://www.tiktok.com/@nachter/video/7357337111676079392"
"https://p19-common-sign-useastred.tiktokcdn-eu.com/tos-useast2a-avt-0068-euttp/88cb5b10ad43aca27ba4b9c1c4445aa8~tplv-tiktokx-cropcenter:100:100.jpg?dr=14579&refresh_token=e302aa84&x-expires=1771329600&x-signature=N4TdRWHHSNoW55CmzZd3E6866fI%3D&t=4d5b0474&ps=13740610&shp=30310797&shcp=ff37627b&idc=sg1","7357366773518680865","1713020481","2024-04-13T15:01:21.000Z",,,,,,,,,"0","https://www.tiktok.com/@nachter/video/7357337111676079392?_r=1&_t=ZN-93r9JxE2rN0","false",,,"false",,"0","https://www.tiktok.com/@nachter/video/7357337111676079392?_r=1&_t=ZN-93r9JxE2rN0","😂😂😂😂😂😂","7302109871246361632","elisa_lorenzo_","https://www.tiktok.com/@nachter/video/7357337111676079392"
"https://p16-common-sign.tiktokcdn-eu.com/tos-useast2a-avt-0068-euttp/c09edfe329af0737c28cc8c4a15f3df2~tplv-tiktokx-cropcenter:100:100.jpg?dr=10399&refresh_token=6fa56715&x-expires=1771329600&x-signature=1XMpXO6q%2BpRxTF%2FSZw%2FpPyXENBs%3D&t=4d5b0474&ps=13740610&shp=30310797&shcp=ff37627b&idc=no1a","7357432788838482720","1713035831","2024-04-13T19:17:11.000Z",,,,,,,,,"0","https://www.tiktok.com/@nachter/video/7357337111676079392?_r=1&_t=ZN-93r9JxE2rN0","false",,,"false",,"0","https://www.tiktok.com/@nachter/video/7357337111676079392?_r=1&_t=ZN-93r9JxE2rN0","yo quiero donar, luego te dan tremendo bocata de jamón","7280515709350872096","antares75o","https://www.tiktok.com/@nachter/video/7357337111676079392"
"https://p16-sign-va.tiktokcdn.com/tos-maliva-avt-0068/34643e6c4d8c4d57a25f46fef3b2a1a2~tplv-tiktokx-cropcenter:100:100.jpg?dr=14579&refresh_token=a063db1e&x-expires=1771329600&x-signature=BPBWdu3PsQGiwUc4AximefNVBTg%3D&t=4d5b0474&ps=13740610&shp=30310797&shcp=ff37627b&idc=my2","7357550127689351942","1713063148","2024-04-14T02:52:28.000Z",,,,,,,,,"0","https://www.tiktok.com/@nachter/video/7357337111676079392?_r=1&_t=ZN-93r9JxE2rN0","false",,,"false",,"0","https://www.tiktok.com/@nachter/video/7357337111676079392?_r=1&_t=ZN-93r9JxE2rN0","😂😂😂😂","6792948143518876673","el__mompirri","https://www.tiktok.com/@nachter/video/7357337111676079392"
"https://p16-sign-va.tiktokcdn.com/tos-maliva-avt-0068/9889081a8adfa192938ae0cccef470b0~tplv-tiktokx-cropcenter:100:100.jpg?dr=14579&refresh_token=156b569b&x-expires=1771329600&x-signature=%2BJDPQXoZkBoyXUn1Gk%2Bli6WFl6s%3D&t=4d5b0474&ps=13740610&shp=30310797&shcp=ff37627b&idc=my2","7357543623027835654","1713061630","2024-04-14T02:27:10.000Z",,,,,,,,,"0","https://www.tiktok.com/@nachter/video/7357337111676079392?_r=1&_t=ZN-93r9JxE2rN0","false",,,"false",,"0","https://www.tiktok.com/@nachter/video/7357337111676079392?_r=1&_t=ZN-93r9JxE2rN0","ANSIEDAD","6949756306949637125","carlos_bythesea","https://www.tiktok.com/@nachter/video/7357337111676079392"
"https://p16-sign-va.tiktokcdn.com/tos-maliva-avt-0068/9889081a8adfa192938ae0cccef470b0~tplv-tiktokx-cropcenter:100:100.jpg?dr=14579&refresh_token=156b569b&x-expires=1771329600&x-signature=%2BJDPQXoZkBoyXUn1Gk%2Bli6WFl6s%3D&t=4d5b0474&ps=13740610&shp=30310797&shcp=ff37627b&idc=my2","7357543717278319366","1713061652","2024-04-14T02:27:32.000Z",,,,,,,,,"0","https://www.tiktok.com/@nachter/video/7357337111676079392?_r=1&_t=ZN-93r9JxE2rN0","false",,,"false",,"0","https://www.tiktok.com/@nachter/video/7357337111676079392?_r=1&_t=ZN-93r9JxE2rN0","ANSIEDAD ANSIEDAD","6949756306949637125","carlos_bythesea","https://www.tiktok.com/@nachter/video/7357337111676079392"
"https://p16-sign-va.tiktokcdn.com/tos-maliva-avt-0068/7333040424204664837~tplv-tiktokx-cropcenter:100:100.jpg?dr=14579&refresh_token=cc682c12&x-expires=1771329600&x-signature=sAhQ8OTY17q3LW3CxJg42jUoxp8%3D&t=4d5b0474&ps=13740610&shp=30310797&shcp=ff37627b&idc=my2","7357538840250155782","1713060515","2024-04-14T02:08:35.000Z",,,,,,,,,"0","https://www.tiktok.com/@nachter/video/7357337111676079392?_r=1&_t=ZN-93r9JxE2rN0","false",,,"false",,"0","https://www.tiktok.com/@nachter/video/7357337111676079392?_r=1&_t=ZN-93r9JxE2rN0","😂","6843974552449516549","vks836","https://www.tiktok.com/@nachter/video/7357337111676079392"
"https://p16-sign-va.tiktokcdn.com/tos-maliva-avt-0068/7331816784615931910~tplv-tiktokx-cropcenter:100:100.jpg?dr=14579&refresh_token=2e109c8e&x-expires=1771329600&x-signature=SGjUKL4UkB64BV%2Fxg5jocvMehOE%3D&t=4d5b0474&ps=13740610&shp=30310797&shcp=ff37627b&idc=my2","7357542554763641606","1713061380","2024-04-14T02:23:00.000Z",,,,,,,,,"0","https://www.tiktok.com/@nachter/video/7357337111676079392?_r=1&_t=ZN-93r9JxE2rN0","false",,,"false",,"0","https://www.tiktok.com/@nachter/video/7357337111676079392?_r=1&_t=ZN-93r9JxE2rN0","😂😂😂😂","6823760662671574022","carmenpinales3","https://www.tiktok.com/@nachter/video/7357337111676079392"
"https://p16-sign-va.tiktokcdn.com/tos-maliva-avt-0068/5b2c3d972fd6679c7e697c06724bb27d~tplv-tiktokx-cropcenter:100:100.jpg?dr=14579&refresh_token=c242be66&x-expires=1771329600&x-signature=PAp7zd8H2s9SqNL9sAHtr%2B0yGFA%3D&t=4d5b0474&ps=13740610&shp=30310797&shcp=ff37627b&idc=my2","7357535028357661445","1713059629","2024-04-14T01:53:49.000Z",,,,,,,,,"0","https://www.tiktok.com/@nachter/video/7357337111676079392?_r=1&_t=ZN-93r9JxE2rN0","false",,,"false",,"0","https://www.tiktok.com/@nachter/video/7357337111676079392?_r=1&_t=ZN-93r9JxE2rN0","😂😂😂","7007047421456892933","pilarcuevashernan","https://www.tiktok.com/@nachter/video/7357337111676079392"
"https://p16-sign-va.tiktokcdn.com/tos-maliva-avt-0068/7321181646399471622~tplv-tiktokx-cropcenter:100:100.jpg?dr=14579&refresh_token=08e89e6d&x-expires=1771329600&x-signature=IlVcZEZd1zQcsSRSweyuDExydxg%3D&t=4d5b0474&ps=13740610&shp=30310797&shcp=ff37627b&idc=my2","7357525097581380358","1713057316","2024-04-14T01:15:16.000Z",,,,,,,,,"0","https://www.tiktok.com/@nachter/video/7357337111676079392?_r=1&_t=ZN-93r9JxE2rN0","false",,,"false",,"0","https://www.tiktok.com/@nachter/video/7357337111676079392?_r=1&_t=ZN-93r9JxE2rN0","👌💀","7282176536178148357","jose.andres.espin7","https://www.tiktok.com/@nachter/video/7357337111676079392"
"https://p16-sign-va.tiktokcdn.com/tos-maliva-avt-0068/09af31d95dd13988092e7494745eeb71~tplv-tiktokx-cropcenter:100:100.jpg?dr=14579&refresh_token=93e4c1bb&x-expires=1771329600&x-signature=BIz7diYyJMvpu2ni33BccDLLh5g%3D&t=4d5b0474&ps=13740610&shp=30310797&shcp=ff37627b&idc=my2","7357515175903757061","1713055012","2024-04-14T00:36:52.000Z",,,,,,,,,"0","https://www.tiktok.com/@nachter/video/7357337111676079392?_r=1&_t=ZN-93r9JxE2rN0","false",,,"false",,"0","https://www.tiktok.com/@nachter/video/7357337111676079392?_r=1&_t=ZN-93r9JxE2rN0","los de 14 años pueden donar sangre??? no sabía","7310687845382472710","boywithukefan001","https://www.tiktok.com/@nachter/video/7357337111676079392"
"https://p16-sign-va.tiktokcdn.com/tos-maliva-avt-0068/c939b2be6bf06adda9292f14ee0baf84~tplv-tiktokx-cropcenter:100:100.jpg?dr=14579&refresh_token=303739dd&x-expires=1771329600&x-signature=L6hSvZ2O4MvBHo%2FPwoB9ZZ4Rpks%3D&t=4d5b0474&ps=13740610&shp=30310797&shcp=ff37627b&idc=my2","7357517339514438406","1713055514","2024-04-14T00:45:14.000Z",,,,,,,,,"0","https://www.tiktok.com/@nachter/video/7357337111676079392?_r=1&_t=ZN-93r9JxE2rN0","false",,,"false",,"0","https://www.tiktok.com/@nachter/video/7357337111676079392?_r=1&_t=ZN-93r9JxE2rN0","ya done 🗿 gracias por el aviso Bro","7301878908705555461","arthur.morgan3333","https://www.tiktok.com/@nachter/video/7357337111676079392"
"https://p16-sign-va.tiktokcdn.com/tos-maliva-avt-0068/4ecb90db55e5c14105a6b1eccbaf0c12~tplv-tiktokx-cropcenter:100:100.jpg?dr=14579&refresh_token=63e21ed0&x-expires=1771329600&x-signature=Db586zwXO59S4Htti%2BVHuKaWVVw%3D&t=4d5b0474&ps=13740610&shp=30310797&shcp=ff37627b&idc=my2","7357508813996294917","1713053531","2024-04-14T00:12:11.000Z",,,,,,,,,"0","https://www.tiktok.com/@nachter/video/7357337111676079392?_r=1&_t=ZN-93r9JxE2rN0","false",,,"false",,"0","https://www.tiktok.com/@nachter/video/7357337111676079392?_r=1&_t=ZN-93r9JxE2rN0","😂😂😂","6964214681066701830","patitasquitratue","https://www.tiktok.com/@nachter/video/7357337111676079392"
"https://p19-common-sign-useastred.tiktokcdn-eu.com/tos-useast2a-avt-0068-euttp/fdb1bfa3693ac0ba82859ab892c31f13~tplv-tiktokx-cropcenter:100:100.jpg?dr=14579&refresh_token=7cc22c1f&x-expires=1771329600&x-signature=eKqA0NRiDYKu8f%2BfUQGuOpZSBS4%3D&t=4d5b0474&ps=13740610&shp=30310797&shcp=ff37627b&idc=my2","7357508931852157729","1713053604","2024-04-14T00:13:24.000Z",,,,,,,,,"0","https://www.tiktok.com/@nachter/video/7357337111676079392?_r=1&_t=ZN-93r9JxE2rN0","false",,,"false",,"0","https://www.tiktok.com/@nachter/video/7357337111676079392?_r=1&_t=ZN-93r9JxE2rN0","soy donante desde siempre y la mia es la peor de todas ab+","7210871228096316421","ventura.l.estevez","https://www.tiktok.com/@nachter/video/7357337111676079392"
"https://p16-sign-va.tiktokcdn.com/tos-maliva-avt-0068/7108538073897500677~tplv-tiktokx-cropcenter:100:100.jpg?dr=14579&refresh_token=be3bc9c9&x-expires=1771329600&x-signature=W6Cuu2EnlaYfcUDTO8iWe%2BDHQLY%3D&t=4d5b0474&ps=13740610&shp=30310797&shcp=ff37627b&idc=my2","7357502656115884806","1713052095","2024-04-13T23:48:15.000Z",,,,,,,,,"0","https://www.tiktok.com/@nachter/video/7357337111676079392?_r=1&_t=ZN-93r9JxE2rN0","false",,,"false",,"0","https://www.tiktok.com/@nachter/video/7357337111676079392?_r=1&_t=ZN-93r9JxE2rN0","son tres hermanos 0 dos😱🤭😅","7108537849796903941","juanitavivar0","https://www.tiktok.com/@nachter/video/7357337111676079392"
"https://p19-common-sign-useastred.tiktokcdn-eu.com/tos-useast2a-avt-0068-euttp/4202fc2e6ba11824c5c21a5c501cfbdd~tplv-tiktokx-cropcenter:100:100.jpg?dr=14579&refresh_token=de9cd271&x-expires=1771329600&x-signature=qYQEr4sIgm369sqJHb66ZS1C%2BwE%3D&t=4d5b0474&ps=13740610&shp=30310797&shcp=ff37627b&idc=my2","7357491610043843360","1713049555","2024-04-13T23:05:55.000Z",,,,,,,,,"0","https://www.tiktok.com/@nachter/video/7357337111676079392?_r=1&_t=ZN-93r9JxE2rN0","false",,,"false",,"0","https://www.tiktok.com/@nachter/video/7357337111676079392?_r=1&_t=ZN-93r9JxE2rN0","La gente tiene que concienzarse. Yo ya he donado 32 veces y como consejo no miréis la aguja. Extremadura la primera en donaciones 💪💚🤍🖤🇪🇸","6863345560167302149","javipiscis","https://www.tiktok.com/@nachter/video/7357337111676079392"
"https://p16-sign-va.tiktokcdn.com/tos-maliva-avt-0068/fae1d091c9517d36e81f0e5691761529~tplv-tiktokx-cropcenter:100:100.jpg?dr=14579&refresh_token=f860b034&x-expires=1771329600&x-signature=%2FrfsHm4%2F6ZpZTPnErqHe8IqSTts%3D&t=4d5b0474&ps=13740610&shp=30310797&shcp=ff37627b&idc=my2","7357492928069370629","1713049828","2024-04-13T23:10:28.000Z",,,,,,,,,"0","https://www.tiktok.com/@nachter/video/7357337111676079392?_r=1&_t=ZN-93r9JxE2rN0","false",,,"false",,"0","https://www.tiktok.com/@nachter/video/7357337111676079392?_r=1&_t=ZN-93r9JxE2rN0","🤣🤣🤣🤣","7313196799278400518","magayorubaespiritual","https://www.tiktok.com/@nachter/video/7357337111676079392"
"https://p16-sign-va.tiktokcdn.com/tos-maliva-avt-0068/7239136295253884934~tplv-tiktokx-cropcenter:100:100.jpg?dr=14579&refresh_token=f759d49b&x-expires=1771329600&x-signature=4IUMzvmNB5ExmFqkd6qo%2FryTY5Y%3D&t=4d5b0474&ps=13740610&shp=30310797&shcp=ff37627b&idc=my2","7357484099252929285","1713047779","2024-04-13T22:36:19.000Z",,,,,,,,,"0","https://www.tiktok.com/@nachter/video/7357337111676079392?_r=1&_t=ZN-93r9JxE2rN0","false",,,"false",,"0","https://www.tiktok.com/@nachter/video/7357337111676079392?_r=1&_t=ZN-93r9JxE2rN0","😂😂😂😂 ya extrañaba esa ansiedad😂😂😂😂😂","7239135425561543686","dinagu67","https://www.tiktok.com/@nachter/video/7357337111676079392"
"https://p16-sign-va.tiktokcdn.com/musically-maliva-obj/1594805258216454~tplv-tiktokx-cropcenter:100:100.jpg?dr=14579&refresh_token=ec3f6722&x-expires=1771329600&x-signature=KHQ6w5RxTcy%2FTQ26ecoMSyxxIj0%3D&t=4d5b0474&ps=13740610&shp=30310797&shcp=ff37627b&idc=my2","7357484379923301151","1713047846","2024-04-13T22:37:26.000Z",,,,,,,,,"0","https://www.tiktok.com/@nachter/video/7357337111676079392?_r=1&_t=ZN-93r9JxE2rN0","false",,,"false",,"0","https://www.tiktok.com/@nachter/video/7357337111676079392?_r=1&_t=ZN-93r9JxE2rN0","😂😂😂😂","7096607473117922350","agatha4433","https://www.tiktok.com/@nachter/video/7357337111676079392"
"https://p16-sign-va.tiktokcdn.com/tos-maliva-avt-0068/694ccaf6666c7167d2677038622f1245~tplv-tiktokx-cropcenter:100:100.jpg?dr=14579&refresh_token=0a8ec34f&x-expires=1771329600&x-signature=TKGB6DqpGcUnEf24UyTOEeiloX4%3D&t=4d5b0474&ps=13740610&shp=30310797&shcp=ff37627b&idc=my2","7357485326899823402","1713048059","2024-04-13T22:40:59.000Z",,,,,,,,,"0","https://www.tiktok.com/@nachter/video/7357337111676079392?_r=1&_t=ZN-93r9JxE2rN0","false",,,"false",,"0","https://www.tiktok.com/@nachter/video/7357337111676079392?_r=1&_t=ZN-93r9JxE2rN0","😁😂","7256223575299785770","psi9876","https://www.tiktok.com/@nachter/video/7357337111676079392"
"https://p16-sign-va.tiktokcdn.com/tos-maliva-avt-0068/694ccaf6666c7167d2677038622f1245~tplv-tiktokx-cropcenter:100:100.jpg?dr=14579&refresh_token=0a8ec34f&x-expires=1771329600&x-signature=TKGB6DqpGcUnEf24UyTOEeiloX4%3D&t=4d5b0474&ps=13740610&shp=30310797&shcp=ff37627b&idc=my2","7357485616789717802","1713048132","2024-04-13T22:42:12.000Z",,,,,,,,,"0","https://www.tiktok.com/@nachter/video/7357337111676079392?_r=1&_t=ZN-93r9JxE2rN0","false",,,"false",,"0","https://www.tiktok.com/@nachter/video/7357337111676079392?_r=1&_t=ZN-93r9JxE2rN0","Es de ansiedad es el mejor","7256223575299785770","psi9876","https://www.tiktok.com/@nachter/video/7357337111676079392"
"https://p19-common-sign-useastred.tiktokcdn-eu.com/tos-useast2a-avt-0068-euttp/e8c14354be039e090b46d9fad755f04c~tplv-tiktokx-cropcenter:100:100.jpg?dr=14579&refresh_token=e83e34eb&x-expires=1771329600&x-signature=8sVjIFKNxJmZQos6tc%2FNVMYpWEw%3D&t=4d5b0474&ps=13740610&shp=30310797&shcp=ff37627b&idc=my2","7357488527272526624","1713048840","2024-04-13T22:54:00.000Z",,,,,,,,,"0","https://www.tiktok.com/@nachter/video/7357337111676079392?_r=1&_t=ZN-93r9JxE2rN0","false",,,"false",,"0","https://www.tiktok.com/@nachter/video/7357337111676079392?_r=1&_t=ZN-93r9JxE2rN0","😂😂","7268585487791031328","kaliacy","https://www.tiktok.com/@nachter/video/7357337111676079392"
"https://p16-sign-sg.tiktokcdn.com/tos-alisg-avt-0068/6474cdf07b1c850ceb3e6a34122947ab~tplv-tiktokx-cropcenter:100:100.jpg?dr=14579&refresh_token=e22ef3d1&x-expires=1771329600&x-signature=KlJK5XLGg31TuUZCo1AUcTGwooY%3D&t=4d5b0474&ps=13740610&shp=30310797&shcp=ff37627b&idc=my2","7357474182206472966","1713045464","2024-04-13T21:57:44.000Z",,,,,,,,,"0","https://www.tiktok.com/@nachter/video/7357337111676079392?_r=1&_t=ZN-93r9JxE2rN0","false",,,"false",,"0","https://www.tiktok.com/@nachter/video/7357337111676079392?_r=1&_t=ZN-93r9JxE2rN0","me la comi entera","7200601543509640197","rayitoman2","https://www.tiktok.com/@nachter/video/7357337111676079392"
"https://p16-sign-va.tiktokcdn.com/tos-maliva-avt-0068/7139774599495385094~tplv-tiktokx-cropcenter:100:100.jpg?dr=14579&refresh_token=f5d91350&x-expires=1771329600&x-signature=sTC%2BzFvUQ8nAo1V1ZcyZGZiey3o%3D&t=4d5b0474&ps=13740610&shp=30310797&shcp=ff37627b&idc=my2","7357476438490579718","1713045989","2024-04-13T22:06:29.000Z",,,,,,,,,"0","https://www.tiktok.com/@nachter/video/7357337111676079392?_r=1&_t=ZN-93r9JxE2rN0","false",,,"false",,"0","https://www.tiktok.com/@nachter/video/7357337111676079392?_r=1&_t=ZN-93r9JxE2rN0","🤣🤣","7128907684006986757","luisbeltran5938","https://www.tiktok.com/@nachter/video/7357337111676079392"
"https://p16-sign-va.tiktokcdn.com/tos-maliva-avt-0068/5fce55c9e74b5e891ce988327e948d9a~tplv-tiktokx-cropcenter:100:100.jpg?dr=14579&refresh_token=d81ec665&x-expires=1771329600&x-signature=QYlCsCXQvT73WZqq9N%2Fk1Ho3lNg%3D&t=4d5b0474&ps=13740610&shp=30310797&shcp=ff37627b&idc=my2","7357477046387753733","1713046130","2024-04-13T22:08:50.000Z",,,,,,,,,"0","https://www.tiktok.com/@nachter/video/7357337111676079392?_r=1&_t=ZN-93r9JxE2rN0","false",,,"false",,"0","https://www.tiktok.com/@nachter/video/7357337111676079392?_r=1&_t=ZN-93r9JxE2rN0","kkkkkk","7156420010464855046","jose_antonio_tercero","https://www.tiktok.com/@nachter/video/7357337111676079392"
"https://p16-sign-sg.tiktokcdn.com/tos-alisg-avt-0068/1bf00559285eda40f2766a4c4eb44128~tplv-tiktokx-cropcenter:100:100.jpg?dr=14579&refresh_token=31537056&x-expires=1771329600&x-signature=A5OB5rp4tdfEbAot%2Fhj8QAoUxBE%3D&t=4d5b0474&ps=13740610&shp=30310797&shcp=ff37627b&idc=my2","7357468575265538821","1713044160","2024-04-13T21:36:00.000Z",,,,,,,,,"0","https://www.tiktok.com/@nachter/video/7357337111676079392?_r=1&_t=ZN-93r9JxE2rN0","false",,,"false",,"0","https://www.tiktok.com/@nachter/video/7357337111676079392?_r=1&_t=ZN-93r9JxE2rN0","oye esa caída si se escucho fuerte no te dolió??","7256398079388271622","vale15665","https://www.tiktok.com/@nachter/video/7357337111676079392"
"https://p16-sign-va.tiktokcdn.com/tos-maliva-avt-0068/7043199877538381870~tplv-tiktokx-cropcenter:100:100.jpg?dr=14579&refresh_token=7326086f&x-expires=1771329600&x-signature=A03h9c09Z3WBn%2BMpUeYR9l%2BWIuA%3D&t=4d5b0474&ps=13740610&shp=30310797&shcp=ff37627b&idc=my2","7357473187531146030","1713045235","2024-04-13T21:53:55.000Z",,,,,,,,,"0","https://www.tiktok.com/@nachter/video/7357337111676079392?_r=1&_t=ZN-93r9JxE2rN0","false",,,"false",,"0","https://www.tiktok.com/@nachter/video/7357337111676079392?_r=1&_t=ZN-93r9JxE2rN0","🤣🤣🤣🤣🤣","7043199843134014511","issas_gypsysoul","https://www.tiktok.com/@nachter/video/7357337111676079392"
"https://p19-common-sign-useastred.tiktokcdn-eu.com/tos-useast2a-avt-0068-euttp/8a7618b1b8f916f98d991bddf350eb35~tplv-tiktokx-cropcenter:100:100.jpg?dr=14579&refresh_token=f5d41505&x-expires=1771329600&x-signature=GYAUj6sN9D%2BSTnuay%2FPF72T5YrU%3D&t=4d5b0474&ps=13740610&shp=30310797&shcp=ff37627b&idc=my2","7357462502290785056","1713042752","2024-04-13T21:12:32.000Z",,,,,,,,,"0","https://www.tiktok.com/@nachter/video/7357337111676079392?_r=1&_t=ZN-93r9JxE2rN0","false",,,"false",,"0","https://www.tiktok.com/@nachter/video/7357337111676079392?_r=1&_t=ZN-93r9JxE2rN0","Ni te enteras cuando te ponen la aguja 🤣🤣🤣🤣🤣","7217479656008844293","mari.carmen.navar10","https://www.tiktok.com/@nachter/video/7357337111676079392"
"https://p16-sign-va.tiktokcdn.com/tos-maliva-avt-0068/eb5a3fcc950a507afdc256ab2ba45fea~tplv-tiktokx-cropcenter:100:100.jpg?dr=14579&refresh_token=85e75359&x-expires=1771329600&x-signature=La33daDNQTC7t%2FHExs1rAQ9EOKo%3D&t=4d5b0474&ps=13740610&shp=30310797&shcp=ff37627b&idc=my2","7357464166100370208","1713043147","2024-04-13T21:19:07.000Z",,,,,,,,,"0","https://www.tiktok.com/@nachter/video/7357337111676079392?_r=1&_t=ZN-93r9JxE2rN0","false",,,"false",,"0","https://www.tiktok.com/@nachter/video/7357337111676079392?_r=1&_t=ZN-93r9JxE2rN0","😂😂😂","6906937508971086854","jazch2024","https://www.tiktok.com/@nachter/video/7357337111676079392"
"https://p16-sign-va.tiktokcdn.com/tos-maliva-avt-0068/2b39289acefeffdab1c0e221b6e9a4be~tplv-tiktokx-cropcenter:100:100.jpg?dr=14579&refresh_token=0056fe2c&x-expires=1771329600&x-signature=wJ1yoHDP5ymxNwyQXhgFSOYITj8%3D&t=4d5b0474&ps=13740610&shp=30310797&shcp=ff37627b&idc=my2","7357464774924649221","1713043278","2024-04-13T21:21:18.000Z",,,,,,,,,"0","https://www.tiktok.com/@nachter/video/7357337111676079392?_r=1&_t=ZN-93r9JxE2rN0","false",,,"false",,"0","https://www.tiktok.com/@nachter/video/7357337111676079392?_r=1&_t=ZN-93r9JxE2rN0","😅😅😅😅😅😅","7294706874997212166","loooool758","https://www.tiktok.com/@nachter/video/7357337111676079392"
"https://p16-sign-sg.tiktokcdn.com/tos-alisg-avt-0068/7329124130790309908~tplv-tiktokx-cropcenter:100:100.jpg?dr=14579&refresh_token=4f93d295&x-expires=1771329600&x-signature=Yb2eMTYl0up1ZPRwKVpeGD6dWJs%3D&t=4d5b0474&ps=13740610&shp=30310797&shcp=ff37627b&idc=my2","7357450210089419553","1713039885","2024-04-13T20:24:45.000Z",,,,,,,,,"0","https://www.tiktok.com/@nachter/video/7357337111676079392?_r=1&_t=ZN-93r9JxE2rN0","false",,,"false",,"0","https://www.tiktok.com/@nachter/video/7357337111676079392?_r=1&_t=ZN-93r9JxE2rN0","😂😂😂😂😂","6802167210562847750","bea_espana","https://www.tiktok.com/@nachter/video/7357337111676079392"
"https://p19-common-sign.tiktokcdn-us.com/tos-maliva-avt-0068/30628c90af7e1cd7240cab23b13628bd~tplv-tiktokx-cropcenter:100:100.jpg?dr=9640&refresh_token=6977e379&x-expires=1771329600&x-signature=6Fq7XZiPXzFxB54Ncn1agRiSzcc%3D&t=4d5b0474&ps=13740610&shp=30310797&shcp=ff37627b&idc=useast5","7357367045011407621","1713020521","2024-04-13T15:02:01.000Z",,,,,,,,,"0","https://www.tiktok.com/@nachter/video/7357337111676079392?_r=1&_t=ZN-93r9JxE2rN0","false",,,"false",,"0","https://www.tiktok.com/@nachter/video/7357337111676079392?_r=1&_t=ZN-93r9JxE2rN0","🥰🥰🥰","7203362348828083205","laly_latina","https://www.tiktok.com/@nachter/video/7357337111676079392"
"https://p19-common-sign.tiktokcdn-us.com/tos-maliva-avt-0068/30628c90af7e1cd7240cab23b13628bd~tplv-tiktokx-cropcenter:100:100.jpg?dr=9640&refresh_token=6977e379&x-expires=1771329600&x-signature=6Fq7XZiPXzFxB54Ncn1agRiSzcc%3D&t=4d5b0474&ps=13740610&shp=30310797&shcp=ff37627b&idc=useast5","7357367071573213958","1713020523","2024-04-13T15:02:03.000Z",,,,,,,,,"0","https://www.tiktok.com/@nachter/video/7357337111676079392?_r=1&_t=ZN-93r9JxE2rN0","false",,,"false",,"0","https://www.tiktok.com/@nachter/video/7357337111676079392?_r=1&_t=ZN-93r9JxE2rN0","🤣🤣🤣","7203362348828083205","laly_latina","https://www.tiktok.com/@nachter/video/7357337111676079392"
"https://p16-common-sign.tiktokcdn-us.com/tos-useast2a-avt-0068-giso/9b6c5a292ef88c9171ea6cd827593f7e~tplv-tiktokx-cropcenter:100:100.jpg?dr=9640&refresh_token=c51efb3a&x-expires=1771329600&x-signature=grcJkVD5XXfmj79m9JFJC6j%2BPH4%3D&t=4d5b0474&ps=13740610&shp=30310797&shcp=ff37627b&idc=useast5","7357367937852637985","1713020740","2024-04-13T15:05:40.000Z",,,,,,,,,"0","https://www.tiktok.com/@nachter/video/7357337111676079392?_r=1&_t=ZN-93r9JxE2rN0","false",,,"false",,"0","https://www.tiktok.com/@nachter/video/7357337111676079392?_r=1&_t=ZN-93r9JxE2rN0","Mi marido ( del 78) es como el 2010","6804509781014807557","kinapico","https://www.tiktok.com/@nachter/video/7357337111676079392"
"https://p19-common-sign.tiktokcdn-us.com/tos-maliva-avt-0068/9de2d9e833a1833fa800ca14a7a6469b~tplv-tiktokx-cropcenter:100:100.jpg?dr=9640&refresh_token=ea4e9cd1&x-expires=1771329600&x-signature=25S5VxF%2FBMXANALOtlt3Ns7rkl0%3D&t=4d5b0474&ps=13740610&shp=30310797&shcp=ff37627b&idc=useast5","7357368011734434593","1713020748","2024-04-13T15:05:48.000Z",,,,,,,,,"0","https://www.tiktok.com/@nachter/video/7357337111676079392?_r=1&_t=ZN-93r9JxE2rN0","false",,,"false",,"0","https://www.tiktok.com/@nachter/video/7357337111676079392?_r=1&_t=ZN-93r9JxE2rN0","🥰🥰","7243845775976383515","malsealasgarc","https://www.tiktok.com/@nachter/video/7357337111676079392"
"https://p16-common-sign.tiktokcdn-us.com/tos-maliva-avt-0068/c312422da26930f3c4394ef4ef2e31f2~tplv-tiktokx-cropcenter:100:100.jpg?dr=9640&refresh_token=05bb4fda&x-expires=1771329600&x-signature=ob51O3nPTj9iwd8rnCo3wJPx3cs%3D&t=4d5b0474&ps=13740610&shp=30310797&shcp=ff37627b&idc=useast5","7357356452858921734","1713018052","2024-04-13T14:20:52.000Z",,,,,,,,,"0","https://www.tiktok.com/@nachter/video/7357337111676079392?_r=1&_t=ZN-93r9JxE2rN0","false",,,"false",,"0","https://www.tiktok.com/@nachter/video/7357337111676079392?_r=1&_t=ZN-93r9JxE2rN0","😂😂😅","6806495625729065990","beatriz_my2","https://www.tiktok.com/@nachter/video/7357337111676079392"
"https://p16-common-sign.tiktokcdn-us.com/tos-maliva-avt-0068/7326524292082024453~tplv-tiktokx-cropcenter:100:100.jpg?dr=9640&refresh_token=d7ef7381&x-expires=1771329600&x-signature=jyiM7q3EfOcjkVqym%2BIFJA%2BMfuk%3D&t=4d5b0474&ps=13740610&shp=30310797&shcp=ff37627b&idc=useast5","7357352210153161505","1713017084","2024-04-13T14:04:44.000Z",,,,,,,,,"0","https://www.tiktok.com/@nachter/video/7357337111676079392?_r=1&_t=ZN-93r9JxE2rN0","false",,,"false",,"0","https://www.tiktok.com/@nachter/video/7357337111676079392?_r=1&_t=ZN-93r9JxE2rN0","🥰🥰🥰","7018101450804069381","davidnavarro23891","https://www.tiktok.com/@nachter/video/7357337111676079392"
"https://p16-common-sign.tiktokcdn-us.com/tos-maliva-avt-0068/7326524292082024453~tplv-tiktokx-cropcenter:100:100.jpg?dr=9640&refresh_token=d7ef7381&x-expires=1771329600&x-signature=jyiM7q3EfOcjkVqym%2BIFJA%2BMfuk%3D&t=4d5b0474&ps=13740610&shp=30310797&shcp=ff37627b&idc=useast5","7357352229009998625","1713017089","2024-04-13T14:04:49.000Z",,,,,,,,,"0","https://www.tiktok.com/@nachter/video/7357337111676079392?_r=1&_t=ZN-93r9JxE2rN0","false",,,"false",,"0","https://www.tiktok.com/@nachter/video/7357337111676079392?_r=1&_t=ZN-93r9JxE2rN0","😁😁😁","7018101450804069381","davidnavarro23891","https://www.tiktok.com/@nachter/video/7357337111676079392"
"https://p16-common-sign.tiktokcdn-us.com/tos-useast2a-avt-0068-euttp/bddcd33bc361b7dad4afdf652ca7b874~tplv-tiktokx-cropcenter:100:100.jpg?dr=9640&refresh_token=e5414ad6&x-expires=1771329600&x-signature=BFYipp9ncogh25BY8crlxh18F94%3D&t=4d5b0474&ps=13740610&shp=30310797&shcp=ff37627b&idc=useast5","7357352333293437728","1713017121","2024-04-13T14:05:21.000Z",,,,,,,,,"0","https://www.tiktok.com/@nachter/video/7357337111676079392?_r=1&_t=ZN-93r9JxE2rN0","false",,,"false",,"0","https://www.tiktok.com/@nachter/video/7357337111676079392?_r=1&_t=ZN-93r9JxE2rN0","😂😂😂😂😂😂","6905855741733078021","cisne254","https://www.tiktok.com/@nachter/video/7357337111676079392"
"https://p19-common-sign.tiktokcdn-us.com/tos-maliva-avt-0068/4b88e5ebaf54c67124d7db7d81740a6f~tplv-tiktokx-cropcenter:100:100.jpg?dr=9640&refresh_token=40d040e8&x-expires=1771329600&x-signature=QYHC0UlsiqtnEooa37SVZjhlyKw%3D&t=4d5b0474&ps=13740610&shp=30310797&shcp=ff37627b&idc=useast5","7357353535606129414","1713017368","2024-04-13T14:09:28.000Z",,,,,,,,,"0","https://www.tiktok.com/@nachter/video/7357337111676079392?_r=1&_t=ZN-93r9JxE2rN0","false",,,"false",,"0","https://www.tiktok.com/@nachter/video/7357337111676079392?_r=1&_t=ZN-93r9JxE2rN0","😅🙏","7035441987622192133","josemartinalvarad83","https://www.tiktok.com/@nachter/video/7357337111676079392"
"https://p19-common-sign.tiktokcdn-us.com/tos-alisg-avt-0068/cd09bc3c050ac2ae396132f9cf2d4be2~tplv-tiktokx-cropcenter:100:100.jpg?dr=9640&refresh_token=1d153d4f&x-expires=1771329600&x-signature=diF8KOs7nMjh5BAC1ckwVtax2UE%3D&t=4d5b0474&ps=13740610&shp=30310797&shcp=ff37627b&idc=useast5","7357354183676805895","1713017516","2024-04-13T14:11:56.000Z",,,,,,,,,"0","https://www.tiktok.com/@nachter/video/7357337111676079392?_r=1&_t=ZN-93r9JxE2rN0","false",,,"false",,"0","https://www.tiktok.com/@nachter/video/7357337111676079392?_r=1&_t=ZN-93r9JxE2rN0","x2","7191165370102334470","rolandoacosta586","https://www.tiktok.com/@nachter/video/7357337111676079392"
"https://p16-common-sign.tiktokcdn-us.com/tos-maliva-avt-0068/8abb4c4889a1528d1e0086331dd8ad7a~tplv-tiktokx-cropcenter:100:100.jpg?dr=9640&refresh_token=b025fd46&x-expires=1771329600&x-signature=pEEfiOATm0129QtiqDYoU2CIUIM%3D&t=4d5b0474&ps=13740610&shp=30310797&shcp=ff37627b&idc=useast5","7357355322480231201","1713017797","2024-04-13T14:16:37.000Z",,,,,,,,,"0","https://www.tiktok.com/@nachter/video/7357337111676079392?_r=1&_t=ZN-93r9JxE2rN0","false",,,"false",,"0","https://www.tiktok.com/@nachter/video/7357337111676079392?_r=1&_t=ZN-93r9JxE2rN0","a mi me salvo la vida una donación, estuve apunto de desangrarme al parir","6641097611070144518","tere44ab","https://www.tiktok.com/@nachter/video/7357337111676079392"
"https://p19-common-sign.tiktokcdn-us.com/tos-maliva-avt-0068/7663feba2cb630452749aadf41f8bd09~tplv-tiktokx-cropcenter:100:100.jpg?dr=9640&refresh_token=cf71e91f&x-expires=1771329600&x-signature=DS8P4rDl3M9Jd9sZOuwU76aSo1c%3D&t=4d5b0474&ps=13740610&shp=30310797&shcp=ff37627b&idc=useast5","7357356110721778437","1713017967","2024-04-13T14:19:27.000Z",,,,,,,,,"0","https://www.tiktok.com/@nachter/video/7357337111676079392?_r=1&_t=ZN-93r9JxE2rN0","false",,,"false",,"0","https://www.tiktok.com/@nachter/video/7357337111676079392?_r=1&_t=ZN-93r9JxE2rN0","Yo donaba 4 veces al año antes de tener diabetes. Donar es dar vida","6814863402591945733","iranpawanto","https://www.tiktok.com/@nachter/video/7357337111676079392"
"https://p16-common-sign.tiktokcdn-us.com/tos-alisg-avt-0068/9e04f8305dbb96586e4d8264163f18b9~tplv-tiktokx-cropcenter:100:100.jpg?dr=9640&refresh_token=1ec90a09&x-expires=1771329600&x-signature=jBZQrFLmrCHVmJd82HUYChH7c2Q%3D&t=4d5b0474&ps=13740610&shp=30310797&shcp=ff37627b&idc=useast5","7357429594620936966","1713035084","2024-04-13T19:04:44.000Z",,,,,,,,,"0","https://www.tiktok.com/@nachter/video/7357337111676079392?_r=1&_t=ZN-93r9JxE2rN0","false",,,"false",,"0","https://www.tiktok.com/@nachter/video/7357337111676079392?_r=1&_t=ZN-93r9JxE2rN0","🤣🤣🤣🤣🤣🤣","7317387192178344966","lunati247","https://www.tiktok.com/@nachter/video/7357337111676079392"
"https://p16-common-sign.tiktokcdn-us.com/tos-alisg-avt-0068/43c701f63081c8552deb2b999f33f013~tplv-tiktokx-cropcenter:100:100.jpg?dr=9640&refresh_token=7a756940&x-expires=1771329600&x-signature=I9WZQ%2B5DWfnUHTECF7yBVyDhmu4%3D&t=4d5b0474&ps=13740610&shp=30310797&shcp=ff37627b&idc=useast5","7357357334849536773","1713018256","2024-04-13T14:24:16.000Z",,,,,,,,,"0","https://www.tiktok.com/@nachter/video/7357337111676079392?_r=1&_t=ZN-93r9JxE2rN0","false",,,"false",,"0","https://www.tiktok.com/@nachter/video/7357337111676079392?_r=1&_t=ZN-93r9JxE2rN0","😂😂😂","7217613449529033734","juanvzquez97","https://www.tiktok.com/@nachter/video/7357337111676079392"
"https://p16-common-sign.tiktokcdn-us.com/tos-maliva-avt-0068/7334068198344114182~tplv-tiktokx-cropcenter:100:100.jpg?dr=9640&refresh_token=d6ee0d2f&x-expires=1771329600&x-signature=wX0DSYEMUiOOoT4IeJVdvGWU9qQ%3D&t=4d5b0474&ps=13740610&shp=30310797&shcp=ff37627b&idc=useast5","7357357502952194849","1713018305","2024-04-13T14:25:05.000Z",,,,,,,,,"0","https://www.tiktok.com/@nachter/video/7357337111676079392?_r=1&_t=ZN-93r9JxE2rN0","false",,,"false",,"0","https://www.tiktok.com/@nachter/video/7357337111676079392?_r=1&_t=ZN-93r9JxE2rN0","muy importante🥰","7003798855453033477","garciaelisaguerra","https://www.tiktok.com/@nachter/video/7357337111676079392"
"https://p16-common-sign.tiktokcdn-us.com/tos-maliva-avt-0068/f04e85fab1b892b2f6d68c4e45a54666~tplv-tiktokx-cropcenter:100:100.jpg?dr=9640&refresh_token=588bcd8c&x-expires=1771329600&x-signature=FktQpZUfnDaS7iRKpJIIj7qVpZc%3D&t=4d5b0474&ps=13740610&shp=30310797&shcp=ff37627b&idc=useast5","7357358008626217734","1713018411","2024-04-13T14:26:51.000Z",,,,,,,,,"0","https://www.tiktok.com/@nachter/video/7357337111676079392?_r=1&_t=ZN-93r9JxE2rN0","false",,,"false",,"0","https://www.tiktok.com/@nachter/video/7357337111676079392?_r=1&_t=ZN-93r9JxE2rN0","😂😂😂","6843088291294888966","tattu...uy","https://www.tiktok.com/@nachter/video/7357337111676079392"
"https://p16-common-sign.tiktokcdn-us.com/tos-maliva-avt-0068/36d979b0b01bffbf0266fd6e6a1dcf93~tplv-tiktokx-cropcenter:100:100.jpg?dr=9640&refresh_token=15629926&x-expires=1771329600&x-signature=lkojhLJBX%2FBMbIiWqKAGWskpB8Y%3D&t=4d5b0474&ps=13740610&shp=30310797&shcp=ff37627b&idc=useast5","7357360656452780805","1713019030","2024-04-13T14:37:10.000Z",,,,,,,,,"0","https://www.tiktok.com/@nachter/video/7357337111676079392?_r=1&_t=ZN-93r9JxE2rN0","false",,,"false",,"0","https://www.tiktok.com/@nachter/video/7357337111676079392?_r=1&_t=ZN-93r9JxE2rN0","🤣🤣🤣👏🏻👏🏻👏🏻","7124323106966356997","giocaggiano","https://www.tiktok.com/@nachter/video/7357337111676079392"
"https://p19-common-sign.tiktokcdn-us.com/tos-useast2a-avt-0068-euttp/1782c7d2e38d5a8986f05ffeb0919dfa~tplv-tiktokx-cropcenter:100:100.jpg?dr=9640&refresh_token=65574873&x-expires=1771329600&x-signature=5EwKm3ND3KeuIJggaUKKrkjU%2FaI%3D&t=4d5b0474&ps=13740610&shp=30310797&shcp=ff37627b&idc=useast5","7357361222801163040","1713019177","2024-04-13T14:39:37.000Z",,,,,,,,,"0","https://www.tiktok.com/@nachter/video/7357337111676079392?_r=1&_t=ZN-93r9JxE2rN0","false",,,"false",,"0","https://www.tiktok.com/@nachter/video/7357337111676079392?_r=1&_t=ZN-93r9JxE2rN0","🤣🤣🤣 me encantan tus vídeos tu humor en estos momentos se agradece","7337805155545826337","estrella.fugaz0859","https://www.tiktok.com/@nachter/video/7357337111676079392"
"https://p16-common-sign.tiktokcdn-us.com/tos-maliva-avt-0068/7331856608194101254~tplv-tiktokx-cropcenter:100:100.jpg?dr=9640&refresh_token=b1c09680&x-expires=1771329600&x-signature=zwz6lBbrg%2FELyNx4YPo9N0ZTUcM%3D&t=4d5b0474&ps=13740610&shp=30310797&shcp=ff37627b&idc=useast5","7357361538901345029","1713019237","2024-04-13T14:40:37.000Z",,,,,,,,,"0","https://www.tiktok.com/@nachter/video/7357337111676079392?_r=1&_t=ZN-93r9JxE2rN0","false",,,"false",,"0","https://www.tiktok.com/@nachter/video/7357337111676079392?_r=1&_t=ZN-93r9JxE2rN0","😂😂😂","6919002438751273990","ibynulianov","https://www.tiktok.com/@nachter/video/7357337111676079392"
"https://p19-common-sign.tiktokcdn-us.com/tos-alisg-avt-0068/132fb4bcbf749efb77e3a9ee0057220b~tplv-tiktokx-cropcenter:100:100.jpg?dr=9640&refresh_token=170a0d13&x-expires=1771329600&x-signature=%2B56MFSXDUk%2BWe1qpTWuAf%2BF0%2BCk%3D&t=4d5b0474&ps=13740610&shp=30310797&shcp=ff37627b&idc=useast5","7357568922214171397","1713067522","2024-04-14T04:05:22.000Z",,,,,,,,,"0","https://www.tiktok.com/@nachter/video/7357337111676079392?_r=1&_t=ZN-93r9JxE2rN0","false",,,"false",,"0","https://www.tiktok.com/@nachter/video/7357337111676079392?_r=1&_t=ZN-93r9JxE2rN0","ansiedad😂😂😂😂","6947191497041413126","mona_6121","https://www.tiktok.com/@nachter/video/7357337111676079392"
"https://p19-common-sign.tiktokcdn-us.com/tos-maliva-avt-0068/9875b2025f9ab7dece01693154732c0a~tplv-tiktokx-cropcenter:100:100.jpg?dr=9640&refresh_token=39496245&x-expires=1771329600&x-signature=8y751eLKQnmU54O5mGVhoSxCmmY%3D&t=4d5b0474&ps=13740610&shp=30310797&shcp=ff37627b&idc=useast5","7357572223819285254","1713068292","2024-04-14T04:18:12.000Z",,,,,,,,,"0","https://www.tiktok.com/@nachter/video/7357337111676079392?_r=1&_t=ZN-93r9JxE2rN0","false",,,"false",,"0","https://www.tiktok.com/@nachter/video/7357337111676079392?_r=1&_t=ZN-93r9JxE2rN0","Tuve una amiga a la que le tuvieron que poner suero, así que salió peor jajajaja","6804050882318500870","jonathandsolis","https://www.tiktok.com/@nachter/video/7357337111676079392"
"https://p19-common-sign.tiktokcdn-us.com/tos-useast2a-avt-0068-euttp/972f35f0dcd3d686cc8b06d27782f67a~tplv-tiktokx-cropcenter:100:100.jpg?dr=9640&refresh_token=bf3399c6&x-expires=1771329600&x-signature=Qt%2BpGBhu5Qovr3epKMEp2mkEMPg%3D&t=4d5b0474&ps=13740610&shp=30310797&shcp=ff37627b&idc=useast5","7357337719511696160","1713013712","2024-04-13T13:08:32.000Z",,,,,,,,,"0","https://www.tiktok.com/@nachter/video/7357337111676079392?_r=1&_t=ZN-93r9JxE2rN0","false",,,"false",,"0","https://www.tiktok.com/@nachter/video/7357337111676079392?_r=1&_t=ZN-93r9JxE2rN0","primero","6826753297580999685","lpmarcesp","https://www.tiktok.com/@nachter/video/7357337111676079392"
"https://p16-common-sign.tiktokcdn-us.com/tos-maliva-avt-0068/7322767225252855814~tplv-tiktokx-cropcenter:100:100.jpg?dr=9640&refresh_token=fb6d2b1e&x-expires=1771329600&x-signature=qFNv4FF3gxOtnqH1LTPXzSmaQU0%3D&t=4d5b0474&ps=13740610&shp=30310797&shcp=ff37627b&idc=useast5","7357634121747825441","1713082717","2024-04-14T08:18:37.000Z",,,,,,,,,"0","https://www.tiktok.com/@nachter/video/7357337111676079392?_r=1&_t=ZN-93r9JxE2rN0","false",,,"false",,"0","https://www.tiktok.com/@nachter/video/7357337111676079392?_r=1&_t=ZN-93r9JxE2rN0","eres un puto crack","6814766868961379334","farruquito48","https://www.tiktok.com/@nachter/video/7357337111676079392"
"https://p19-common-sign.tiktokcdn-us.com/tos-useast2a-avt-0068-euttp/a7b2155e7515d47930e31bcfef9ff679~tplv-tiktokx-cropcenter:100:100.jpg?dr=9640&refresh_token=2961b3ad&x-expires=1771329600&x-signature=AB6Xyy8YAhwfhAzqTjPhwkYLYQg%3D&t=4d5b0474&ps=13740610&shp=30310797&shcp=ff37627b&idc=useast5","7357649107438043936","1713086203","2024-04-14T09:16:43.000Z",,,,,,,,,"0","https://www.tiktok.com/@nachter/video/7357337111676079392?_r=1&_t=ZN-93r9JxE2rN0","false",,,"false",,"0","https://www.tiktok.com/@nachter/video/7357337111676079392?_r=1&_t=ZN-93r9JxE2rN0","😂😂😂😂😂😂","6694530849687815174","erikamalpartida2","https://www.tiktok.com/@nachter/video/7357337111676079392"
"https://p19-common-sign.tiktokcdn-us.com/tos-useast2a-avt-0068-euttp/c12c3ca25367196fcd602ddaf1994284~tplv-tiktokx-cropcenter:100:100.jpg?dr=9640&refresh_token=550a082d&x-expires=1771329600&x-signature=KmnIJtzpwNi4Yl1bmUuEw4WZDm8%3D&t=4d5b0474&ps=13740610&shp=30310797&shcp=ff37627b&idc=useast5","7357650387104564001","1713086509","2024-04-14T09:21:49.000Z",,,,,,,,,"0","https://www.tiktok.com/@nachter/video/7357337111676079392?_r=1&_t=ZN-93r9JxE2rN0","false",,,"false",,"0","https://www.tiktok.com/@nachter/video/7357337111676079392?_r=1&_t=ZN-93r9JxE2rN0","done sangre hace 2 meses y tampoco es para tanto el pinchazo","7292033499636270112","owenfurryxd","https://www.tiktok.com/@nachter/video/7357337111676079392"
"https://p19-common-sign.tiktokcdn-us.com/musically-maliva-obj/1594805258216454~tplv-tiktokx-cropcenter:100:100.jpg?dr=9640&refresh_token=7eedafe5&x-expires=1771329600&x-signature=Mn%2F5LxFG9i%2B6gDy%2Bv3p8%2BWvfFxQ%3D&t=4d5b0474&ps=13740610&shp=30310797&shcp=ff37627b&idc=useast5","7357681868738708256","1713093821","2024-04-14T11:23:41.000Z",,,,,,,,,"0","https://www.tiktok.com/@nachter/video/7357337111676079392?_r=1&_t=ZN-93r9JxE2rN0","false",,,"false",,"0","https://www.tiktok.com/@nachter/video/7357337111676079392?_r=1&_t=ZN-93r9JxE2rN0","😂","7356213212691498017","neliss78","https://www.tiktok.com/@nachter/video/7357337111676079392"
"https://p16-common-sign.tiktokcdn-us.com/tos-maliva-avt-0068/ed5e7469dc1575be442fb11fd73a1843~tplv-tiktokx-cropcenter:100:100.jpg?dr=9640&refresh_token=3b3de583&x-expires=1771329600&x-signature=%2F0vTm7gMgsppVM9aZfRumNQ5foo%3D&t=4d5b0474&ps=13740610&shp=30310797&shcp=ff37627b&idc=useast5","7357684835811607329","1713094524","2024-04-14T11:35:24.000Z",,,,,,,,,"0","https://www.tiktok.com/@nachter/video/7357337111676079392?_r=1&_t=ZN-93r9JxE2rN0","false",,,"false",,"0","https://www.tiktok.com/@nachter/video/7357337111676079392?_r=1&_t=ZN-93r9JxE2rN0","😂😂😂😂","7061596976845177861","cristinamendibeurizar1","https://www.tiktok.com/@nachter/video/7357337111676079392"
"https://p16-common-sign.tiktokcdn-us.com/tos-maliva-avt-0068/5cdde11ee9f77170ed2e09143ea71782~tplv-tiktokx-cropcenter:100:100.jpg?dr=9640&refresh_token=7cd3d72d&x-expires=1771329600&x-signature=r9qstKARy5jcQxhkqGfgM9hTqIs%3D&t=4d5b0474&ps=13740610&shp=30310797&shcp=ff37627b&idc=useast5","7357568516834231046","1713068771","2024-04-14T04:26:11.000Z",,,,,,,,,"0","https://www.tiktok.com/@nachter/video/7357337111676079392?_r=1&_t=ZN-93r9JxE2rN0","false",,,"false",,"0","https://www.tiktok.com/@nachter/video/7357337111676079392?_r=1&_t=ZN-93r9JxE2rN0","Mi mamita que nació en el se desmayó varias veces al hacer donaciones de sangre, así que no es algo de la generación Z 😂😆","7124896173067879430","geraldinnetaylorsversion","https://www.tiktok.com/@nachter/video/7357337111676079392"
"https://p19-common-sign.tiktokcdn-us.com/tos-maliva-avt-0068/47c8c49982213cd03c681d480b39eb30~tplv-tiktokx-cropcenter:100:100.jpg?dr=9640&refresh_token=519ce140&x-expires=1771329600&x-signature=yh7Vu8lX75laJeieOouFY0kSpaI%3D&t=4d5b0474&ps=13740610&shp=30310797&shcp=ff37627b&idc=useast5","7357575313356899077","1713069015","2024-04-14T04:30:15.000Z",,,,,,,,,"0","https://www.tiktok.com/@nachter/video/7357337111676079392?_r=1&_t=ZN-93r9JxE2rN0","false",,,"false",,"0","https://www.tiktok.com/@nachter/video/7357337111676079392?_r=1&_t=ZN-93r9JxE2rN0","donde vivo, en algunos lugares tenés que tener 1 año sin sex para donar y tatuajes después del año de hacerlo podés donar","6910652593077650437","rore4010","https://www.tiktok.com/@nachter/video/7357337111676079392"
"https://p16-common-sign.tiktokcdn-us.com/tos-alisg-avt-0068/589aa926eea4af4834a077ea6ef17954~tplv-tiktokx-cropcenter:100:100.jpg?dr=9640&refresh_token=80738349&x-expires=1771329600&x-signature=42FUyiaPcIChhM33zDIsZ8Ww%2Frk%3D&t=4d5b0474&ps=13740610&shp=30310797&shcp=ff37627b&idc=useast5","7357587697256776453","1713071891","2024-04-14T05:18:11.000Z",,,,,,,,,"0","https://www.tiktok.com/@nachter/video/7357337111676079392?_r=1&_t=ZN-93r9JxE2rN0","false",,,"false",,"0","https://www.tiktok.com/@nachter/video/7357337111676079392?_r=1&_t=ZN-93r9JxE2rN0","el pozole","7122936993424950277","lalmanmc","https://www.tiktok.com/@nachter/video/7357337111676079392"
"https://p16-common-sign.tiktokcdn-us.com/tos-useast5-avt-0068-tx/6abc8e3d66d799fbb18b3564dc6ce23d~tplv-tiktokx-cropcenter:100:100.jpg?dr=9640&refresh_token=bf0dc468&x-expires=1771329600&x-signature=7h9uTKq5ws0PhFkwkmeAZjdan%2Bk%3D&t=4d5b0474&ps=13740610&shp=30310797&shcp=ff37627b&idc=useast5","7357603467852055339","1713075578","2024-04-14T06:19:38.000Z",,,,,,,,,"0","https://www.tiktok.com/@nachter/video/7357337111676079392?_r=1&_t=ZN-93r9JxE2rN0","false",,,"false",,"0","https://www.tiktok.com/@nachter/video/7357337111676079392?_r=1&_t=ZN-93r9JxE2rN0","oy yo soy de los 90 y si dono dos veces al año sin miedo ni nada","6994222457532302342","mauzeld","https://www.tiktok.com/@nachter/video/7357337111676079392"
"https://p19-common-sign.tiktokcdn-us.com/tos-useast2a-avt-0068-euttp/0298caca37fea5db91e4a40f4e261970~tplv-tiktokx-cropcenter:100:100.jpg?dr=9640&refresh_token=1a9db550&x-expires=1771329600&x-signature=6vUYWpmHpeBx5VjAGDvXA5NlOwQ%3D&t=4d5b0474&ps=13740610&shp=30310797&shcp=ff37627b&idc=useast5","7357452541996909345","1713040425","2024-04-13T20:33:45.000Z",,,,,,,,,"0","https://www.tiktok.com/@nachter/video/7357337111676079392?_r=1&_t=ZN-93r9JxE2rN0","false",,,"false",,"0","https://www.tiktok.com/@nachter/video/7357337111676079392?_r=1&_t=ZN-93r9JxE2rN0","Te damos la bienvenida al portapapeles de Gboard. Aquí se guardarán los textos que copies.","7325401133467567136","moha_08_5_4","https://www.tiktok.com/@nachter/video/7357337111676079392"
"https://p16-common-sign.tiktokcdn-us.com/tos-maliva-avt-0068/7329394586659815429~tplv-tiktokx-cropcenter:100:100.jpg?dr=9640&refresh_token=b3e24e64&x-expires=1771329600&x-signature=SRQL%2FxALmg2aTYxPksVo%2BMQbT4c%3D&t=4d5b0474&ps=13740610&shp=30310797&shcp=ff37627b&idc=useast5","7357445035594744581","1713038682","2024-04-13T20:04:42.000Z",,,,,,,,,"0","https://www.tiktok.com/@nachter/video/7357337111676079392?_r=1&_t=ZN-93r9JxE2rN0","false",,,"false",,"0","https://www.tiktok.com/@nachter/video/7357337111676079392?_r=1&_t=ZN-93r9JxE2rN0","😂😂😂","7313394886123684870","luci86073","https://www.tiktok.com/@nachter/video/7357337111676079392"
"https://p16-common-sign.tiktokcdn-us.com/tos-alisg-avt-0068/d943ad348db1232b1ae707d0e5b62216~tplv-tiktokx-cropcenter:100:100.jpg?dr=9640&refresh_token=d04c33e4&x-expires=1771329600&x-signature=1jQyOr%2BM0KSXMdb3RgzHW%2B5jgKo%3D&t=4d5b0474&ps=13740610&shp=30310797&shcp=ff37627b&idc=useast5","7357445762445214469","1713038843","2024-04-13T20:07:23.000Z",,,,,,,,,"0","https://www.tiktok.com/@nachter/video/7357337111676079392?_r=1&_t=ZN-93r9JxE2rN0","false",,,"false",,"0","https://www.tiktok.com/@nachter/video/7357337111676079392?_r=1&_t=ZN-93r9JxE2rN0","si Goku le tiene miedo a las agujas imagínense yo","7180544828756820998","jaimejovanias","https://www.tiktok.com/@nachter/video/7357337111676079392"
"https://p19-common-sign.tiktokcdn-us.com/tos-maliva-avt-0068/f6a69cfd0d0478368089d61e61696597~tplv-tiktokx-cropcenter:100:100.jpg?dr=9640&refresh_token=28abfaac&x-expires=1771329600&x-signature=i%2FmiCoqe5W3LPB5McZS2i7FqdXI%3D&t=4d5b0474&ps=13740610&shp=30310797&shcp=ff37627b&idc=useast5","7357450854247695109","1713040034","2024-04-13T20:27:14.000Z",,,,,,,,,"0","https://www.tiktok.com/@nachter/video/7357337111676079392?_r=1&_t=ZN-93r9JxE2rN0","false",,,"false",,"0","https://www.tiktok.com/@nachter/video/7357337111676079392?_r=1&_t=ZN-93r9JxE2rN0","Donen sangre por favor, plasma e inscribirte como donador de órganos","6785901883535213574","chandiludo","https://www.tiktok.com/@nachter/video/7357337111676079392"
"https://p16-common-sign.tiktokcdn-us.com/tos-maliva-avt-0068/ddf4d52acee6f552afab2a397cc18b1f~tplv-tiktokx-cropcenter:100:100.jpg?dr=9640&refresh_token=fa1609c4&x-expires=1771329600&x-signature=QOrR%2Bwen%2BddPWSE4%2B7h%2FjOC1sLw%3D&t=4d5b0474&ps=13740610&shp=30310797&shcp=ff37627b&idc=useast5","7357452399521055494","1713040394","2024-04-13T20:33:14.000Z",,,,,,,,,"0","https://www.tiktok.com/@nachter/video/7357337111676079392?_r=1&_t=ZN-93r9JxE2rN0","false",,,"false",,"0","https://www.tiktok.com/@nachter/video/7357337111676079392?_r=1&_t=ZN-93r9JxE2rN0","😂😂😂😅😅","6856703229599663109","patriciotene8","https://www.tiktok.com/@nachter/video/7357337111676079392"
"https://p16-common-sign.tiktokcdn-us.com/musically-maliva-obj/1594805258216454~tplv-tiktokx-cropcenter:100:100.jpg?dr=9640&refresh_token=f231bd68&x-expires=1771329600&x-signature=b7JYUqWvA9lKsD3%2BfjosG9k8G%2BY%3D&t=4d5b0474&ps=13740610&shp=30310797&shcp=ff37627b&idc=useast5","7357444456277361413","1713038545","2024-04-13T20:02:25.000Z",,,,,,,,,"0","https://www.tiktok.com/@nachter/video/7357337111676079392?_r=1&_t=ZN-93r9JxE2rN0","false",,,"false",,"0","https://www.tiktok.com/@nachter/video/7357337111676079392?_r=1&_t=ZN-93r9JxE2rN0","no duele solo es piquete","7285093682250957830","ningno81","https://www.tiktok.com/@nachter/video/7357337111676079392"
"https://p16-common-sign.tiktokcdn-us.com/tos-maliva-avt-0068/ea9c72aa229152ed6daef8ae2c4ba088~tplv-tiktokx-cropcenter:100:100.jpg?dr=9640&refresh_token=37d9e51f&x-expires=1771329600&x-signature=4XiKU6vzZDChz9Q6aT9t9KBc3SM%3D&t=4d5b0474&ps=13740610&shp=30310797&shcp=ff37627b&idc=useast5","7357454937272615713","1713040994","2024-04-13T20:43:14.000Z",,,,,,,,,"0","https://www.tiktok.com/@nachter/video/7357337111676079392?_r=1&_t=ZN-93r9JxE2rN0","false",,,"false",,"0","https://www.tiktok.com/@nachter/video/7357337111676079392?_r=1&_t=ZN-93r9JxE2rN0","😂😂😂😂","6916164495161623558","itsasne35","https://www.tiktok.com/@nachter/video/7357337111676079392"
"https://p16-common-sign.tiktokcdn-us.com/tos-maliva-avt-0068/7335489677668909061~tplv-tiktokx-cropcenter:100:100.jpg?dr=9640&refresh_token=09447dbc&x-expires=1771329600&x-signature=RH%2B6GVUpdr6QcOeG2670mymtKt4%3D&t=4d5b0474&ps=13740610&shp=30310797&shcp=ff37627b&idc=useast5","7357455777935704864","1713041179","2024-04-13T20:46:19.000Z",,,,,,,,,"0","https://www.tiktok.com/@nachter/video/7357337111676079392?_r=1&_t=ZN-93r9JxE2rN0","false",,,"false",,"0","https://www.tiktok.com/@nachter/video/7357337111676079392?_r=1&_t=ZN-93r9JxE2rN0","😂😂😂","7040918955670651909","bettyrrs74","https://www.tiktok.com/@nachter/video/7357337111676079392"
"https://p16-common-sign.tiktokcdn-us.com/tos-maliva-avt-0068/82ac1e77431f00327cb238311a60005e~tplv-tiktokx-cropcenter:100:100.jpg?dr=9640&refresh_token=9cb0f655&x-expires=1771329600&x-signature=SJQ6N8UmvHWzco1%2F56Dl1YdRUHk%3D&t=4d5b0474&ps=13740610&shp=30310797&shcp=ff37627b&idc=useast5","7357456053497496352","1713041245","2024-04-13T20:47:25.000Z",,,,,,,,,"0","https://www.tiktok.com/@nachter/video/7357337111676079392?_r=1&_t=ZN-93r9JxE2rN0","false",,,"false",,"0","https://www.tiktok.com/@nachter/video/7357337111676079392?_r=1&_t=ZN-93r9JxE2rN0","Simplemente pienso en mis cosas y ya a no ser que te toque un@ inútil que no sepa ni hacer la O con un canuto","7160711893711193093","tysontigershark","https://www.tiktok.com/@nachter/video/7357337111676079392"
"https://p19-common-sign.tiktokcdn-us.com/tos-maliva-avt-0068/7335774575487090693~tplv-tiktokx-cropcenter:100:100.jpg?dr=9640&refresh_token=ddd44535&x-expires=1771329600&x-signature=c5SGhDR6dFW%2FfCkO7nD0UetwKCU%3D&t=4d5b0474&ps=13740610&shp=30310797&shcp=ff37627b&idc=useast5","7357439879632798496","1713037488","2024-04-13T19:44:48.000Z",,,,,,,,,"0","https://www.tiktok.com/@nachter/video/7357337111676079392?_r=1&_t=ZN-93r9JxE2rN0","false",,,"false",,"0","https://www.tiktok.com/@nachter/video/7357337111676079392?_r=1&_t=ZN-93r9JxE2rN0","😂😂😂","6847806734552122374","mauryciokeys","https://www.tiktok.com/@nachter/video/7357337111676079392"
"https://p16-common-sign.tiktokcdn-us.com/tos-maliva-avt-0068/7165649817321308165~tplv-tiktokx-cropcenter:100:100.jpg?dr=9640&refresh_token=edea4aa6&x-expires=1771329600&x-signature=uRULRu9g1toJyLRJCSfOJLbF4yE%3D&t=4d5b0474&ps=13740610&shp=30310797&shcp=ff37627b&idc=useast5","7357430922499736326","1713035393","2024-04-13T19:09:53.000Z",,,,,,,,,"0","https://www.tiktok.com/@nachter/video/7357337111676079392?_r=1&_t=ZN-93r9JxE2rN0","false",,,"false",,"0","https://www.tiktok.com/@nachter/video/7357337111676079392?_r=1&_t=ZN-93r9JxE2rN0","🤣🤣🤣","7149314109115335686","fredyrentacar","https://www.tiktok.com/@nachter/video/7357337111676079392"
"https://p16-common-sign.tiktokcdn-us.com/tos-maliva-avt-0068/0b908b78f3a16baa7be3f77c11924d8c~tplv-tiktokx-cropcenter:100:100.jpg?dr=9640&refresh_token=7474c432&x-expires=1771329600&x-signature=AyZrS%2Fn967nnqYutmlMxig9b4tU%3D&t=4d5b0474&ps=13740610&shp=30310797&shcp=ff37627b&idc=useast5","7357437697450279713","1713036985","2024-04-13T19:36:25.000Z",,,,,,,,,"0","https://www.tiktok.com/@nachter/video/7357337111676079392?_r=1&_t=ZN-93r9JxE2rN0","false",,,"false",,"0","https://www.tiktok.com/@nachter/video/7357337111676079392?_r=1&_t=ZN-93r9JxE2rN0","😂😂😂","6824080487632798726","deivi700","https://www.tiktok.com/@nachter/video/7357337111676079392"
"https://p16-sign-va.tiktokcdn.com/tos-maliva-avt-0068/3ae1a7b4cdc6e4f391bd23c45ae4a039~tplv-tiktokx-cropcenter:100:100.jpg?dr=14579&refresh_token=95a886bf&x-expires=1771329600&x-signature=TNGfRTAanpxHs%2FluPCkXZk1OSQM%3D&t=4d5b0474&ps=13740610&shp=30310797&shcp=ff37627b&idc=sg1","7357443240578269958","1713038254","2024-04-13T19:57:34.000Z",,,,,,,,,"0","https://www.tiktok.com/@nachter/video/7357337111676079392?_r=1&_t=ZN-93r9JxE2rN0","false",,,"false",,"0","https://www.tiktok.com/@nachter/video/7357337111676079392?_r=1&_t=ZN-93r9JxE2rN0","😂😂😂😂","7227567269164663813","son1eta12","https://www.tiktok.com/@nachter/video/7357337111676079392"
"https://p19-common-sign-useastred.tiktokcdn-eu.com/tos-useast2a-avt-0068-euttp/7335480522526687265~tplv-tiktokx-cropcenter:100:100.jpg?dr=14579&refresh_token=4a10210c&x-expires=1771329600&x-signature=WWzc2GSQcZPWigFH2SqfXqnNOzs%3D&t=4d5b0474&ps=13740610&shp=30310797&shcp=ff37627b&idc=sg1","7357440677364466464","1713037674","2024-04-13T19:47:54.000Z",,,,,,,,,"0","https://www.tiktok.com/@nachter/video/7357337111676079392?_r=1&_t=ZN-93r9JxE2rN0","false",,,"false",,"0","https://www.tiktok.com/@nachter/video/7357337111676079392?_r=1&_t=ZN-93r9JxE2rN0","🤣🤣🤣🤣🤣","6842775029625766918","sara_sarukilla0","https://www.tiktok.com/@nachter/video/7357337111676079392"
"https://p19-common-sign.tiktokcdn-us.com/tos-maliva-avt-0068/ed5e7469dc1575be442fb11fd73a1843~tplv-tiktokx-cropcenter:100:100.jpg?dr=9640&refresh_token=ff308e89&x-expires=1771329600&x-signature=TJXD7XlnkWVYH1vZ%2FH2N%2FHW4XeA%3D&t=4d5b0474&ps=13740610&shp=30310797&shcp=ff37627b&idc=useast8","7357685009174217505","1713094558","2024-04-14T11:35:58.000Z",,,,,,,,,"0","https://www.tiktok.com/@nachter/video/7357337111676079392?_r=1&_t=ZN-93r9JxE2rN0","false",,,"false",,"0","https://www.tiktok.com/@nachter/video/7357337111676079392?_r=1&_t=ZN-93r9JxE2rN0","Cada vez más valientes 😂","7061596976845177861","cristinamendibeurizar1","https://www.tiktok.com/@nachter/video/7357337111676079392"
"https://p16-sign-va.tiktokcdn.com/tos-maliva-avt-0068/7333985140156792838~tplv-tiktokx-cropcenter:100:100.jpg?dr=14579&refresh_token=decec0fd&x-expires=1771329600&x-signature=4xFajxdjKO9WE0diDLfVrJTwbOY%3D&t=4d5b0474&ps=13740610&shp=30310797&shcp=ff37627b&idc=my","7358194296338924320","1713213139","2024-04-15T20:32:19.000Z",,,,,,,,,"0","https://www.tiktok.com/@nachter/video/7357337111676079392?_r=1&_t=ZN-93r9JxE2rN0","false",,,"false",,"0","https://www.tiktok.com/@nachter/video/7357337111676079392?_r=1&_t=ZN-93r9JxE2rN0","gracias a mi mujer que me donó su riñón yo sigo vivo. gracias a los donantes","6941807600522757126","cerradoporvacaciones0","https://www.tiktok.com/@nachter/video/7357337111676079392"
