fuente,text,text_clean,emojis,fecha,likes,respuestas
instagram,"Excelente video!! Fuerzas Jessi, comparto 🫂","Excelente video!! Fuerzas Jessi, comparto",🫂,2025-12-03,2,0
instagram,Bendiciones familia!!!! Vamos Segun!!!💪💪,Bendiciones familia!!!! Vamos Segun!!!,💪💪,2025-12-03,4,0
instagram,Compartido!!!! Vamos Segu❤️🙌,Compartido!!!! Vamos Segu,❤️🙌,2025-12-03,2,0
instagram,Vamos amigos ! Ya saben cuánto los quiero ❤️,Vamos amigos ! Ya saben cuánto los quiero,❤️,2025-12-04,2,0
instagram,Compartido ❤️❤️❤️,Compartido,❤️❤️❤️,2025-12-03,2,0
instagram,Un abrazo fuerte! 🙌❤️,Un abrazo fuerte!,🙌❤️,2025-12-03,2,0
instagram,Jesi! A donde nos podemos acercar para donar?,Jesi! A donde nos podemos acercar para donar?,,2025-12-03,2,1
instagram,Ya soy donante de médula desde el 2015!! Que lindo sería poder ser de ayuda para todos los niños y personas que lo necesitan!!,Ya soy donante de médula desde el 2015!! Que lindo sería poder ser de ayuda para todos los niños y personas que lo necesitan!!,,2025-12-03,4,0
instagram,Muchas fuerzas para  toda la familia.  Los queremos  muchísimo 🤗🤗🤗,Muchas fuerzas para toda la familia. Los queremos muchísimo,🤗🤗🤗,2025-12-03,4,0
instagram,"Hace unos 10 años que soy donante,  si bien los chicos lo explican perfecto , quiero reforzar que la donación es solo  una extracción de sangre normal (no te sacan de la columna ni de ningún lugar extraño) y recién si del banco de datos surge que sos compatible con alguien que necesita un transplante te llaman para  hacer la donación propiamente dicha ,  que tampoco es un procedimiento terrible . Abrazo muy grande para Segu","Hace unos 10 años que soy donante, si bien los chicos lo explican perfecto , quiero reforzar que la donación es solo una extracción de sangre normal (no te sacan de la columna ni de ningún lugar extraño) y recién si del banco de datos surge que sos compatible con alguien que necesita un transplante te llaman para hacer la donación propiamente dicha , que tampoco es un procedimiento terrible . Abrazo muy grande para Segu",,2025-12-03,31,3
instagram,Comparto chicos. Un gran abrazo ❤️,Comparto chicos. Un gran abrazo,❤️,2025-12-03,2,0
instagram,Ayy Jesy y familia mucha fuerza acá.Los abrazo fuerte,Ayy Jesy y familia mucha fuerza acá.Los abrazo fuerte,,2025-12-05,2,0
instagram,🙌,,🙌,2025-12-03,2,0
instagram,Los abrazo ❤️ mucha fuerza!!!,Los abrazo mucha fuerza!!!,❤️,2025-12-03,2,0
instagram,Chicos pongan para poder compartir 🙌,Chicos pongan para poder compartir,🙌,2025-12-03,5,2
instagram,Súper bien explicado🔥❤️ 😎,Súper bien explicado,🔥❤️ 😎,2026-01-19,1,1
instagram,❤️❤️,,❤️❤️,2026-01-19,1,1
instagram,❤️❤️❤️👏👏👏,,❤️❤️❤️👏👏👏,2026-01-19,1,1
instagram,👏👏👏👏👏👏👏👏👏👏,,👏👏👏👏👏👏👏👏👏👏,2026-01-19,1,1
instagram,👏👏,,👏👏,2026-01-19,1,1
instagram,Interesantísimo,Interesantísimo,,2026-01-19,1,1
instagram,"Pues otro tema que no sabía, la forma y tiempo de recuperación de la sangre donada y la utilización de sus componentes. y a tu pregunta,  pues unos 5 l. de sangre y como siempre explicado de forma genial y como siempre con su puntito de gracia 👌👌😘😘 y genial por nosotros al ser los primeros 👏👏👏.","Pues otro tema que no sabía, la forma y tiempo de recuperación de la sangre donada y la utilización de sus componentes. y a tu pregunta, pues unos 5 l. de sangre y como siempre explicado de forma genial y como siempre con su puntito de gracia y genial por nosotros al ser los primeros .",👌👌😘😘 👏👏👏,2026-01-18,1,3
instagram,"El déficit de glóbulos rojos posterior a la donación de sangre puede afectar al rendimiento físico en los entrenamientos de cualquier deporte?  Gracias!! Me ha encantado tu video, tienes un seguidor más 👏❤️","El déficit de glóbulos rojos posterior a la donación de sangre puede afectar al rendimiento físico en los entrenamientos de cualquier deporte? Gracias!! Me ha encantado tu video, tienes un seguidor más",👏❤️,2026-01-27,1,1
instagram,"Como donante de sangre habitual, me encanta este tema.","Como donante de sangre habitual, me encanta este tema.",,2026-01-18,2,4
instagram,Casi 5 litros de sangre tenemos?,Casi 5 litros de sangre tenemos?,,2026-01-19,2,1
instagram,"Yo ahora mismo estoy en tratamiento de plasmaferesis, debido a una mielitis. Un tratamiento que no conocía y espero que me funcione 😇","Yo ahora mismo estoy en tratamiento de plasmaferesis, debido a una mielitis. Un tratamiento que no conocía y espero que me funcione",😇,2026-01-18,1,1
instagram,"Muchísimas gracias a todos los que donais, yo necesito inmunoglobulinas cada 28 días y no tengo palabras suficientes para adradeceroslo❤️","Muchísimas gracias a todos los que donais, yo necesito inmunoglobulinas cada 28 días y no tengo palabras suficientes para adradeceroslo",❤️,2026-01-26,2,1
instagram,😍😍😍,,😍😍😍,2026-01-18,2,1
instagram,Aproximadamente 5 litros. Doy gracias a todas esas personas que son donantes tanto de sangre como de órganos. Yo necesite plasma y células madre. Lo primero lo pude conseguir lo segundo no. Mi hermana que era la opción más viable para que fuera compatible con migo resultó no serlo. Al final me hicieron un auto transplante. Fue una movida. Si alguien quiere lo explico 😁,Aproximadamente 5 litros. Doy gracias a todas esas personas que son donantes tanto de sangre como de órganos. Yo necesite plasma y células madre. Lo primero lo pude conseguir lo segundo no. Mi hermana que era la opción más viable para que fuera compatible con migo resultó no serlo. Al final me hicieron un auto transplante. Fue una movida. Si alguien quiere lo explico,😁,2026-01-19,4,3
instagram,Hola doctor. Yo donaba cada vez que podía. Creo que tengo como 4 o 5 litros. El tema sería como asegurar que la sangre que se reciba no tiene algún virus o similar que pueda ocasionar una enfermedad mortal. Salido6❤️😍😍😍👏👏👏👏,Hola doctor. Yo donaba cada vez que podía. Creo que tengo como 4 o 5 litros. El tema sería como asegurar que la sangre que se reciba no tiene algún virus o similar que pueda ocasionar una enfermedad mortal. Salido6,❤️😍😍😍👏👏👏👏,2026-01-18,1,2
instagram,Es una lástima una muchacha tan jovencita bonita y con talento pero la depresión es mala y lleva hacer cosas de las que luego te puedas arrepentir no se pero por lo q estoy mirando 🤐a lo mejor me equivoco 😢 pronta recuperación 🙏❤️‍🩹,Es una lástima una muchacha tan jovencita bonita y con talento pero la depresión es mala y lleva hacer cosas de las que luego te puedas arrepentir no se pero por lo q estoy mirando a lo mejor me equivoco pronta recuperación ‍,🤐 😢 🙏❤️ 🩹,2026-02-04,2,0
instagram,Dios la proteja,Dios la proteja,,2026-02-03,3,0
instagram,Fuerza Riri eres una guerrera saldrá de esta 😢👏 que Diosito y todo lo que existe te bendiga,Fuerza Riri eres una guerrera saldrá de esta que Diosito y todo lo que existe te bendiga,😢👏,2026-02-03,6,0
instagram,Dios va a poner su mano por q Dios es lo más grande y tiene todo el control 😍fuerza que Dios está con ella,Dios va a poner su mano por q Dios es lo más grande y tiene todo el control fuerza que Dios está con ella,😍,2026-02-03,8,0
instagram,Dios está contigo mi niña linda 🙏🙏🙏,Dios está contigo mi niña linda,🙏🙏🙏,2026-02-03,1,0
instagram,😢😢😢😢dios mío que pena una muchacha tan joven y con muy buenos comienzo .. pronta recuperación.. algui n sabe que fue lo que pasó ??,dios mío que pena una muchacha tan joven y con muy buenos comienzo .. pronta recuperación.. algui n sabe que fue lo que pasó ??,😢😢😢😢,2026-02-03,12,0
instagram,Pronta recuperación 🙏,Pronta recuperación,🙏,2026-02-03,1,0
instagram,"Nuestra amiga saldrá de esta , estamos contigo @_la_riri 🙏🏼😞🦾🦾🦾","Nuestra amiga saldrá de esta , estamos contigo @_la_riri",🙏🏼😞🦾🦾🦾,2026-02-04,1,0
instagram,Dios mediante 🙏🏻ella es un guerrera 🙏🏻todo saldrá bien,Dios mediante ella es un guerrera todo saldrá bien,🙏🏻 🙏🏻,2026-02-03,2,0
instagram,"Dios la Sane y la Bendiga Siempre,Amén 🙏🏻🙏🏻🙏🏻🙏🏻🙏🏻🙏🏻","Dios la Sane y la Bendiga Siempre,Amén",🙏🏻🙏🏻🙏🏻🙏🏻🙏🏻🙏🏻,2026-02-03,2,0
instagram,😢😢😢😢,,😢😢😢😢,2026-02-03,1,0
instagram,Pronta recuperación para mi tocaya🙏,Pronta recuperación para mi tocaya,🙏,2026-02-04,1,0
instagram,Tan guapa y jovencita.Que pobre.Pronta recuperación.,Tan guapa y jovencita.Que pobre.Pronta recuperación.,,2026-02-03,16,0
instagram,Dios va a poner su mano fuerza,Dios va a poner su mano fuerza,,2026-02-03,4,0
instagram,😢😢Dios ponga su mano,Dios ponga su mano,😢😢,2026-02-03,1,0
instagram,Que hermoso Marce ❤️,Que hermoso Marce,❤️,2024-04-05,0,0
instagram,❤️,,❤️,2024-04-05,0,0
instagram,Un día de mucha tristeza ese día estaba en un café  y fue tanto el dolor de su partida  tube solo dos clases  porque enferme y la conocí  un día,Un día de mucha tristeza ese día estaba en un café y fue tanto el dolor de su partida tube solo dos clases porque enferme y la conocí un día,,2024-04-04,0,1
instagram,Así es 😢ya pasó un año 😢😢,Así es ya pasó un año,😢 😢😢,2024-04-04,1,0
instagram,No te conoci en persona pero sigo insistiendo!! Fuiste increíble conmigo!! Gracias por cada respuesta  jess!! Tu empatia  y tu amor los extraño!!! Siempre en mi corazón Jess,No te conoci en persona pero sigo insistiendo!! Fuiste increíble conmigo!! Gracias por cada respuesta jess!! Tu empatia y tu amor los extraño!!! Siempre en mi corazón Jess,,2024-04-04,0,0
instagram,La sigo extrañando ❤️,La sigo extrañando,❤️,2024-01-12,0,0
instagram,"Hola, Marcelo! Estuve muy cerca de Jess los años en que vivi en Argentina y ahora me gustaria poder ayudar a transformar su perfil de Instagram en “en memoria de”, en respecto a toda su dedicación a este canal. Me podrías contestar mi mensaje en privado para que te pueda explicar mejor? Gracias @marcelocasoy","Hola, Marcelo! Estuve muy cerca de Jess los años en que vivi en Argentina y ahora me gustaria poder ayudar a transformar su perfil de Instagram en “en memoria de”, en respecto a toda su dedicación a este canal. Me podrías contestar mi mensaje en privado para que te pueda explicar mejor? Gracias @marcelocasoy",,2023-09-28,0,0
instagram,"Que hermoso vídeo,  graciass","Que hermoso vídeo, graciass",,2023-09-10,0,0
instagram,Woou ❤️,Woou,❤️,2023-09-03,0,0
instagram,😢❤️,,😢❤️,2023-07-24,0,0
instagram,"De verla así, parece tener energia para la eternidad. Amiga, te hubiera encantado este homenaje, mira que lindo cuanta gente que te quiere. Siempre fuiste más que especial! Por siempre Jess ❤️","De verla así, parece tener energia para la eternidad. Amiga, te hubiera encantado este homenaje, mira que lindo cuanta gente que te quiere. Siempre fuiste más que especial! Por siempre Jess",❤️,2023-07-13,2,0
instagram,"Gracias Marcelo 🤍😭🫶🏻🙏🏻gracias por este video y por hacer su sueño realidad 🤍💪🏻Jess dejó mucho acá ,y sembró mucho amor ❤️","Gracias Marcelo gracias por este video y por hacer su sueño realidad Jess dejó mucho acá ,y sembró mucho amor",🤍😭🫶🏻🙏🏻 🤍💪🏻 ❤️,2023-07-04,1,0
instagram,Recién veo😢 imposible no llorar 😢,Recién veo imposible no llorar,😢 😢,2023-06-30,1,0
instagram,"Gracias por honrarla, no la conocí personalmente pero le escribía para alentarla acompañarla, y agradecerle todo lo que hizo en mi, gracias hermosa @jesguidook, vola muy alto chiquita gracias por tanto ❤️","Gracias por honrarla, no la conocí personalmente pero le escribía para alentarla acompañarla, y agradecerle todo lo que hizo en mi, gracias hermosa @jesguidook, vola muy alto chiquita gracias por tanto",❤️,2023-06-20,1,0
instagram,El mejor homenaje..que gratitud haberla conocido aunque sea a la distancia..me transmitió mucho amor y fuerza ... hasta siempre siempre 🥰,El mejor homenaje..que gratitud haberla conocido aunque sea a la distancia..me transmitió mucho amor y fuerza ... hasta siempre siempre,🥰,2023-06-13,1,0
instagram,😂😂😂😂😂😂😂😂😂😂,,😂😂😂😂😂😂😂😂😂😂,2025-04-26,0,0
instagram,😂,,😂,2025-04-26,0,0
instagram,😢,,😢,2025-04-26,0,0
instagram,😂😂😂😂,,😂😂😂😂,2025-04-26,0,0
instagram,😂😂😂😂😂👏👏👏👏,,😂😂😂😂😂👏👏👏👏,2025-04-23,0,0
instagram,"Ya van alrededor de 6 ocasiones que dono sangre, siempre a sido porque hay un familiar en cirugía, y en este mes voy de nuevo a ser donador, es una lastima que lo hagamos solo porque es un requisito de los hospitales cuando un familiar entra a cirugía.","Ya van alrededor de 6 ocasiones que dono sangre, siempre a sido porque hay un familiar en cirugía, y en este mes voy de nuevo a ser donador, es una lastima que lo hagamos solo porque es un requisito de los hospitales cuando un familiar entra a cirugía.",,2025-04-12,0,0
instagram,"No sé si he verdad pero dicen el que se puso la vacuna del COVID 19 no puede donar sangre,","No sé si he verdad pero dicen el que se puso la vacuna del COVID 19 no puede donar sangre,",,2025-04-10,0,0
instagram,Como que estas explicaciones son más chistosas,Como que estas explicaciones son más chistosas,,2025-04-09,0,0
instagram,Enclenque jajajaja ameee,Enclenque jajajaja ameee,,2025-04-09,0,0
instagram,Deje. Descargar el video,Deje. Descargar el video,,2025-04-08,0,0
instagram,Siiiii una pinché necesidad de vida o muerte!!!!! Amoooo tus videos🧡🧡🧡,Siiiii una pinché necesidad de vida o muerte!!!!! Amoooo tus videos,🧡🧡🧡,2025-04-08,0,0
instagram,Que no es la O+ ???,Que no es la O+ ???,,2025-04-07,0,0
instagram,👏👏,,👏👏,2025-04-07,0,0
instagram,Gracias por hacer está reflexión y que todos estemos conscientes❤️ para donar sangre,Gracias por hacer está reflexión y que todos estemos conscientes para donar sangre,❤️,2025-04-07,5,0
instagram,Me encanta la forma de entregar la información  gracias 😍,Me encanta la forma de entregar la información gracias,😍,2025-04-07,1,0
instagram,😂😂😂😂😂😂,,😂😂😂😂😂😂,2025-01-29,0,0
instagram,😂😂😂😂😂,,😂😂😂😂😂,2024-06-29,0,0
instagram,Teniendo en cuenta de que hay que ser MUY PERO MUY responsables….hacerse pruebas antes y evitar donar si hay algún riesgo de padecer alguna enfermedad o similares,Teniendo en cuenta de que hay que ser MUY PERO MUY responsables….hacerse pruebas antes y evitar donar si hay algún riesgo de padecer alguna enfermedad o similares,,2024-05-30,0,0
instagram,❤️❤️❤️,,❤️❤️❤️,2024-05-22,0,0
instagram,😂😂😂,,😂😂😂,2024-05-18,0,0
instagram,@stefanydeleones @saratamayo27,@stefanydeleones @saratamayo27,,2024-05-17,0,0
instagram,"Me encantó ver al menor levantándose y volviéndose a desmayar, fue totalmente inesperado verlo al final, muy divertido","Me encantó ver al menor levantándose y volviéndose a desmayar, fue totalmente inesperado verlo al final, muy divertido",,2024-05-15,0,0
instagram,Ansiedad va no sea exagerado que no es para tanto dice 😂😂😂😂😂😂😂,Ansiedad va no sea exagerado que no es para tanto dice,😂😂😂😂😂😂😂,2024-05-14,0,0
instagram,El ayudante ayudando al de la ansiedad jajaja 🤣🤣😂😂😂 es que me dan  miedo las agujas,El ayudante ayudando al de la ansiedad jajaja es que me dan miedo las agujas,🤣🤣😂😂😂,2024-05-14,0,0
instagram,😂😂😂😂😂😂😂,,😂😂😂😂😂😂😂,2024-05-07,0,0
instagram,"Yo también he tenido dos cirugías muy largas y tuve que recibir durante varios días sangre,la mía es muy común pero aún así si no hubiera gente generosa con su sangre yo no estaría aquí. GRACIAS","Yo también he tenido dos cirugías muy largas y tuve que recibir durante varios días sangre,la mía es muy común pero aún así si no hubiera gente generosa con su sangre yo no estaría aquí. GRACIAS",,2024-05-06,0,0
instagram,Jamás y nunca donaré sangre,Jamás y nunca donaré sangre,,2024-05-03,0,0
instagram,"Te damos las gracias a ti por hacernos reír tanto y tan sanamente. Te felicito por tu creatividad, tu desplante y simpatía !! Eres genial. Saludos desde Chile !!","Te damos las gracias a ti por hacernos reír tanto y tan sanamente. Te felicito por tu creatividad, tu desplante y simpatía !! Eres genial. Saludos desde Chile !!",,2024-04-30,0,0
instagram,@mannu202 gracias por aclararlo 🙌,@mannu202 gracias por aclararlo,🙌,2025-12-03,8,0
instagram,"@mannu202 soy donante de médula, es así tal cual lo describis","@mannu202 soy donante de médula, es así tal cual lo describis",,2025-12-05,2,0
instagram,@jesikvillaverde Dejamos mensaje !,@jesikvillaverde Dejamos mensaje !,,2025-12-11,1,0
instagram,@indindiyaindu pronto habrá una colecta en La Paz y sino en Parana hospital San Roque,@indindiyaindu pronto habrá una colecta en La Paz y sino en Parana hospital San Roque,,2025-12-03,4,0
instagram,@x_jaby_x muchísimas gracias ❤️,@x_jaby_x muchísimas gracias,❤️,2026-01-19,0,0
instagram,@zarra1972 🙌🙌❤️❤️,@zarra1972,🙌🙌❤️❤️,2026-01-19,1,0
instagram,@jesus_antonio_63 exacto!!! genial!! mil gracias ❤️❤️🙌,@jesus_antonio_63 exacto!!! genial!! mil gracias,❤️❤️🙌,2026-01-19,1,0
instagram,@celulau.bio No hay de qué como siempre 👍👍❤️❤️,@celulau.bio No hay de qué como siempre,👍👍❤️❤️,2026-01-20,1,0
instagram,@jesus_antonio_63 🙌,@jesus_antonio_63,🙌,2026-01-21,1,0
instagram,@sergiotrhe 🙌🙌❤️,@sergiotrhe,🙌🙌❤️,2026-01-19,1,0
instagram,@sarobel mucho ánimo❤️,@sarobel mucho ánimo,❤️,2026-01-19,1,0
instagram,Compartimos!!!!!❤️❤️,Compartimos!!!!!,❤️❤️,2025-12-03,2,0
instagram,Fuerza amigos!! 🙌🙌🙌🙌,Fuerza amigos!!,🙌🙌🙌🙌,2025-12-04,2,0
instagram,🙌 lamento no poder. No sabia que tenia una edad también,lamento no poder. No sabia que tenia una edad también,🙌,2025-12-03,2,0
instagram,"Desde el corazón,confía Dios los llene de muchas fuerzas,el va proveer y todo va salir bien ❤️","Desde el corazón,confía Dios los llene de muchas fuerzas,el va proveer y todo va salir bien",❤️,2025-12-03,3,0
instagram,❤️❤️❤️,,❤️❤️❤️,2025-12-03,2,0
instagram,Les abrazo el corazón ❤️,Les abrazo el corazón,❤️,2025-12-11,2,0
instagram,❤️🙌,,❤️🙌,2025-12-03,2,0
instagram,🙌🙌,,🙌🙌,2025-12-03,2,0
instagram,Los quiero muchísimo familia ❤️,Los quiero muchísimo familia,❤️,2025-12-03,2,0
instagram,Todo el amor a Segundo ! Dios permita llegue su donante 😍,Todo el amor a Segundo ! Dios permita llegue su donante,😍,2025-12-03,2,0
instagram,Que Dios los bendiga y puedan conseguir ese donante. Abrazos para ustedes,Que Dios los bendiga y puedan conseguir ese donante. Abrazos para ustedes,,2025-12-03,3,0
instagram,🙌👏😢 ❤️💪🙏,,🙌👏😢 ❤️💪🙏,2025-12-07,1,0
instagram,❤️❤️❤️,,❤️❤️❤️,2025-12-03,3,0
instagram,Fuerza flia!!🙌❤️❤️❤️,Fuerza flia!!,🙌❤️❤️❤️,2025-12-03,2,0
instagram,🙌❤️❤️,,🙌❤️❤️,2025-12-03,2,0
instagram,@juanjfr qué interesante🙌🙌,@juanjfr qué interesante,🙌🙌,2026-01-19,1,0
instagram,"@celulau.bio bueno necesitaba que mi sistema inmunológico dejara de producir células cancerosas y para ello los médicos decidieron resetear mi sistema inmune. Para eso me tenían que dar una quimioterapia que me dejara sin sistema inmunológico. Y para reactivarlo me inyectarían células madre. Como te dije antes no había en ese momento células que fueran compatibles para mi. Así que estuve inyectándome diariamente durante dos semanas un medicamento que hacía multiplicar mis células madre. Cuando los análisis mostraron que ya tenía suficientes, me hicieron una especie de diálisis, centrifugando todo mi volumen sanguíneo varias veces para separar esas células madre de la sangre 🩸. Y una vez consiguieron una cantidad aceptable me ingresaron en aislamiento y me pusieron una quimioterapia horrible que me dejó sin sistema inmunológico y ahí me volvieron a poner las células madre que me habían sacado previamente y después de 33 días en aislamiento pude recuperar el sistema inmunológico y me dieron el alta. Tras varias semanas con fiebre y teniendo que volver a vacunarme de todo el cáncer no volvió a aparecer. Hasta el momento ( toquemos madera 🪵) 😁","@celulau.bio bueno necesitaba que mi sistema inmunológico dejara de producir células cancerosas y para ello los médicos decidieron resetear mi sistema inmune. Para eso me tenían que dar una quimioterapia que me dejara sin sistema inmunológico. Y para reactivarlo me inyectarían células madre. Como te dije antes no había en ese momento células que fueran compatibles para mi. Así que estuve inyectándome diariamente durante dos semanas un medicamento que hacía multiplicar mis células madre. Cuando los análisis mostraron que ya tenía suficientes, me hicieron una especie de diálisis, centrifugando todo mi volumen sanguíneo varias veces para separar esas células madre de la sangre . Y una vez consiguieron una cantidad aceptable me ingresaron en aislamiento y me pusieron una quimioterapia horrible que me dejó sin sistema inmunológico y ahí me volvieron a poner las células madre que me habían sacado previamente y después de 33 días en aislamiento pude recuperar el sistema inmunológico y me dieron el alta. Tras varias semanas con fiebre y teniendo que volver a vacunarme de todo el cáncer no volvió a aparecer. Hasta el momento ( toquemos madera )",🩸 🪵 😁,2026-01-19,4,0
instagram,@juanjfr qué pasada Juan! Es increíble lo que hace la ciencia/medicina hoy en día. Gracias por compartir tu historia y me alegro de que ya estés mejor 🙌🙌🙌,@juanjfr qué pasada Juan! Es increíble lo que hace la ciencia/medicina hoy en día. Gracias por compartir tu historia y me alegro de que ya estés mejor,🙌🙌🙌,2026-01-20,3,0
instagram,"@oscar_ag_1 mil gracias!! claro, al tener menos glóbulos rojos, transportas menos oxígeno y co2, pero es algo temporal❤🙌","@oscar_ag_1 mil gracias!! claro, al tener menos glóbulos rojos, transportas menos oxígeno y co2, pero es algo temporal",❤🙌,2026-01-29,1,0
instagram,5 de sangre + 1 de sidra en el caso de asturianos,5 de sangre + 1 de sidra en el caso de asturianos,,2026-01-18,17,9
instagram,"También se puede donar plasma a secas y más asiduamente que la sangre. Si alguien os dice que va a donar mensualmente en vez de cada 3 o 4 meses, ya sabéis por qué","También se puede donar plasma a secas y más asiduamente que la sangre. Si alguien os dice que va a donar mensualmente en vez de cada 3 o 4 meses, ya sabéis por qué",,2026-01-19,1,1
instagram,"Cada vez que te veo, mis glóbulos rojos se revolucionan!! 💕😄","Cada vez que te veo, mis glóbulos rojos se revolucionan!!",💕😄,2026-01-19,1,1
instagram,"y yo me pregunto, cuantos kms haces en un video yendo y viniendo hacia la cámara? 😂😂 8 litros? aunque diciendo al principio que se dona un 10% supongo que unos 5 litros más o menos","y yo me pregunto, cuantos kms haces en un video yendo y viniendo hacia la cámara? 8 litros? aunque diciendo al principio que se dona un 10% supongo que unos 5 litros más o menos",😂😂,2026-01-19,3,1
instagram,Yo tengo anemia permisiva y no aceptan mi sangre para donar.,Yo tengo anemia permisiva y no aceptan mi sangre para donar.,,2026-01-18,5,3
instagram,"Que me dice, si es verdad o no lo de creación de pastillas con la sangre","Que me dice, si es verdad o no lo de creación de pastillas con la sangre",,2026-01-20,1,1
instagram,Y yo pensando que se recuperaba con el bocadillo de jamón y un zumo de naranja 😂,Y yo pensando que se recuperaba con el bocadillo de jamón y un zumo de naranja,😂,2026-01-24,4,1
instagram,"Aparte del vídeo que es maravilloso y la información más aún pero la casa detrás es una obra de arte , colgante","Aparte del vídeo que es maravilloso y la información más aún pero la casa detrás es una obra de arte , colgante",,2026-01-19,1,1
instagram,"Unos 5 litros, depende si la dietista te mando beber 3 o 5 litros de agua. Algo se quedará en el riego...jajaja","Unos 5 litros, depende si la dietista te mando beber 3 o 5 litros de agua. Algo se quedará en el riego...jajaja",,2026-01-19,1,1
instagram,A Drácula le interesa esto,A Drácula le interesa esto,,2026-01-19,1,1
instagram,Yo he donado muchas veces sangre. Y acá en Perú solemos tomar sopa de gallina para recuperarnos de lo donado.,Yo he donado muchas veces sangre. Y acá en Perú solemos tomar sopa de gallina para recuperarnos de lo donado.,,2026-01-24,1,1
instagram,Tarjeta platino donante de eritropoyetina,Tarjeta platino donante de eritropoyetina,,2026-01-19,1,1
instagram,"Laura y porque los grupos sanguíneos,como puede ser que un donante universal puede donar a todos","Laura y porque los grupos sanguíneos,como puede ser que un donante universal puede donar a todos",,2026-01-19,1,1
instagram,"Si es el 10% deben ser un aprox. De 4,5lts. Igual siempre pensé q 7liteos","Si es el 10% deben ser un aprox. De 4,5lts. Igual siempre pensé q 7liteos",,2026-01-19,1,1
instagram,Primero deben ir al hospital a buscar la tarjeta de donación a su nombre 🙌❤️…ya después a los bancos de sangre. Deben comunicarse a los números que ponen para saber cuando realmente hace falta donar el@proceso es largo y se necesita sangre en todo el periodo y si todos donan a la vez todo la sangre no será para ella ya que en 72 horas es el tiempo de uso. Contacten a la influencer y a los números que pone en sus publicaciones y si tienen su tipo de sangre no duden en apoyar. La vida es muy importante. Ayudémosla 🙌,Primero deben ir al hospital a buscar la tarjeta de donación a su nombre …ya después a los bancos de sangre. Deben comunicarse a los números que ponen para saber cuando realmente hace falta donar el@proceso es largo y se necesita sangre en todo el periodo y si todos donan a la vez todo la sangre no será para ella ya que en 72 horas es el tiempo de uso. Contacten a la influencer y a los números que pone en sus publicaciones y si tienen su tipo de sangre no duden en apoyar. La vida es muy importante. Ayudémosla,🙌❤️ 🙌,2026-02-03,27,0
instagram,"Y se quemó por las malas condiciones que ustedes mismas apoyan, dios la cuide","Y se quemó por las malas condiciones que ustedes mismas apoyan, dios la cuide",,2026-02-03,2,3
instagram,La Sangre 🩸 O negativa también dijo q se podía donar q es sangre universal 🙏,La Sangre O negativa también dijo q se podía donar q es sangre universal,🩸 🙏,2026-02-03,33,0
instagram,Fuerza,Fuerza,,2026-02-03,1,0
instagram,😢,,😢,2026-02-03,2,0
instagram,😢,,😢,2026-02-03,1,0
instagram,Mucho apoyo psicológico necesitará 🙏,Mucho apoyo psicológico necesitará,🙏,2026-02-03,6,0
instagram,Parecen hermanas Dios la proteja y todo lo que existe y salga de todo lo malo 😢😢😢🙏🙏🙏🙏🙏,Parecen hermanas Dios la proteja y todo lo que existe y salga de todo lo malo,😢😢😢🙏🙏🙏🙏🙏,2026-02-03,29,1
instagram,Dios la ayude y la ampare 🙏🙏🙏🙏,Dios la ayude y la ampare,🙏🙏🙏🙏,2026-02-03,1,0
instagram,"Madre de Dios, ésa muchachita pobrecita, va a necesitar muchísimo apoyo, sentimental, amor, presencia, paciencia. Porque va a pasar por depresión, yà qué su trabajo era utilizar sobretodo su rostro su cuerpo, sí entendí bien hacia la modelo entre otras cosas. Y con lo que le ha sucedido se sentirá muy muy mal psicologícamente. 🙏🏾💙🌊 Qué sé recupere bien , nó la conozco péro duele con una muchacha tan jovencita 🙌🙌","Madre de Dios, ésa muchachita pobrecita, va a necesitar muchísimo apoyo, sentimental, amor, presencia, paciencia. Porque va a pasar por depresión, yà qué su trabajo era utilizar sobretodo su rostro su cuerpo, sí entendí bien hacia la modelo entre otras cosas. Y con lo que le ha sucedido se sentirá muy muy mal psicologícamente. Qué sé recupere bien , nó la conozco péro duele con una muchacha tan jovencita",🙏🏾💙🌊 🙌🙌,2026-02-03,73,0
instagram,"Un accidente...con candela...OBVIO ,pero no.dijo que le pasò","Un accidente...con candela...OBVIO ,pero no.dijo que le pasò",,2026-02-03,1,0
instagram,Lo primero que tienen que hacer es sacarla de ese hospital 🤦 de las influencias que tenga que la pasen para algún lugar mejor con más recursos,Lo primero que tienen que hacer es sacarla de ese hospital de las influencias que tenga que la pasen para algún lugar mejor con más recursos,🤦,2026-02-04,1,0
instagram,Dios mediante se recupere,Dios mediante se recupere,,2026-02-03,1,0
instagram,Madre mía 😢ese hospital 😔😭….. que dios ponga su mano 🙏🏽,Madre mía ese hospital ….. que dios ponga su mano,😢 😔😭 🙏🏽,2026-02-03,64,6
instagram,"Que raro está eso, pq aunque ella no la use, la usa otra persona que también es importante","Que raro está eso, pq aunque ella no la use, la usa otra persona que también es importante",,2026-02-04,0,1
instagram,@ar_turo3476 ❤️🙌,@ar_turo3476,❤️🙌,2026-01-19,1,0
instagram,@tazodeque 🙌❤️❤️,@tazodeque,🙌❤️❤️,2026-01-19,1,0
instagram,@rafaelenriqueangarita siempre se analiza🙌,@rafaelenriqueangarita siempre se analiza,🙌,2026-01-19,1,0
instagram,"@rafaelenriqueangarita a mi menor hijo, cuando tenía como11 años, le dio dengue hemorrágico y del hospital me mandaron a conseguir 4 litros de sangre. Después de ir a varios sitios, conseguí la sangre una clínica y allí me dijeron que no estaba analizada. Me la llevé con el 💔 . Imagínate tu. GAD no hubo necesidad de transfundirle.","@rafaelenriqueangarita a mi menor hijo, cuando tenía como11 años, le dio dengue hemorrágico y del hospital me mandaron a conseguir 4 litros de sangre. Después de ir a varios sitios, conseguí la sangre una clínica y allí me dijeron que no estaba analizada. Me la llevé con el . Imagínate tu. GAD no hubo necesidad de transfundirle.",💔,2026-01-20,0,0
instagram,❤️,,❤️,2023-06-13,1,0
instagram,"Cuánto se te extraña Jes! 🥹😍 Que hermoso video, por un momento creí que estaba acá con nosotros...Gracias por este video 🙌🏻","Cuánto se te extraña Jes! Que hermoso video, por un momento creí que estaba acá con nosotros...Gracias por este video",🥹😍 🙌🏻,2023-06-13,2,0
instagram,😢😢😢😢😢,,😢😢😢😢😢,2023-06-12,0,0
instagram,Siempre recordarla con esa bella sonrisa 😍😍😍😍😍😍😍y con esa fuerza infinita,Siempre recordarla con esa bella sonrisa y con esa fuerza infinita,😍😍😍😍😍😍😍,2023-06-12,1,0
instagram,Gracias por recordarla de esta manera en una forma de que viva de otra forma ❤️.,Gracias por recordarla de esta manera en una forma de que viva de otra forma .,❤️,2023-06-12,1,0
instagram,Que hermoso Marce! Gracias por este video de verdad♥️,Que hermoso Marce! Gracias por este video de verdad,♥️,2023-06-12,5,2
instagram,❤️,,❤️,2023-06-08,1,0
instagram,😢 cuanto lucho y cuanto enseñó ..,cuanto lucho y cuanto enseñó ..,😢,2023-06-08,1,0
instagram,"Gracias gracias gracias.Por está hermosa manera de recordarla, alegré,amorosa y con esa sonrisa inolvidable.","Gracias gracias gracias.Por está hermosa manera de recordarla, alegré,amorosa y con esa sonrisa inolvidable.",,2023-05-23,1,0
instagram,Ay qué hermoso video! Jes ❤️,Ay qué hermoso video! Jes,❤️,2023-05-22,3,0
instagram,❤️❤️❤️❤️❤️,,❤️❤️❤️❤️❤️,2023-05-22,1,0
instagram,No lo puedo creer todavía 🥲❤️,No lo puedo creer todavía,🥲❤️,2023-05-21,1,0
instagram,Imposible no llorar😢😢😢 Gracias @marcelocasoy por haberle cumplido su sueño de volar y darle tantos momentos felices🙌,Imposible no llorar Gracias @marcelocasoy por haberle cumplido su sueño de volar y darle tantos momentos felices,😢😢😢 🙌,2023-05-15,1,0
instagram,Cuantas ganas de vivir.. que vuele muy alto 🙌💔🤍,Cuantas ganas de vivir.. que vuele muy alto,🙌💔🤍,2023-05-06,2,0
instagram,@fgenrique gracias por donar ❤️🙌,@fgenrique gracias por donar,❤️🙌,2026-01-19,0,0
instagram,"@celulau.bio fíjate si soy friki, que mucha gente dice que dona la primera vez por el bocata y el refresco que te dan después, yo lo hice porque quería saber si era donante universal (me hacía ilusión, no sé), pero no, soy 0+ 😂","@celulau.bio fíjate si soy friki, que mucha gente dice que dona la primera vez por el bocata y el refresco que te dan después, yo lo hice porque quería saber si era donante universal (me hacía ilusión, no sé), pero no, soy 0+",😂,2026-01-19,1,0
instagram,@fgenrique cassssiii🙌,@fgenrique cassssiii,🙌,2026-01-19,1,0
instagram,@celulau.bio eso mismo pensé cuando recibí el carné de donante 😂,@celulau.bio eso mismo pensé cuando recibí el carné de donante,😂,2026-01-19,1,0
instagram,@belencayetanocostas 🙌🙌,@belencayetanocostas,🙌🙌,2026-01-19,0,0
instagram,@jesus.velayos muchísimas gracias ❤️,@jesus.velayos muchísimas gracias,❤️,2026-01-19,0,0
instagram,😂😂😂😂😂😂😂,,😂😂😂😂😂😂😂,2025-04-07,1,0
instagram,❤️🙌👏🔥😂😂,,❤️🙌👏🔥😂😂,2025-04-07,2,0
instagram,Cuantas veces al año es recomendable donar?,Cuantas veces al año es recomendable donar?,,2025-04-07,1,0
instagram,😂😂😂😂😂 mery weyy😂😂,mery weyy,😂😂😂😂😂 😂😂,2025-04-07,1,0
instagram,"Solo olvidan un pequeñísimo detalle, y es que debes tener un peso mínimo para poder donar sangre, de lo contrario olvídense de ser héroes y salvar esas 3 vidas 😬","Solo olvidan un pequeñísimo detalle, y es que debes tener un peso mínimo para poder donar sangre, de lo contrario olvídense de ser héroes y salvar esas 3 vidas",😬,2025-04-07,1,1
instagram,Ya Done una ves 👍,Ya Done una ves,👍,2025-04-07,1,0
instagram,❤️,,❤️,2025-04-07,1,0
instagram,Qué a mí me está llevando la mismita chingada me la dieron contaminada y tengo cirrocis en el hígado y hepatitis autoinmune hay ando echándole ganas cuídense cuando alguien esté embarazada y te donan ve qué la sangre no esté contaminada porqué se la pasarán a su bebé como me contagiaron a mí ni modo Pinchi chaquetin 👏,Qué a mí me está llevando la mismita chingada me la dieron contaminada y tengo cirrocis en el hígado y hepatitis autoinmune hay ando echándole ganas cuídense cuando alguien esté embarazada y te donan ve qué la sangre no esté contaminada porqué se la pasarán a su bebé como me contagiaron a mí ni modo Pinchi chaquetin,👏,2025-04-07,2,0
instagram,Te la meten… la inyección  mal pensado  Te la sacan…. La sangre ching&@da madre,Te la meten… la inyección mal pensado Te la sacan…. La sangre ching&@da madre,,2025-04-07,0,0
instagram,"🙌👏Donemos por favor es bien triste estar en el banco de sangre y de 10,sólo 2 están aptos😢y la gente muriendo 🙏","Donemos por favor es bien triste estar en el banco de sangre y de 10,sólo 2 están aptos y la gente muriendo",🙌👏 😢 🙏,2025-04-07,0,0
instagram,Bien vídeo informativo chaquetin 👏👏👏.,Bien vídeo informativo chaquetin .,👏👏👏,2025-04-06,2,0
instagram,"Gracias x la información,... Y con el humor que pones m ase el día el vídeo pero a decir vdd entre broma hay mucha vdd en lo q explicas y como lo explicas me encanta...🥰👍👏","Gracias x la información,... Y con el humor que pones m ase el día el vídeo pero a decir vdd entre broma hay mucha vdd en lo q explicas y como lo explicas me encanta...",🥰👍👏,2025-04-06,6,0
instagram,Soy 0 negativo. Pero padezco presión baja y siempre me desmayo🫠,Soy 0 negativo. Pero padezco presión baja y siempre me desmayo,🫠,2025-04-06,2,1
instagram,❤️,,❤️,2025-04-06,1,0
instagram,@victorguillermochiavia sii🙌,@victorguillermochiavia sii,🙌,2026-01-19,1,0
instagram,"@nstr unos cuantos😂, sí, unos 5❤️","@nstr unos cuantos , sí, unos 5",😂 ❤️,2026-01-19,2,0
instagram,❤️❤️🙌🫂🫂🙏🙏,,❤️❤️🙌🫂🫂🙏🙏,2025-12-03,2,0
instagram,🫂❤️,,🫂❤️,2025-12-03,3,0
instagram,Muy bueno que se concientice de la donación de médula soy donante habitual de sangre desde los 19 años leí de la donación de médula hace 4 años y ya era tarde por qué tenía más de 40 sigo donando sangre más de 3 veces por año  y falta conciencia para que seamos más los donantes siempre. Fuerza para Segu y para los padres,Muy bueno que se concientice de la donación de médula soy donante habitual de sangre desde los 19 años leí de la donación de médula hace 4 años y ya era tarde por qué tenía más de 40 sigo donando sangre más de 3 veces por año y falta conciencia para que seamos más los donantes siempre. Fuerza para Segu y para los padres,,2025-12-03,4,0
instagram,@jesikvillaverde  que centros se encuentran autorizados para realizar las extracciones?,@jesikvillaverde que centros se encuentran autorizados para realizar las extracciones?,,2025-12-03,2,1
instagram,"Jesi/Pablin,,,,,#QUERERLOSSSSS.  Son todo lo que esta bien como padres😍😍😍😍😍😍","Jesi/Pablin,,,,,#QUERERLOSSSSS. Son todo lo que esta bien como padres",😍😍😍😍😍😍,2025-12-03,3,0
instagram,"Si tuve hepatitis de chica, puedo donar?","Si tuve hepatitis de chica, puedo donar?",,2025-12-03,3,2
instagram,Para ser donante y poder ayudar a tu niño y a muchos niños,Para ser donante y poder ayudar a tu niño y a muchos niños,,2025-12-04,2,0
instagram,Compartimos,Compartimos,,2025-12-03,2,0
instagram,AMARLO A MI SEGU❤️❤️❤️❤️❤️❤️,AMARLO A MI SEGU,❤️❤️❤️❤️❤️❤️,2025-12-03,3,1
instagram,Información,Información,,2025-12-04,2,1
instagram,Vamos Según 💪🫶!! Donar salva vidas ❤️!!,Vamos Según !! Donar salva vidas !!,💪🫶 ❤️,2025-12-03,3,0
instagram,Donarmedulasalvavidas,Donarmedulasalvavidas,,2025-12-03,3,0
instagram,A dónde hay que ir  para donar?,A dónde hay que ir para donar?,,2025-12-03,4,0
instagram,"Amigo, estás en Paraná? Estoy para lo que necesiten","Amigo, estás en Paraná? Estoy para lo que necesiten",,2025-12-03,3,0
instagram,🙌🙌,,🙌🙌,2025-12-03,2,0
instagram,@chinodechanzi creo que se puede desde la flechita,@chinodechanzi creo que se puede desde la flechita,,2025-12-03,2,0
instagram,@chinodechanzi desde este perfil lo podrán compartir muchas gracias ☺️,@chinodechanzi desde este perfil lo podrán compartir muchas gracias,☺️,2025-12-03,4,0
instagram,"@leonards_cord es ciertooo, los medicamentos hemoderivados 🙌","@leonards_cord es ciertooo, los medicamentos hemoderivados",🙌,2026-01-21,0,0
instagram,@torrientespeck y como se quemo? Porque aun no han dado noticias de como fue el accidente,@torrientespeck y como se quemo? Porque aun no han dado noticias de como fue el accidente,,2026-02-03,0,0
instagram,@torrientespeck que comentario más fuera de lugar,@torrientespeck que comentario más fuera de lugar,,2026-02-05,1,0
instagram,@lidiceguzmanhechavarria porque es la verdad y no está fuera de lugar para nada,@lidiceguzmanhechavarria porque es la verdad y no está fuera de lugar para nada,,2026-02-05,0,0
instagram,@ju_mabau75 ya hay un vídeo más abajo sobre esto❤️,@ju_mabau75 ya hay un vídeo más abajo sobre esto,❤️,2026-01-19,1,0
instagram,@ramiromg71 😂😂,@ramiromg71,😂😂,2026-01-19,0,0
instagram,"Entre 4 a 6 litros de sangre de acuerdo a peso, altura, edad y sexo. El hombre tiene más que la mujer. Drácula acaba de entrar a la sala.","Entre 4 a 6 litros de sangre de acuerdo a peso, altura, edad y sexo. El hombre tiene más que la mujer. Drácula acaba de entrar a la sala.",,2026-01-18,1,0
instagram,@amgelo30 ánimo y en tu caso piensa en ti❤️,@amgelo30 ánimo y en tu caso piensa en ti,❤️,2026-01-19,1,0
instagram,@amgelo30 muchos datos manejas 🥴🤭😝,@amgelo30 muchos datos manejas,🥴🤭😝,2026-01-19,1,0
instagram,@ericson_287 está bien🙌❤️,@ericson_287 está bien,🙌❤️,2026-01-24,2,0
instagram,Mucha tristeza. Hablamos tanto. Sólo llanto. Gracias por esto que hiciste @marcelocasoy,Mucha tristeza. Hablamos tanto. Sólo llanto. Gracias por esto que hiciste @marcelocasoy,,2023-05-06,1,0
instagram,Jes querida❤️,Jes querida,❤️,2023-05-01,1,0
instagram,"Que fuerte, llorar y conectar con una persona atraves de las redes! Hasta siempre jes, cómo te dije una vez la única batalla que se pierde es la que no se lucha y vos luchaste hasta el final ❤️ sos luminosa💫","Que fuerte, llorar y conectar con una persona atraves de las redes! Hasta siempre jes, cómo te dije una vez la única batalla que se pierde es la que no se lucha y vos luchaste hasta el final sos luminosa",❤️ 💫,2023-04-25,3,0
instagram,"Hacia tiempo que Jess no publicaba, me llamó la atención... la busqué y ya estaba volando alto... abrazo grande...✨️","Hacia tiempo que Jess no publicaba, me llamó la atención... la busqué y ya estaba volando alto... abrazo grande...",✨️,2023-04-24,4,0
instagram,"Acabo de ver éste hermoso video de Jess...no paro de llorar, cuánto para aprender de ella ..gracias por compartir algo más de ella, de su escencia...se la extraña...vola alto jess🙌","Acabo de ver éste hermoso video de Jess...no paro de llorar, cuánto para aprender de ella ..gracias por compartir algo más de ella, de su escencia...se la extraña...vola alto jess",🙌,2023-04-21,4,0
instagram,@marcelocasoy Te mande un mensajito 🙏🏽,@marcelocasoy Te mande un mensajito,🙏🏽,2023-04-20,1,0
instagram,Hasta siempre Jess que día tan especial hace 17 años mi mamá partía 4/4 que fecha por diosss .,Hasta siempre Jess que día tan especial hace 17 años mi mamá partía 4/4 que fecha por diosss .,,2023-04-20,1,0
instagram,Imposible no emocionarse.hermoso homenaje!❤️,Imposible no emocionarse.hermoso homenaje!,❤️,2023-04-19,1,0
instagram,Hermoso video Marce 🌹🦋,Hermoso video Marce,🌹🦋,2023-04-17,1,0
instagram,"Gracias por este video!!!! Imposible no llorar!!! Que persona mágica, auténtica!!!Recordarla con esa alegría es horrar su ejemplo de lucha y amor por la vida!!! Hola alto Jess!!!","Gracias por este video!!!! Imposible no llorar!!! Que persona mágica, auténtica!!!Recordarla con esa alegría es horrar su ejemplo de lucha y amor por la vida!!! Hola alto Jess!!!",,2023-04-14,1,0
instagram,😢,,😢,2023-04-13,1,0
instagram,Imposible no llorar. Me acabo de enterar y me parte el corazón. Tan hermosa Jes y esa hermosa energía q transmitias siempre!! Dejas tantas enseñanzas a q nunca hay q perder la fe. Tantas ganas de vivir a tenías.. Te voy a extrañar Jes!! Buen viaje Jes❤️🙏,Imposible no llorar. Me acabo de enterar y me parte el corazón. Tan hermosa Jes y esa hermosa energía q transmitias siempre!! Dejas tantas enseñanzas a q nunca hay q perder la fe. Tantas ganas de vivir a tenías.. Te voy a extrañar Jes!! Buen viaje Jes,❤️🙏,2023-04-12,1,0
instagram,Abrazo al cielo jes 🙌❤️,Abrazo al cielo jes,🙌❤️,2023-04-11,1,0
instagram,Gracias gracias gracias por honrarla asi!!,Gracias gracias gracias por honrarla asi!!,,2023-04-11,1,0
instagram,😢🙌❤️hermoso video no paro de llorar...simon 🐶 bonito....x siempre en mi corazon la super woman jes 💜🙏,hermoso video no paro de llorar...simon bonito....x siempre en mi corazon la super woman jes,😢🙌❤️ 🐶 💜🙏,2023-04-10,1,0
instagram,@hugoportrait Esas 3 pinches vidas!😅,@hugoportrait Esas 3 pinches vidas!,😅,2025-04-07,1,0
instagram,@ulises_jota 😝😝,@ulises_jota,😝😝,2026-01-19,1,0
instagram,@left_dani 😏😏❤️,@left_dani,😏😏❤️,2026-01-19,0,0
instagram,@yaumiruiz en eso estaba yo se parecen cantidadddddddddd,@yaumiruiz en eso estaba yo se parecen cantidadddddddddd,,2026-02-03,0,0
instagram,@14_1987_carlos 😂😂 eso también repone fuerza🙌,@14_1987_carlos eso también repone fuerza,😂😂 🙌,2026-01-25,3,0
instagram,@eldesvandemika con mucho gusto❤️,@eldesvandemika con mucho gusto,❤️,2026-01-26,1,0
instagram,@iracema6087 eso mismo pensé yo ese hospital 😢,@iracema6087 eso mismo pensé yo ese hospital,😢,2026-02-03,3,0
instagram,"@iracema6087 lo ke vaya a pasar le va a pasar en cualquier otro ,mente positiva","@iracema6087 lo ke vaya a pasar le va a pasar en cualquier otro ,mente positiva",,2026-02-03,4,0
instagram,"@keilancorzo razón que convence ,pero hablo en base a mi experiencia , de igual manera Dios está con ella 🙏🏽","@keilancorzo razón que convence ,pero hablo en base a mi experiencia , de igual manera Dios está con ella",🙏🏽,2026-02-03,3,0
instagram,@iracema6087 lo mismo pensé,@iracema6087 lo mismo pensé,,2026-02-03,1,0
instagram,@iracema6087 ese hospital ha salvado la vida de muchas personas quemadas. Cuenta con un equipo de profesionales maravillosos.,@iracema6087 ese hospital ha salvado la vida de muchas personas quemadas. Cuenta con un equipo de profesionales maravillosos.,,2026-02-04,2,0
instagram,🙏🙏,,🙏🙏,2026-02-04,1,0
instagram,@j_angelpl sii🙌,@j_angelpl sii,🙌,2026-01-19,0,0
instagram,@anisbelborregoserrano7 pero cuando vas a donar en este caso es específicamente a ella..esas donaciones son para ella..sin consentimiento no se les puede dar a otro paciente,@anisbelborregoserrano7 pero cuando vas a donar en este caso es específicamente a ella..esas donaciones son para ella..sin consentimiento no se les puede dar a otro paciente,,2026-02-05,0,0
instagram,@javier_hi.fer 🙌,@javier_hi.fer,🙌,2026-01-19,0,0
instagram,@kishimotocinthia 😢,@kishimotocinthia,😢,2025-04-07,0,0
instagram,@silvia.nextel de casualidad en un local se todo  moda y me invito a un lugar que ella entreneva 😢😢😍,@silvia.nextel de casualidad en un local se todo moda y me invito a un lugar que ella entreneva,😢😢😍,2024-04-04,0,0
instagram,@r_u_talking_to_me_ 🙌😂,@r_u_talking_to_me_,🙌😂,2026-01-19,0,0
instagram,Yo e donado plaquetas es lo mismo en que cambia ?,Yo e donado plaquetas es lo mismo en que cambia ?,,2025-04-06,1,0
instagram,❤️👏👏👏,,❤️👏👏👏,2025-04-06,1,0
instagram,Yo. Di. Mi. Sangre mucho. Timpo. Ya. No. Puedo. Por. Edad,Yo. Di. Mi. Sangre mucho. Timpo. Ya. No. Puedo. Por. Edad,,2025-04-06,0,0
instagram,😂👏,,😂👏,2025-04-06,1,0
instagram,👍👏🏼👏🏼👏🏼😁,,👍👏🏼👏🏼👏🏼😁,2025-04-06,1,0
instagram,"Yo solo he donado plaquetas , sangre nunca he donado .","Yo solo he donado plaquetas , sangre nunca he donado .",,2025-04-06,4,1
instagram,Lástima que yo no puedo donar sangre .. siempre he querido hacerlo pero de niña me dio hepatitis y ya no puedo 😢,Lástima que yo no puedo donar sangre .. siempre he querido hacerlo pero de niña me dio hepatitis y ya no puedo,😢,2025-04-06,6,3
instagram,Y si me dan miedo las jeringas?,Y si me dan miedo las jeringas?,,2025-04-06,0,1
instagram,"👏👏👏Es la mejor manera de salvar vidas,muy buena información 😍😍😍😍😍😍","Es la mejor manera de salvar vidas,muy buena información",👏👏👏 😍😍😍😍😍😍,2025-04-06,0,0
instagram,👏👏,,👏👏,2025-04-06,2,0
instagram,"🤣🤣🤣🤣no te volverás vampiro ,chaquetinnères neta","no te volverás vampiro ,chaquetinnères neta",🤣🤣🤣🤣,2025-04-06,2,0
instagram,@frangongo la sidra que no falte 😝❤️,@frangongo la sidra que no falte,😝❤️,2026-01-19,7,0
instagram,@frangongo 😂😂😂😂😂,@frangongo,😂😂😂😂😂,2026-01-25,0,0
instagram,@celulau.bio Laura una duda y pregunto en serio..que es esa casita? En el aire? Vive alguien ahí? O es un especie de mirador?,@celulau.bio Laura una duda y pregunto en serio..que es esa casita? En el aire? Vive alguien ahí? O es un especie de mirador?,,2026-01-25,1,0
instagram,"@adrianestebanlucas es un hórreo, típicos de Asturias🙌","@adrianestebanlucas es un hórreo, típicos de Asturias",🙌,2026-01-25,1,0
instagram,@celulau.bio ok pero que seria? Acá en argentina no existe eso.. jajaja 😅 vive alguien o está desabitada,@celulau.bio ok pero que seria? Acá en argentina no existe eso.. jajaja vive alguien o está desabitada,😅,2026-01-25,0,0
instagram,@celulau.bio ahí Googlie jajaja servían para almacenar maíz y esas cositas y prevenir se las coman los roedores... Creo es eso,@celulau.bio ahí Googlie jajaja servían para almacenar maíz y esas cositas y prevenir se las coman los roedores... Creo es eso,,2026-01-25,0,0
instagram,Gracias 😊 x la respuesta 🤠 🤠🤠🤠 mañana te sigo molestando ☺️,Gracias x la respuesta mañana te sigo molestando,😊 🤠 🤠🤠🤠 ☺️,2026-01-25,1,0
instagram,@celulau.bio no seas borracha 🤪 Laura 😝,@celulau.bio no seas borracha Laura,🤪 😝,2026-01-28,0,0
instagram,Una persona que solo tiene un riñon puede donar sangre sin que sea perjudicial para ella? Tiene un solo riñon de nacimiento.,Una persona que solo tiene un riñon puede donar sangre sin que sea perjudicial para ella? Tiene un solo riñon de nacimiento.,,2026-01-19,0,1
instagram,"Este vídeo es otro GRAN ACIERTO. La importancia de conocer estos datos es básico para generar más solidaridad (Ahora conozco los tiempos de duración de lo que dono - procuraré mantener más constancia, dado que es donar oportunidades de vida).","Este vídeo es otro GRAN ACIERTO. La importancia de conocer estos datos es básico para generar más solidaridad (Ahora conozco los tiempos de duración de lo que dono - procuraré mantener más constancia, dado que es donar oportunidades de vida).",,2026-01-19,3,1
instagram,Soy donante de sangre y de plaquetas. Las plaquetas es más complejo. 1 1/2 conectado a una maquina que separa plaquetas del resto del tejido sanguíneo el cual te do devuelve. Es una maquina parecida a la de diálisis. Dicen que es un acto altruista…,Soy donante de sangre y de plaquetas. Las plaquetas es más complejo. 1 1/2 conectado a una maquina que separa plaquetas del resto del tejido sanguíneo el cual te do devuelve. Es una maquina parecida a la de diálisis. Dicen que es un acto altruista…,,2026-01-19,1,1
instagram,Viva España tia 😄,Viva España tia,😄,2026-01-18,2,3
instagram,Un adulto tiene unos 5 litros de sangre 😅,Un adulto tiene unos 5 litros de sangre,😅,2026-01-19,1,1
instagram,"Me@gusta donar en Suiza, te dan una chocolatina al entrar, después de firmarle un cuestionario que es como una hipoteca de grande, y al terminar te invitan a comer allí, y te regalan una botella de vino , se puede pedir más…?","Me@gusta donar en Suiza, te dan una chocolatina al entrar, después de firmarle un cuestionario que es como una hipoteca de grande, y al terminar te invitan a comer allí, y te regalan una botella de vino , se puede pedir más…?",,2026-01-18,2,2
instagram,"Es mejor donar en el centro de salud verdad, en las unidades moviles cruzroja vende nuestra sangre de gratis, a cambio de una cocacola eso sí","Es mejor donar en el centro de salud verdad, en las unidades moviles cruzroja vende nuestra sangre de gratis, a cambio de una cocacola eso sí",,2026-01-19,0,2
instagram,"Depende del sexo,edad,peso,altura,me imagino....de 4 a 6?","Depende del sexo,edad,peso,altura,me imagino....de 4 a 6?",,2026-01-19,1,1
instagram,"Aproximadamente 5 litros, aproximadamente 5 billones de glóbulos rojos pero solo 1  celu lau","Aproximadamente 5 litros, aproximadamente 5 billones de glóbulos rojos pero solo 1 celu lau",,2026-01-19,1,1
instagram,"Yo no dono, que estoy tan podrido que me devuelven la sangre.😂","Yo no dono, que estoy tan podrido que me devuelven la sangre.",😂,2026-01-20,0,2
instagram,🏥〰️💉🤩🩸〰️,,🏥〰️💉🤩🩸〰️,2026-01-19,1,1
instagram,💉🤩🩸,,💉🤩🩸,2026-01-19,1,1
instagram,Muchas gracias por compartir 😊🤗💚,Muchas gracias por compartir,😊🤗💚,2026-01-18,1,1
instagram,"Mi padre le extraen para que le baje el hierro tambien que tiene hemocromatosis. Y asi por lo visto se ""depura.."" el cuerpo","Mi padre le extraen para que le baje el hierro tambien que tiene hemocromatosis. Y asi por lo visto se ""depura.."" el cuerpo",,2026-01-18,1,1
instagram,🩸❤️👏🏻👏🏻🙌🏻 gracias por tan buena explicación Laura!,gracias por tan buena explicación Laura!,🩸❤️👏🏻👏🏻🙌🏻,2026-01-18,1,1
instagram,"@florchu.lemus a vos Flor, por organizar una despedida para Jess y que todos podamos despedirnos de alguna forma. ♥️🙏🏻🙌😘","@florchu.lemus a vos Flor, por organizar una despedida para Jess y que todos podamos despedirnos de alguna forma.",♥️🙏🏻🙌😘,2023-06-12,1,0
instagram,@marcelocasoy 🙏🏼♥️,@marcelocasoy,🙏🏼♥️,2023-06-12,0,0
instagram,@turco_bustos sobre 5l en promedio❤️,@turco_bustos sobre 5l en promedio,❤️,2026-01-19,1,0
instagram,@ha____ssaan muchas gracias!! es un hórreo❤️,@ha____ssaan muchas gracias!! es un hórreo,❤️,2026-01-19,1,0
instagram,La verdad no lo sé deberías hablar con quien te tome la muestra,La verdad no lo sé deberías hablar con quien te tome la muestra,,2025-12-03,2,0
instagram,si fue antes de los 10 años si,si fue antes de los 10 años si,,2025-12-04,0,0
instagram,Desaparecido te extrañamos,Desaparecido te extrañamos,,2025-12-03,2,0
instagram,Fe chicos fe! TODO VA A ESTAR BIEN! abrazo Juampi!,Fe chicos fe! TODO VA A ESTAR BIEN! abrazo Juampi!,,2025-12-03,2,0
instagram,Compartir para concientizar por favor 🙏🏻,Compartir para concientizar por favor,🙏🏻,2025-12-03,2,0
instagram,Donar salva vidas!!!! Tomemos conciencia y actuemos!!!,Donar salva vidas!!!! Tomemos conciencia y actuemos!!!,,2025-12-03,3,0
instagram,🙌🏽,,🙌🏽,2025-12-03,3,0
instagram,Fuerzas familia ! Ustedes pueden con todo ❤️,Fuerzas familia ! Ustedes pueden con todo,❤️,2025-12-03,5,0
instagram,Que fuertes que son por Dios!Los abrazo con el alma!❤️,Que fuertes que son por Dios!Los abrazo con el alma!,❤️,2025-12-03,2,0
instagram,A donar 🫶 abrazo fuerte! Jesi no me deja compartir !,A donar abrazo fuerte! Jesi no me deja compartir !,🫶,2025-12-03,2,0
instagram,Vamos familia ❤️ Donar salva vidas ❤️,Vamos familia Donar salva vidas,❤️ ❤️,2025-12-03,4,0
instagram,A donar ❤️ compartido . Vamos familia 🙌,A donar compartido . Vamos familia,❤️ 🙌,2025-12-03,4,0
instagram,Donar salva vidas. Los donantes solo se encuentran en el banco de los que se registraron. No duele es facil y seguro!. 🙌❤️❤️❤️.fuerzas Segu!!,Donar salva vidas. Los donantes solo se encuentran en el banco de los que se registraron. No duele es facil y seguro!. .fuerzas Segu!!,🙌❤️❤️❤️,2025-12-03,4,0
instagram,A donar ❤️🙌,A donar,❤️🙌,2025-12-03,3,0
instagram,👏👏,,👏👏,2025-12-03,2,0
instagram,Los abrazo fuerte familia!,Los abrazo fuerte familia!,,2025-12-03,2,0
instagram,@deborabonnot en Parana San Roque y todos aquellos que tengan Banco de sangre 🩸,@deborabonnot en Parana San Roque y todos aquellos que tengan Banco de sangre,🩸,2025-12-03,2,0
instagram,Bellísimo homenaje y gracias por haberla hecho feliz ❤️,Bellísimo homenaje y gracias por haberla hecho feliz,❤️,2023-04-10,1,0
instagram,Gracias por compartirlo pues el 30 de marzo pasó por mis sueños  y desde ahí me preguntaba por ella. Gracias por ese video eso es ella luz y esa luz fue a brillar muuucho más lejos. 💕💕💕,Gracias por compartirlo pues el 30 de marzo pasó por mis sueños y desde ahí me preguntaba por ella. Gracias por ese video eso es ella luz y esa luz fue a brillar muuucho más lejos.,💕💕💕,2023-04-10,1,0
instagram,❤️,,❤️,2023-04-10,1,0
instagram,❤️❤️❤️❤️,,❤️❤️❤️❤️,2023-04-10,1,0
instagram,"Cada vez que tenga un mal día, volveré por acá para recordar lo maravillosa que puede ser la vida hasta en las peores circunstancias. Gracias por todas tus enseñanzas, querida Jes! 💫","Cada vez que tenga un mal día, volveré por acá para recordar lo maravillosa que puede ser la vida hasta en las peores circunstancias. Gracias por todas tus enseñanzas, querida Jes!",💫,2023-04-09,4,0
instagram,Hasta pronto mi hermosa yes 😢😢😢hermoso recuerdo cuánta magia la misma que dabas a todos mi cielo que en paz descanses te vamos a extrañar un montón 😞😞,Hasta pronto mi hermosa yes hermoso recuerdo cuánta magia la misma que dabas a todos mi cielo que en paz descanses te vamos a extrañar un montón,😢😢😢 😞😞,2023-04-09,1,0
instagram,Lo siento  mucho,Lo siento mucho,,2023-04-09,1,0
instagram,😢😢❤️❤️,,😢😢❤️❤️,2023-04-09,1,0
instagram,🙌❤️,,🙌❤️,2023-04-08,1,0
instagram,"Hermoso homenaje de un amigo increíble! Hasta las lagrimas y más!! Me estremeció el corazón! Grandiosa, enorme, inabarcable mi súper Jes!!! Gracias por recordar lo importante en la vida que no es ganar ni perder sino VIVIR!!!!!! Gracias gracias gracias!!!!!❤️❤️❤️❤️","Hermoso homenaje de un amigo increíble! Hasta las lagrimas y más!! Me estremeció el corazón! Grandiosa, enorme, inabarcable mi súper Jes!!! Gracias por recordar lo importante en la vida que no es ganar ni perder sino VIVIR!!!!!! Gracias gracias gracias!!!!!",❤️❤️❤️❤️,2023-04-08,2,0
instagram,"Gracias por compartir los sabios consejos que te dio Jes , gracias por hacer este video tan bello y lleno de amor, gracias , gracias, gracias!!!!❤️❤️❤️","Gracias por compartir los sabios consejos que te dio Jes , gracias por hacer este video tan bello y lleno de amor, gracias , gracias, gracias!!!!",❤️❤️❤️,2023-04-08,1,0
instagram,❤️❤️❤️,,❤️❤️❤️,2023-04-08,1,0
instagram,Se la extraña mucho!! Hermoso video!! Imposible verlo sin llorar!! ❤️❤️ Hermosa Jess!!,Se la extraña mucho!! Hermoso video!! Imposible verlo sin llorar!! Hermosa Jess!!,❤️❤️,2023-04-08,1,0
instagram,Exelente!🌷,Exelente!,🌷,2023-04-08,1,0
instagram,Es uno de los vídeos más hermosos que he visto de Jes. Ese mensaje final es la mayor y mejor de las realidades. Vivir o morir no es ganar la batalla. Vivirlo como ella lo hacía sí. Te adoro Jes de mi corazón ❤️,Es uno de los vídeos más hermosos que he visto de Jes. Ese mensaje final es la mayor y mejor de las realidades. Vivir o morir no es ganar la batalla. Vivirlo como ella lo hacía sí. Te adoro Jes de mi corazón,❤️,2023-04-08,6,0
instagram,@rodelogaspar plaquetas esas como las donas  disculpa mi ignorancia,@rodelogaspar plaquetas esas como las donas disculpa mi ignorancia,,2025-04-08,0,0
instagram,@padrino400w ??? se dona en cualquier parte!!,@padrino400w ??? se dona en cualquier parte!!,,2026-01-19,0,0
instagram,"@celulau.bio creo que cobran por la logística, pero la sangre va al mismo sistema sanitario, aunque sea una organización privada, porque cruz roja es un intermediario, en el hospital puedes quedar a una hora concreta para donar y no deberías esperar tanta cola, y tienes que firmar un papelín que estás libre de enfermedades, no viajaste a inglaterra cuando las vacas locas y no consumes drogas en x tiempo, no todo el mundo puede donar, hay un período de abstinencia y un contrato de responsabilidad, tienes que ir con tu Dni, no es anónimo","@celulau.bio creo que cobran por la logística, pero la sangre va al mismo sistema sanitario, aunque sea una organización privada, porque cruz roja es un intermediario, en el hospital puedes quedar a una hora concreta para donar y no deberías esperar tanta cola, y tienes que firmar un papelín que estás libre de enfermedades, no viajaste a inglaterra cuando las vacas locas y no consumes drogas en x tiempo, no todo el mundo puede donar, hay un período de abstinencia y un contrato de responsabilidad, tienes que ir con tu Dni, no es anónimo",,2026-01-20,0,0
instagram,@jose_malvar vaya nivel😮,@jose_malvar vaya nivel,😮,2026-01-19,0,0
instagram,@celulau.bio yo les dije si podía volver al día siguiente 😂😂😂,@celulau.bio yo les dije si podía volver al día siguiente,😂😂😂,2026-01-19,1,0
instagram,@drowyei siii❤️,@drowyei siii,❤️,2026-01-19,0,0
instagram,@podaenalturaleon me alegra que te hayas decidido por mi video ❤️,@podaenalturaleon me alegra que te hayas decidido por mi video,❤️,2026-01-19,0,0
instagram,@josepepino62 muchas gracias a ti❤️,@josepepino62 muchas gracias a ti,❤️,2026-01-19,1,0
instagram,@shur_morenito_19 ???,@shur_morenito_19 ???,,2026-01-21,0,0
instagram,@celulau.bio Tengo fatiga crónica y no saben de qué...,@celulau.bio Tengo fatiga crónica y no saben de qué...,,2026-01-21,0,0
instagram,@lucianagaitan2024 respondido 👏,@lucianagaitan2024 respondido,👏,2025-12-04,0,0
instagram,@eneko.81 sii❤️,@eneko.81 sii,❤️,2026-01-19,0,0
instagram,@ruddy1801 ❤️🙌,@ruddy1801,❤️🙌,2026-01-19,0,0
instagram,@ruddy1801 🙌🙌,@ruddy1801,🙌🙌,2026-01-19,0,0
instagram,@de.ivid3830 tendrá mayor mérito tu donación 🙌,@de.ivid3830 tendrá mayor mérito tu donación,🙌,2025-04-06,1,0
instagram,@prico.pterpan73 muchas gracias a ti por interesarte❤️,@prico.pterpan73 muchas gracias a ti por interesarte,❤️,2026-01-19,1,0
instagram,Fuerza chicos a no bajar los brazos 🙌 ❤️,Fuerza chicos a no bajar los brazos,🙌 ❤️,2025-12-11,0,0
instagram,@ju_mabau75 más bien de 5 a 6❤️,@ju_mabau75 más bien de 5 a 6,❤️,2026-01-19,0,0
instagram,@numybenitez lo que te habia contado,@numybenitez lo que te habia contado,,2024-04-28,0,0
instagram,😂😂😂😂😂 amo cuando dice ansiedad 😂😂😂😂,amo cuando dice ansiedad,😂😂😂😂😂 😂😂😂😂,2024-04-28,0,0
instagram,😂😂😂😂😂😂😂😂😂,,😂😂😂😂😂😂😂😂😂,2024-04-27,0,0
instagram,❤️🙌🔥👏,,❤️🙌🔥👏,2024-04-27,0,0
instagram,@esterplana 💪🏻,@esterplana,💪🏻,2024-04-26,0,0
instagram,Eres un tío estupendo. Y además eres gracioso. Lo tienes todo!😍,Eres un tío estupendo. Y además eres gracioso. Lo tienes todo!,😍,2024-04-26,0,0
instagram,😂😂😂,,😂😂😂,2024-04-23,0,0
instagram,😂😂😂😂,,😂😂😂😂,2024-04-22,0,0
instagram,"Estaba esperando el ""ansiedad""😸😹","Estaba esperando el ""ansiedad""",😸😹,2024-04-22,0,0
instagram,Eres genial Nacho. Muchas gracias!!! yo soy donante de sangre ORH (-) con mucha voluntad para salvar vidas. Gracias enorme.,Eres genial Nacho. Muchas gracias!!! yo soy donante de sangre ORH (-) con mucha voluntad para salvar vidas. Gracias enorme.,,2024-04-21,0,0
instagram,"Yo soy donante de las de antes... De joven mentía con el peso para poder donar, aún sabiendo que saldría un poco mareada.... 😅","Yo soy donante de las de antes... De joven mentía con el peso para poder donar, aún sabiendo que saldría un poco mareada....",😅,2024-04-20,0,0
instagram,❤️❤️❤️❤️,,❤️❤️❤️❤️,2024-04-20,0,0
instagram,Amo el ansiedad!!!!🤣🤣🤣🤣🤣🤣,Amo el ansiedad!!!!,🤣🤣🤣🤣🤣🤣,2024-04-20,0,0
instagram,Son del 80. Y anualmente dono ( 2 veces ),Son del 80. Y anualmente dono ( 2 veces ),,2024-04-20,0,0
instagram,"@artesana_71 si es de nacimiento y no tiene patología, sí🙌","@artesana_71 si es de nacimiento y no tiene patología, sí",🙌,2026-01-19,0,0
instagram,@germanpigu73 lo es ❤️,@germanpigu73 lo es,❤️,2026-01-19,1,0
instagram,@adrianestebanlucas 🙌🙌🙌,@adrianestebanlucas,🙌🙌🙌,2026-01-19,1,0
instagram,@celulau.bio ya ya puras manitas... Te olvidastes de hablar  fea jajajaja,@celulau.bio ya ya puras manitas... Te olvidastes de hablar fea jajajaja,,2026-01-19,2,0
instagram,@celulau.bio ahora más preguntas sin respuestas.... De que color son los espejos? 🤔 Y por qué la ropa oscurece al lavarla si el agua es incolora?,@celulau.bio ahora más preguntas sin respuestas.... De que color son los espejos? Y por qué la ropa oscurece al lavarla si el agua es incolora?,🤔,2026-01-19,0,0
instagram,@___astronauta___ 😂😂,@___astronauta___,😂😂,2026-01-19,0,0
instagram,Imposible no llorar!! Vola algo Jes🙌Ganaste !! Porque nos dejaste el aprendizaje de valorar cada segundo! Tu sonrisa será eterna!! Gracias @marcelocasoy 🙌🙌🙌🙌,Imposible no llorar!! Vola algo Jes Ganaste !! Porque nos dejaste el aprendizaje de valorar cada segundo! Tu sonrisa será eterna!! Gracias @marcelocasoy,🙌 🙌🙌🙌🙌,2023-04-08,1,0
instagram,"La peleoa más no poder , , q triste lpm😢❤️‍🩹","La peleoa más no poder , , q triste lpm ‍",😢❤️ 🩹,2023-04-08,1,0
instagram,Lleno de amor este video! Gracias a ella y gracias a vos! 💗💗,Lleno de amor este video! Gracias a ella y gracias a vos!,💗💗,2023-04-08,1,0
instagram,😢,,😢,2023-04-08,1,0
instagram,Que cosa tan cierta !!!Jes me enseñó que el verdadero desafío es aprender a vivir bien e intentarlo todos los días!!!!,Que cosa tan cierta !!!Jes me enseñó que el verdadero desafío es aprender a vivir bien e intentarlo todos los días!!!!,,2023-04-08,1,0
instagram,👏,,👏,2023-04-08,1,0
instagram,❤️,,❤️,2023-04-08,1,0
instagram,Grande Marce! Gracias por este vid,Grande Marce! Gracias por este vid,,2023-04-07,2,0
instagram,"Gracias Marce! Hermoso. No tuve el honor de conocer personalmente a Jes, sin embargo y a través de tus videos siento que la acercaste a todos. Hermosa persona.","Gracias Marce! Hermoso. No tuve el honor de conocer personalmente a Jes, sin embargo y a través de tus videos siento que la acercaste a todos. Hermosa persona.",,2023-04-07,2,0
instagram,"Dejo tantas enseñanzas y tanta FE y tantas ganas de vivir por acá un poco más... me quedo con las charlas de wattsap a la madrugada, tirar las cartas para soñar un poco más. Agradezco haberla conocido ♡","Dejo tantas enseñanzas y tanta FE y tantas ganas de vivir por acá un poco más... me quedo con las charlas de wattsap a la madrugada, tirar las cartas para soñar un poco más. Agradezco haberla conocido",♡,2023-04-07,6,0
instagram,"Que hermoso..que obra la tuya @marcelocasoy ..Jes fue feliz, disfruto, lucho, dejo huella y vos le cumpliste un sueño...GRACIAS GRACIAS POR TU MAGIA❤️🙌","Que hermoso..que obra la tuya @marcelocasoy ..Jes fue feliz, disfruto, lucho, dejo huella y vos le cumpliste un sueño...GRACIAS GRACIAS POR TU MAGIA",❤️🙌,2023-04-07,1,0
instagram,"Hermoso video , es difícil no tener sus historias, pero si dejo mucho, una enseñanza, siempre mirar para adelante, siempre con una sonrisa, yo pensaba... es imposible!!! Contra toda adversidad ella estaba con una sonrisa. Un ser de luz!! Siempre estarás en mis pensamientos, ayudando a pensar que si se puede!! Beso al cielo jes","Hermoso video , es difícil no tener sus historias, pero si dejo mucho, una enseñanza, siempre mirar para adelante, siempre con una sonrisa, yo pensaba... es imposible!!! Contra toda adversidad ella estaba con una sonrisa. Un ser de luz!! Siempre estarás en mis pensamientos, ayudando a pensar que si se puede!! Beso al cielo jes",,2023-04-07,1,0
instagram,Imposible verlo con sonrisa … aunque ella nos ha enseñado eso. Gracias Marcelo por este homenaje ❤️. Vola Alto Jes !!! Se luz que siempre fuiste !!!,Imposible verlo con sonrisa … aunque ella nos ha enseñado eso. Gracias Marcelo por este homenaje . Vola Alto Jes !!! Se luz que siempre fuiste !!!,❤️,2023-04-07,1,0
instagram,😢😢,,😢😢,2023-04-07,1,0
instagram,"Increíble... hermoso video, cumpliste sus sueños, un amigo maravilloso, y ella una gran guerrera, vola alto mujeraravilla... se la extraña, se extrañan sus historias.","Increíble... hermoso video, cumpliste sus sueños, un amigo maravilloso, y ella una gran guerrera, vola alto mujeraravilla... se la extraña, se extrañan sus historias.",,2023-04-07,1,0
instagram,@sweetkitty1983 😢,@sweetkitty1983,😢,2025-04-07,1,0
instagram,@sweetkitty1983 me paso lo mismo 😢,@sweetkitty1983 me paso lo mismo,😢,2025-04-07,2,0
instagram,@elizabethdela613 yo también 😢,@elizabethdela613 yo también,😢,2025-04-10,0,0
instagram,Y médula ósea!!!,Y médula ósea!!!,,2024-04-19,0,0
instagram,"Yo, soy donante hace mucho tiempo y sinceramente no es agradable y me pongo muy nerviosa (me sube hasta la tensión) pero sabéis qué? Mis malos 5 minutos merecen la pena  ya que salvan muchas vidas , eso es lo importante . Donar es dar vida . Bien sea sangre,órganos . Donar siempre da vida","Yo, soy donante hace mucho tiempo y sinceramente no es agradable y me pongo muy nerviosa (me sube hasta la tensión) pero sabéis qué? Mis malos 5 minutos merecen la pena ya que salvan muchas vidas , eso es lo importante . Donar es dar vida . Bien sea sangre,órganos . Donar siempre da vida",,2024-04-19,0,0
instagram,😂😂,,😂😂,2024-04-19,0,0
instagram,"@alexluev Eres de alma vieja, amor mío ❤️","@alexluev Eres de alma vieja, amor mío",❤️,2024-04-19,0,0
instagram,😂😂😂😂😂Ansiedad,Ansiedad,😂😂😂😂😂,2024-04-18,0,0
instagram,Eres un crack! 🔥🔥🔥,Eres un crack!,🔥🔥🔥,2024-04-18,0,0
instagram,Genial como siempre no ma' !!!!!❤️❤️❤️,Genial como siempre no ma' !!!!!,❤️❤️❤️,2024-04-18,0,0
instagram,Y los nacidos entre los 80-90???? No existimos??,Y los nacidos entre los 80-90???? No existimos??,,2024-04-17,0,0
instagram,Eres un crack 👏👏👏,Eres un crack,👏👏👏,2024-04-17,0,0
instagram,👏👏👏👏👏👏👏👏👏👏👏👏👏,,👏👏👏👏👏👏👏👏👏👏👏👏👏,2024-04-17,0,0
instagram,Ansiedad!!! 🤣🤣. Buen mensaje!! Hay que donar sangre🩸🩸,Ansiedad!!! . Buen mensaje!! Hay que donar sangre,🤣🤣 🩸🩸,2024-04-17,0,0
instagram,Eres tremendo pero tu mensaje es importante 👏❤️,Eres tremendo pero tu mensaje es importante,👏❤️,2024-04-17,0,0
instagram,"Mi hijo es médico y el dona sangre,porque sabe perfectamente cuanto se necesita, así que  hay que donar","Mi hijo es médico y el dona sangre,porque sabe perfectamente cuanto se necesita, así que hay que donar",,2024-04-17,0,0
instagram,Si así se comporta los del 2010 no me imagino los del 2024,Si así se comporta los del 2010 no me imagino los del 2024,,2024-04-17,0,0
instagram,So cute ❤️,So cute,❤️,2024-04-17,0,0
instagram,Que groso que sos. Marce. A todo le pones Magia . Un abrazo para tu amiga,Que groso que sos. Marce. A todo le pones Magia . Un abrazo para tu amiga,,2023-04-07,1,0
instagram,😍😍😍😍😍,,😍😍😍😍😍,2023-04-07,1,0
instagram,"Hermoso mensaje el tuyo marcelo, te sigo a vos también","Hermoso mensaje el tuyo marcelo, te sigo a vos también",,2023-04-07,1,0
instagram,"Que lindo, una mujer  con una fortaleza enorme! Y yo también  me preguntaba  en estos días x que no publicaba nada más x ig","Que lindo, una mujer con una fortaleza enorme! Y yo también me preguntaba en estos días x que no publicaba nada más x ig",,2023-04-07,1,0
instagram,"Lo que hiciste con este video es maravilloso , a quienes la conocimos aunque la mayoría no en persona, nos cuesta verlo sin llorar . Ella siempre con esa sonrisa y esas garras únicas. Era un ser tan especial. Jes sos eterna ♾ 🙌❤️","Lo que hiciste con este video es maravilloso , a quienes la conocimos aunque la mayoría no en persona, nos cuesta verlo sin llorar . Ella siempre con esa sonrisa y esas garras únicas. Era un ser tan especial. Jes sos eterna",♾ 🙌❤️,2023-04-07,5,0
instagram,Ufff hermoso! ❤️,Ufff hermoso!,❤️,2023-04-07,1,0
instagram,Maravilloso video nonhay forma de que no se te caiga una lagrima 🙌❤️,Maravilloso video nonhay forma de que no se te caiga una lagrima,🙌❤️,2023-04-07,2,0
instagram,Veo algo de ella y lloro! No puedo evitarlo! Su paso por este mundo dejó semillas de pequeños gladiadores en potencia que valoran la vida aún más al entender qué hay que disfrutarla y darle para adelante! Gracias Marcelo por este video tan lindo de ella y si.. lograste que se sienta como lo querías! Vuela alto hermosa Jes y gracias por todo lo que nos dejaste. ❤️,Veo algo de ella y lloro! No puedo evitarlo! Su paso por este mundo dejó semillas de pequeños gladiadores en potencia que valoran la vida aún más al entender qué hay que disfrutarla y darle para adelante! Gracias Marcelo por este video tan lindo de ella y si.. lograste que se sienta como lo querías! Vuela alto hermosa Jes y gracias por todo lo que nos dejaste.,❤️,2023-04-07,5,0
instagram,❤️❤️❤️❤️❤️❤️❤️❤️❤️,,❤️❤️❤️❤️❤️❤️❤️❤️❤️,2023-04-07,1,0
instagram,"Que fuerte.....😢no se puede dejar de 😭,se la extraña,......mucho mucho.Pero se con certeza que Ella comprendió como vivir la vida muy tempranamente.por eso ya no pertenecía a este mundo complicado.Tenia un corazón muy luminoso,y cumplió para lo que fue creada muy pronto dejando tanto amor aprendizaje resiliencia fortaleza energia aceptación ,un todo......vola alto mi niña hermosa,hasta pronto mi niña cuando sea mi hora te buscaré y nos estrecharemos en un fuerte e inmenso abrazo","Que fuerte..... no se puede dejar de ,se la extraña,......mucho mucho.Pero se con certeza que Ella comprendió como vivir la vida muy tempranamente.por eso ya no pertenecía a este mundo complicado.Tenia un corazón muy luminoso,y cumplió para lo que fue creada muy pronto dejando tanto amor aprendizaje resiliencia fortaleza energia aceptación ,un todo......vola alto mi niña hermosa,hasta pronto mi niña cuando sea mi hora te buscaré y nos estrecharemos en un fuerte e inmenso abrazo",😢 😭,2023-04-07,1,0
instagram,Que hermoso por Dios! No tuve la suerte de conocerla personalmente pero se lo grandiosa que es 💖,Que hermoso por Dios! No tuve la suerte de conocerla personalmente pero se lo grandiosa que es,💖,2023-04-07,1,0
instagram,"La conocí a Jes por aquí hace unos días. A vos, por este video a través del @elejercitodealejito . Gracias por tu homenaje, es una maravilla de amor. Bien alto, Jes! ❤️🙏🏻","La conocí a Jes por aquí hace unos días. A vos, por este video a través del @elejercitodealejito . Gracias por tu homenaje, es una maravilla de amor. Bien alto, Jes!",❤️🙏🏻,2023-04-07,4,0
instagram,Uff. Que hermoso . Cuánto nos enseñó . Siempre estarás en nuestros corazones. Muchos no te conocimos más que por mensajes de ig pero eras parte nuestra . Vola alto Jes y que su risa suene fuerte . ❤️❤️❤️❤️,Uff. Que hermoso . Cuánto nos enseñó . Siempre estarás en nuestros corazones. Muchos no te conocimos más que por mensajes de ig pero eras parte nuestra . Vola alto Jes y que su risa suene fuerte .,❤️❤️❤️❤️,2023-04-07,2,0
instagram,😢♥️,,😢♥️,2023-04-07,1,0
instagram,❤️🙌❤️👏,,❤️🙌❤️👏,2023-04-07,1,0
instagram,Eres genial 👏,Eres genial,👏,2024-04-17,0,0
instagram,Donar sangre paga impuesto?,Donar sangre paga impuesto?,,2024-04-16,0,0
instagram,🙌,,🙌,2024-04-16,0,0
instagram,"Yo soy donante desde los 18 y tengo......40 y tantos..... Gracias por tu humor, siempre respetuoso y con mensaje. Eres genial!","Yo soy donante desde los 18 y tengo......40 y tantos..... Gracias por tu humor, siempre respetuoso y con mensaje. Eres genial!",,2024-04-16,0,0
instagram,@vaninarizzi,@vaninarizzi,,2024-04-16,0,0
instagram,😂😂😂😂😂😂,,😂😂😂😂😂😂,2024-04-16,0,0
instagram,Me gusta,Me gusta,,2024-04-16,0,0
instagram,👏👏👏👏,,👏👏👏👏,2024-04-16,0,0
instagram,"Eres genial, claro q sí, y enhorabuena por transmitir con humor un mensaje para que todos lo tengamos en cuenta 👏🏼👏🏼","Eres genial, claro q sí, y enhorabuena por transmitir con humor un mensaje para que todos lo tengamos en cuenta",👏🏼👏🏼,2024-04-16,0,0
instagram,🤣🤣🤣,,🤣🤣🤣,2024-04-16,0,0
instagram,Yo tiendo a desmayarme una vez he donado... Una vez me dieron convulsiones y a la siguiente que fui a donar me dijeron que con ese cuadro no podía donar 😢 Me he hecho análisis y estoy bien... ¿Alguna forma de que no me suceda más y pueda seguir donando? Mi sangre es de las que escasean y me sienta mal no poder contribuir 😪,Yo tiendo a desmayarme una vez he donado... Una vez me dieron convulsiones y a la siguiente que fui a donar me dijeron que con ese cuadro no podía donar Me he hecho análisis y estoy bien... ¿Alguna forma de que no me suceda más y pueda seguir donando? Mi sangre es de las que escasean y me sienta mal no poder contribuir,😢 😪,2024-04-16,0,0
instagram,"Muchas gracias!! Bravo!!! Hay que donar, donar es dar vida!!!","Muchas gracias!! Bravo!!! Hay que donar, donar es dar vida!!!",,2024-04-16,0,0
instagram,👏👏👏,,👏👏👏,2024-04-16,0,0
instagram,Seguidme para recomendaciones de anime 👈🏼,Seguidme para recomendaciones de anime,👈🏼,2024-04-16,0,0
instagram,😂,,😂,2024-04-16,0,0
instagram,"Tremendo video, imposible no llorar con la na sonrisa, por más Jes y por más Marcelo, seres especiales 🤗💜 volá alto hermosa ♾️","Tremendo video, imposible no llorar con la na sonrisa, por más Jes y por más Marcelo, seres especiales volá alto hermosa",🤗💜 ♾️,2023-04-07,1,0
instagram,😢 Marce q hermoso ser sos ❤️🙌. Una belleza tu homenaje. Jes 🙌♾️,Marce q hermoso ser sos . Una belleza tu homenaje. Jes,😢 ❤️🙌 🙌♾️,2023-04-07,1,0
instagram,"Ufff que hermoso, como leí varias veces, no era de este plano y nos dejo muchísimas enseñanzas, que donde se encuentre esté en paz y volando sobre las nubes ❤️","Ufff que hermoso, como leí varias veces, no era de este plano y nos dejo muchísimas enseñanzas, que donde se encuentre esté en paz y volando sobre las nubes",❤️,2023-04-07,1,0
instagram,❤️❤️❤️🙌,,❤️❤️❤️🙌,2023-04-07,1,0
instagram,"Imposible no llorar, ella hablaba de una manera tan auténtica. Cuando le conté del cáncer de mí papá supo decirme hace de cada momento con él un momento único e irrepetible. De mí vida solo puedo decir que la marco para siempre ♾️ porque no paro de pensar en hacer cosas que sueño . Gracias Jes y gracias a vos Marcelo por tan hermoso video .","Imposible no llorar, ella hablaba de una manera tan auténtica. Cuando le conté del cáncer de mí papá supo decirme hace de cada momento con él un momento único e irrepetible. De mí vida solo puedo decir que la marco para siempre porque no paro de pensar en hacer cosas que sueño . Gracias Jes y gracias a vos Marcelo por tan hermoso video .",♾️,2023-04-07,11,0
instagram,Me cuesta mirar un video de ella…sin llorar …pienso vino a dejarnos una enseñanza …estaba en esta vida para eso …no pertenecía acá….pero también pienso xq si la lucho tanto este mundo necesita más gente como ella….ahy cosas q x más q le busque la vuelta nunca voy a entender….❤️😢,Me cuesta mirar un video de ella…sin llorar …pienso vino a dejarnos una enseñanza …estaba en esta vida para eso …no pertenecía acá….pero también pienso xq si la lucho tanto este mundo necesita más gente como ella….ahy cosas q x más q le busque la vuelta nunca voy a entender….,❤️😢,2023-04-07,10,2
instagram,Vola muy alto jess😢😢,Vola muy alto jess,😢😢,2023-04-07,1,0
instagram,"Bellísimo., gracias por compartirlo .  La vamos a extrañar un montón!!! Jesi querida ., que mujer con tanta fuerza ❤️❤️❤️💕. Estás en paz Jesi querida 💜","Bellísimo., gracias por compartirlo . La vamos a extrañar un montón!!! Jesi querida ., que mujer con tanta fuerza . Estás en paz Jesi querida",❤️❤️❤️💕 💜,2023-04-07,1,0
instagram,"Sin palabras, y muchas lágrimas.  Simplemente Jesss❤️ Besos al cielo ❤️","Sin palabras, y muchas lágrimas. Simplemente Jesss Besos al cielo",❤️ ❤️,2023-04-07,1,0
instagram,Tremendo la sigo hace años cuando daba clases recetas hiperactiva llena de belleza y energía así siguió siempreee a pesar de todo 😢  te mando un abrazo y gracias una vez más ...le diste tiempo y aventura un poco de vos !! Valiosisiimo😍👏,Tremendo la sigo hace años cuando daba clases recetas hiperactiva llena de belleza y energía así siguió siempreee a pesar de todo te mando un abrazo y gracias una vez más ...le diste tiempo y aventura un poco de vos !! Valiosisiimo,😢 😍👏,2023-04-07,4,0
instagram,😍😢❤️🙌,,😍😢❤️🙌,2023-04-07,1,0
instagram,Espectacular 😢,Espectacular,😢,2023-04-07,1,0
instagram,❤️,,❤️,2023-04-07,1,0
instagram,Ufff imposible no llorar😢 hasta luego Jess ❤️ ya  nos veremos en algún lugar 🙌,Ufff imposible no llorar hasta luego Jess ya nos veremos en algún lugar,😢 ❤️ 🙌,2023-04-07,1,0
instagram,"Noo hace tres dias la buscaba para ver porque no publicaba , sabía, algo me lo decía, que triste noticia; pero como decís valoro la vida hasta el final ,gran ejemplo siempre en mi corazón.., Vola alto Jess❤️❤️❤️","Noo hace tres dias la buscaba para ver porque no publicaba , sabía, algo me lo decía, que triste noticia; pero como decís valoro la vida hasta el final ,gran ejemplo siempre en mi corazón.., Vola alto Jess",❤️❤️❤️,2023-04-07,3,0
instagram,@hozmariajose jess amaba la vida y quería vivir . No diría que no pertenecía acá. Amaba acá! No tendría que haber muerto .,@hozmariajose jess amaba la vida y quería vivir . No diría que no pertenecía acá. Amaba acá! No tendría que haber muerto .,,2023-05-05,4,0
instagram,"@sol_echevarriafreixas .Tenés razón,me duele mucho porque ella quería vivir y no se entregaba,pero parece que la vida aveces no nos dan otra oportunidad.😢","@sol_echevarriafreixas .Tenés razón,me duele mucho porque ella quería vivir y no se entregaba,pero parece que la vida aveces no nos dan otra oportunidad.",😢,2023-05-23,0,0
instagram,"Hermoso video, por siempre en mi corazón, Gracias 🙏❤️🙌","Hermoso video, por siempre en mi corazón, Gracias",🙏❤️🙌,2023-04-07,1,0
instagram,Ya lo dijiste todo. 😢❤️,Ya lo dijiste todo.,😢❤️,2023-04-07,1,0
instagram,Un nudo en la garganta hermoso video ❤️,Un nudo en la garganta hermoso video,❤️,2023-04-07,1,0
instagram,"No pues, esto si que fue un gancho a mi estómago ! Una cachetada  y una sacudida .. wow ! Wow !","No pues, esto si que fue un gancho a mi estómago ! Una cachetada y una sacudida .. wow ! Wow !",,2023-04-07,1,0
instagram,Hermoso🤍🌠,Hermoso,🤍🌠,2023-04-07,1,0
instagram,Hermosa 🙌,Hermosa,🙌,2023-04-07,1,0
instagram,Simplemente Hermoso!!!! Se te extraña Jes! Te buscaré en cada atardecer 🦋♥️,Simplemente Hermoso!!!! Se te extraña Jes! Te buscaré en cada atardecer,🦋♥️,2023-04-07,1,0
instagram,"😢😢😢, que hermoso 😍❤️🙌",", que hermoso",😢😢😢 😍❤️🙌,2023-04-07,1,0
instagram,"Que belleza de video, tan Jes! ♡ que lección tan tan tan inmensa nos dejó. Que manera tan hermosa q tuvo de honrar la vida, el tiempo y a los afectos. Gracias por este video!","Que belleza de video, tan Jes! que lección tan tan tan inmensa nos dejó. Que manera tan hermosa q tuvo de honrar la vida, el tiempo y a los afectos. Gracias por este video!",♡,2023-04-07,1,0
instagram,Grracias!!! Me vine para la costa y sin saber a la altura de LA PLATA mire el cielo y pedi por ella . Por nuestra Wonder Woman ❤️❤️❤️❤️❤️🔥,Grracias!!! Me vine para la costa y sin saber a la altura de LA PLATA mire el cielo y pedi por ella . Por nuestra Wonder Woman,❤️❤️❤️❤️❤️🔥,2023-04-07,2,0
instagram,Uf.. que emocion tan profunda. Un ser inolvidable.. unica.❤️,Uf.. que emocion tan profunda. Un ser inolvidable.. unica.,❤️,2023-04-07,1,0
instagram,gracias. ❤️,gracias.,❤️,2023-04-07,1,0
instagram,Piel de gallina!!!!!!! Muy hermoso.  Jes eterna❤️,Piel de gallina!!!!!!! Muy hermoso. Jes eterna,❤️,2023-04-07,1,0
instagram,❤️❤️❤️,,❤️❤️❤️,2023-04-07,1,0
instagram,Que fuerte. Cuanto tenemos por aprender,Que fuerte. Cuanto tenemos por aprender,,2023-04-07,2,0
instagram,Cómo me suena.... no sé si reír o llorar,Cómo me suena.... no sé si reír o llorar,,2024-04-16,0,0
instagram,Grande !!,Grande !!,,2024-04-16,0,0
instagram,😂😂😂😂,,😂😂😂😂,2024-04-16,0,0
instagram,👏👏👏,,👏👏👏,2024-04-16,0,0
instagram,"Generación finales de los 80 y principios de los 90, algo mezclada esas 2 actitudes 😁 Aquí una donante desde los 18 años y 3 veces al año (el máximo permitido a mujeres, por el periodo perdemos sangre)","Generación finales de los 80 y principios de los 90, algo mezclada esas 2 actitudes Aquí una donante desde los 18 años y 3 veces al año (el máximo permitido a mujeres, por el periodo perdemos sangre)",😁,2024-04-16,0,0
instagram,"Los de a partir del 2010 no pueden donar, los más mayores tienen 14 años y para donar sangre tienes que tener 18","Los de a partir del 2010 no pueden donar, los más mayores tienen 14 años y para donar sangre tienes que tener 18",,2024-04-16,0,0
instagram,Excelente mensaje,Excelente mensaje,,2024-04-16,0,0
instagram,👏🏻💯,,👏🏻💯,2024-04-16,0,0
instagram,"Yo ya tuve mi primera donación en noviembre, pero me pusieron más la aguja y me la tuvieron que reacomodar y me dolió el alma pero valió la pena ❤️","Yo ya tuve mi primera donación en noviembre, pero me pusieron más la aguja y me la tuvieron que reacomodar y me dolió el alma pero valió la pena",❤️,2024-04-16,0,0
instagram,Yo parezco de 2010😂😂😂,Yo parezco de 2010,😂😂😂,2024-04-16,0,0
instagram,@sembrando.esperanza.22 💚🤍🩸,@sembrando.esperanza.22,💚🤍🩸,2024-04-16,0,0
instagram,Geniooooooo👏🏼👏🏼👏🏼👏🏼,Geniooooooo,👏🏼👏🏼👏🏼👏🏼,2024-04-15,0,0
instagram,Donemos sangre,Donemos sangre,,2024-04-15,0,0
instagram,👏👏👏👏👏👏,,👏👏👏👏👏👏,2024-04-15,0,0
instagram,😂😂😂😂,,😂😂😂😂,2024-04-15,0,0
instagram,No la conocí pero dejo un gran mensaje 🙌🙌,No la conocí pero dejo un gran mensaje,🙌🙌,2023-04-07,1,0
instagram,Piel de gallina y flor de lagrimon!. Gracias x tan lindo recuerdo!seguí a jes mucho tiempo y me dolió su partida. Gracias x haberle cumplido 1 de sus sueños...❤,Piel de gallina y flor de lagrimon!. Gracias x tan lindo recuerdo!seguí a jes mucho tiempo y me dolió su partida. Gracias x haberle cumplido 1 de sus sueños...,❤,2023-04-07,2,0
instagram,😢 abrazo grande!!,abrazo grande!!,😢,2023-04-07,1,0
instagram,"Ufffff me mataste!! No dejo de ver loa atardeceres y mandarle un guiño de ojos como vos me lo pediste cuando te pregunté por ella...por supuesto que es un hasta siempre y yo no pienso dejar de honrarla difundiendo todo lo que hizo para concientizar porque además de enseñarnos a disfrutar el hoy dejó mucho para que todos entendamos la importancia de dar vida en vida, no te conozco pero te mando un abrazo inmenso por regalarnos este momento","Ufffff me mataste!! No dejo de ver loa atardeceres y mandarle un guiño de ojos como vos me lo pediste cuando te pregunté por ella...por supuesto que es un hasta siempre y yo no pienso dejar de honrarla difundiendo todo lo que hizo para concientizar porque además de enseñarnos a disfrutar el hoy dejó mucho para que todos entendamos la importancia de dar vida en vida, no te conozco pero te mando un abrazo inmenso por regalarnos este momento",,2023-04-07,24,0
instagram,Uffff!!se me pianto un lagrimon😢 pero con una sonrisa. Gracias🙏,Uffff!!se me pianto un lagrimon pero con una sonrisa. Gracias,😢 🙏,2023-04-07,1,0
instagram,Una gran guerrera 😢❤️🙌,Una gran guerrera,😢❤️🙌,2023-04-07,1,0
instagram,😢😢😢😢❤️❤️❤️❤️❤️❤️,,😢😢😢😢❤️❤️❤️❤️❤️❤️,2023-04-07,1,0
instagram,Que hermoso recuerdo!! Cuánto nos enseñó Jess!!!! Vola alto....muy alto!!!!❤️,Que hermoso recuerdo!! Cuánto nos enseñó Jess!!!! Vola alto....muy alto!!!!,❤️,2023-04-07,1,0
instagram,Que hermoso!❤️🙌😢,Que hermoso!,❤️🙌😢,2023-04-07,1,0
instagram,💫🤍,,💫🤍,2023-04-07,1,0
instagram,Hermoso ! ❤️,Hermoso !,❤️,2023-04-07,1,0
instagram,Muy hermoso,Muy hermoso,,2023-04-07,1,0
instagram,❤️❤️❤️,,❤️❤️❤️,2023-04-07,1,0
instagram,¡Me encantan tus vídeos!,¡Me encantan tus vídeos!,,2024-04-15,0,0
instagram,"Desgraciadamente en la mayoría de los Hospitales de Argentina no te dejan donar si te tatuaste hace menos de 1 AÑO. Y eso complica mucho 😮‍💨 Donaba siempre cada 4 meses y ahora con esto me frenó, una pena","Desgraciadamente en la mayoría de los Hospitales de Argentina no te dejan donar si te tatuaste hace menos de 1 AÑO. Y eso complica mucho ‍ Donaba siempre cada 4 meses y ahora con esto me frenó, una pena",😮 💨,2024-04-15,1,0
instagram,❤️gracias por el mensaje!!!! Gracias a muchos donantes estoy vivo,gracias por el mensaje!!!! Gracias a muchos donantes estoy vivo,❤️,2024-04-15,0,0
instagram,😂😂😂😂,,😂😂😂😂,2024-04-15,0,0
instagram,Me encanta!,Me encanta!,,2024-04-15,0,0
instagram,😂😂😂😂😂😂,,😂😂😂😂😂😂,2024-04-15,0,0
instagram,👏👏👏👏👏👍👍👍👍,,👏👏👏👏👏👍👍👍👍,2024-04-15,0,0
instagram,👏👏👏👏❤️❤️❤️❤️,,👏👏👏👏❤️❤️❤️❤️,2024-04-15,0,0
instagram,😂😂😂😂😂😂😂 tú eres muy divertido😂😂😂😂😂😂😂😂😂,tú eres muy divertido,😂😂😂😂😂😂😂 😂😂😂😂😂😂😂😂😂,2024-04-15,0,0
instagram,"Desde los 18 soy donante de sangre, plasma y médula. Ahora tengo 20😉 alguna vez sí es verdad que no me han dejado donar, pero cuando he podido he vuelto🤣","Desde los 18 soy donante de sangre, plasma y médula. Ahora tengo 20 alguna vez sí es verdad que no me han dejado donar, pero cuando he podido he vuelto",😉 🤣,2024-04-15,0,0
instagram,😂😂,,😂😂,2024-04-15,0,0
instagram,gracias ❤️,gracias,❤️,2024-04-15,12,0
instagram,Me encanta cuando te desmayan Fui dadora de sangre,Me encanta cuando te desmayan Fui dadora de sangre,,2024-04-15,0,0
instagram,😍 jajajaja me encanta yo done la semana pasada,jajajaja me encanta yo done la semana pasada,😍,2024-04-15,0,0
instagram,❤️❤️❤️,,❤️❤️❤️,2024-04-15,0,0
instagram,Jajajaaja ansiedad,Jajajaaja ansiedad,,2024-04-15,0,0
instagram,Que gran labor,Que gran labor,,2024-04-15,0,0
instagram,Genio,Genio,,2024-04-15,0,0
instagram,Bárbaro,Bárbaro,,2024-04-15,0,0
instagram,👏👏👏👏👏👏👏👏,,👏👏👏👏👏👏👏👏,2024-04-15,0,0
instagram,mil gracias por este apoyo,mil gracias por este apoyo,,2024-04-15,0,0
instagram,😂😂😂😂,,😂😂😂😂,2024-04-15,0,0
instagram,😍👏🙌,,😍👏🙌,2024-04-15,0,0
instagram,Eres buenísimo,Eres buenísimo,,2024-04-15,0,0
instagram,❤️❤️❤️👏👏👏👏👏👏,,❤️❤️❤️👏👏👏👏👏👏,2024-04-15,0,0
instagram,🤣🤣🤣🤣🤣🤣,,🤣🤣🤣🤣🤣🤣,2024-04-15,0,0
instagram,Jajajjajajajajajaja,Jajajjajajajajajaja,,2024-04-15,0,0
instagram,🤣🤣🤣🤣,,🤣🤣🤣🤣,2024-04-15,0,0
instagram,😂😂😂,,😂😂😂,2024-04-15,0,0
instagram,2020 ni dono,2020 ni dono,,2024-04-15,0,0
instagram,"👏👏👏👏👏
Muchas graciaaaaas por ayudar a tomar conciencia 🙏",Muchas graciaaaaas por ayudar a tomar conciencia,👏👏👏👏👏 🙏,2024-04-15,0,0
instagram,Jajaja😂😂,Jajaja,😂😂,2024-04-15,0,0
instagram,👏,,👏,2024-04-15,0,0
instagram,👏👏👏👏👏,,👏👏👏👏👏,2024-04-15,0,0
instagram,"Si si, tu dona sangre gratis, que ellos ya harán negocio con ello.","Si si, tu dona sangre gratis, que ellos ya harán negocio con ello.",,2024-04-15,0,0
instagram,👏👏👏😍😍😍,,👏👏👏😍😍😍,2024-04-15,0,0
instagram,😂😂😂,,😂😂😂,2024-04-15,0,0
instagram,Molt bo😄😄😄l'envio a tothom.,Molt bo l'envio a tothom.,😄😄😄,2024-04-15,0,0
instagram,Yo estoy muy agradecida a éstos donantes ya me han salvado la vida unas cuantas veces...eternamemte agradedida😂,Yo estoy muy agradecida a éstos donantes ya me han salvado la vida unas cuantas veces...eternamemte agradedida,😂,2024-04-15,0,0
instagram,@arual.1988 jajajajaja soy del 2010 😂,@arual.1988 jajajajaja soy del 2010,😂,2024-04-15,0,0
instagram,Jajajaja jajajaja volvió ansiedad 🤣🤣😂😂me encanta,Jajajaja jajajaja volvió ansiedad me encanta,🤣🤣😂😂,2024-04-15,0,0
instagram,🤣🤣🤣🤣,,🤣🤣🤣🤣,2024-04-15,0,0
instagram,Soy donante voluntaria y es genial saber que puedes ayudar  salvando muchas vidas solo con unos pocos minutos de tu tiempo y un pequeño pinchazo. Si a la donación de sangre. ❤️,Soy donante voluntaria y es genial saber que puedes ayudar salvando muchas vidas solo con unos pocos minutos de tu tiempo y un pequeño pinchazo. Si a la donación de sangre.,❤️,2024-04-15,0,0
instagram,👏👏👏👏👏👏👏👏👏👏👏👏👏👏👏👏👏👏👏👏👏👏👏👏👏👏👏👏👏👏👏👏,,👏👏👏👏👏👏👏👏👏👏👏👏👏👏👏👏👏👏👏👏👏👏👏👏👏👏👏👏👏👏👏👏,2024-04-15,0,0
instagram,👏👏👏👏👏👏,,👏👏👏👏👏👏,2024-04-15,0,0
instagram,Extrañaba a ansiedad!!!! 👏👏,Extrañaba a ansiedad!!!!,👏👏,2024-04-15,0,0
instagram,Tus videos son pasión y diversión gracias por tu videos sigue así te deseo lo mejor de mi para ri🙌😁,Tus videos son pasión y diversión gracias por tu videos sigue así te deseo lo mejor de mi para ri,🙌😁,2024-04-15,0,0
instagram,😂😂😂😂😂😂😂,,😂😂😂😂😂😂😂,2024-04-15,0,0
instagram,👏👏👏👏👏👏👏👏👏👏👏👏👏👏👏👏👏👏👏👏👏👏👏👏👏👏👏👏👏👏👏👏👏,,👏👏👏👏👏👏👏👏👏👏👏👏👏👏👏👏👏👏👏👏👏👏👏👏👏👏👏👏👏👏👏👏👏,2024-04-15,0,0
instagram,Me toco ver a una chica en el grupo que nos iban a aplicar la vacuna contra covid con tatuajes y piercings pero temblaba nadamas de ver cuando la enfermera se acercaba a aplicarle la vacuna,Me toco ver a una chica en el grupo que nos iban a aplicar la vacuna contra covid con tatuajes y piercings pero temblaba nadamas de ver cuando la enfermera se acercaba a aplicarle la vacuna,,2024-04-15,0,0
instagram,👏👏👏👏👏👏,,👏👏👏👏👏👏,2024-04-15,0,0
instagram,😂😂😂😂👏👏👏👏👏👏❤️,,😂😂😂😂👏👏👏👏👏👏❤️,2024-04-15,0,0
instagram,"Pero tenemos 14 años, ¿Se puede donar?","Pero tenemos 14 años, ¿Se puede donar?",,2024-04-15,0,0
instagram,👏👏👏,,👏👏👏,2024-04-15,0,0
instagram,😂😂😂👏👏👏👏👏❤️,,😂😂😂👏👏👏👏👏❤️,2024-04-15,0,0
instagram,Yo nací en el 88 y se me baja la presión cuando me hago un análisis😂...no se porqué será pero quisiera ser más fuerte🥲,Yo nací en el 88 y se me baja la presión cuando me hago un análisis ...no se porqué será pero quisiera ser más fuerte,😂 🥲,2024-04-14,0,0
instagram,Hahahaha,Hahahaha,,2024-04-14,0,0
instagram,Yo no he donado nunca... Me aterra!!! Claro que mi peso tampoco me lo permite 😬,Yo no he donado nunca... Me aterra!!! Claro que mi peso tampoco me lo permite,😬,2024-04-14,0,0
instagram,"Me encanta tus videos, que aparte de divertidos hacen reflexionar. 👏👏🙌🙌🙌","Me encanta tus videos, que aparte de divertidos hacen reflexionar.",👏👏🙌🙌🙌,2024-04-14,0,0
instagram,😂😂😂😂,,😂😂😂😂,2024-04-14,0,0
instagram,😂😂😂😂😂😂😂😂😂😂,,😂😂😂😂😂😂😂😂😂😂,2024-04-14,0,0
instagram,❤️,,❤️,2024-04-14,0,0
instagram,Amé amé que linda manera de incentivar a las personas para ir a donar sangre👏👏👏,Amé amé que linda manera de incentivar a las personas para ir a donar sangre,👏👏👏,2024-04-14,0,0
instagram,"Soy del 90 y me desmayo si me sacan más de 2 tubos de sangre. Viene de familia, mi papá es peor.","Soy del 90 y me desmayo si me sacan más de 2 tubos de sangre. Viene de familia, mi papá es peor.",,2024-04-14,0,0
instagram,😂😂😂👏👏👏👏👏❤️❤️❤️❤️,,😂😂😂👏👏👏👏👏❤️❤️❤️❤️,2024-04-14,0,0
instagram,😂😂😂😂😍😍😍,,😂😂😂😂😍😍😍,2024-04-14,0,0
instagram,"Yo acabo de donar sangre hace una semana y súper bien. Solo me dio mucho sueño ese día, pero no me maree, me tocó muy buena enfermera, porque los piquetes no me dolieron casi nada y ni moretones ni nada se me hicieron. Solo descanse dos días sin ir al gym y listo. 
Espero más gente se anime, hasta por el hecho de que de cierta manera, donar sangre rejuvenece.","Yo acabo de donar sangre hace una semana y súper bien. Solo me dio mucho sueño ese día, pero no me maree, me tocó muy buena enfermera, porque los piquetes no me dolieron casi nada y ni moretones ni nada se me hicieron. Solo descanse dos días sin ir al gym y listo. Espero más gente se anime, hasta por el hecho de que de cierta manera, donar sangre rejuvenece.",,2024-04-14,0,0
instagram,😂😂😂😂😂😂,,😂😂😂😂😂😂,2024-04-14,0,0
instagram,😂 Ansiedad,Ansiedad,😂,2024-04-14,0,0
instagram,Jajjjajajajaj😂😂😂😂,Jajjjajajajaj,😂😂😂😂,2024-04-14,0,0
instagram,"Yo siempre que voy a España dono y mi marido holandes también. La verdad es que las facilidades que hay en España para donar sangre no las hay en los Paises Bajos, por eso y porque en mi Pais (y mi terreta). No cuesta nada y es muy importante! Ademas es que te tratan super bien. Animaos!","Yo siempre que voy a España dono y mi marido holandes también. La verdad es que las facilidades que hay en España para donar sangre no las hay en los Paises Bajos, por eso y porque en mi Pais (y mi terreta). No cuesta nada y es muy importante! Ademas es que te tratan super bien. Animaos!",,2024-04-14,0,0
instagram,👏👏👏,,👏👏👏,2024-04-14,0,0
instagram,Te amo❤️,Te amo,❤️,2024-04-14,0,0
instagram,"A minme encantaría donar pero no me dejan😢😅, deberian regular el tema de poder donar aunque seas del colectivo LGTBQ, porque habria muchos mas donantes.","A minme encantaría donar pero no me dejan , deberian regular el tema de poder donar aunque seas del colectivo LGTBQ, porque habria muchos mas donantes.",😢😅,2024-04-14,0,0
instagram,"O no… la sangre no es un beneficio, muy por el contrario la ciencia dice que es mejor EVITARLA a toda costa! De hecho en pro de pacientes que se oponen a las transfusiones se han creado muchísimas técnicas alternativas a la sangre que son eficaces y que se han usado incluso en operaciones de corazón abierto y de ortopedia.. el tema de “emergencia” no es taaaan emergente como lo creen.. pero eso habría que explicarlo con plastilina.

La sangre es solo un negocio.","O no… la sangre no es un beneficio, muy por el contrario la ciencia dice que es mejor EVITARLA a toda costa! De hecho en pro de pacientes que se oponen a las transfusiones se han creado muchísimas técnicas alternativas a la sangre que son eficaces y que se han usado incluso en operaciones de corazón abierto y de ortopedia.. el tema de “emergencia” no es taaaan emergente como lo creen.. pero eso habría que explicarlo con plastilina. La sangre es solo un negocio.",,2024-04-14,0,0
instagram,😂😂😂,,😂😂😂,2024-04-14,0,0
instagram,👏,,👏,2024-04-14,0,0
instagram,J😂😂😂 jajaja,J jajaja,😂😂😂,2024-04-14,0,0
instagram,👏👏👏👏,,👏👏👏👏,2024-04-14,0,0
instagram,"Uy ahora con todo lo que se sabe, ni una gota dono, excepto que sea un familiar o amigo.","Uy ahora con todo lo que se sabe, ni una gota dono, excepto que sea un familiar o amigo.",,2024-04-14,0,0
instagram,Yo lo soy y también es importante hacerte donante de médula y donante de plasma .  Mi sobrina de un año gracias a una donante de médula está viva .,Yo lo soy y también es importante hacerte donante de médula y donante de plasma . Mi sobrina de un año gracias a una donante de médula está viva .,,2024-04-14,0,0
instagram,😂😂😂,,😂😂😂,2024-04-14,0,0
instagram,👏👏👏,,👏👏👏,2024-04-14,0,0
instagram,"IMPORTANTE! Hay q donar en los hospitales ya que la Cruz roja x ejemplo, vende la sangre después y hace negocio de nuestro altruismo","IMPORTANTE! Hay q donar en los hospitales ya que la Cruz roja x ejemplo, vende la sangre después y hace negocio de nuestro altruismo",,2024-04-14,0,0
instagram,Viendo ya estoy desmayada 😂😂😂😂😂😂😂 en proceso de superar esta fobia @lindamoyaochoa7,Viendo ya estoy desmayada en proceso de superar esta fobia @lindamoyaochoa7,😂😂😂😂😂😂😂,2024-04-14,0,0
instagram,Que buen Crossover,Que buen Crossover,,2024-04-14,0,0
instagram,Me encantan tus vídeos!,Me encantan tus vídeos!,,2024-04-14,0,0
instagram,Yo siempre quise donar 🩸 pero la que necesita sangre soy yo 🤦🏻‍♀️ eternamente anemica,Yo siempre quise donar pero la que necesita sangre soy yo ‍ eternamente anemica,🩸 🤦🏻 ♀️,2024-04-14,0,0
instagram,No te duele el brazo de tanta ansiedad,No te duele el brazo de tanta ansiedad,,2024-04-14,0,0
instagram,😂😂😂😂😂😂😂,,😂😂😂😂😂😂😂,2024-04-14,0,0
instagram,"Si es cierto, pero si la persona está vacu nada no lo veo recomendable","Si es cierto, pero si la persona está vacu nada no lo veo recomendable",,2024-04-14,0,0
instagram,Te amo!! 😂 Eres el mejor!!🤣🤣🤣🤣,Te amo!! Eres el mejor!!,😂 🤣🤣🤣🤣,2024-04-14,0,0
instagram,👏👏👏👏👏👏Eres lo máximo!!!,Eres lo máximo!!!,👏👏👏👏👏👏,2024-04-14,0,0
instagram,😂😂😂😂😂😂,,😂😂😂😂😂😂,2024-04-14,0,0
instagram,"Yo voy a donar sangre al hospital pediátrico de mi ciudad solo porque puedo hacerlo, efectivamente soy de los 80s.","Yo voy a donar sangre al hospital pediátrico de mi ciudad solo porque puedo hacerlo, efectivamente soy de los 80s.",,2024-04-14,0,0
instagram,"@nachter Hola! Las mujeres solo podemos 3 veces, los hombres sí, 4 veces. 🩸😍","@nachter Hola! Las mujeres solo podemos 3 veces, los hombres sí, 4 veces.",🩸😍,2024-04-14,0,0
instagram,🙌🙌🙌😍😍😍,,🙌🙌🙌😍😍😍,2024-04-14,0,0
instagram,❤️🙌,,❤️🙌,2024-04-14,0,0
instagram,Los de 14 años pueden donar sangre?😮,Los de 14 años pueden donar sangre?,😮,2024-04-14,0,0
instagram,Por fin volvió ansiedad 😂❤️,Por fin volvió ansiedad,😂❤️,2024-04-14,0,0
instagram,Es verdad 👍 si puedes y quieres es una forma  muy altruista de ayudar,Es verdad si puedes y quieres es una forma muy altruista de ayudar,👍,2024-04-14,0,0
instagram,😂😂😂,,😂😂😂,2024-04-14,0,0
instagram,😂😂😂😂 los  de  cristal  dándoles el soponcio 😂😂😂😂,los de cristal dándoles el soponcio,😂😂😂😂 😂😂😂😂,2024-04-14,0,0
instagram,Yo quisiera donar pero por problemas de salud por tener enfermedades no puedo pero si pudiera lo harían sin duda❤️,Yo quisiera donar pero por problemas de salud por tener enfermedades no puedo pero si pudiera lo harían sin duda,❤️,2024-04-14,0,0
instagram,😂😂😂 que nivel,que nivel,😂😂😂,2024-04-14,0,0
instagram,😂,,😂,2024-04-14,0,0
instagram,👏👏👏👏,,👏👏👏👏,2024-04-14,0,0
instagram,Yo no entiendo a los que les da miedo que le pinchen para donar sangre y sin embargo no le temen a las agujas de los tatuajes🤣🤣yo soy donante de sangre y de plasma desde hace muchos años aunq sea incómodo voy,Yo no entiendo a los que les da miedo que le pinchen para donar sangre y sin embargo no le temen a las agujas de los tatuajes yo soy donante de sangre y de plasma desde hace muchos años aunq sea incómodo voy,🤣🤣,2024-04-14,0,0
instagram,👏😂 buenisimo ❤️,buenisimo,👏😂 ❤️,2024-04-14,0,0
instagram,Y yo aqui esperando el ansioso 😂😂😂😂😂,Y yo aqui esperando el ansioso,😂😂😂😂😂,2024-04-14,0,0
instagram,😂😂❤️. Con humor y con solidaridad.,. Con humor y con solidaridad.,😂😂❤️,2024-04-14,0,0
instagram,Yo ya done 3 veces y la verdad q no duele nada.. 😂,Yo ya done 3 veces y la verdad q no duele nada..,😂,2024-04-14,0,0
instagram,"sos un genio total. Desde Córdoba,  Argentina te seguimos","sos un genio total. Desde Córdoba, Argentina te seguimos",,2024-04-14,0,0
instagram,Que lindo tu mensaje al final! ❤️,Que lindo tu mensaje al final!,❤️,2024-04-14,0,0
instagram,Donas sangres gratis pero la clínica te la cobra cuando la necesitas jajajajajaja,Donas sangres gratis pero la clínica te la cobra cuando la necesitas jajajajajaja,,2024-04-14,0,0
instagram,Tan bello jajajaja gracias a ti por hacer ese mensaje,Tan bello jajajaja gracias a ti por hacer ese mensaje,,2024-04-14,0,0
instagram,😂😂😂,,😂😂😂,2024-04-14,0,0
instagram,"Soy de lo 70 pero me pasa como los del 2010 😂😂, a mi la tienen que volver a poner después","Soy de lo 70 pero me pasa como los del 2010 , a mi la tienen que volver a poner después",😂😂,2024-04-14,0,0
instagram,@christian.h.jacinto 😂,@christian.h.jacinto,😂,2024-04-14,0,0
instagram,😂😂😂😂😂👏,,😂😂😂😂😂👏,2024-04-14,0,0
instagram,@mariposa_tecnicolor.86,@mariposa_tecnicolor.86,,2024-04-14,0,0
instagram,ME ENCANTA QUE VOLVIÓ ¡ ANSIEDAD!😂😂😂😂😂😂😂😂😂😂😂😂😂😂😂,ME ENCANTA QUE VOLVIÓ ¡ ANSIEDAD!,😂😂😂😂😂😂😂😂😂😂😂😂😂😂😂,2024-04-14,0,0
instagram,"Jajajajaja Eres lo máximo! Es así, donar 🩸 es lo máximo, también","Jajajajaja Eres lo máximo! Es así, donar es lo máximo, también",🩸,2024-04-14,0,0
instagram,😂😂😂😂😂😂😂😂😂,,😂😂😂😂😂😂😂😂😂,2024-04-14,0,0
instagram,😂😂😂😂😂,,😂😂😂😂😂,2024-04-14,0,0
instagram,😂😂😂😂,,😂😂😂😂,2024-04-14,0,0
instagram,Jajsjajajajajaja dios mio las generaciones son tan marcadas... orgullosa de nacer en los 80 jaja,Jajsjajajajajaja dios mio las generaciones son tan marcadas... orgullosa de nacer en los 80 jaja,,2024-04-14,0,0
instagram,En México es un delito recibir o dar dinero a cambio de la sangre.,En México es un delito recibir o dar dinero a cambio de la sangre.,,2024-04-14,0,0
instagram,😂😂😂😂,,😂😂😂😂,2024-04-14,0,0
instagram,Jajajaja ansiedad 😂😂😂,Jajajaja ansiedad,😂😂😂,2024-04-14,0,0
instagram,Cuando se desmaya es lo mejor !! 😂👏👏,Cuando se desmaya es lo mejor !!,😂👏👏,2024-04-14,0,0
instagram,Muito bom!,Muito bom!,,2024-04-14,0,0
instagram,A mí me da tanto miedo que no me hago ni mis analíticas solo cuando me estoy muriendo 😂,A mí me da tanto miedo que no me hago ni mis analíticas solo cuando me estoy muriendo,😂,2024-04-14,0,0
instagram,El mejor post de todos 👏👏👏 gracioso y educativo @nachter excelente 👏,El mejor post de todos gracioso y educativo @nachter excelente,👏👏👏 👏,2024-04-14,0,0
instagram,😂😂😂😂😂😂😂😂😂😂😂😂😂😂😂😂😂,,😂😂😂😂😂😂😂😂😂😂😂😂😂😂😂😂😂,2024-04-14,0,0
instagram,😂😂😂😂,,😂😂😂😂,2024-04-14,0,0
instagram,"😂😂😂😂😂😂😂 hoy día es complicado eso de donar sangre por el consumo de drogas psicoactivas, los jóvenes no tienen esta oportunidad de salvar vidas por la falta de aceptación y consciencia","hoy día es complicado eso de donar sangre por el consumo de drogas psicoactivas, los jóvenes no tienen esta oportunidad de salvar vidas por la falta de aceptación y consciencia",😂😂😂😂😂😂😂,2024-04-14,0,0
instagram,Así es,Así es,,2024-04-14,0,0
instagram,Excelente mensaje..🙌❤️,Excelente mensaje..,🙌❤️,2024-04-14,0,0
instagram,"Tengo personal a cargo de distintas edades y Nachter realmente lo haces muyyy bien, ese rango de nacimiento esta muy bien descripto, y diria que comienza con los nacidos de 2000 hacia aca, disculpen 🙏🏻🙏🏻🙏🏻🙏🏻 pero la mayoria de las veces tienen miles de millones de problemas y creen merecerlo todo con el mas minimo esfuerzo, lamentablemente un mal de esta epoca (perdon!!!! pero solo podria  rescatar algunos pocos de este comentario)","Tengo personal a cargo de distintas edades y Nachter realmente lo haces muyyy bien, ese rango de nacimiento esta muy bien descripto, y diria que comienza con los nacidos de 2000 hacia aca, disculpen pero la mayoria de las veces tienen miles de millones de problemas y creen merecerlo todo con el mas minimo esfuerzo, lamentablemente un mal de esta epoca (perdon!!!! pero solo podria rescatar algunos pocos de este comentario)",🙏🏻🙏🏻🙏🏻🙏🏻,2024-04-14,1,1
instagram,😂😂😂😂😂,,😂😂😂😂😂,2024-04-14,0,0
instagram,😂😂😂😂😂,,😂😂😂😂😂,2024-04-14,0,0
instagram,👏👏👏👏,,👏👏👏👏,2024-04-14,0,0
instagram,Yo antes donaba porque iba a la ambulancia que ponían en la universidad  pero ahora pero en mi pueblo solo se puede donar por la tarde y coincide con mi horario de trabajo. Ya podrían hacer unos dias de mañana y otros de tarde para que podamos donar todos,Yo antes donaba porque iba a la ambulancia que ponían en la universidad pero ahora pero en mi pueblo solo se puede donar por la tarde y coincide con mi horario de trabajo. Ya podrían hacer unos dias de mañana y otros de tarde para que podamos donar todos,,2024-04-14,0,0
instagram,Jajajajajajajaja,Jajajajajajajaja,,2024-04-14,0,0
instagram,Me encantas jajajaja,Me encantas jajajaja,,2024-04-14,0,0
instagram,Jajaja 😂,Jajaja,😂,2024-04-14,0,0
instagram,@andrea.alfonzo_koller donar sangre es un gesto de amor y de solidaridad inmenso!!!❤️ Animarse!!!,@andrea.alfonzo_koller donar sangre es un gesto de amor y de solidaridad inmenso!!! Animarse!!!,❤️,2024-04-14,0,0
instagram,😂😂😂😂😂❤️❤️❤️❤️❤️,,😂😂😂😂😂❤️❤️❤️❤️❤️,2024-04-14,0,0
instagram,Jajaja este man es muy bueno,Jajaja este man es muy bueno,,2024-04-14,0,0
instagram,🙌,,🙌,2024-04-14,0,0
instagram,Con humor un gran mensaje .....me encantas,Con humor un gran mensaje .....me encantas,,2024-04-14,0,0
instagram,Jajjaja jjajjajaja... No puede ser más real😂😂😂😂😂😂😂😂😂,Jajjaja jjajjajaja... No puede ser más real,😂😂😂😂😂😂😂😂😂,2024-04-14,0,0
instagram,"Hola Nacho, yo soy del team 1970 y has acertado. 😅😉
Dono cada tres meses en Gipuzkoa.
Eskerrik Asko por tu publicación y por tu voluntariado. 
Saludos desde San Sebastián. 🙌❤🙌","Hola Nacho, yo soy del team 1970 y has acertado. Dono cada tres meses en Gipuzkoa. Eskerrik Asko por tu publicación y por tu voluntariado. Saludos desde San Sebastián.",😅😉 🙌❤🙌,2024-04-14,0,0
instagram,😂😂😂😂😂😂😂😂😂😂,,😂😂😂😂😂😂😂😂😂😂,2024-04-14,0,0
instagram,😂😂😂😂😂😂❤️,,😂😂😂😂😂😂❤️,2024-04-14,0,0
instagram,🤣🤣🤣🤣🤣🤣,,🤣🤣🤣🤣🤣🤣,2024-04-14,0,0
instagram,Eres muy bueno👏👏el mejor mensaje  del año.!!👏👏👏,Eres muy bueno el mejor mensaje del año.!!,👏👏 👏👏👏,2024-04-14,0,0
instagram,🙌,,🙌,2024-04-14,0,0
instagram,❤️❤️❤️❤️❤️,,❤️❤️❤️❤️❤️,2024-04-14,0,0
instagram,😂😂😂😂,,😂😂😂😂,2024-04-14,0,0
instagram,Lo del 2010 aun no pueden Donar 😂😂😂,Lo del 2010 aun no pueden Donar,😂😂😂,2024-04-14,0,0
instagram,👏👏👏👏👏👏👏👏,,👏👏👏👏👏👏👏👏,2024-04-14,0,0
instagram,@_rfaela__ 😂,@_rfaela__,😂,2024-04-14,0,0
instagram,😂😂😂,,😂😂😂,2024-04-14,0,0
instagram,😍😍😍,,😍😍😍,2024-04-14,0,0
instagram,"Yo no puedo,tengo artritis reumatoide,pero lo intenté de joven y me dijeron que tenía que pesar más,iba con mi padre,donó muchos años hasta le dieron un diploma,yo iba con el,muchos litros de sangre donó,me siento muy orgullosa de el ya falleció 😢","Yo no puedo,tengo artritis reumatoide,pero lo intenté de joven y me dijeron que tenía que pesar más,iba con mi padre,donó muchos años hasta le dieron un diploma,yo iba con el,muchos litros de sangre donó,me siento muy orgullosa de el ya falleció",😢,2024-04-14,9,0
instagram,❤️,,❤️,2024-04-14,0,0
instagram,😂😂😂,,😂😂😂,2024-04-14,0,0
instagram,Gracias por concienciar y hacerlo además con humor. Esto sí es ser INFLUENCER,Gracias por concienciar y hacerlo además con humor. Esto sí es ser INFLUENCER,,2024-04-14,0,0
instagram,"Jajaja, ""ansiedad 😜"", esto se va a quedar ya ""pa los restos"", que diría mi abuela, lo sabes verdad? 😉👍👏","Jajaja, ""ansiedad "", esto se va a quedar ya ""pa los restos"", que diría mi abuela, lo sabes verdad?",😜 😉👍👏,2024-04-14,0,0
instagram,👏👏👏👏👏👏👏👏👏👏,,👏👏👏👏👏👏👏👏👏👏,2024-04-14,0,0
instagram,"Buenísimos, me encantan 👏👏👏👏","Buenísimos, me encantan",👏👏👏👏,2024-04-14,0,0
instagram,🤣🤣🤣🤣🤣🤣🤣🤣🤣🤣🤣🤣🤣🤣,,🤣🤣🤣🤣🤣🤣🤣🤣🤣🤣🤣🤣🤣🤣,2024-04-14,0,0
instagram,😂😂😂😂😂😂👏👏👏👏👏👏❤️❤️❤️❤️,,😂😂😂😂😂😂👏👏👏👏👏👏❤️❤️❤️❤️,2024-04-14,0,0
instagram,😂😂😂😂😂,,😂😂😂😂😂,2024-04-14,0,0
instagram,"@nachter podrías hacer un vídeo igual pero con la donación de médula? Muchas gente por desconocimiento, no saben que es indoloro y seguro, sólo una analítica de sangre para entrar en la base de datos y si fueses compatible, ya hacer la donación, la cual es sencisillima y segura","@nachter podrías hacer un vídeo igual pero con la donación de médula? Muchas gente por desconocimiento, no saben que es indoloro y seguro, sólo una analítica de sangre para entrar en la base de datos y si fueses compatible, ya hacer la donación, la cual es sencisillima y segura",,2024-04-14,0,0
instagram,👏👏👏👏👏👏👏❤️❤️❤️❤️,,👏👏👏👏👏👏👏❤️❤️❤️❤️,2024-04-14,0,0
instagram,❤️❤️❤️,,❤️❤️❤️,2024-04-14,0,0
instagram,👏👏👏,,👏👏👏,2024-04-14,0,0
instagram,👏👏,,👏👏,2024-04-14,0,0
instagram,El banco de sangre es con el único banco con el que me he llevado bien.🙃,El banco de sangre es con el único banco con el que me he llevado bien.,🙃,2024-04-14,0,0
instagram,Que me den 100€ y se lo doy,Que me den 100€ y se lo doy,,2024-04-14,0,0
instagram,👏👏👏👏👏👏,,👏👏👏👏👏👏,2024-04-14,0,0
instagram,😍😍😍,,😍😍😍,2024-04-14,0,0
instagram,🤣🤣🤣🤣🤣🤣🤣🤣🤣🤣🤣,,🤣🤣🤣🤣🤣🤣🤣🤣🤣🤣🤣,2024-04-14,0,0
instagram,👏,,👏,2024-04-14,0,0
instagram,😂😂😂😂,,😂😂😂😂,2024-04-14,0,0
instagram,"Tus videos son lo mejor,que he visto❤️❤️❤️❤️","Tus videos son lo mejor,que he visto",❤️❤️❤️❤️,2024-04-14,0,0
instagram,😂 🤣 😂 🤣 ☺️🩸🅰️🅱️🅾️🆎👏🏼 👏🏼 👏🏼 👏🏼 👏🏼 👏🏼 👏🏼,,😂 🤣 😂 🤣 ☺️🩸🅰️🅱️🅾️🆎👏🏼 👏🏼 👏🏼 👏🏼 👏🏼 👏🏼 👏🏼,2024-04-14,0,0
instagram,Y la sangre de vacunados de Pfizer y astrazeneca vale también?,Y la sangre de vacunados de Pfizer y astrazeneca vale también?,,2024-04-14,0,0
instagram,Jajajaja,Jajajaja,,2024-04-14,0,0
instagram,😂😂😂,,😂😂😂,2024-04-14,0,0
instagram,😂😂😂,,😂😂😂,2024-04-14,0,0
instagram,@yesi_ramos08 tú eres la última jajajaja,@yesi_ramos08 tú eres la última jajajaja,,2024-04-14,0,0
instagram,😂,,😂,2024-04-14,0,0
instagram,😂😂😂😂,,😂😂😂😂,2024-04-14,0,0
instagram,😍😍😍😍😍,,😍😍😍😍😍,2024-04-14,0,0
instagram,🙌,,🙌,2024-04-14,0,0
instagram,Ansiedad! 😂😂😂😂😂😂😂,Ansiedad!,😂😂😂😂😂😂😂,2024-04-14,0,0
instagram,😂😂😂,,😂😂😂,2024-04-14,0,0
instagram,"Es cojonudo el video, como siempre un 10 !!!","Es cojonudo el video, como siempre un 10 !!!",,2024-04-14,0,0
instagram,😂😂ya miro los videos esperando el desmayo😂,ya miro los videos esperando el desmayo,😂😂 😂,2024-04-14,0,0
instagram,"Soy del 79, done sangre la primera vez en el 2000 porque mi papá estaba enfermo de cáncer y necesitaba transfusiones, en esa época del estrés y la depresión por toda la enfermedad de mi papá pesaba no más de 47kilos (mido 1.74cms), bueno igual fui y done normal, si ví la aguja grande y dije ok, no me mareé, ni nada, fueron como 4 amigos más y 1 de desmayo al ver la aguja 😂, el otro de el estrés que tenía lo pincharon como 5 veces y nada que le pudieron agarrar la vena 😂, el otro se desmayo cuando vio que llevaba 1/3 de bolsa 😂, y solo 1 aguanto 😂😂😂 luego fueron 5 amigas y todas donaron normal sin desmayos 😂😂, ya luego done varias veces más y ahorita ando averiguando donde me mudé como hago para donar, es importante señores, se salvan vidas donando sangre, es importante, se que da miedo pero es algo importante y si estás saludable y cumples con los parámetros no lo pienses, donar sangre es donar vida 🧬","Soy del 79, done sangre la primera vez en el 2000 porque mi papá estaba enfermo de cáncer y necesitaba transfusiones, en esa época del estrés y la depresión por toda la enfermedad de mi papá pesaba no más de 47kilos (mido 1.74cms), bueno igual fui y done normal, si ví la aguja grande y dije ok, no me mareé, ni nada, fueron como 4 amigos más y 1 de desmayo al ver la aguja , el otro de el estrés que tenía lo pincharon como 5 veces y nada que le pudieron agarrar la vena , el otro se desmayo cuando vio que llevaba 1/3 de bolsa , y solo 1 aguanto luego fueron 5 amigas y todas donaron normal sin desmayos , ya luego done varias veces más y ahorita ando averiguando donde me mudé como hago para donar, es importante señores, se salvan vidas donando sangre, es importante, se que da miedo pero es algo importante y si estás saludable y cumples con los parámetros no lo pienses, donar sangre es donar vida",😂 😂 😂 😂😂😂 😂😂 🧬,2024-04-14,0,0
instagram,😂😂😂😂😂😂😂😂,,😂😂😂😂😂😂😂😂,2024-04-14,0,0
instagram,🤣🤣🤣🤣🤣,,🤣🤣🤣🤣🤣,2024-04-14,0,0
instagram,😂😂😂😂😂😂😂😂😂😂😂😂😂,,😂😂😂😂😂😂😂😂😂😂😂😂😂,2024-04-14,0,0
instagram,😂😂😂😂 al último no le dejan por ser menor. Cuenta conmigo 😍,al último no le dejan por ser menor. Cuenta conmigo,😂😂😂😂 😍,2024-04-14,0,0
instagram,😂,,😂,2024-04-14,0,0
instagram,Ya extrañaba esa palabra!!!,Ya extrañaba esa palabra!!!,,2024-04-14,0,0
instagram,😂,,😂,2024-04-14,0,0
instagram,👏👏👏👏,,👏👏👏👏,2024-04-14,0,0
instagram,😂😂😂,,😂😂😂,2024-04-14,0,0
instagram,💯💯💯😂😂😂,,💯💯💯😂😂😂,2024-04-14,0,0
instagram,😂😂😂😂😂,,😂😂😂😂😂,2024-04-14,0,0
instagram,👏👏👏👏,,👏👏👏👏,2024-04-14,0,0
instagram,🤣🤣🤣🤣🤣🤣🤣🤣🤣🤣 ansiedad!!!! Echaba de menos que cayera al suelo! 🤣🤣🤣🤣🤣🤣,ansiedad!!!! Echaba de menos que cayera al suelo!,🤣🤣🤣🤣🤣🤣🤣🤣🤣🤣 🤣🤣🤣🤣🤣🤣,2024-04-14,0,0
instagram,😂😂😂😂😂 que bien interpretas las generaciones 👏👏👏👏,que bien interpretas las generaciones,😂😂😂😂😂 👏👏👏👏,2024-04-14,0,0
instagram,@agus.marchesi me acordé de vos! 😂,@agus.marchesi me acordé de vos!,😂,2024-04-14,0,0
instagram,😂😂😂😂😂😂😂,,😂😂😂😂😂😂😂,2024-04-14,0,0
instagram,@gastont98 😂😂,@gastont98,😂😂,2024-04-14,0,0
instagram,La voz del hermano del medio en la generación de cristal es genial. Jaja,La voz del hermano del medio en la generación de cristal es genial. Jaja,,2024-04-14,0,0
instagram,Jsjwjshs que buena forma de entregar un mensaje,Jsjwjshs que buena forma de entregar un mensaje,,2024-04-14,0,0
instagram,Ya es un milagro que 2010 haya ido al hospital,Ya es un milagro que 2010 haya ido al hospital,,2024-04-14,0,0
instagram,Cada vez que dices “ansiedad” suelto una carcajada. 😂😂😂,Cada vez que dices “ansiedad” suelto una carcajada.,😂😂😂,2024-04-14,0,0
instagram,👏👏👏👏👏👏,,👏👏👏👏👏👏,2024-04-14,0,0
instagram,La donacion de sangre y médula es un gran regalo para el que lo hace de corazon y para el que lo recibe ❤️❤️❤️🙌🙌 gracias por el msj,La donacion de sangre y médula es un gran regalo para el que lo hace de corazon y para el que lo recibe gracias por el msj,❤️❤️❤️🙌🙌,2024-04-14,0,0
instagram,Sos muy genial,Sos muy genial,,2024-04-14,0,0
instagram,Jajajajaja,Jajajajaja,,2024-04-14,0,0
instagram,👏🔥👏🔥👏🔥,,👏🔥👏🔥👏🔥,2024-04-14,0,0
instagram,😂👏👏👏,,😂👏👏👏,2024-04-14,0,0
instagram,"Yo siempre lo intento, pero no me encuentran la vena 🥲","Yo siempre lo intento, pero no me encuentran la vena",🥲,2024-04-14,0,0
instagram,😁😁😁😁😁😁😁😁,,😁😁😁😁😁😁😁😁,2024-04-14,0,0
instagram,🙌👏👏👏👏👏,,🙌👏👏👏👏👏,2024-04-14,0,0
instagram,🔥me encantan tus videos,me encantan tus videos,🔥,2024-04-14,0,0
instagram,👏👏👏👏,,👏👏👏👏,2024-04-14,0,0
instagram,Me encantan tus videos…. Por favor has uno del ahorro del agua 💦,Me encantan tus videos…. Por favor has uno del ahorro del agua,💦,2024-04-14,0,0
instagram,La última generación son los más cagones,La última generación son los más cagones,,2024-04-14,0,0
instagram,Acá en Argentina por 40 años el Estado nos sacó gota por gota la sangre,Acá en Argentina por 40 años el Estado nos sacó gota por gota la sangre,,2024-04-14,2,0
instagram,😂❤️,,😂❤️,2024-04-14,0,0
instagram,Son gemelos!?😮😮,Son gemelos!?,😮😮,2024-04-14,0,0
instagram,Buena información.. 👏,Buena información..,👏,2024-04-14,1,0
instagram,Tu no donas por miedo a las agujas || Yo no dono por no querer ayudar humanos... Claramente no somos iguales,Tu no donas por miedo a las agujas || Yo no dono por no querer ayudar humanos... Claramente no somos iguales,,2024-04-14,0,0
instagram,Jajaa. También me desmayo pero me la aguanto 💪💪💪😂,Jajaa. También me desmayo pero me la aguanto,💪💪💪😂,2024-04-14,0,0
instagram,👏👏👏👏,,👏👏👏👏,2024-04-14,0,0
instagram,😂😂😂,,😂😂😂,2024-04-14,0,0
instagram,Los del 2010 aún no pueden donar sangre 😂,Los del 2010 aún no pueden donar sangre,😂,2024-04-14,0,0
instagram,😂😂😂😂😂😂😂😂😂😂😂😂,,😂😂😂😂😂😂😂😂😂😂😂😂,2024-04-14,0,0
instagram,👏👏👏👏👏👏👏,,👏👏👏👏👏👏👏,2024-04-14,0,0
instagram,"Extrañaba tus ataques de ansiedad,me ayudan a reirme de esta situacion q lamentablemente sufro. Si, a mi Hija le salvo la vida dos  transfusiones de sangre ,y es bastante dificil y costoso  Aqui  en Venezuela","Extrañaba tus ataques de ansiedad,me ayudan a reirme de esta situacion q lamentablemente sufro. Si, a mi Hija le salvo la vida dos transfusiones de sangre ,y es bastante dificil y costoso Aqui en Venezuela",,2024-04-14,0,0
instagram,😂😂😂😂,,😂😂😂😂,2024-04-14,0,0
instagram,"Unas agujas que pareciera que van a saca muestra de un planeta😂😂😂😂, la Ultima vez que done sangre me dio curiosidad y después de la donacion empece a abrir y cerrar el brazo, fue lo peor que pude hacer😂😂😂😂😂😂 deje todo mis globulos y plaquetas en el piso de la sala.","Unas agujas que pareciera que van a saca muestra de un planeta , la Ultima vez que done sangre me dio curiosidad y después de la donacion empece a abrir y cerrar el brazo, fue lo peor que pude hacer deje todo mis globulos y plaquetas en el piso de la sala.",😂😂😂😂 😂😂😂😂😂😂,2024-04-14,0,0
instagram,👏👏👏👏😍😍😍,,👏👏👏👏😍😍😍,2024-04-14,0,0
instagram,Tuvo voluntad ansiedad 😂,Tuvo voluntad ansiedad,😂,2024-04-14,0,0
instagram,Dedicado a la secta de @jw_org_es. (Testigos de Jehová.),Dedicado a la secta de @jw_org_es. (Testigos de Jehová.),,2024-04-14,0,0
instagram,😂😂😂😂❤️❤️❤️,,😂😂😂😂❤️❤️❤️,2024-04-14,0,0
instagram,😍😍😍😍😍,,😍😍😍😍😍,2024-04-14,0,0
instagram,😂😂😂😂😂😂😂😂,,😂😂😂😂😂😂😂😂,2024-04-14,0,0
instagram,👏👏👏👏👏 ansiedad lo extrañaba 😂😂😂,ansiedad lo extrañaba,👏👏👏👏👏 😂😂😂,2024-04-14,0,0
instagram,👏👏👏👏👏👏,,👏👏👏👏👏👏,2024-04-13,0,0
instagram,🤣🤣🤣,,🤣🤣🤣,2024-04-13,0,0
instagram,😂🤣🤣🤣,,😂🤣🤣🤣,2024-04-13,0,0
instagram,😂😂😂😂,,😂😂😂😂,2024-04-13,0,0
instagram,Genio gracias por ese hermoso mensaje ! Si supieran la cantidad de personas que pueden beneficiarse si fuéramos más solidarios donando sangre ..🙌,Genio gracias por ese hermoso mensaje ! Si supieran la cantidad de personas que pueden beneficiarse si fuéramos más solidarios donando sangre ..,🙌,2024-04-13,0,0
instagram,👏👏👏👏,,👏👏👏👏,2024-04-13,0,0
instagram,🤣🤣🤣🤣,,🤣🤣🤣🤣,2024-04-13,0,0
instagram,👏👏👏👏👏👏👏👏,,👏👏👏👏👏👏👏👏,2024-04-13,0,0
instagram,👏👏😂😂 el final del desmayo.😂😂,el final del desmayo.,👏👏😂😂 😂😂,2024-04-13,0,0
instagram,Buen video. Escelente. Pero morí 😂😂😂con el último. Porque así mismo es 😂😂😂,Buen video. Escelente. Pero morí con el último. Porque así mismo es,😂😂😂 😂😂😂,2024-04-13,0,0
instagram,👏👏👏,,👏👏👏,2024-04-13,0,0
instagram,😂😂😂,,😂😂😂,2024-04-13,0,0
instagram,👏👏👏👏👏,,👏👏👏👏👏,2024-04-13,0,0
instagram,👏👏👏👏👏,,👏👏👏👏👏,2024-04-13,0,0
instagram,Y los que tenemos tatuajes si podemos donar ?,Y los que tenemos tatuajes si podemos donar ?,,2024-04-13,0,2
instagram,😂😂😂,,😂😂😂,2024-04-13,0,0
instagram,Soy donante desde los 18 solo paré cuando estuve embarazada y alactando.es muy importante donar,Soy donante desde los 18 solo paré cuando estuve embarazada y alactando.es muy importante donar,,2024-04-13,4,0
instagram,😂😂😂,,😂😂😂,2024-04-13,0,0
instagram,"Ese desmayo me encanta queda perfecto .
Somos seres humanos ninguna tecnología ni invento podrá reemplazar la sangre para salvar vidas si bien nos ayudamos con líquidos cristaloides en reanimación por ejemplo hay casos que se requiere urgente sangre total y nada más sirve ejemplo código rojo es cuando una mamá va a tener su hijo y presenta sangrado abundante inesperado una hemorragia que amenaza la vida . Ojo todos a donar 🙏",Ese desmayo me encanta queda perfecto . Somos seres humanos ninguna tecnología ni invento podrá reemplazar la sangre para salvar vidas si bien nos ayudamos con líquidos cristaloides en reanimación por ejemplo hay casos que se requiere urgente sangre total y nada más sirve ejemplo código rojo es cuando una mamá va a tener su hijo y presenta sangrado abundante inesperado una hemorragia que amenaza la vida . Ojo todos a donar,🙏,2024-04-13,0,0
instagram,"@ostosoriana si, pasado 1 año o 6 meses, eso va a depender del lugar que quieras donar!","@ostosoriana si, pasado 1 año o 6 meses, eso va a depender del lugar que quieras donar!",,2024-04-14,1,0
instagram,@dbo_donayre perfecto gracias me gustaría ayudar voy a investigar en mi centro más cercano,@dbo_donayre perfecto gracias me gustaría ayudar voy a investigar en mi centro más cercano,,2024-04-14,1,0
instagram,😂😂😂😂 me encantas ! Cada vídeo tuyo se lo envió a mis hijos y se parten! Obviamente van con chinchilla!😂😂😂😂,me encantas ! Cada vídeo tuyo se lo envió a mis hijos y se parten! Obviamente van con chinchilla!,😂😂😂😂 😂😂😂😂,2024-04-13,0,0
instagram,😂😂😂😂😂,,😂😂😂😂😂,2024-04-13,0,0
instagram,Si pudiera donaria las veces que fueran falta,Si pudiera donaria las veces que fueran falta,,2024-04-13,0,0
instagram,😂😂😂😂😂😂😂,,😂😂😂😂😂😂😂,2024-04-13,0,0
instagram,Que bonita  forma de decirnos que donemos sangre. Gracias es tan importante donar sangre. Enhorabuena por como haces los vídeos me encantas. ❤️❤️,Que bonita forma de decirnos que donemos sangre. Gracias es tan importante donar sangre. Enhorabuena por como haces los vídeos me encantas.,❤️❤️,2024-04-13,0,0
instagram,"La verdad es que te meten una aguja gruesita y duele, no duele mucho pero tampoco es que ni se siente. A pesar de eso hay que ir a donar, el único momento en el que se puede ser valiente es cuando tenemos miedo","La verdad es que te meten una aguja gruesita y duele, no duele mucho pero tampoco es que ni se siente. A pesar de eso hay que ir a donar, el único momento en el que se puede ser valiente es cuando tenemos miedo",,2024-04-13,0,0
instagram,"Te ha faltado el de 2010, haciendose un story comentando a sus followes q iba a donar sangre","Te ha faltado el de 2010, haciendose un story comentando a sus followes q iba a donar sangre",,2024-04-13,0,0
instagram,amo tus videos wey 😍🔥🔥🙌🙌🙌👏👏👏,amo tus videos wey,😍🔥🔥🙌🙌🙌👏👏👏,2024-04-13,0,0
instagram,@galeazzo_alecrin_dourado,@galeazzo_alecrin_dourado,,2024-04-13,0,0
instagram,❤️bonito mensaje ♥️también añado gracias por hacernos reír y reflexionar 😘,bonito mensaje también añado gracias por hacernos reír y reflexionar,❤️ ♥️ 😘,2024-04-13,0,0
instagram,👏👏👏👏👏👏🙌🙌🙌🙌🙌😂😂😂😂😂,,👏👏👏👏👏👏🙌🙌🙌🙌🙌😂😂😂😂😂,2024-04-13,0,0
instagram,😂😂😂😂😂😂😂,,😂😂😂😂😂😂😂,2024-04-13,0,0
instagram,"😂😂😂 Si la vdd esq hay q ser menos delicados y egoístas, podemos salvar vidas venga! A dejarse de tatuar tanto","Si la vdd esq hay q ser menos delicados y egoístas, podemos salvar vidas venga! A dejarse de tatuar tanto",😂😂😂,2024-04-13,0,0
instagram,"Yo soy de mediados de los 80, pero solo he podido donar una vez, porque si pesaba más de 50 kilos","Yo soy de mediados de los 80, pero solo he podido donar una vez, porque si pesaba más de 50 kilos",,2024-04-13,0,0
instagram,😂😂😂😂,,😂😂😂😂,2024-04-13,0,0
instagram,Soy O negativo (donante universal) y  donar sangre 🩸 es un acto de amor.,Soy O negativo (donante universal) y donar sangre es un acto de amor.,🩸,2024-04-13,0,0
instagram,Jijiji,Jijiji,,2024-04-13,0,0
instagram,Conozco a uno del 66 que le pasa lo mismo al del 2010,Conozco a uno del 66 que le pasa lo mismo al del 2010,,2024-04-13,0,0
instagram,Los del 2010 no pueden dar sangre por ser menores si solo tiene 14 años,Los del 2010 no pueden dar sangre por ser menores si solo tiene 14 años,,2024-04-13,0,0
instagram,👏👏🏻👏🏻🙌,,👏👏🏻👏🏻🙌,2024-04-13,0,0
instagram,En mi época decían que no podíamos los que teníamos piercings......,En mi época decían que no podíamos los que teníamos piercings......,,2024-04-13,0,0
instagram,Que pasa con los nacidos de los 80 a los 90? Donde nos situamos? Jiji,Que pasa con los nacidos de los 80 a los 90? Donde nos situamos? Jiji,,2024-04-13,0,0
instagram,La expresión... De verdad que bien lo haces!!! El desmayo y el suetercito 😂😂😂,La expresión... De verdad que bien lo haces!!! El desmayo y el suetercito,😂😂😂,2024-04-13,0,0
instagram,🤣🤣🤣🤣🤣🤣🤣👏👏👏👏👏👏,,🤣🤣🤣🤣🤣🤣🤣👏👏👏👏👏👏,2024-04-13,0,0
instagram,"Yo,ya,no puedo Donar..🤷","Yo,ya,no puedo Donar..",🤷,2024-04-13,0,0
instagram,Ansiedad tiene coraje...ya solo con ir este aplaudir🙌👏,Ansiedad tiene coraje...ya solo con ir este aplaudir,🙌👏,2024-04-13,0,0
instagram,😂😂😂😂😂,,😂😂😂😂😂,2024-04-13,0,0
instagram,"Los vakunazis tampoco pueden donar, por qué será? 😂 Ahora sí que es valiosa la sangre pura eh? Por eso andan tan escasos de sangre","Los vakunazis tampoco pueden donar, por qué será? Ahora sí que es valiosa la sangre pura eh? Por eso andan tan escasos de sangre",😂,2024-04-13,0,0
instagram,"Señores!! A donar!! Es el mejor donativo que puedes hacer, es gratis, y directamente estás salvando vidas de los que están a tu alrededor, tus seres queridos.","Señores!! A donar!! Es el mejor donativo que puedes hacer, es gratis, y directamente estás salvando vidas de los que están a tu alrededor, tus seres queridos.",,2024-04-13,0,0
instagram,Gracias Nacho❤️❤️❤️❤️,Gracias Nacho,❤️❤️❤️❤️,2024-04-13,0,0
instagram,Eres un crack 😂😂😂😂😂❤️❤️❤️❤️,Eres un crack,😂😂😂😂😂❤️❤️❤️❤️,2024-04-13,0,0
instagram,😂😂😂😂😂🙌,,😂😂😂😂😂🙌,2024-04-13,0,0
instagram,Si es muy importante🙌🙌,Si es muy importante,🙌🙌,2024-04-13,0,0
instagram,😂👏,,😂👏,2024-04-13,0,0
instagram,😂🤣🤣🤣,,😂🤣🤣🤣,2024-04-13,0,0
instagram,👏👏👏👏,,👏👏👏👏,2024-04-13,0,0
instagram,"Así me da a mi, como a los cristales!","Así me da a mi, como a los cristales!",,2024-04-13,0,0
instagram,Excelente mensaje 👏👏❤️,Excelente mensaje,👏👏❤️,2024-04-13,0,0
instagram,Genial👏👏👏👏,Genial,👏👏👏👏,2024-04-13,0,0
instagram,👏👏👏 quedó excelente muchachos,quedó excelente muchachos,👏👏👏,2024-04-13,0,0
instagram,"Siempre he querido donar, pero por no llegar al peso mínimo no lo permitían, una cosa buena saqué del confinamiento, pude llegar a ese peso y anda que tardé en hacerlo. Fue mi regalo de cumpleaños❤️","Siempre he querido donar, pero por no llegar al peso mínimo no lo permitían, una cosa buena saqué del confinamiento, pude llegar a ese peso y anda que tardé en hacerlo. Fue mi regalo de cumpleaños",❤️,2024-04-13,0,0
instagram,😂😂😂,,😂😂😂,2024-04-13,0,0
instagram,😂👏,,😂👏,2024-04-13,0,0
instagram,Con 13/14 años donan tanta sangre,Con 13/14 años donan tanta sangre,,2024-04-13,0,0
instagram,❤️👏👏👏👏,,❤️👏👏👏👏,2024-04-13,0,0
instagram,😂😂😂😂,,😂😂😂😂,2024-04-13,0,0
instagram,👏👏👏,,👏👏👏,2024-04-13,0,0
instagram,"Yo le tengo miedo a las agujas 🥲🤣 solo por eso tuve partos normales.. aguanto cualquier dolor, pero agujas 🥴🤣
Igual se dona! 🙌🏻💪🏻👏🏻 sos un genio! 👏🏻","Yo le tengo miedo a las agujas solo por eso tuve partos normales.. aguanto cualquier dolor, pero agujas Igual se dona! sos un genio!",🥲🤣 🥴🤣 🙌🏻💪🏻👏🏻 👏🏻,2024-04-13,0,0
instagram,😂😂😂,,😂😂😂,2024-04-13,0,0
instagram,❤️❤️❤️❤️,,❤️❤️❤️❤️,2024-04-13,0,0
instagram,👏👏👏,,👏👏👏,2024-04-13,0,0
instagram,😂😂,,😂😂,2024-04-13,0,0
instagram,Me encantó tu mensaje! Salvemos vidas🙏🏻🥰,Me encantó tu mensaje! Salvemos vidas,🙏🏻🥰,2024-04-13,0,0
instagram,Súper bien el mensaje 😍,Súper bien el mensaje,😍,2024-04-13,0,0
instagram,❤️❤️❤️❤️❤️😂😂😂😂😂,,❤️❤️❤️❤️❤️😂😂😂😂😂,2024-04-13,0,0
instagram,Yo extrañaba al de la ansiedad 🤣🤣,Yo extrañaba al de la ansiedad,🤣🤣,2024-04-13,0,0
instagram,❤️❤️❤️❤️❤️,,❤️❤️❤️❤️❤️,2024-04-13,0,0
instagram,"Yo solo digo, y abro el melón, que los vacunados de COVID donan sangre y después esa sangre se utiliza igual para el que no está vacunado.","Yo solo digo, y abro el melón, que los vacunados de COVID donan sangre y después esa sangre se utiliza igual para el que no está vacunado.",,2024-04-13,0,0
instagram,"El día que fui a donar sangre se pusieron mal 4 personas solo en la muestra de sangre, éramos como 20 🙃","El día que fui a donar sangre se pusieron mal 4 personas solo en la muestra de sangre, éramos como 20",🙃,2024-04-13,0,0
instagram,"No, nací en los 80 pero a la hora de que me saquen sangre soy del 2010, lo siento, no lo puedo remediar","No, nací en los 80 pero a la hora de que me saquen sangre soy del 2010, lo siento, no lo puedo remediar",,2024-04-13,0,0
instagram,Jajajajajaja,Jajajajajaja,,2024-04-13,0,0
instagram,"Animaros a donar! Yo necesité varias transfusiones durante mi embarazo y en el postparto, y gracias a ellas, mi bebé y yo estamos aquí. Muchas gracias a todos aquellos que donan su sangre para que otros podamos vivir!","Animaros a donar! Yo necesité varias transfusiones durante mi embarazo y en el postparto, y gracias a ellas, mi bebé y yo estamos aquí. Muchas gracias a todos aquellos que donan su sangre para que otros podamos vivir!",,2024-04-13,0,0
instagram,"Dona sangre, es un regalo que no tiene precio ⛑️⛑️","Dona sangre, es un regalo que no tiene precio",⛑️⛑️,2024-04-13,0,0
instagram,👏👏👏👏👏eres grande. Cada vez te admiro más!!! ❤️❤️❤️❤️,eres grande. Cada vez te admiro más!!!,👏👏👏👏👏 ❤️❤️❤️❤️,2024-04-13,0,0
instagram,❤️🙌❤️,,❤️🙌❤️,2024-04-13,0,0
instagram,😂😂😂😂😂😂😂😂,,😂😂😂😂😂😂😂😂,2024-04-13,0,0
instagram,"Soy de la generación de los 90... Y no puedo 😢 donar sangre porque El rango normal de hemoglobina varía generalmente de 13,2 a 16,6 gramos (g) de hemoglobina... Y yo apenas tengo 12,3 😢😢😢","Soy de la generación de los 90... Y no puedo donar sangre porque El rango normal de hemoglobina varía generalmente de 13,2 a 16,6 gramos (g) de hemoglobina... Y yo apenas tengo 12,3",😢 😢😢😢,2024-04-13,0,0
instagram,😂😂😂😂,,😂😂😂😂,2024-04-13,0,0
instagram,😂😂😂😂,,😂😂😂😂,2024-04-13,0,0
instagram,❤️❤️❤️❤️❤️,,❤️❤️❤️❤️❤️,2024-04-13,0,0
instagram,❤️🙏🏻,,❤️🙏🏻,2024-04-13,0,0
instagram,😍😍😍,,😍😍😍,2024-04-13,0,0
instagram,"Done la sangre hace 22 años cuando estudiaba en España. Aunque soy estadounidense, digo que dejé una parte de me allí. ❤️","Done la sangre hace 22 años cuando estudiaba en España. Aunque soy estadounidense, digo que dejé una parte de me allí.",❤️,2024-04-13,0,0
instagram,Yo soy donantes de plaquetas y voy 3 veces al año,Yo soy donantes de plaquetas y voy 3 veces al año,,2024-04-13,0,0
instagram,"La sangre es muy importante. Pero yo ya no dono, pues la sangre es muy importante.","La sangre es muy importante. Pero yo ya no dono, pues la sangre es muy importante.",,2024-04-13,0,0
instagram,Que exagerado,Que exagerado,,2024-04-13,0,0
instagram,🤍☺️,,🤍☺️,2024-04-13,0,0
instagram,Ansiedad!!!🤭🤣🤣,Ansiedad!!!,🤭🤣🤣,2024-04-13,0,0
instagram,😂😂,,😂😂,2024-04-13,0,0
instagram,👏👏👏👏👏,,👏👏👏👏👏,2024-04-13,0,0
instagram,❤️❤️❤️❤️,,❤️❤️❤️❤️,2024-04-13,0,0
instagram,👍👍👍👍,,👍👍👍👍,2024-04-13,0,0
instagram,Jajajajajajajaja  me encanta la anciedad,Jajajajajajajaja me encanta la anciedad,,2024-04-13,0,0
instagram,Nací en el 2000 y era como el primero 😂😮,Nací en el 2000 y era como el primero,😂😮,2024-04-13,0,0
instagram,😂😂😂😂😂😂😂😂😂😂😂😂😂😂,,😂😂😂😂😂😂😂😂😂😂😂😂😂😂,2024-04-13,0,0
instagram,😂😂 ansiedad! Hahahaha  chico eso es tan grasoso 😂😂,ansiedad! Hahahaha chico eso es tan grasoso,😂😂 😂😂,2024-04-13,0,0
instagram,Claro,Claro,,2024-04-13,0,0
instagram,Yo en desmayo en 3..2..1... !,Yo en desmayo en 3..2..1... !,,2024-04-13,0,0
instagram,🤣🤣🤣🤣,,🤣🤣🤣🤣,2024-04-13,0,0
instagram,"Jajaja los del 2010 no pueden donar sangre, tienes 13  años aún  o apenas 14","Jajaja los del 2010 no pueden donar sangre, tienes 13 años aún o apenas 14",,2024-04-13,0,0
instagram,Soy del 2010 y ojala poder donar sangre una vez al año,Soy del 2010 y ojala poder donar sangre una vez al año,,2024-04-13,0,0
instagram,😂😂😂,,😂😂😂,2024-04-13,0,0
instagram,SOY A- ES POCO COMUN.,SOY A- ES POCO COMUN.,,2024-04-13,0,0
instagram,Yo dono sangre 🩸 y nunca me da ¡Ansiedad!,Yo dono sangre y nunca me da ¡Ansiedad!,🩸,2024-04-13,0,0
instagram,Me encanta el humor y la dulzura de Natcher. Que lindo yerno serías!!😍,Me encanta el humor y la dulzura de Natcher. Que lindo yerno serías!!,😍,2024-04-13,0,0
instagram,❤️,,❤️,2024-04-13,0,0
instagram,Tots hauríem de ser conscients que donar sang salva vides. Gràcies per el teu missatge ❤️❤️,Tots hauríem de ser conscients que donar sang salva vides. Gràcies per el teu missatge,❤️❤️,2024-04-13,0,0
instagram,😂😂😂😂😂,,😂😂😂😂😂,2024-04-13,0,0
instagram,Muy bueno,Muy bueno,,2024-04-13,0,0
instagram,👏👏👏 ᴇxᴀᴄᴛᴏ,ᴇxᴀᴄᴛᴏ,👏👏👏,2024-04-13,0,0
instagram,ESA ES LA AGUJA JAJAJAJAJAJAAAA,ESA ES LA AGUJA JAJAJAJAJAJAAAA,,2024-04-13,0,0
instagram,😂😂😂😂😂😂😂😂😂,,😂😂😂😂😂😂😂😂😂,2024-04-13,0,0
instagram,😂😂😂😂😂 Tu mensaje llegará a mucha gente!!!!,Tu mensaje llegará a mucha gente!!!!,😂😂😂😂😂,2024-04-13,0,0
instagram,Yo soy donante y ánimo a todo el mundo que lo haga un gesto que no duele y puede salvar vidas👏,Yo soy donante y ánimo a todo el mundo que lo haga un gesto que no duele y puede salvar vidas,👏,2024-04-13,3,0
instagram,Jajajaj ¡Excelente!!!,Jajajaj ¡Excelente!!!,,2024-04-13,0,0
instagram,😂😂😂😂,,😂😂😂😂,2024-04-13,0,0
instagram,😂😂,,😂😂,2024-04-13,0,0
instagram,🤣🤣🤣🤣🤣,,🤣🤣🤣🤣🤣,2024-04-13,0,0
instagram,👏👏,,👏👏,2024-04-13,0,0
instagram,"Extrañaba los vídeos de ""ansiedad""😂","Extrañaba los vídeos de ""ansiedad""",😂,2024-04-13,0,0
instagram,😍😍😍😍,,😍😍😍😍,2024-04-13,0,0
instagram,Hay que donar sangre y órganos . Hazte donante,Hay que donar sangre y órganos . Hazte donante,,2024-04-13,0,0
instagram,"Le tengo pánico a las agujas 😢pero dono sangre tres veces al año , 0- .","Le tengo pánico a las agujas pero dono sangre tres veces al año , 0- .",😢,2024-04-13,0,0
instagram,SOS un ser increíblemente único y maravilloso!!!,SOS un ser increíblemente único y maravilloso!!!,,2024-04-13,0,0
instagram,😂😂😂 ansiedad!!! Gracias por el mensaje ojalá todos donaran,ansiedad!!! Gracias por el mensaje ojalá todos donaran,😂😂😂,2024-04-13,0,0
instagram,😂😂😂😂,,😂😂😂😂,2024-04-13,0,0
instagram,"Si supieran que la sangre donada la usan para hacer medicamentos sobretodo para pacientes oncológicos que luego les venden carísimos. 
La sangre no la usan para las transfusiones, la usan para comercializarla a buenos precios y luego sacarle mucha plata a los enfermos","Si supieran que la sangre donada la usan para hacer medicamentos sobretodo para pacientes oncológicos que luego les venden carísimos. La sangre no la usan para las transfusiones, la usan para comercializarla a buenos precios y luego sacarle mucha plata a los enfermos",,2024-04-13,0,0
instagram,👏🏽👏🏽👏🏽 Y los vidrios rotos? 😂😂😂😂😂😂😂😂😂,Y los vidrios rotos?,👏🏽👏🏽👏🏽 😂😂😂😂😂😂😂😂😂,2024-04-13,0,0
instagram,😍❤,,😍❤,2024-04-13,0,0
instagram,❤️❤️❤️❤️,,❤️❤️❤️❤️,2024-04-13,0,0
instagram,😍👏👏,,😍👏👏,2024-04-13,0,0
instagram,👏👏👏❤️,,👏👏👏❤️,2024-04-13,0,0
instagram,❤️ 🎈♦️📍🩸💉 @nachter,@nachter,❤️ 🎈♦️📍🩸💉,2024-04-13,0,0
instagram,❤️❤️❤️amo tu ansiedad besosss,amo tu ansiedad besosss,❤️❤️❤️,2024-04-13,0,0
instagram,😂😂😂,,😂😂😂,2024-04-13,0,0
instagram,"Tan hermoso, tan real en tus interpretaciones de la sociedad a través de estos últimos años!!! Y solidario!!❤️ Sos perfecto!!!!","Tan hermoso, tan real en tus interpretaciones de la sociedad a través de estos últimos años!!! Y solidario!! Sos perfecto!!!!",❤️,2024-04-13,0,0
instagram,😂😂😂,,😂😂😂,2024-04-13,0,0
instagram,😂😂😂😂,,😂😂😂😂,2024-04-13,0,0
instagram,X fin te desmayaste 😂😂😂😂😂😂😂,X fin te desmayaste,😂😂😂😂😂😂😂,2024-04-13,0,0
instagram,Debo ser de los 70-80... ya que dono sangre desde que cumplí los 18,Debo ser de los 70-80... ya que dono sangre desde que cumplí los 18,,2024-04-13,0,0
instagram,😂😂😂😂😂😂😂,,😂😂😂😂😂😂😂,2024-04-13,0,0
instagram,👏👏👏👏👏👏,,👏👏👏👏👏👏,2024-04-13,0,0
instagram,😂😂😂😂,,😂😂😂😂,2024-04-13,0,0
instagram,Mañana mismo!,Mañana mismo!,,2024-04-13,0,0
instagram,🙌🙌🙌,,🙌🙌🙌,2024-04-13,0,0
instagram,Un mensaje estupendo y encima con humor. Siempre genial. Un saludo afectuoso.,Un mensaje estupendo y encima con humor. Siempre genial. Un saludo afectuoso.,,2024-04-13,0,0
instagram,😂😂😂😂,,😂😂😂😂,2024-04-13,0,0
instagram,Patealo al del 2010 del final jajaja para q se desmaye por algo 😂😂😂,Patealo al del 2010 del final jajaja para q se desmaye por algo,😂😂😂,2024-04-13,0,0
instagram,El mejor video! Yo ya no puedo donar más. Pero lo hice muchos años. Quien sabe a cuánta gente ayude!,El mejor video! Yo ya no puedo donar más. Pero lo hice muchos años. Quien sabe a cuánta gente ayude!,,2024-04-13,0,0
instagram,👏👏👏👏,,👏👏👏👏,2024-04-13,0,0
instagram,😂😂😂😂😂😂,,😂😂😂😂😂😂,2024-04-13,0,0
instagram,😂😂😂😂😂,,😂😂😂😂😂,2024-04-13,0,0
instagram,😂😂😂😂😂,,😂😂😂😂😂,2024-04-13,0,0
instagram,Q tal generación 😂😂😂,Q tal generación,😂😂😂,2024-04-13,0,0
instagram,Claro,Claro,,2024-04-13,0,0
instagram,😂😂😂😂😂😂,,😂😂😂😂😂😂,2024-04-13,0,0
instagram,😂😅🤣,,😂😅🤣,2024-04-13,0,0
instagram,❤️,,❤️,2024-04-13,0,0
instagram,"Yo no puedo donar sangre. Mis venas son muy estrechas y rugosas, escupen las agujas 😂 Se la pasan mal para intentar sacarme sangre para los análisis 😌","Yo no puedo donar sangre. Mis venas son muy estrechas y rugosas, escupen las agujas Se la pasan mal para intentar sacarme sangre para los análisis",😂 😌,2024-04-13,0,0
instagram,Donar sangre es dar vida❤️💪,Donar sangre es dar vida,❤️💪,2024-04-13,0,0
instagram,😂🙏❤️,,😂🙏❤️,2024-04-13,0,0
instagram,🤣🤣🤣🤣🤣🤣 Amsieda,Amsieda,🤣🤣🤣🤣🤣🤣,2024-04-13,0,0
instagram,"A mí me encantaría donar más veces sangre, pero la ultima vez que doné casi me lo tienen que cancelar porque la bolsa no se llenaba, tengo las venas tan finitas que no había forma de que la cosa fuera rápido 😅","A mí me encantaría donar más veces sangre, pero la ultima vez que doné casi me lo tienen que cancelar porque la bolsa no se llenaba, tengo las venas tan finitas que no había forma de que la cosa fuera rápido",😅,2024-04-13,0,0
instagram,Es hermoso donar vida en vida! Soy donante de sangre y estoy inscrita en el registro mundial de potenciales donantes de médula osea. Gracias por difundir. Saludos. Desde Argentina ❤️,Es hermoso donar vida en vida! Soy donante de sangre y estoy inscrita en el registro mundial de potenciales donantes de médula osea. Gracias por difundir. Saludos. Desde Argentina,❤️,2024-04-13,0,0
instagram,❤️👏👏👏👏👏,,❤️👏👏👏👏👏,2024-04-13,2,0
instagram,😂😂,,😂😂,2024-04-13,0,0
instagram,@wanderlust.dd07 Soy yo,@wanderlust.dd07 Soy yo,,2024-04-13,0,0
instagram,"Gracias por donar vuestra sangre. Hace 10 días trás una hemorragia en el quirofano me transfundieron 8 bolsas de sangre… literal os debo la vida y dentro de un año volveré a donar, para que nunca falte cuando se necesite.","Gracias por donar vuestra sangre. Hace 10 días trás una hemorragia en el quirofano me transfundieron 8 bolsas de sangre… literal os debo la vida y dentro de un año volveré a donar, para que nunca falte cuando se necesite.",,2024-04-13,0,0
instagram,😂😂,,😂😂,2024-04-13,0,0
instagram,Que buen mensaje 🙌🙌🙌,Que buen mensaje,🙌🙌🙌,2024-04-13,0,0
instagram,"No tengo sangre me lo tomado todo la hacienda 😢, ANSIEDAD ...","No tengo sangre me lo tomado todo la hacienda , ANSIEDAD ...",😢,2024-04-13,0,0
instagram,🙌🙌🙌,,🙌🙌🙌,2024-04-13,0,0
instagram,😍👍,,😍👍,2024-04-13,0,0
instagram,Demasiado bueno 😂😂😂😂😂,Demasiado bueno,😂😂😂😂😂,2024-04-13,0,0
instagram,🙌👏👏👏👏👏👏👏👏,,🙌👏👏👏👏👏👏👏👏,2024-04-13,0,0
instagram,😂😂😂😂😂 extrañaba Amsiedat,extrañaba Amsiedat,😂😂😂😂😂,2024-04-13,0,0
instagram,👏👏👏,,👏👏👏,2024-04-13,0,0
instagram,😂😂,,😂😂,2024-04-13,0,0
instagram,Lastima que yo no pueda dar por mi spondy. Pero hay que dar su sangre ! ❤️,Lastima que yo no pueda dar por mi spondy. Pero hay que dar su sangre !,❤️,2024-04-13,0,0
instagram,😂😂😂😂😂,,😂😂😂😂😂,2024-04-13,0,0
instagram,😂😂,,😂😂,2024-04-13,0,0
instagram,😂😂 genial!!!!,genial!!!!,😂😂,2024-04-13,0,0
instagram,Eres de Valencia @nachter ?,Eres de Valencia @nachter ?,,2024-04-13,0,0
instagram,😂,,😂,2024-04-13,0,0
instagram,Ese desmayo🤣🤣🤣🤣,Ese desmayo,🤣🤣🤣🤣,2024-04-13,0,0
instagram,Jajajaja AMO cuando se desmaya 😹😹😹.,Jajajaja AMO cuando se desmaya .,😹😹😹,2024-04-13,0,0
instagram,Yo nací en los 80 y me dan pánico las agujas,Yo nací en los 80 y me dan pánico las agujas,,2024-04-13,0,0
instagram,🤣🤣🤣,,🤣🤣🤣,2024-04-13,0,0
instagram,😍😍😍😍,,😍😍😍😍,2024-04-13,0,0
instagram,😂 Jaajaja,Jaajaja,😂,2024-04-13,0,0
instagram,Jajaja un crack. 😍🙏🙌,Jajaja un crack.,😍🙏🙌,2024-04-13,2,0
instagram,❤️❤️❤️❤️❤️,,❤️❤️❤️❤️❤️,2024-04-13,0,0
instagram,😂😂,,😂😂,2024-04-13,0,0
instagram,😂😂😂😂,,😂😂😂😂,2024-04-13,0,0
instagram,🤣🤣🤣🤣🤣🤣🤣,,🤣🤣🤣🤣🤣🤣🤣,2024-04-13,0,0
instagram,😂😂😂👏👏👏,,😂😂😂👏👏👏,2024-04-13,0,0
instagram,Genio!!!,Genio!!!,,2024-04-13,0,0
instagram,👏👏😂,,👏👏😂,2024-04-13,0,0
instagram,"Soy Gen X pero en cuanto a agujas se trata me identifico con la generación de ""¡Ansiedad!"". 😖😖😣😣😣😫😩😵‍💫","Soy Gen X pero en cuanto a agujas se trata me identifico con la generación de ""¡Ansiedad!"". ‍",😖😖😣😣😣😫😩😵 💫,2024-04-13,0,0
instagram,Me encanta 😂,Me encanta,😂,2024-04-13,0,0
instagram,🤣🤣😂😂,,🤣🤣😂😂,2024-04-13,0,0
instagram,❤️❤️❤️❤️,,❤️❤️❤️❤️,2024-04-13,0,0
instagram,"Gracias de corazón a todos los donantes de sangre. Hace 9 años me salvaron la vida por una hemorragia interna. Me tuvieron que poner muuuchas bolsas durante días. Son héroes, y no exagero, porque los héroes salvan vidas👏","Gracias de corazón a todos los donantes de sangre. Hace 9 años me salvaron la vida por una hemorragia interna. Me tuvieron que poner muuuchas bolsas durante días. Son héroes, y no exagero, porque los héroes salvan vidas",👏,2024-04-13,1,0
instagram,👏👏👏👏,,👏👏👏👏,2024-04-13,0,0
instagram,👏👏👏👏 gracias a tiiii. Ansiedaaad😂😂😂😂,gracias a tiiii. Ansiedaaad,👏👏👏👏 😂😂😂😂,2024-04-13,0,0
instagram,👏👏👏👏,,👏👏👏👏,2024-04-13,0,0
instagram,👏👏👏,,👏👏👏,2024-04-13,0,0
instagram,Groso! Así se hace! ❤️ Siempre para bien,Groso! Así se hace! Siempre para bien,❤️,2024-04-13,0,0
instagram,"Ya se desmayo, aprovecha","Ya se desmayo, aprovecha",,2024-04-13,2,0
instagram,😂😂😂😂😂😂😂😂😂😂❤️❤️❤️❤️,,😂😂😂😂😂😂😂😂😂😂❤️❤️❤️❤️,2024-04-13,0,0
instagram,No creo q se esté ayudando a alguien ya q han muerto más personas por recibir sangre de otras personas,No creo q se esté ayudando a alguien ya q han muerto más personas por recibir sangre de otras personas,,2024-04-13,0,0
instagram,@kiki.cruzzz jajajaajajj,@kiki.cruzzz jajajaajajj,,2024-04-13,0,0
instagram,"👏👏👏👏 Me encantan tus videos todas las épocas han sido reflejadas en el humos y esta última aunque no les guste es así , todavía pueden cambiar la historia pero tienen que ponerle fuerza 💪🏻","Me encantan tus videos todas las épocas han sido reflejadas en el humos y esta última aunque no les guste es así , todavía pueden cambiar la historia pero tienen que ponerle fuerza",👏👏👏👏 💪🏻,2024-04-13,0,0
instagram,Gracias por difundir para que las nuevas generaciones prosigan.,Gracias por difundir para que las nuevas generaciones prosigan.,,2024-04-13,0,0
instagram,❤️,,❤️,2024-04-13,0,0
instagram,JAJAJAJAJAJAJA,JAJAJAJAJAJAJA,,2024-04-13,0,0
instagram,Ansiedatttt,Ansiedatttt,,2024-04-13,0,0
instagram,😂😂😂😂,,😂😂😂😂,2024-04-13,0,0
instagram,😂😂😂,,😂😂😂,2024-04-13,0,0
instagram,El del buzo rosa jajajajajajjajajajaja,El del buzo rosa jajajajajajjajajajaja,,2024-04-13,0,0
instagram,😂😂😂,,😂😂😂,2024-04-13,0,0
instagram,😂😂😂😂😂😂😂😂😂😂😂😂😂😂,,😂😂😂😂😂😂😂😂😂😂😂😂😂😂,2024-04-13,0,0
instagram,👏👏👏👏,,👏👏👏👏,2024-04-13,0,0
instagram,"😍😍😍👏👏👏👏 Muy bien, rompiendo tantos mitos!","Muy bien, rompiendo tantos mitos!",😍😍😍👏👏👏👏,2024-04-13,0,0
instagram,"Però hay que tener cuidado... Yo suelo donar sangre a menudo, y ahora soy yo la que tiene problemas de anemia... Y se debe a eso porque me han hecho estudios y todo está ok... Lo de donar sangre está bien pero algunas personas deben ser cuidadosas porque después pueden tener problemas de salud...","Però hay que tener cuidado... Yo suelo donar sangre a menudo, y ahora soy yo la que tiene problemas de anemia... Y se debe a eso porque me han hecho estudios y todo está ok... Lo de donar sangre está bien pero algunas personas deben ser cuidadosas porque después pueden tener problemas de salud...",,2024-04-13,0,0
instagram,👏👏👏👏👏,,👏👏👏👏👏,2024-04-13,0,0
instagram,😂😂❤️❤️❤️👏👏🇦🇷,,😂😂❤️❤️❤️👏👏🇦🇷,2024-04-13,0,0
instagram,Los de los 80 llevamos la sangre en una garrafa y más sangre de otra gente en otras garrafas,Los de los 80 llevamos la sangre en una garrafa y más sangre de otra gente en otras garrafas,,2024-04-13,0,0
instagram,"Al de los '90 le faltó poner como excusa que tiene hipotiroidismo. Yo le consulté a mi endocrinólogo y me dijo que, si tomás la levotiroxina y tus niveles de hormonas están normales, no hay impedimento para donar sangre.","Al de los '90 le faltó poner como excusa que tiene hipotiroidismo. Yo le consulté a mi endocrinólogo y me dijo que, si tomás la levotiroxina y tus niveles de hormonas están normales, no hay impedimento para donar sangre.",,2024-04-13,0,0
instagram,Amo como te desmallas! Hajajajajajajajajajaja,Amo como te desmallas! Hajajajajajajajajajaja,,2024-04-13,0,0
instagram,😂😂🙌🙌👏👏👏👏,,😂😂🙌🙌👏👏👏👏,2024-04-13,0,0
instagram,Así es. Los niños de hoy le tienen pavor a las agujas,Así es. Los niños de hoy le tienen pavor a las agujas,,2024-04-13,0,0
instagram,"En el colegio de mis hijos el curso de 2o Egb se encarga cada año de hacerlo en el propio colegio, vienen las enfermeras , está todo preparado, las fruterías y otros establecimientos colaboran con donación de comida etx para luego, quizá deberia hacerse en todos los colegios! Así conciencia desde bien pequeño de la importancia 😍 además llevan una capa de super héroes y van dando los formularios etc a los que donan, se sienten muy importantes 😍😍🔥","En el colegio de mis hijos el curso de 2o Egb se encarga cada año de hacerlo en el propio colegio, vienen las enfermeras , está todo preparado, las fruterías y otros establecimientos colaboran con donación de comida etx para luego, quizá deberia hacerse en todos los colegios! Así conciencia desde bien pequeño de la importancia además llevan una capa de super héroes y van dando los formularios etc a los que donan, se sienten muy importantes",😍 😍😍🔥,2024-04-13,0,0
instagram,Le faltó publicar en las redes sociales 🤣,Le faltó publicar en las redes sociales,🤣,2024-04-13,0,0
instagram,"Los de 2010 no pueden donar todavía, hasta los 18 años 😂","Los de 2010 no pueden donar todavía, hasta los 18 años",😂,2024-04-13,0,0
instagram,😂😂,,😂😂,2024-04-13,0,0
instagram,Amooooo 👏🏼❤️,Amooooo,👏🏼❤️,2024-04-13,0,0
instagram,Que bueno que le quitaste el sonido de los vidrios al caer.,Que bueno que le quitaste el sonido de los vidrios al caer.,,2024-04-13,0,0
instagram,😂😂😂😂😂😂 Ese desmayo es lo mejor 😂,Ese desmayo es lo mejor,😂😂😂😂😂😂 😂,2024-04-13,0,0
instagram,"Son muy graciosos tus videos, pero molesta un poco que bromees en todos con la ansiedad, siendo realmente una condición que atraviesa una gran parte de la población mundial. En ocasiones lo mostras como si fuese un signo de debilidad, y evidentemente ni te imaginas el valor y la fortaleza que se necesita para convivir con TAG.","Son muy graciosos tus videos, pero molesta un poco que bromees en todos con la ansiedad, siendo realmente una condición que atraviesa una gran parte de la población mundial. En ocasiones lo mostras como si fuese un signo de debilidad, y evidentemente ni te imaginas el valor y la fortaleza que se necesita para convivir con TAG.",,2024-04-13,0,0
instagram,😂,,😂,2024-04-13,0,0
instagram,"Ahhh jajaajab que bueno está esto!!! Pues a mi me donó un amigo hace unos días y yo súper agradecida!! PD : ese no se desmaya , salió del sitio fumándose un cigarro en plan, que hacemos ahora , y yo , pues te invito q desayunar que te lo mereces 😂","Ahhh jajaajab que bueno está esto!!! Pues a mi me donó un amigo hace unos días y yo súper agradecida!! PD : ese no se desmaya , salió del sitio fumándose un cigarro en plan, que hacemos ahora , y yo , pues te invito q desayunar que te lo mereces",😂,2024-04-13,0,0
instagram,👏👏👏👏👏,,👏👏👏👏👏,2024-04-13,0,0
instagram,❤️,,❤️,2024-04-13,0,0
instagram,😂😂😂,,😂😂😂,2024-04-13,0,0
instagram,"Yo soy donante de sangre, de médula y de pelo. La satisfacción que te da donar es increíble","Yo soy donante de sangre, de médula y de pelo. La satisfacción que te da donar es increíble",,2024-04-13,0,0
instagram,Bravo 🙌❤,Bravo,🙌❤,2024-04-13,0,0
instagram,Jajajaja 😂😂😂,Jajajaja,😂😂😂,2024-04-13,0,0
instagram,🔥🔥🔥vale guapo🙌🙌🙌,vale guapo,🔥🔥🔥 🙌🙌🙌,2024-04-13,0,0
instagram,👏👏👏👏😂😂😂😂,,👏👏👏👏😂😂😂😂,2024-04-13,0,0
instagram,😂😂😂😂😂,,😂😂😂😂😂,2024-04-13,0,0
instagram,Eres un genio👏,Eres un genio,👏,2024-04-13,0,0
instagram,😂😂😂 buen mensaje entre risas.,buen mensaje entre risas.,😂😂😂,2024-04-13,0,0
instagram,👏👏👏👏👏👏👏,,👏👏👏👏👏👏👏,2024-04-13,0,0
instagram,@joanstevecontreras,@joanstevecontreras,,2024-04-13,0,0
instagram,😂😂😂,,😂😂😂,2024-04-13,0,0
instagram,"Yo no puedo donar, tengo la ferritina baja desde hace un año y ya no me reguló, así que a base de hierro estoy. Y aunque me den miedo las agujas yo estoy la primera en ponerme a donar cuando podía. Por cierto soy de los 80 😍😍","Yo no puedo donar, tengo la ferritina baja desde hace un año y ya no me reguló, así que a base de hierro estoy. Y aunque me den miedo las agujas yo estoy la primera en ponerme a donar cuando podía. Por cierto soy de los 80",😍😍,2024-04-13,0,0
instagram,Soy de los 80😂😂,Soy de los 80,😂😂,2024-04-13,0,0
instagram,😂😂😂,,😂😂😂,2024-04-13,0,0
instagram,😂😂😂,,😂😂😂,2024-04-13,0,0
instagram,Eres grandioso....gracias por esa iniciativa....imaginé que se iba a desmayar por la ansiedad del pinchazo y donar sangre 😂,Eres grandioso....gracias por esa iniciativa....imaginé que se iba a desmayar por la ansiedad del pinchazo y donar sangre,😂,2024-04-13,0,0
instagram,Eres muy bueno en lo que haces 😄👍,Eres muy bueno en lo que haces,😄👍,2024-04-13,0,0
instagram,Jajaja jajaja jajaja ni más ni menos.,Jajaja jajaja jajaja ni más ni menos.,,2024-04-13,0,0
instagram,👏🏻👏🏻👏🏻👏🏻,,👏🏻👏🏻👏🏻👏🏻,2024-04-13,0,0
instagram,Sos un capo,Sos un capo,,2024-04-13,0,0
instagram,😂😂😂😂😂❤️❤️❤️,,😂😂😂😂😂❤️❤️❤️,2024-04-13,0,0
instagram,👏👏👏👏👏,,👏👏👏👏👏,2024-04-13,0,0
instagram,Hermoso 😍,Hermoso,😍,2024-04-13,0,0
instagram,😂😂😂😂😂😂😂👏👏👏👏👏👏asi es..,asi es..,😂😂😂😂😂😂😂👏👏👏👏👏👏,2024-04-13,0,0
instagram,"Tan bello, excelente mensaje","Tan bello, excelente mensaje",,2024-04-13,0,0
instagram,😂😂😂,,😂😂😂,2024-04-13,0,0
instagram,Excelente tu mensaje y tu humor jajajajajaja mundial 😂😂😂,Excelente tu mensaje y tu humor jajajajajaja mundial,😂😂😂,2024-04-13,0,0
instagram,😂😂😂😂,,😂😂😂😂,2024-04-13,0,0
instagram,😂😂😂😂😂😂😂,,😂😂😂😂😂😂😂,2024-04-13,0,0
instagram,Que bien actor 😍😍😍,Que bien actor,😍😍😍,2024-04-13,0,0
instagram,Excelente mensaje❤️,Excelente mensaje,❤️,2024-04-13,0,0
instagram,Soy de los 80s pero me comporto cómo del 2010 😢,Soy de los 80s pero me comporto cómo del 2010,😢,2024-04-13,0,0
instagram,"M encantó además de las risas hasta el último momento 😂😂😂 , el mensaje 🙌","M encantó además de las risas hasta el último momento , el mensaje",😂😂😂 🙌,2024-04-13,0,0
instagram,👏👏👏👏😂,,👏👏👏👏😂,2024-04-13,0,0
instagram,😂😂😂,,😂😂😂,2024-04-13,0,0
instagram,Lindo!,Lindo!,,2024-04-13,0,0
instagram,👏👏👏 excelente reel con mezcla de humor e información vital para la donación de sangre!! Aplaudo la iniciativa!!,excelente reel con mezcla de humor e información vital para la donación de sangre!! Aplaudo la iniciativa!!,👏👏👏,2024-04-13,0,0
instagram,👏👏👏👏,,👏👏👏👏,2024-04-13,0,0
instagram,👏👏👏👏,,👏👏👏👏,2024-04-13,0,0
instagram,El martes viene a mi pueblo un equipo para el que quiera donar yo voy cada vez que puedo,El martes viene a mi pueblo un equipo para el que quiera donar yo voy cada vez que puedo,,2024-04-13,3,0
instagram,Que bueno eres!!!!! Aaaaansiedad!!!❤️,Que bueno eres!!!!! Aaaaansiedad!!!,❤️,2024-04-13,0,0
instagram,😂😂😂😂😂tatuado y le da miedo donar sangre 😂😂😂,tatuado y le da miedo donar sangre,😂😂😂😂😂 😂😂😂,2024-04-13,0,0
instagram,😍😍😍😍😍,,😍😍😍😍😍,2024-04-13,0,0
instagram,Sos espectacular!!❤️❤️,Sos espectacular!!,❤️❤️,2024-04-13,0,0
instagram,❤️❤️❤️❤️,,❤️❤️❤️❤️,2024-04-13,0,0
instagram,Se desmayo doble sacada de sangre.,Se desmayo doble sacada de sangre.,,2024-04-13,0,0
instagram,Es genial el final,Es genial el final,,2024-04-13,0,0
instagram,😂😂👏,,😂😂👏,2024-04-13,0,0
instagram,😂😂😂,,😂😂😂,2024-04-13,0,0
instagram,😂😂😂,,😂😂😂,2024-04-13,0,0
instagram,❤️❤️🙌🙌🙌,,❤️❤️🙌🙌🙌,2024-04-13,0,0
instagram,😂😂😂😂😂,,😂😂😂😂😂,2024-04-13,0,0
instagram,😂😂😂😂😂,,😂😂😂😂😂,2024-04-13,0,0
instagram,Divino!!!! 😍😍😍,Divino!!!!,😍😍😍,2024-04-13,0,0
instagram,Así mismo es 🤣🤣🤣,Así mismo es,🤣🤣🤣,2024-04-13,0,0
instagram,Cuando mi bebé nació necesite donaciones de sangre ya que perdí demasiada durante el parto… gracias a que varias personas lo hicieron pude regresar a casa… gracias a personas que no conozco pude vivir y estar ahí para mi bebé 🙏🏻,Cuando mi bebé nació necesite donaciones de sangre ya que perdí demasiada durante el parto… gracias a que varias personas lo hicieron pude regresar a casa… gracias a personas que no conozco pude vivir y estar ahí para mi bebé,🙏🏻,2024-04-13,0,0
instagram,"Las donaciones están genial, lo que no está bien, es hacer negocio de ellas. Como se lleva haciendo mucho tiempo . De vergüenza","Las donaciones están genial, lo que no está bien, es hacer negocio de ellas. Como se lleva haciendo mucho tiempo . De vergüenza",,2024-04-13,0,0
instagram,😂😂😂😂😂buen mensaje,buen mensaje,😂😂😂😂😂,2024-04-13,0,0
instagram,@alejandrodongiovanni @giulicragnolini,@alejandrodongiovanni @giulicragnolini,,2024-04-13,0,0
instagram,😂😂😂😂😂😂😂 graciasssss nachter CLARO Q SI A DONAR LOS Q PUEDAN SE AYUDA MUCHO,graciasssss nachter CLARO Q SI A DONAR LOS Q PUEDAN SE AYUDA MUCHO,😂😂😂😂😂😂😂,2024-04-13,0,0
instagram,😂😂😂😂😂🙌,,😂😂😂😂😂🙌,2024-04-13,0,0
instagram,menores de edad pueden donar?,menores de edad pueden donar?,,2024-04-13,0,0
instagram,Del 93 donante desde hace años siempre que puedo,Del 93 donante desde hace años siempre que puedo,,2024-04-13,0,0
instagram,👏👏👏👏👏👏👏👏,,👏👏👏👏👏👏👏👏,2024-04-13,0,0
instagram,"A mi mamita le salvó, gracias a los donantes! ❤️ yo le fallé por anemia 😢 es triste saberse inútil!","A mi mamita le salvó, gracias a los donantes! yo le fallé por anemia es triste saberse inútil!",❤️ 😢,2024-04-13,0,0
instagram,😂😂😂😂😂😂,,😂😂😂😂😂😂,2024-04-13,0,0
instagram,Amo al de rosa!!!!!!!!! Lo amoooooooo!,Amo al de rosa!!!!!!!!! Lo amoooooooo!,,2024-04-13,0,0
instagram,😂😂😂😂😂,,😂😂😂😂😂,2024-04-13,0,0
instagram,👏👏👏👏👏👏😂😂😂😂,,👏👏👏👏👏👏😂😂😂😂,2024-04-13,0,0
instagram,😂😂😂😂😂😂 volvió el desmayo. Es importantísimo donar sangre.,volvió el desmayo. Es importantísimo donar sangre.,😂😂😂😂😂😂,2024-04-13,0,0
instagram,😂😂😂😂 excelente si hay que donar sangre,excelente si hay que donar sangre,😂😂😂😂,2024-04-13,0,0
instagram,Gracias por dar voz a todos los que la necesita !,Gracias por dar voz a todos los que la necesita !,,2024-04-13,0,0
instagram,🤣😂🤣😂🤣😂🤣😂,,🤣😂🤣😂🤣😂🤣😂,2024-04-13,0,0
instagram,"Rejuvenecí varias décadas, me acabo de dar cuenta q soy generación 2010 😂😂😂😂","Rejuvenecí varias décadas, me acabo de dar cuenta q soy generación 2010",😂😂😂😂,2024-04-13,0,0
instagram,Otra vez ansiedad 😁😁😁 auque sea por una buena causa 🙌🙌🙌👏👏👏🙏🙏🙏💪💪💪,Otra vez ansiedad auque sea por una buena causa,😁😁😁 🙌🙌🙌👏👏👏🙏🙏🙏💪💪💪,2024-04-13,0,0
instagram,Que grande !!!!,Que grande !!!!,,2024-04-13,0,0
instagram,"Me encantan tus videos, me dan mucha risa, desde Argentina un saludo!!!!","Me encantan tus videos, me dan mucha risa, desde Argentina un saludo!!!!",,2024-04-13,0,0
instagram,Genioooooo,Genioooooo,,2024-04-13,0,0
instagram,😂😂😂,,😂😂😂,2024-04-13,0,0
instagram,"Soy edición 80, done,llegué a casa y pum! Ansiedad😂","Soy edición 80, done,llegué a casa y pum! Ansiedad",😂,2024-04-13,0,0
instagram,😂😂😂😂😂😂😂,,😂😂😂😂😂😂😂,2024-04-13,0,0
instagram,👏👏👏👏 Hermoso mensaje y muy importante,Hermoso mensaje y muy importante,👏👏👏👏,2024-04-13,0,0
instagram,Ayy pero que riquiño eres❤️,Ayy pero que riquiño eres,❤️,2024-04-13,0,0
instagram,"Generación blanda y de cristal, es decir comunista, golpista, socialista y LGTBYPOLLAS","Generación blanda y de cristal, es decir comunista, golpista, socialista y LGTBYPOLLAS",,2024-04-13,0,0
instagram,"Excelente mensaje! Abrazo desde Argentina,  aca estamos donando sangre todos los días desde hace muuucho...","Excelente mensaje! Abrazo desde Argentina, aca estamos donando sangre todos los días desde hace muuucho...",,2024-04-13,0,0
instagram,Tenía tiempo sin que le diera la ansiedad 😂😂😂😂😂,Tenía tiempo sin que le diera la ansiedad,😂😂😂😂😂,2024-04-13,0,0
instagram,👏👏👏👏👏👏👏👏👏👏👏,,👏👏👏👏👏👏👏👏👏👏👏,2024-04-13,0,0
instagram,😂😂😂😂😂,,😂😂😂😂😂,2024-04-13,0,0
instagram,👏👏👏,,👏👏👏,2024-04-13,0,0
instagram,Yo dono mínimo 1 vez al año,Yo dono mínimo 1 vez al año,,2024-04-13,0,0
instagram,😂😂😂😂😂,,😂😂😂😂😂,2024-04-13,0,0
instagram,Genial,Genial,,2024-04-13,0,0
instagram,😂,,😂,2024-04-13,0,0
instagram,Se ve que soy de los 90 😂,Se ve que soy de los 90,😂,2024-04-13,4,0
instagram,"Comenzó la sexta extinción masiva... Buen, masiva no. Del ser humano.","Comenzó la sexta extinción masiva... Buen, masiva no. Del ser humano.",,2024-04-13,0,0
instagram,@mailu.ce @maximiliano_elizondo 😂,@mailu.ce @maximiliano_elizondo,😂,2024-04-13,2,0
instagram,👏👏👏,,👏👏👏,2024-04-13,0,0
instagram,Soy del 2007 y hasta hoy lloro al tomar una inyección y mi madre me amenaza con pegar@e para q yo deje de llorar y dele al/la señor@ darme la inyección jsksjsjjsks,Soy del 2007 y hasta hoy lloro al tomar una inyección y mi madre me amenaza con pegar@e para q yo deje de llorar y dele al/la señor@ darme la inyección jsksjsjjsks,,2024-04-13,0,0
instagram,😂😂😂😂😂😂😂,,😂😂😂😂😂😂😂,2024-04-13,0,0
instagram,👏👏👏,,👏👏👏,2024-04-13,0,0
instagram,❤️❤️,,❤️❤️,2024-04-13,0,0
instagram,😂,,😂,2024-04-13,0,0
instagram,Los nacidos en 2010 son menores de edad no pueden 😉😏,Los nacidos en 2010 son menores de edad no pueden,😉😏,2024-04-13,0,0
instagram,Jajajajaja... Lo máximo. Humor con mensaje 👍🏻,Jajajajaja... Lo máximo. Humor con mensaje,👍🏻,2024-04-13,7,0
instagram,Ya soy donante de sangre 🤭,Ya soy donante de sangre,🤭,2024-04-13,0,0
instagram,😂 el suéter rosado de la última generación 😂😂😂😂😂,el suéter rosado de la última generación,😂 😂😂😂😂😂,2024-04-13,0,0
instagram,😂😂😂😂😂😂,,😂😂😂😂😂😂,2024-04-13,0,0
instagram,Me encantaaaa! 👏👏👏😂😂😂,Me encantaaaa!,👏👏👏😂😂😂,2024-04-13,0,0
instagram,Muchísima razón 👏,Muchísima razón,👏,2024-04-13,3,0
instagram,Aprovechen que se desmayó para pincharlo 😂😂😂😂,Aprovechen que se desmayó para pincharlo,😂😂😂😂,2024-04-13,0,0
instagram,😂😂😂😂😂😂,,😂😂😂😂😂😂,2024-04-13,0,0
instagram,Demasiado bueno 😂😂😂😂😂😂😂,Demasiado bueno,😂😂😂😂😂😂😂,2024-04-13,6,0
instagram,Cada vez más blanditos que importante es donar! Pequeños gestos que ayudan mucho 👏,Cada vez más blanditos que importante es donar! Pequeños gestos que ayudan mucho,👏,2024-04-13,0,0
instagram,Que buena campaña!!!👏👏👏👏,Que buena campaña!!!,👏👏👏👏,2024-04-13,0,0
instagram,Jajajaj!!! Amoooooo esa garrotera de la amsiedad!!🤣🤣🤣🤣,Jajajaj!!! Amoooooo esa garrotera de la amsiedad!!,🤣🤣🤣🤣,2024-04-13,2,0
instagram,"Nací en el 72' y no puedo ver sangre, me mareo, me da ansiedad!😂","Nací en el 72' y no puedo ver sangre, me mareo, me da ansiedad!",😂,2024-04-13,0,0
instagram,El amigo ansiedad nunca falla 🤣😂🤣,El amigo ansiedad nunca falla,🤣😂🤣,2024-04-13,3,0
instagram,😂😂😍,,😂😂😍,2024-04-13,0,0
instagram,Excelente mensaje,Excelente mensaje,,2024-04-13,1,0
instagram,Jajajajajaja extrañaba a ANCIEDAAAD Jajajaja,Jajajajajaja extrañaba a ANCIEDAAAD Jajajaja,,2024-04-13,0,0
instagram,😂😂😂😂,,😂😂😂😂,2024-04-13,0,0
instagram,👏👏👏👏,,👏👏👏👏,2024-04-13,1,0
instagram,Qué grande @nachter,Qué grande @nachter,,2024-04-13,0,0
instagram,😂,,😂,2024-04-13,0,0
instagram,😂😂😂,,😂😂😂,2024-04-13,0,0
instagram,A mi hijo de 10 años le encanta el personaje de ansiedad 😂,A mi hijo de 10 años le encanta el personaje de ansiedad,😂,2024-04-13,0,0
instagram,Las personas del 2000 a 2010  son perfectos.,Las personas del 2000 a 2010 son perfectos.,,2024-04-13,0,0
instagram,👏👏👏👏👏👏,,👏👏👏👏👏👏,2024-04-13,0,0
instagram,😂😂😂😂😂,,😂😂😂😂😂,2024-04-13,0,0
instagram,"La mejor publicidad que he visto en meses, 👏👏👏","La mejor publicidad que he visto en meses,",👏👏👏,2024-04-13,157,0
instagram,Cuando puedas mira mi privado porfa es para algo muy importante de mi mama,Cuando puedas mira mi privado porfa es para algo muy importante de mi mama,,2024-04-13,1,0
instagram,"😂😂😂😂😂😂 
La generación de cristal 
🤣🤣🤣🤣🤣🤣🤣",La generación de cristal,😂😂😂😂😂😂 🤣🤣🤣🤣🤣🤣🤣,2024-04-13,0,0
instagram,👏👏👏👏👏👏👏❤️,,👏👏👏👏👏👏👏❤️,2024-04-13,0,0
instagram,👏👏👏,,👏👏👏,2024-04-13,0,0
instagram,👏👏👏👏👏,,👏👏👏👏👏,2024-04-13,0,0
instagram,La última vez que fui a donar no me dejaron y me recomendaron que fuera a hacerme análisis. Les di tanta pena que me dieron el bocadillo igualmente 🤣,La última vez que fui a donar no me dejaron y me recomendaron que fuera a hacerme análisis. Les di tanta pena que me dieron el bocadillo igualmente,🤣,2024-04-13,7,1
instagram,👏👏🙌😂,,👏👏🙌😂,2024-04-13,0,0
instagram,Te como la cara. Ojalá la gente se conciencie.,Te como la cara. Ojalá la gente se conciencie.,,2024-04-13,0,0
instagram,Pero mi hija es del 2010 y no le teme a nada es una 4x4 😂😂😂 yo que soy del 82 le tengo pánico a las agujas😂,Pero mi hija es del 2010 y no le teme a nada es una 4x4 yo que soy del 82 le tengo pánico a las agujas,😂😂😂 😂,2024-04-13,14,1
instagram,👏👏👏Que buen mensaje!! Aplica para cualquier lugar.,Que buen mensaje!! Aplica para cualquier lugar.,👏👏👏,2024-04-13,0,0
instagram,👏👏👏😂😂,,👏👏👏😂😂,2024-04-13,0,0
instagram,😂😂😂😂😂😂😂😂😂😂😂😂😂😂😂😂😂😍😍👏👏👏👏👏👏👏👏👏,,😂😂😂😂😂😂😂😂😂😂😂😂😂😂😂😂😂😍😍👏👏👏👏👏👏👏👏👏,2024-04-13,0,0
instagram,😍😍😍,,😍😍😍,2024-04-13,0,0
instagram,😂😂😂👏👏❤️,,😂😂😂👏👏❤️,2024-04-13,0,0
instagram,😂😂😂,,😂😂😂,2024-04-13,0,0
instagram,Crack,Crack,,2024-04-13,0,0
instagram,👏👏👏👏😂👏👏👏👏,,👏👏👏👏😂👏👏👏👏,2024-04-13,0,0
instagram,😍😍😍😍,,😍😍😍😍,2024-04-13,0,0
instagram,Jajajajajaj,Jajajajajaj,,2024-04-13,0,0
instagram,Cuanta razón tienes! A mi me salvó hace dos días. Gracias a todos los donantes!!!,Cuanta razón tienes! A mi me salvó hace dos días. Gracias a todos los donantes!!!,,2024-04-13,575,22
instagram,"Dos donaciones, dos desmayos","Dos donaciones, dos desmayos",,2024-04-13,0,0
instagram,Cómo te quiero nachoooo,Cómo te quiero nachoooo,,2024-04-13,0,0
instagram,Ansiedad 😂😂😂😂 me mata😂😂😂,Ansiedad me mata,😂😂😂😂 😂😂😂,2024-04-13,0,0
instagram,😂,,😂,2024-04-13,0,0
instagram,😅😅😅,,😅😅😅,2024-04-13,0,0
instagram,😂😂😂😂😂😂,,😂😂😂😂😂😂,2024-04-13,0,0
instagram,"@mariavacilon 2001, y pánico a las agujas xD, mi padre que es del 64 igual","@mariavacilon 2001, y pánico a las agujas xD, mi padre que es del 64 igual",,2024-04-14,0,0
instagram,@selmoide 😂😂😂 tb me pasó,@selmoide tb me pasó,😂😂😂,2024-04-14,0,0
instagram,😂😂😂❤️❤️❤️,,😂😂😂❤️❤️❤️,2024-04-13,0,0
instagram,😂😂😂😂😂😂,,😂😂😂😂😂😂,2024-04-13,0,0
instagram,👏👏👏,,👏👏👏,2024-04-13,0,0
instagram,👏👏👏👏👏,,👏👏👏👏👏,2024-04-13,0,0
instagram,3 veces al año las mujeres. Por aquí ya son muchos años donando,3 veces al año las mujeres. Por aquí ya son muchos años donando,,2024-04-13,38,2
instagram,Capoooo👏👏👏👏😂😂😂😂,Capoooo,👏👏👏👏😂😂😂😂,2024-04-13,0,0
instagram,Sabía que iba a darte ansiedad 🤣😃😃,Sabía que iba a darte ansiedad,🤣😃😃,2024-04-13,42,0
instagram,😂😂😂😂😂😂😂😂😂,,😂😂😂😂😂😂😂😂😂,2024-04-13,0,0
instagram,😱🤭🤭🤭,,😱🤭🤭🤭,2024-04-13,0,0
instagram,Eres genial 👏🙌,Eres genial,👏🙌,2024-04-13,3,0
instagram,Gracias por este video!!! 👏👏👏,Gracias por este video!!!,👏👏👏,2024-04-13,9,0
instagram,😂😂😂😂😂,,😂😂😂😂😂,2024-04-13,0,0
instagram,Extraordinario,Extraordinario,,2024-04-13,5,0
instagram,Bravo!,Bravo!,,2024-04-13,0,0
instagram,"Está genial, pero los nacidos en el 2010 no pueden donar al no tener la mayoría de edad,dona sangre!!!","Está genial, pero los nacidos en el 2010 no pueden donar al no tener la mayoría de edad,dona sangre!!!",,2024-04-13,6,1
instagram,@martamfresno ❤️🙏,@martamfresno,❤️🙏,2024-04-13,1,0
instagram,@martamfresno Dios prohíbe la donación de sangre. La sangre es sagrada.,@martamfresno Dios prohíbe la donación de sangre. La sangre es sagrada.,,2024-04-14,0,0
instagram,@fernandoleiva2022 🙄,@fernandoleiva2022,🙄,2024-04-14,6,0
instagram,@fernandoleiva2022 dejate de chorradas!! No dones si no quieres xo no vengas a j* con tus 💩,@fernandoleiva2022 dejate de chorradas!! No dones si no quieres xo no vengas a j* con tus,💩,2024-04-14,1,0
instagram,@fernandoleiva2022  2segundos dejo abierto el portón y ya empezas a publicar b@lucedes,@fernandoleiva2022 2segundos dejo abierto el portón y ya empezas a publicar b@lucedes,,2024-04-14,5,0
instagram,Perdón gente se me escapó mí primo retra$ado,Perdón gente se me escapó mí primo retra$ado,,2024-04-14,6,0
instagram,@martamfresno amén 🙏,@martamfresno amén,🙏,2024-04-15,0,0
instagram,@fernandoleiva2022 mejor morir no? Patética!,@fernandoleiva2022 mejor morir no? Patética!,,2024-04-15,0,0
instagram,@fernandoleiva2022 en qué pasaje bíblico lo dicen? Es importante interpretar bien la biblia❤️,@fernandoleiva2022 en qué pasaje bíblico lo dicen? Es importante interpretar bien la biblia,❤️,2024-04-20,1,0
instagram,@mamaluzcajasdeluz  jajajaja si eso nos pasa por sangronas,@mamaluzcajasdeluz jajajaja si eso nos pasa por sangronas,,2024-04-13,2,0
instagram,@lu.kintsugui pues menopáusicas sigue siendo 3 veces al año y no sé por qué porque ya no sangramos...,@lu.kintsugui pues menopáusicas sigue siendo 3 veces al año y no sé por qué porque ya no sangramos...,,2024-04-13,0,0
instagram,@ndongsalmos_23_y_91 LEVÍTICO 17:14,@ndongsalmos_23_y_91 LEVÍTICO 17:14,,2024-04-21,0,0
instagram,"@fernandoleiva2022  cariño hablan de comer sangre, no de transfusión de sangre, creo q son cosas muy distintas; a parte de eso están hablando de sangre de animales","@fernandoleiva2022 cariño hablan de comer sangre, no de transfusión de sangre, creo q son cosas muy distintas; a parte de eso están hablando de sangre de animales",,2024-04-21,0,0
instagram,"@martamfresno Es cuestión de fé, no hay necesidad de burla.","@martamfresno Es cuestión de fé, no hay necesidad de burla.",,2024-04-21,0,0
instagram,"@mad_mike.69 No tienes idea de lo que dices. Si tuvieras un poquito de conocimiento, no te animarías a decir eso ni en broma.","@mad_mike.69 No tienes idea de lo que dices. Si tuvieras un poquito de conocimiento, no te animarías a decir eso ni en broma.",,2024-04-21,0,0
instagram,@ndongsalmos_23_y_91 Dios lo dice bien clarito! Abstenerse de la sangre.,@ndongsalmos_23_y_91 Dios lo dice bien clarito! Abstenerse de la sangre.,,2024-04-21,0,0
instagram,"@fernandoleiva2022 q noo, en ningún lugar de la biblia dicen q es preferible dejar a tu hermano morir antes de compartir tu sangre, Jesucristo dio su vida por nosotros y su sangre viene incluido, lo mínimo q es compartir tu sangre con tu hermano es lo q llamas pecado?","@fernandoleiva2022 q noo, en ningún lugar de la biblia dicen q es preferible dejar a tu hermano morir antes de compartir tu sangre, Jesucristo dio su vida por nosotros y su sangre viene incluido, lo mínimo q es compartir tu sangre con tu hermano es lo q llamas pecado?",,2024-04-21,1,0
instagram,@ndongsalmos_23_y_91 HECHOS 15:19-20,@ndongsalmos_23_y_91 HECHOS 15:19-20,,2024-04-22,0,0
instagram,"@fernandoleiva2022  no he hecho burla a nadie. Tú tienes tos creencias y yo no soy teóloga como para andar discutiendo contigo. Soy cristiana y jamás me enseñaron eso. Pero no seré yo la que vaya a discutirlo contigo. Respeta, por favor, que no estemos de acuerdo y deja ya el tema. Gracias","@fernandoleiva2022 no he hecho burla a nadie. Tú tienes tos creencias y yo no soy teóloga como para andar discutiendo contigo. Soy cristiana y jamás me enseñaron eso. Pero no seré yo la que vaya a discutirlo contigo. Respeta, por favor, que no estemos de acuerdo y deja ya el tema. Gracias",,2024-04-22,0,0
instagram,"@fernandoleiva2022 allí tampoco lo dice, lea primero el contexto de esa cita bíblica. En ningún momento hablan de compartir sangre o transfusión 🥺","@fernandoleiva2022 allí tampoco lo dice, lea primero el contexto de esa cita bíblica. En ningún momento hablan de compartir sangre o transfusión",🥺,2024-04-22,0,0
instagram,En serio que está generación es así de delicadita en tooodo😂,En serio que está generación es así de delicadita en tooodo,😂,2024-04-13,18,1
instagram,❤️❤️❤️❤️❤️,,❤️❤️❤️❤️❤️,2024-04-13,0,0
instagram,Que lindo mensaje con humor,Que lindo mensaje con humor,,2024-04-13,88,1
instagram,Final épico😂,Final épico,😂,2024-04-13,2,0
instagram,🩸💉👌🙏,,🩸💉👌🙏,2024-04-13,3,0
instagram,😂😂😂😂😂,,😂😂😂😂😂,2024-04-13,0,0
instagram,Jajajajaja. Estaba esperando el momento del desmayo con mucha ansiedad!,Jajajajaja. Estaba esperando el momento del desmayo con mucha ansiedad!,,2024-04-13,331,8
instagram,"Soy la última me desmayo me da rabia con migo misma pero bueno desde toda la vida me pasa,cuando era chica mi madre me llevava a vacunar y me desmayaba 😢","Soy la última me desmayo me da rabia con migo misma pero bueno desde toda la vida me pasa,cuando era chica mi madre me llevava a vacunar y me desmayaba",😢,2024-04-13,14,0
instagram,Excelente mensaje salvemos vidas,Excelente mensaje salvemos vidas,,2024-04-13,44,0
instagram,Lindo mensaje,Lindo mensaje,,2024-04-13,0,0
instagram,😂😂😂👏👏👏,,😂😂😂👏👏👏,2024-04-13,0,0
instagram,Los de la generación de cristal no pueden donar sangre porque no tienen 😂,Los de la generación de cristal no pueden donar sangre porque no tienen,😂,2024-04-13,932,67
instagram,🙌🙌,,🙌🙌,2024-04-13,0,0
instagram,"No me queda sangre, me la ha chupado toda el e Estado vía impuestos","No me queda sangre, me la ha chupado toda el e Estado vía impuestos",,2024-04-13,122,6
instagram,👏👏,,👏👏,2024-04-13,0,0
instagram,"@ndongsalmos_23_y_91 Están bien, está visto que usted está empecinada a negarlo todo! Pero sepa que yo no le miento, y Jehová Dios prohíbe que la sangre de un hombre pase a otro.","@ndongsalmos_23_y_91 Están bien, está visto que usted está empecinada a negarlo todo! Pero sepa que yo no le miento, y Jehová Dios prohíbe que la sangre de un hombre pase a otro.",,2024-04-22,0,0
instagram,@martamfresno te voy a poner la misma carita 🙄,@martamfresno te voy a poner la misma carita,🙄,2024-04-22,0,0
instagram,"@ntx75 eso mismo estaba pensando, pero en un par de años más va a seguir vigente el video 😂","@ntx75 eso mismo estaba pensando, pero en un par de años más va a seguir vigente el video",😂,2024-04-14,1,0
instagram,@lunanouel linda sos vos,@lunanouel linda sos vos,,2024-04-13,1,0
instagram,"Hermoso, hermoso, excelente! 🫶🏼","Hermoso, hermoso, excelente!",🫶🏼,2024-04-13,9,0
instagram,💯 👏🏽,,💯 👏🏽,2024-04-13,3,0
instagram,Eres increíble!!!😂😂😂😂👏👏👏,Eres increíble!!!,😂😂😂😂👏👏👏,2024-04-13,10,0
instagram,En los 80 la llevaba yo mismo la sangre en una botella de vodka.,En los 80 la llevaba yo mismo la sangre en una botella de vodka.,,2024-04-13,201,13
instagram,👏🏻👏🏻👏🏻👏🏻👏🏻,,👏🏻👏🏻👏🏻👏🏻👏🏻,2024-04-13,2,0
instagram,@doctoraperfida 😂😂,@doctoraperfida,😂😂,2024-04-13,4,0
instagram,@doctoraperfida 😂😂😂😂😂,@doctoraperfida,😂😂😂😂😂,2024-04-13,2,0
instagram,@doctoraperfida jajajajaja 😂😂😂,@doctoraperfida jajajajaja,😂😂😂,2024-04-13,3,0
instagram,@doctoraperfida 😂😂😂😂😂😂😂,@doctoraperfida,😂😂😂😂😂😂😂,2024-04-13,3,0
instagram,@doctoraperfida 😂😂😂😂😂😂😂,@doctoraperfida,😂😂😂😂😂😂😂,2024-04-13,3,0
instagram,@doctoraperfida 😂😂😂😂🤭🤭🤭🙏,@doctoraperfida,😂😂😂😂🤭🤭🤭🙏,2024-04-13,3,0
instagram,@doctoraperfida 😂😂,@doctoraperfida,😂😂,2024-04-13,1,0
instagram,@doctoraperfida 😂😂😂😂,@doctoraperfida,😂😂😂😂,2024-04-13,1,0
instagram,@doctoraperfida 😂😂😂😂 cierto!,@doctoraperfida cierto!,😂😂😂😂,2024-04-13,1,0
instagram,"@zaidasantos77 no es broma, mira en redes sociales, si no les parece un comentario te atacan a morir, hasta pueden llegar a ser irrespetuoso","@zaidasantos77 no es broma, mira en redes sociales, si no les parece un comentario te atacan a morir, hasta pueden llegar a ser irrespetuoso",,2024-04-13,0,0
instagram,@doctoraperfida 😂😂😂😂😂,@doctoraperfida,😂😂😂😂😂,2024-04-13,1,0
instagram,"@doctoraperfida vale cómo slogan de camisetas, tazas etc 😂","@doctoraperfida vale cómo slogan de camisetas, tazas etc",😂,2024-04-13,7,0
instagram,@elveawen igual lo pongo en la tienda 😂,@elveawen igual lo pongo en la tienda,😂,2024-04-13,4,0
instagram,@doctoraperfida 😂😂😂😂😂,@doctoraperfida,😂😂😂😂😂,2024-04-13,1,0
instagram,@doctoraperfida 😂😂😂,@doctoraperfida,😂😂😂,2024-04-13,1,0
instagram,@doctoraperfida  mala maldad 😂😂😂😂,@doctoraperfida mala maldad,😂😂😂😂,2024-04-13,1,0
instagram,@doctoraperfida con dibujo de la yaya con gorro de enfermera de tiempos de la guerra y una jeringuilla tamaño bazooka... Yo lo veo eh? 😂,@doctoraperfida con dibujo de la yaya con gorro de enfermera de tiempos de la guerra y una jeringuilla tamaño bazooka... Yo lo veo eh?,😂,2024-04-13,3,0
instagram,@doctoraperfida 😂😂😂te la bañasteee!! 😂😂,@doctoraperfida te la bañasteee!!,😂😂😂 😂😂,2024-04-13,1,0
instagram,@doctoraperfida 😂😂😂,@doctoraperfida,😂😂😂,2024-04-13,1,0
instagram,@heraldorearte 😂😂😂😂😂😂😂,@heraldorearte,😂😂😂😂😂😂😂,2024-04-13,3,0
instagram,@heraldorearte 🤣🤣🤣🤣🤣🤣🤣🤣🤣,@heraldorearte,🤣🤣🤣🤣🤣🤣🤣🤣🤣,2024-04-13,1,0
instagram,@heraldorearte 😂😂😂😂 ese si es un hombre de verdad👏👏👏,@heraldorearte ese si es un hombre de verdad,😂😂😂😂 👏👏👏,2024-04-13,4,0
instagram,@heraldorearte 😂😂😂,@heraldorearte,😂😂😂,2024-04-13,0,0
instagram,@heraldorearte 😂😂,@heraldorearte,😂😂,2024-04-13,0,0
instagram,@heraldorearte 🤣🤣🤣🤣🤣,@heraldorearte,🤣🤣🤣🤣🤣,2024-04-13,0,0
instagram,@heraldorearte lo malo es que el receptor se emborrachaba un poco pero bueno eso que se llevaba. 😂😂😂😂,@heraldorearte lo malo es que el receptor se emborrachaba un poco pero bueno eso que se llevaba.,😂😂😂😂,2024-04-13,2,0
instagram,@heraldorearte 😂😂😂😂😂😂😂,@heraldorearte,😂😂😂😂😂😂😂,2024-04-13,0,0
instagram,@heraldorearte 😂😂😂😂,@heraldorearte,😂😂😂😂,2024-04-13,0,0
instagram,@asierdt wajaajajajajjajaja,@asierdt wajaajajajajjajaja,,2024-04-13,1,0
instagram,@asierdt jajaja exacto,@asierdt jajaja exacto,,2024-04-13,0,0
instagram,@asierdt 😂😂😂😂😂😂,@asierdt,😂😂😂😂😂😂,2024-04-13,0,0
instagram,@asierdt autónomo??,@asierdt autónomo??,,2024-04-13,0,0
instagram,@asierdt genial 🤣🤣🤣,@asierdt genial,🤣🤣🤣,2024-04-14,0,0
instagram,@heraldorearte 🤣🤣🤣🤣🤣 yo en los años de la independencia llevaba mi sangre en bolsa a caballo 💪🏼💪🏼💪🏼,@heraldorearte yo en los años de la independencia llevaba mi sangre en bolsa a caballo,🤣🤣🤣🤣🤣 💪🏼💪🏼💪🏼,2024-04-13,0,0
instagram,@heraldorearte 😂😂😂😂😂😂,@heraldorearte,😂😂😂😂😂😂,2024-04-13,0,0
instagram,@heraldorearte 😂😂😂😂,@heraldorearte,😂😂😂😂,2024-04-14,0,0
instagram,@heraldorearte En una botella de vodka? 🗿слава России😂😂🇷🇺,@heraldorearte En una botella de vodka? слава России,🗿 😂😂🇷🇺,2024-04-21,0,0
instagram,@alexaenbici 😂😂,@alexaenbici,😂😂,2024-04-13,1,0
instagram,@alexaenbici 👏👏su mensaje muy gracioso....buenisimo ..me hizo sonreir...👏👏👏,@alexaenbici su mensaje muy gracioso....buenisimo ..me hizo sonreir...,👏👏 👏👏👏,2024-04-13,1,0
instagram,@alexaenbici 😂😂,@alexaenbici,😂😂,2024-04-13,1,0
instagram,@alexaenbici 😂😍,@alexaenbici,😂😍,2024-04-13,1,0
instagram,@alexaenbici 🤣🤣🤣,@alexaenbici,🤣🤣🤣,2024-04-13,1,0
instagram,@alexaenbici esta vez no hubo ruido de cristales!,@alexaenbici esta vez no hubo ruido de cristales!,,2024-04-13,2,0
instagram,@alexaenbici jajajajaja...ssiii.🤣🤣🤣🤣,@alexaenbici jajajajaja...ssiii.,🤣🤣🤣🤣,2024-04-14,1,0
instagram,@adela.sancheznavarro.1 cierto! Pero se compensa con los gemidos al final cuando lo arrastra 😂,@adela.sancheznavarro.1 cierto! Pero se compensa con los gemidos al final cuando lo arrastra,😂,2024-04-14,2,0
instagram,@doctoraperfida solo tienen tik tok,@doctoraperfida solo tienen tik tok,,2024-04-13,2,0
instagram,@doctoraperfida 🤣🤣🤣🤣🤣🤣🤣🤣🤣🤣🤣,@doctoraperfida,🤣🤣🤣🤣🤣🤣🤣🤣🤣🤣🤣,2024-04-13,1,0
instagram,@doctoraperfida 😂😂😂😂😂,@doctoraperfida,😂😂😂😂😂,2024-04-13,1,0
instagram,@doctoraperfida  ni sangre ni corazón jajajajjajajajajaj,@doctoraperfida ni sangre ni corazón jajajajjajajajajaj,,2024-04-13,3,0
instagram,@doctoraperfida 😂😂😂😂,@doctoraperfida,😂😂😂😂,2024-04-13,1,0
instagram,@doctoraperfida les da Ansiedad😂😂😂,@doctoraperfida les da Ansiedad,😂😂😂,2024-04-13,4,0
instagram,@doctoraperfida 😂,@doctoraperfida,😂,2024-04-13,1,0
instagram,@doctoraperfida 😂😂😂😂😂😂😂😂😂,@doctoraperfida,😂😂😂😂😂😂😂😂😂,2024-04-13,1,0
instagram,@doctoraperfida xq nos lo han extraido las vampiras de nuestra generación,@doctoraperfida xq nos lo han extraido las vampiras de nuestra generación,,2024-04-13,0,0
instagram,@doctoraperfida 🤣🤣🤣,@doctoraperfida,🤣🤣🤣,2024-04-13,1,0
instagram,@iris_1997_art pura estadística,@iris_1997_art pura estadística,,2024-04-13,3,0
instagram,@doctoraperfida totalmente🤣🤣🤣,@doctoraperfida totalmente,🤣🤣🤣,2024-04-13,1,0
instagram,@doctoraperfida tienen perfumada 🍾🚬,@doctoraperfida tienen perfumada,🍾🚬,2024-04-13,1,0
instagram,@doctoraperfida ok,@doctoraperfida ok,,2024-04-13,1,0
instagram,@doctoraperfida 😂😂😂😂😂😂😂,@doctoraperfida,😂😂😂😂😂😂😂,2024-04-13,1,0
instagram,@doctoraperfida 😂😂😂😂😂😂,@doctoraperfida,😂😂😂😂😂😂,2024-04-13,1,0
instagram,@doctoraperfida el mejor comentario 😂,@doctoraperfida el mejor comentario,😂,2024-04-13,1,0
instagram,@doctoraperfida 😂😂😂,@doctoraperfida,😂😂😂,2024-04-13,1,0
instagram,@doctoraperfida 🙌,@doctoraperfida,🙌,2024-04-13,1,0
instagram,@doctoraperfida que grande eres!,@doctoraperfida que grande eres!,,2024-04-13,1,0
instagram,@doctoraperfida nadie puede negar que la aguja es muy gorda 😂,@doctoraperfida nadie puede negar que la aguja es muy gorda,😂,2024-04-13,0,0
instagram,@doctoraperfida ustedes como que se olvidaron que la que llaman generación de cristal lo criaron ustedes,@doctoraperfida ustedes como que se olvidaron que la que llaman generación de cristal lo criaron ustedes,,2024-04-13,0,0
instagram,"@carolinabracamonteg no, querida, yo no crié a nadie 😂","@carolinabracamonteg no, querida, yo no crié a nadie",😂,2024-04-13,4,0
instagram,@doctoraperfida 😂❤️,@doctoraperfida,😂❤️,2024-04-13,1,0
instagram,"@doctoraperfida Si, tienen horchata jajaja","@doctoraperfida Si, tienen horchata jajaja",,2024-04-13,1,0
instagram,@doctoraperfida 😂😂😂😂😂😂,@doctoraperfida,😂😂😂😂😂😂,2024-04-13,1,0
instagram,@doctoraperfida 😂,@doctoraperfida,😂,2024-04-14,0,0
instagram,@doctoraperfida 🤣🤣🤣🤣🤣,@doctoraperfida,🤣🤣🤣🤣🤣,2024-04-14,0,0
instagram,@doctoraperfida zascaaaaaas 🤣🤣🤣 en to’ la cara!,@doctoraperfida zascaaaaaas en to’ la cara!,🤣🤣🤣,2024-04-14,1,0
instagram,@doctoraperfida 😂😂,@doctoraperfida,😂😂,2024-04-14,1,0
instagram,@doctoraperfida 😂,@doctoraperfida,😂,2024-04-14,1,0
instagram,@doctoraperfida 😂😂😂😂😂,@doctoraperfida,😂😂😂😂😂,2024-04-14,1,0
instagram,@doctoraperfida 😂😂😂😂😂😂😂,@doctoraperfida,😂😂😂😂😂😂😂,2024-04-14,1,0
instagram,@doctoraperfida 😂😂😂,@doctoraperfida,😂😂😂,2024-04-14,1,0
instagram,@doctoraperfida 😂😂😂😂 genial jajajaja,@doctoraperfida genial jajajaja,😂😂😂😂,2024-04-14,1,0
instagram,@doctoraperfida 😂😂😂😂,@doctoraperfida,😂😂😂😂,2024-04-14,1,0
instagram,@doctoraperfida la van a querer cobrar por mil,@doctoraperfida la van a querer cobrar por mil,,2024-04-14,0,0
instagram,@doctoraperfida 🤣🤣🤣,@doctoraperfida,🤣🤣🤣,2024-04-14,1,0
instagram,@doctoraperfida 😂,@doctoraperfida,😂,2024-04-14,1,0
instagram,@doctoraperfida 😂😂😂😂😂👏👏👏👏,@doctoraperfida,😂😂😂😂😂👏👏👏👏,2024-04-14,1,0
instagram,@doctoraperfida jajajajajajajajaja me encanto,@doctoraperfida jajajajajajajajaja me encanto,,2024-04-15,1,0
instagram,@doctoraperfida 😂😂😂😂 verdad.,@doctoraperfida verdad.,😂😂😂😂,2024-04-16,0,0
instagram,@doctoraperfida 😂😂😂😂😂jajajaja!!!!,@doctoraperfida jajajaja!!!!,😂😂😂😂😂,2024-04-16,1,0
instagram,@iris_1997_art eres la excepción que confirma la regla!,@iris_1997_art eres la excepción que confirma la regla!,,2024-04-16,0,0
instagram,@carolinabracamonteg no. Mis hijos nacieron antes del 2000!,@carolinabracamonteg no. Mis hijos nacieron antes del 2000!,,2024-04-16,0,0
instagram,@doctoraperfida 👏👏👏,@doctoraperfida,👏👏👏,2024-04-17,1,0
instagram,@doctoraperfida ahí le has dao 😂,@doctoraperfida ahí le has dao,😂,2024-04-18,1,0
instagram,@doctoraperfida 😂😂😂😂😂😂😂😂😂😂😂,@doctoraperfida,😂😂😂😂😂😂😂😂😂😂😂,2024-04-26,1,0
tiktok,Q tiene q ver el piercing con donar sangre ?,Q tiene q ver el piercing con donar sangre ?,,2023-12-09,377,4
tiktok,"yo tmbn estoy en la d móstoles, dejan con tattos?","yo tmbn estoy en la d móstoles, dejan con tattos?",,2023-11-23,105,4
tiktok,me quedé sola a traición,me quedé sola a traición,,2023-11-23,257,1
tiktok,yo ahora que estoy dejando los vicios el tabaco y el alcohol cuando lo consiga donare sangre es que le puede salvar la vida a alguien,yo ahora que estoy dejando los vicios el tabaco y el alcohol cuando lo consiga donare sangre es que le puede salvar la vida a alguien,,2024-01-10,1,0
tiktok,me acuerdo que está chica hacia videos con plex,me acuerdo que está chica hacia videos con plex,,2024-01-15,1,0
tiktok,"me dan mal rollo las agujas, pero si dan la Cocacola por adelantado voy y digo eso del piercing","me dan mal rollo las agujas, pero si dan la Cocacola por adelantado voy y digo eso del piercing",,2024-01-23,1,0
tiktok,"Donar está bien,pero mejor ir al hospital,sabías que ellos cobran 70 € por bolsa al hospital,tú te lo llevaste cocacola por 70€","Donar está bien,pero mejor ir al hospital,sabías que ellos cobran 70 € por bolsa al hospital,tú te lo llevaste cocacola por 70€",,2025-05-14,2,1
tiktok,regalar vida.muy bien echo 🥰🥰🥰,regalar vida.muy bien echo,🥰🥰🥰,2024-01-10,1,0
tiktok,"Como dato, cruz roja es un vendedor de sangre a hospitales, es decir, que tu sangre es vendida, en cambio los hospitales las usan para ellos.","Como dato, cruz roja es un vendedor de sangre a hospitales, es decir, que tu sangre es vendida, en cambio los hospitales las usan para ellos.",,2024-01-09,2,0
tiktok,"NO DONEIS EN LA CRUZ ROJA, la venden a los hospitales para llevarse un extra","NO DONEIS EN LA CRUZ ROJA, la venden a los hospitales para llevarse un extra",,2024-01-08,2,0
tiktok,Peeerdon🫶🫶,Peeerdon,🫶🫶,2023-11-24,36,0
tiktok,🥰🥰🥰,,🥰🥰🥰,2026-01-25,0,0
tiktok,No hay bocata ?,No hay bocata ?,,2023-11-24,2,1
tiktok,De donde son los pendientes?,De donde son los pendientes?,,2023-11-24,1,1
tiktok,Y plex,Y plex,,2023-12-01,3,0
tiktok,primeraaa🥰,primeraaa,🥰,2023-11-23,2,0
tiktok,segundoooo,segundoooo,,2023-11-23,4,0
tiktok,tío la universidad parece las encinas de élite,tío la universidad parece las encinas de élite,,2024-01-13,1,0
tiktok,puedes enseñar el piercing,puedes enseñar el piercing,,2023-12-25,2,0
tiktok,la intención era buena y hace falta sangre bien hecho chicas,la intención era buena y hace falta sangre bien hecho chicas,,2023-11-24,3,0
tiktok,Venden la sangre a 60€,Venden la sangre a 60€,,2023-12-01,0,0
tiktok,la cruz roja vende la sangre a los hospitales. Si vais directamente al banco de donantes del hospital es mejor pq no hacen negocio con las donaciones.,la cruz roja vende la sangre a los hospitales. Si vais directamente al banco de donantes del hospital es mejor pq no hacen negocio con las donaciones.,,2024-01-10,3,0
tiktok,que humilde mía khalifa donando sangre eres mi idola,que humilde mía khalifa donando sangre eres mi idola,,2023-12-24,2,0
tiktok,Yo espero que me den una Coca Cola o algo JAJAJA,Yo espero que me den una Coca Cola o algo JAJAJA,,2023-12-22,1,0
tiktok,rey Juan Carlos Móstoles?,rey Juan Carlos Móstoles?,,2024-01-14,1,0
tiktok,mil gracias🙏💕!!!! hace mucha falta💪💪🙏🥰🥰,mil gracias !!!! hace mucha falta,🙏💕 💪💪🙏🥰🥰,2024-01-10,1,0
tiktok,Haber el piercing,Haber el piercing,,2023-12-24,0,0
tiktok,Tienes la misma voz que Ester Exposito,Tienes la misma voz que Ester Exposito,,2023-11-24,2,0
tiktok,Tu salistes a yo soy plex no,Tu salistes a yo soy plex no,,2024-01-03,4,0
tiktok,de donde es tu top?,de donde es tu top?,,2023-12-17,1,0
tiktok,Es super bueno donar sangre,Es super bueno donar sangre,,2023-12-01,1,0
tiktok,Por infecciones como vih o otras demoran eso demora la incubación o el proceso,Por infecciones como vih o otras demoran eso demora la incubación o el proceso,,2023-12-31,48,0
tiktok,Si te haces un piercing/tatto hace menos de tantos meses no puedes donar,Si te haces un piercing/tatto hace menos de tantos meses no puedes donar,,2023-12-29,3,0
tiktok,donar no es acto altruista?,donar no es acto altruista?,,2025-08-13,0,0
tiktok,@Naira,@Naira,,2023-11-29,2,1
tiktok,"ir a donar a un hospital!!!!!!! ahí luego la venden al paciente, es una mierda","ir a donar a un hospital!!!!!!! ahí luego la venden al paciente, es una mierda",,2023-11-24,2,0
tiktok,la novia d rubygex,la novia d rubygex,,2023-11-23,2,0
tiktok,urjc mostoles manda,urjc mostoles manda,,2023-11-23,2,0
tiktok,😂😂😂,,😂😂😂,2024-01-12,1,0
tiktok,Esos pintitos muy buenos pa el sevilla,Esos pintitos muy buenos pa el sevilla,,2024-01-31,1,0
tiktok,@Labicoo💛🖤,@Labicoo,💛🖤,2024-01-09,1,0
tiktok,Carnet sin examen? Si es possible mas ifo MD 🤑🤑,Carnet sin examen? Si es possible mas ifo MD,🤑🤑,2024-02-20,1,0
tiktok,😂😂,,😂😂,2023-11-23,0,0
tiktok,te pareces a la hija de Joaquín,te pareces a la hija de Joaquín,,2024-01-14,0,0
tiktok,tiene que pasar 1 años desde que te los hiciste para donar,tiene que pasar 1 años desde que te los hiciste para donar,,2025-05-03,0,0
tiktok,si luego de los 4 meses del tatuaje,si luego de los 4 meses del tatuaje,,2023-11-30,0,0
tiktok,Claro igual que los piercings,Claro igual que los piercings,,2023-11-23,3,0
tiktok,creo que puedes cuando pasan 4 meses desde que te hiciste el tatu si no me equivoco,creo que puedes cuando pasan 4 meses desde que te hiciste el tatu si no me equivoco,,2023-11-23,6,0
tiktok,❤️❤️❤️,,❤️❤️❤️,2023-12-29,2,0
tiktok,Tous,Tous,,2023-11-27,0,0
tiktok,Bueno ya sabemos que tienes pirsing,Bueno ya sabemos que tienes pirsing,,2024-01-12,0,0
tiktok,Un autobús no un camión de que si 😂😂,Un autobús no un camión de que si,😂😂,2024-01-09,0,0
tiktok,Dan una bebida y Sandwich 😂😂😂,Dan una bebida y Sandwich,😂😂😂,2023-11-24,0,0
tiktok,pov tienes sed las pibardas 😝😝😝,pov tienes sed las pibardas,😝😝😝,2024-01-09,0,0
tiktok,@Lu👑 te suena?,@Lu te suena?,👑,2024-01-09,0,1
tiktok,aver como te queda el piercing 😏,aver como te queda el piercing,😏,2024-01-04,0,0
tiktok,Sii al final salió con un sandwich,Sii al final salió con un sandwich,,2023-11-27,0,0
tiktok,El año que viene😞,El año que viene,😞,2023-11-29,0,0
tiktok,sujétame el cubata jajajajajaja,sujétame el cubata jajajajajaja,,2024-01-09,0,0
tiktok,Los del 2010 ni siquiera pueden donar,Los del 2010 ni siquiera pueden donar,,2024-04-20,0,0
tiktok,🗣🗣🗣SKIBIDI DOB DOB YES,SKIBIDI DOB DOB YES,🗣🗣🗣,2024-04-18,0,0
tiktok,"del 97 , y si 😅","del 97 , y si",😅,2025-09-06,0,0
tiktok,Lo gracioso es que soy del 2000 y me hace gracia de que tengo la actitud del 70-80,Lo gracioso es que soy del 2000 y me hace gracia de que tengo la actitud del 70-80,,2024-05-03,0,0
tiktok,Es totalmente cierto!!! Ojalá todos fuéramos donantes y ayudar a las personas que lo necesitan!!,Es totalmente cierto!!! Ojalá todos fuéramos donantes y ayudar a las personas que lo necesitan!!,,2024-04-16,1,0
tiktok,Y recuerden q es un beneficio también para el donante pues hará sangre nueva y eso es sano para todos los órganos y la piel,Y recuerden q es un beneficio también para el donante pues hará sangre nueva y eso es sano para todos los órganos y la piel,,2024-04-15,0,0
tiktok,dónde puedo donar??,dónde puedo donar??,,2024-04-13,1,1
tiktok,Gracias a las donaciones de Sangre estoy viva. Gracias por salvar vidas chicos 💕,Gracias a las donaciones de Sangre estoy viva. Gracias por salvar vidas chicos,💕,2024-05-09,0,0
tiktok,Te faltó decir que los 2010 que cobrar jsjsjs,Te faltó decir que los 2010 que cobrar jsjsjs,,2024-04-13,0,0
tiktok,yo quiero pero me dicen que no puedo porque no peso de 55 para arriba😔,yo quiero pero me dicen que no puedo porque no peso de 55 para arriba,😔,2024-04-15,0,0
tiktok,"yo ya he donado dos veces con 18 años (la tercera no puedo xq tenía la hemoglobina baja, pero sin duda lo intentaré cuando vuelva el bus de la cruz roja a mi pueblo). soy del 2007 y no me pongo así, simplemente voy y hago lo q me dicen. literalmente no duele nada.","yo ya he donado dos veces con 18 años (la tercera no puedo xq tenía la hemoglobina baja, pero sin duda lo intentaré cuando vuelva el bus de la cruz roja a mi pueblo). soy del 2007 y no me pongo así, simplemente voy y hago lo q me dicen. literalmente no duele nada.",,2026-02-05,1,0
tiktok,"yo me acuerdo que a la enfermera casi le da una taquicardia cuando me quedé dormido donando
no estaba mareado ni nada, es que el sillon era comodísimo y estaba calentito😂
se asustó","yo me acuerdo que a la enfermera casi le da una taquicardia cuando me quedé dormido donando no estaba mareado ni nada, es que el sillon era comodísimo y estaba calentito se asustó",😂,2024-04-13,819,10
tiktok,"me encanta el "" ansiedad ""🤣🤣🤣","me encanta el "" ansiedad """,🤣🤣🤣,2024-04-13,217,2
tiktok,"yo llevo 51 donaciones ya y sumando,solo e fallado 2 veces k m an llamado,y sumando 💪💪💪💪💪💪","yo llevo 51 donaciones ya y sumando,solo e fallado 2 veces k m an llamado,y sumando",💪💪💪💪💪💪,2024-04-14,1,0
tiktok,"yo soy donante desde el año 80 , empecé en el servicio militar y con casi 65 añitos sigo donando 💪","yo soy donante desde el año 80 , empecé en el servicio militar y con casi 65 añitos sigo donando",💪,2024-04-13,77,3
tiktok,"Mi esposo dona 4 veces al año y le han dicho que su tipo de sangre es valiosa, porque puede donar a otros tipos 🥰🙏🏼","Mi esposo dona 4 veces al año y le han dicho que su tipo de sangre es valiosa, porque puede donar a otros tipos",🥰🙏🏼,2024-04-13,81,6
tiktok,yo dono todos los años 1-2 veces y es una gozada lo bien que te sientes sabiendo que es por un buen mayor y encima te tratan super bien y te dan un bocata/snack y bebida que más queréis 😁 os animo 💪,yo dono todos los años 1-2 veces y es una gozada lo bien que te sientes sabiendo que es por un buen mayor y encima te tratan super bien y te dan un bocata/snack y bebida que más queréis os animo,😁 💪,2024-04-13,14,0
tiktok,no puedes donar sangre con menos de 18 años y si haces la cuenta el de 2010 tiene 14-15,no puedes donar sangre con menos de 18 años y si haces la cuenta el de 2010 tiene 14-15,,2024-04-13,18,14
tiktok,A mi me pusieron 9 bolsas de sangre cuando nació mi hijo desde entonces soy donante,A mi me pusieron 9 bolsas de sangre cuando nació mi hijo desde entonces soy donante,,2024-04-13,17,0
tiktok,"Sea como sea quien vaya y lo intente y más con miedo, es loable. Un aplauso 👏🏻","Sea como sea quien vaya y lo intente y más con miedo, es loable. Un aplauso",👏🏻,2024-04-14,1,0
tiktok,que lindos!,que lindos!,,2024-04-16,1,0
tiktok,"Ahora ya es muy difícil donar sangre, si te dio covid no puedes, si tienes muelas picadas no puedes 🥺🥺 yo eh querido donar y no puedo y soy O Negativo","Ahora ya es muy difícil donar sangre, si te dio covid no puedes, si tienes muelas picadas no puedes yo eh querido donar y no puedo y soy O Negativo",🥺🥺,2024-04-13,51,24
tiktok,Con el tema de tatuajes se puede donar sangre?,Con el tema de tatuajes se puede donar sangre?,,2024-04-13,13,6
tiktok,"Aquí en Venezuela, tuve una época tan mala, sin clientes ni dinero, que donaba solo por sentir la satisfacción de hacer algo útil aunque sea a desconocidos. Aún estamos muchos en crisis. Bendiciones","Aquí en Venezuela, tuve una época tan mala, sin clientes ni dinero, que donaba solo por sentir la satisfacción de hacer algo útil aunque sea a desconocidos. Aún estamos muchos en crisis. Bendiciones",,2024-04-14,16,0
tiktok,"si pagarán por donar allí estaría cada 4 días, mi cuerpo produce sangre como si no hubiera un mañana","si pagarán por donar allí estaría cada 4 días, mi cuerpo produce sangre como si no hubiera un mañana",,2024-04-13,5,6
tiktok,Gracias a todos los donantes de sangre. Yo estoy viva gracias a varias trasfusiones,Gracias a todos los donantes de sangre. Yo estoy viva gracias a varias trasfusiones,,2024-04-15,14,0
tiktok,"Nacho,eres maravilloso!!, así es,la sangre no se puede fabricar y tenemos que ayudarnos.Es muy muy necesario ser donantes y con este video,seguro que has animado a mucha gente a donar.Eres de lo mejor","Nacho,eres maravilloso!!, así es,la sangre no se puede fabricar y tenemos que ayudarnos.Es muy muy necesario ser donantes y con este video,seguro que has animado a mucha gente a donar.Eres de lo mejor",,2024-04-13,23,0
tiktok,Soy menor pero cuando sea mayor d edad donaré,Soy menor pero cuando sea mayor d edad donaré,,2024-05-10,2,0
tiktok,"no tengo el peso suficiente para donar, me dió hepatitis y según entiendo no puedo, además la agujas me dan ansiedad🥺","no tengo el peso suficiente para donar, me dió hepatitis y según entiendo no puedo, además la agujas me dan ansiedad",🥺,2024-04-15,3,0
tiktok,apartir de que edad se puede donar sangre?,apartir de que edad se puede donar sangre?,,2024-04-13,11,4
tiktok,mi sangre es rara yo soy a+ XD siempre que me inyectan o me piden comprobante de sangre siempre me dicen si quiero donar XD,mi sangre es rara yo soy a+ XD siempre que me inyectan o me piden comprobante de sangre siempre me dicen si quiero donar XD,,2024-04-13,1,4
tiktok,Los del 2010 no pueden porque son menores xd pero buen video,Los del 2010 no pueden porque son menores xd pero buen video,,2024-04-15,0,0
tiktok,"nunca he donado, soy sangre universal. pienso que si boy al banco a donar.. y el banco la vende aquíen la necesita... pues así si no....","nunca he donado, soy sangre universal. pienso que si boy al banco a donar.. y el banco la vende aquíen la necesita... pues así si no....",,2024-04-15,0,4
tiktok,"las dos veces que tengo que donar no he podido, la primera tenía gripe (en mi país no se puedo donar si se tiene algo por el estilo) y la segunda me acababan de diagnosticar hipotensión y aún no se...","las dos veces que tengo que donar no he podido, la primera tenía gripe (en mi país no se puedo donar si se tiene algo por el estilo) y la segunda me acababan de diagnosticar hipotensión y aún no se...",,2024-04-14,0,1
tiktok,yo por dragón ball me da miedo las agujas,yo por dragón ball me da miedo las agujas,,2024-04-14,1,2
tiktok,A mi lo que me daría cosa serían incluso más que las agujas el ver como me sacan la sangre,A mi lo que me daría cosa serían incluso más que las agujas el ver como me sacan la sangre,,2024-04-16,1,0
tiktok,A mi si me pagan si voy. soy A+,A mi si me pagan si voy. soy A+,,2024-04-14,0,4
tiktok,Pues cuando la necesites ojalá te la cobren.,Pues cuando la necesites ojalá te la cobren.,,2024-04-15,8,0
tiktok,"Quiero donar medula y todo, pero el proceso lo hacen tan lento que no tengo tanto tiempo libre","Quiero donar medula y todo, pero el proceso lo hacen tan lento que no tengo tanto tiempo libre",,2024-04-13,2,3
tiktok,yo solamente no miro la aguja hasta que este adentro de mi vena. 😅,yo solamente no miro la aguja hasta que este adentro de mi vena.,😅,2025-06-17,1,0
tiktok,estoy en octava8 vida,estoy en octava8 vida,,2024-04-17,1,0
tiktok,Nachter Grupo WhatsApp,Nachter Grupo WhatsApp,,2024-04-14,1,0
tiktok,yo oí que si comienzas y dejas de donar sangre te puede hacer sentir mal,yo oí que si comienzas y dejas de donar sangre te puede hacer sentir mal,,2024-04-14,4,2
tiktok,"Soy donante, ojala se pagará por ello","Soy donante, ojala se pagará por ello",,2024-04-14,0,1
tiktok,yo no puedo donar,yo no puedo donar,,2024-04-13,1,0
tiktok,jajajajjaja me haces el día con cada video jajajajaj,jajajajjaja me haces el día con cada video jajajajaj,,2024-04-26,0,0
tiktok,"mi papa me enseño a ayudar a la gente y donando sangre ,ayudas a quien en verdad necesita de ti yo he donado cada que puedo porque el lo hacia 💪","mi papa me enseño a ayudar a la gente y donando sangre ,ayudas a quien en verdad necesita de ti yo he donado cada que puedo porque el lo hacia",💪,2024-04-13,0,0
tiktok,"es cierto! mi papá era un tipo d sangre escaso en mi comunidad y era el donador de casi todo mundo, quien le pidiera iba sin pretextos 🥺 yo tengo el mismo tipo y he querido donar pero me dicen q no+","es cierto! mi papá era un tipo d sangre escaso en mi comunidad y era el donador de casi todo mundo, quien le pidiera iba sin pretextos yo tengo el mismo tipo y he querido donar pero me dicen q no+",🥺,2024-04-14,0,4
tiktok,Generación DeCristal. Hermoso video.,Generación DeCristal. Hermoso video.,,2024-04-16,0,0
tiktok,"Yo no puedo donar porque tengo las defensas en la mrda y encima tengo tendencia a sufrir anemia, ojalá pudiera 🥲","Yo no puedo donar porque tengo las defensas en la mrda y encima tengo tendencia a sufrir anemia, ojalá pudiera",🥲,2024-04-18,0,0
tiktok,La sangre no se vende,La sangre no se vende,,2024-04-15,4,0
tiktok,"en mi caso, me dijeron que tendrian que pasarla por una màquina, tengo el higado graso, se puede pasar a quien se la den","en mi caso, me dijeron que tendrian que pasarla por una màquina, tengo el higado graso, se puede pasar a quien se la den",,2024-04-13,1,1
tiktok,🥺yo ni tengo venas para hacer donación de sangre 🥺,yo ni tengo venas para hacer donación de sangre,🥺 🥺,2024-04-15,0,1
tiktok,"Ojalá poder donar, los que podéis, hacerlo, no sabes cuándo alguien lo va a necesitar y cuánto se agradece.","Ojalá poder donar, los que podéis, hacerlo, no sabes cuándo alguien lo va a necesitar y cuánto se agradece.",,2024-04-16,1,0
tiktok,"En Chile 🇨🇱hace poco hay una ley que todos somos automaticamente donantes, pero el que no quiere lo dice al momento de sacar el ID. yo soy donante desde los 18 años, y e donado 3 veces en la vida.","En Chile hace poco hay una ley que todos somos automaticamente donantes, pero el que no quiere lo dice al momento de sacar el ID. yo soy donante desde los 18 años, y e donado 3 veces en la vida.",🇨🇱,2024-04-24,0,0
tiktok,dono❤️. eres lo más,dono . eres lo más,❤️,2024-04-17,0,0
tiktok,"Yo era donante de sangre 🥺 y me enfermé y ya no puedo donar, siempre lo hice con mucho amor","Yo era donante de sangre y me enfermé y ya no puedo donar, siempre lo hice con mucho amor",🥺,2024-04-14,3,0
tiktok,yo soy donante desde los 18y tengo52 es bueno donar🥰🥰,yo soy donante desde los 18y tengo52 es bueno donar,🥰🥰,2024-05-01,0,0
tiktok,yo era donante con mi padre hasta el día que se pasaron sacándole sangre y se mareo y no hicieron nada,yo era donante con mi padre hasta el día que se pasaron sacándole sangre y se mareo y no hicieron nada,,2024-04-16,0,0
tiktok,me esperaba el influencer sacandose fotos donando ...😂. me parto con tus vídeos . ojalá todas las personas donará. ❤️,me esperaba el influencer sacandose fotos donando ... . me parto con tus vídeos . ojalá todas las personas donará.,😂 ❤️,2024-04-15,0,0
tiktok,"Yo era domadora de sangre, pero ahora no puedo por ser diabética insulinodependiente 🥺","Yo era domadora de sangre, pero ahora no puedo por ser diabética insulinodependiente",🥺,2024-04-15,0,0
tiktok,mi esposo tiene O+,mi esposo tiene O+,,2024-04-14,2,0
tiktok,"X2, yo siempre voy al hospital de niños o al hospital general, y solo así vencí mi fobia a las agujas 🥰","X2, yo siempre voy al hospital de niños o al hospital general, y solo así vencí mi fobia a las agujas",🥰,2025-08-02,0,0
tiktok,"Es lo mejor previenes enfermedades al corazón e infartos al cerebro, solo aliméntate bien 👍 y sigue salvando vidas 💛","Es lo mejor previenes enfermedades al corazón e infartos al cerebro, solo aliméntate bien y sigue salvando vidas",👍 💛,2024-04-15,1,0
tiktok,Te felicito!,Te felicito!,,2024-04-14,0,0
tiktok,👏👏👏,,👏👏👏,2024-04-13,1,0
tiktok,jajajajjaj,jajajajjaj,,2024-04-23,0,0
tiktok,Yo el lunes iré a donar sangre 🥹,Yo el lunes iré a donar sangre,🥹,2025-09-19,0,0
tiktok,"ojala pudiese, pero la hematofobia me supera...","ojala pudiese, pero la hematofobia me supera...",,2024-04-14,1,0
tiktok,Amo cuando dice ansiedad 😂😂😂,Amo cuando dice ansiedad,😂😂😂,2024-04-15,0,0
tiktok,"soy del 96, pero me comporto como los del 2010","soy del 96, pero me comporto como los del 2010",,2024-04-16,0,0
tiktok,El tremendo problema q habrá en unos pocos años!!,El tremendo problema q habrá en unos pocos años!!,,2024-04-15,0,0
tiktok,"Yo era donante. En 2008 recibí sangre en Londres. Ya no me dejan donar, ni siquiera allí.
¿Porqué?","Yo era donante. En 2008 recibí sangre en Londres. Ya no me dejan donar, ni siquiera allí. ¿Porqué?",,2024-04-14,0,0
tiktok,"pero los del 2010 tienen 14, son menores de edad 🤔","pero los del 2010 tienen 14, son menores de edad",🤔,2024-04-13,0,0
tiktok,"Yo donaría, pero no me sale mucha sangre. Una vez me pusieron extracción dificultosa porque no llené ni medio tubo 😅","Yo donaría, pero no me sale mucha sangre. Una vez me pusieron extracción dificultosa porque no llené ni medio tubo",😅,2024-04-14,0,0
tiktok,yo solo iba por el bocadillo de después 🤣🤣🤣,yo solo iba por el bocadillo de después,🤣🤣🤣,2024-04-15,0,0
tiktok,intenté donar una vez pero me dijeron que mis venas eran muy delgadas y no me la podían encontrar 😢,intenté donar una vez pero me dijeron que mis venas eran muy delgadas y no me la podían encontrar,😢,2024-04-14,0,0
tiktok,"Yo nunca he podido donar, las veces que he ido me dicen que no soy candidata por mis venas. Pero ojalá y existiera esa cultura uno nunca sabe cuando se puede necesitar 😢✌🏻🙌🏻","Yo nunca he podido donar, las veces que he ido me dicen que no soy candidata por mis venas. Pero ojalá y existiera esa cultura uno nunca sabe cuando se puede necesitar",😢✌🏻🙌🏻,2024-04-14,0,0
tiktok,Yo no puedo donar porque acabaria necessitando🤣🥺 lit,Yo no puedo donar porque acabaria necessitando lit,🤣🥺,2024-04-14,0,0
tiktok,"que pasa el 24 de abril
　　　
10h 　 Responder 　 　 　 　 　♡896
　　　
● martina🇪🇸🇨🇴
cai JAJAJA 🥲",que pasa el 24 de abril 10h Responder 896 martina cai JAJAJA,　　　 　 　 　 　 　 　♡ 　　　 ● 🇪🇸🇨🇴 🥲,2024-04-14,0,0
tiktok,Geniooooooo!!!,Geniooooooo!!!,,2024-04-14,0,0
tiktok,"yo he intentado donar 5 veces,nunca encuentran la vena","yo he intentado donar 5 veces,nunca encuentran la vena",,2024-04-17,0,0
tiktok,👍,,👍,2024-12-15,0,0
tiktok,😬,,😬,2025-07-26,0,0
tiktok,😁,,😁,2025-07-21,0,0
tiktok,😂,,😂,2025-07-30,0,0
tiktok,😅,,😅,2025-08-13,0,0
tiktok,🥰,,🥰,2025-07-22,0,0
tiktok,"Hospitales, autobuses de cruz roja y centros de donación. Busca en tu comunidad.","Hospitales, autobuses de cruz roja y centros de donación. Busca en tu comunidad.",,2024-04-15,1,0
tiktok,COMO Q NO TIENEN 10 AÑOS,COMO Q NO TIENEN 10 AÑOS,,2024-04-16,4,0
tiktok,tienen entre 13 y 14 en verdad,tienen entre 13 y 14 en verdad,,2024-05-01,0,0
tiktok,nunca me han preguntado por las muelas,nunca me han preguntado por las muelas,,2024-04-13,18,0
tiktok,Acá en México te dan una hoja y te dice que no debes de tener muelas picadas,Acá en México te dan una hoja y te dice que no debes de tener muelas picadas,,2024-04-13,4,0
tiktok,Yo he donado con muela picada y al año me llego el mensaje con que he salvado 2 vidas 🥺,Yo he donado con muela picada y al año me llego el mensaje con que he salvado 2 vidas,🥺,2024-04-14,2,0
tiktok,Las personas que tivimos COVID si podemos donar.,Las personas que tivimos COVID si podemos donar.,,2024-04-15,1,0
tiktok,Perdon pense que lo decias en modo burla por la muela picada!😭,Perdon pense que lo decias en modo burla por la muela picada!,😭,2024-04-15,1,0
tiktok,Nooo como crees me gustaría poder donar pero necesito averiguar bien si si puedo o no,Nooo como crees me gustaría poder donar pero necesito averiguar bien si si puedo o no,,2024-04-15,1,0
tiktok,"Ve a los sitios donde donan, y te interesas","Ve a los sitios donde donan, y te interesas",,2024-04-15,1,0
tiktok,"Eres de México, España, o de donde eres? Porque en México te dan la hoja y vienen varias especificaciones entre ellas lo de las muelas","Eres de México, España, o de donde eres? Porque en México te dan la hoja y vienen varias especificaciones entre ellas lo de las muelas",,2024-04-15,0,0
tiktok,que curioso. nunca lo había oído.,que curioso. nunca lo había oído.,,2024-04-15,1,0
tiktok,Yo soy B negativo.,Yo soy B negativo.,,2024-04-14,1,0
tiktok,"no es así, puedes donar pasar por un centro y pregunta yo he donado cada año entre 1 y 2 veces sin problema llevo muchos años donando y sin problema","no es así, puedes donar pasar por un centro y pregunta yo he donado cada año entre 1 y 2 veces sin problema llevo muchos años donando y sin problema",,2024-04-13,1,0
tiktok,En México son muy exigentes para donar,En México son muy exigentes para donar,,2024-04-15,0,0
tiktok,"me pasó lo mismo, la enfermera después me sacudió y casi me da un infarto.","me pasó lo mismo, la enfermera después me sacudió y casi me da un infarto.",,2024-04-13,33,0
tiktok,que bueno! yo me quedé dormida una vez en el dentista y alucinaron conmigo jajaja 😂👍,que bueno! yo me quedé dormida una vez en el dentista y alucinaron conmigo jajaja,😂👍,2024-04-14,3,0
tiktok,a mí me pusieron una película 😂😂,a mí me pusieron una película,😂😂,2025-02-03,0,0
tiktok,😂😂😂😂😂😂,,😂😂😂😂😂😂,2024-04-13,1,0
tiktok,"ya he donado varias veces, incluso a familiares enfermos y no me han devuelto nada, incluso esos familiares ahora me odian sin razón...","ya he donado varias veces, incluso a familiares enfermos y no me han devuelto nada, incluso esos familiares ahora me odian sin razón...",,2024-04-14,2,0
tiktok,"Estas esperando una devolución directa, la vida es mucho mas, mas amplia, cuando salva 1 vidapones una moneda en la cuenta que nos hace humanos.","Estas esperando una devolución directa, la vida es mucho mas, mas amplia, cuando salva 1 vidapones una moneda en la cuenta que nos hace humanos.",,2024-04-15,1,0
tiktok,¿Como dices que ers un egoista sin decir que eres un egoísta? Asi⤴️,¿Como dices que ers un egoista sin decir que eres un egoísta? Asi,⤴️,2024-04-15,0,0
tiktok,¿A+ rara? pero si es de las mas comunes,¿A+ rara? pero si es de las mas comunes,,2024-04-15,0,0
tiktok,"no pasa, y en todo caso, aunque sean pillos, ayudas a alguien igualmente, piénsalo 🙏","no pasa, y en todo caso, aunque sean pillos, ayudas a alguien igualmente, piénsalo",🙏,2024-04-15,1,0
tiktok,En España a partir de los 18.,En España a partir de los 18.,,2024-04-17,0,0
tiktok,Gracias,Gracias,,2024-04-14,0,0
tiktok,con permiso de tus padres desde 16,con permiso de tus padres desde 16,,2024-04-14,1,0
tiktok,18 años donar,18 años donar,,2024-04-13,0,0
tiktok,encontraba la causa,encontraba la causa,,2024-04-14,0,0
tiktok,si se puede después de 4 meses,si se puede después de 4 meses,,2024-06-13,1,0
tiktok,Claro.,Claro.,,2024-04-15,0,0
tiktok,Tienes que esperar X meses desde el más reciente,Tienes que esperar X meses desde el más reciente,,2024-04-13,0,0
tiktok,Si,Si,,2024-04-13,3,0
tiktok,yo tengo tatuajes y soy donante 👍🏻,yo tengo tatuajes y soy donante,👍🏻,2024-04-13,3,0
tiktok,"si está recién hecho no, como dice después de cuatro meses o más ya puedes donar","si está recién hecho no, como dice después de cuatro meses o más ya puedes donar",,2024-04-13,8,0
tiktok,SIEMPRE QUE VOY A LABORATORIO LA DOCTORAAPROVECHA PARA PEDIR SANGRE.. Y SOLO LE DIGO ESTOY ESPERANDO QUE LA COMPREN PARA VENDERLA,SIEMPRE QUE VOY A LABORATORIO LA DOCTORAAPROVECHA PARA PEDIR SANGRE.. Y SOLO LE DIGO ESTOY ESPERANDO QUE LA COMPREN PARA VENDERLA,,2024-04-15,0,0
tiktok,en el hospital de fuenlabrada🥰,en el hospital de fuenlabrada,🥰,2025-02-10,0,0
tiktok,Me caes Súper🤟,Me caes Súper,🤟,2024-04-16,0,0
tiktok,"Yo cuando dono me descompenso, así es que ya no puedo hacerlo","Yo cuando dono me descompenso, así es que ya no puedo hacerlo",,2024-04-16,0,0
tiktok,Los del 2010 no tienen 18 años,Los del 2010 no tienen 18 años,,2024-04-18,0,0
tiktok,yo lo hago 4 vecesss,yo lo hago 4 vecesss,,2024-04-22,0,0
tiktok,Que grande eres...!!!🥰🥰🥰🥰,Que grande eres...!!!,🥰🥰🥰🥰,2024-04-19,0,0
tiktok,wat,wat,,2024-04-15,0,0
tiktok,Físicamente no notas nada pero si que lo.echas de menos.,Físicamente no notas nada pero si que lo.echas de menos.,,2024-04-15,0,0
tiktok,"🥰a donar sangre, en serio","a donar sangre, en serio",🥰,2024-04-15,0,0
tiktok,"Yo que quiero y no me dejan por tensión baja, lo he intentado varias veces","Yo que quiero y no me dejan por tensión baja, lo he intentado varias veces",,2024-04-18,0,0
tiktok,"Si se llama donación es por algo….,","Si se llama donación es por algo….,",,2025-01-02,0,0
tiktok,Este comentario demuestra que cualquiera hoy en día usa las RRSS.... y encima votamos todos.🙄,Este comentario demuestra que cualquiera hoy en día usa las RRSS.... y encima votamos todos.,🙄,2024-04-16,1,0
tiktok,Pero tu sangre lo entregan al hospital o le venden,Pero tu sangre lo entregan al hospital o le venden,,2024-04-15,0,0
tiktok,Yo perdi el miedo donando🤭,Yo perdi el miedo donando,🤭,2024-04-14,1,0
tiktok,No lleva mucho tiempo,No lleva mucho tiempo,,2024-04-15,0,0
tiktok,Yo también tengo el hígado graso y nunca me han dicho tal cosa,Yo también tengo el hígado graso y nunca me han dicho tal cosa,,2024-04-15,0,0
tiktok,puedo por ser mujer 😐,puedo por ser mujer,😐,2024-04-14,0,0
tiktok,"no! directamente así me dicen, q por ser mujer no puedo donar pq pierdo sangre cada mes 😐","no! directamente así me dicen, q por ser mujer no puedo donar pq pierdo sangre cada mes",😐,2024-04-16,1,0
tiktok,"Cuando yo dono hay muchísimas mujeres donando, no veo el problema.","Cuando yo dono hay muchísimas mujeres donando, no veo el problema.",,2024-04-15,2,0
tiktok,"No duele nada, pero las únicas 2 veces que he donado (para mis papás) se me bajó horrible la presión después de la donación 😅","No duele nada, pero las únicas 2 veces que he donado (para mis papás) se me bajó horrible la presión después de la donación",😅,2024-04-15,0,0
tiktok,yo soy donante desde hace años y la sangre es lo único que no se puede reproducir en una fabrica o laboratorio,yo soy donante desde hace años y la sangre es lo único que no se puede reproducir en una fabrica o laboratorio,,2024-04-14,0,0
tiktok,"mi madre donaba sangre, pero empezó a tener anemia y no pudo seguir","mi madre donaba sangre, pero empezó a tener anemia y no pudo seguir",,2024-04-14,0,0
tiktok,"muy bueno DONAR VALENCINAOS, cada donación son 3 vidas, y sobretodo los que somos universales 🙏🙏🙏 animaros.....","muy bueno DONAR VALENCINAOS, cada donación son 3 vidas, y sobretodo los que somos universales animaros.....",🙏🙏🙏,2024-04-14,0,0
tiktok,xD,xD,,2024-05-04,0,0
tiktok,"bueno, es una opinión, daría un incentivo más a más gente para ir a donar","bueno, es una opinión, daría un incentivo más a más gente para ir a donar",,2024-04-16,0,0
tiktok,"pues a mí me dió una lipotimia importante
al menos eso pone en mi carnet
y me recomendaron no donar nunca más.
estuve bastantes minutos
eso me dijeron.
y desde entonces colaboro con cruz roja!!",pues a mí me dió una lipotimia importante al menos eso pone en mi carnet y me recomendaron no donar nunca más. estuve bastantes minutos eso me dijeron. y desde entonces colaboro con cruz roja!!,,2024-04-14,0,0
tiktok,♥️,,♥️,2024-04-16,15,0
tiktok,🥰🥰🥰🥰,,🥰🥰🥰🥰,2024-05-08,0,0
tiktok,😂😂😂👌👌,,😂😂😂👌👌,2024-05-12,0,0
tiktok,yo soy donante des de los 24 años creo porque me tarde un poco para subir de peso y poder dar sangre xD y la verdad es genial cuando te mandan un mensaje diciendo tu sangre fue utilizada 😁😁,yo soy donante des de los 24 años creo porque me tarde un poco para subir de peso y poder dar sangre xD y la verdad es genial cuando te mandan un mensaje diciendo tu sangre fue utilizada,😁😁,2024-06-22,1,0
tiktok,"Ami no me dejan donar por qué mi sangre es de tipo, no necesario O-","Ami no me dejan donar por qué mi sangre es de tipo, no necesario O-",,2024-04-15,1,1
tiktok,soy donadora en mi país,soy donadora en mi país,,2024-04-16,0,0
tiktok,A si es pero no me gusta donar sangre 🥺,A si es pero no me gusta donar sangre,🥺,2024-04-13,1,0
tiktok,Yo sntes donaba sangre ahora por el diabetes que me pincho no se puede 😔😔😔,Yo sntes donaba sangre ahora por el diabetes que me pincho no se puede,😔😔😔,2024-04-13,1,0
tiktok,yo tengo ese suéter,yo tengo ese suéter,,2024-04-18,0,0
tiktok,Si soy 😂😂😂😂,Si soy,😂😂😂😂,2024-09-26,0,0
tiktok,Yo soy donante universal y voy siempre q lo ponen dnd vivo😉,Yo soy donante universal y voy siempre q lo ponen dnd vivo,😉,2024-04-17,0,0
tiktok,Siempre he donado. Durante la pandemia en los centros médicos me trataron como a un apestado por no vacunarme. Ahora todo son mensajes y e-mails para que vuelva a donar.,Siempre he donado. Durante la pandemia en los centros médicos me trataron como a un apestado por no vacunarme. Ahora todo son mensajes y e-mails para que vuelva a donar.,,2024-04-16,0,0
tiktok,"Gracias a todos los que donáis sangre, mi hija es donante, mi marido y a mi nos gustaría pero no podemos. GRACIAS","Gracias a todos los que donáis sangre, mi hija es donante, mi marido y a mi nos gustaría pero no podemos. GRACIAS",,2024-04-13,2,0
tiktok,😂😂😂,,😂😂😂,2024-04-14,0,0
tiktok,"Los de 2010 tienen 14 años, no pueden donar hasta que cumplan los 18 😂","Los de 2010 tienen 14 años, no pueden donar hasta que cumplan los 18",😂,2024-04-17,0,0
tiktok,"yo nací en los 80 y soy re machote, hasta que aparece sangre jajaj","yo nací en los 80 y soy re machote, hasta que aparece sangre jajaj",,2024-04-20,0,0
tiktok,xd yo tengo problemas con las agujas por culpa de unas idiotas ahora cada vez que veo una me paniqueo,xd yo tengo problemas con las agujas por culpa de unas idiotas ahora cada vez que veo una me paniqueo,,2025-06-24,0,0
tiktok,Soy 010 y confirmo por mi generación xd,Soy 010 y confirmo por mi generación xd,,2024-04-22,0,0
tiktok,EL DE 2010 NO PODRIA DONAR LEGALMENTE 😅✌💀,EL DE 2010 NO PODRIA DONAR LEGALMENTE,😅✌💀,2024-04-16,0,0
tiktok,😂😂😂😂,,😂😂😂😂,2024-04-22,0,0
tiktok,"yo si me desmayo, pero también dono.
ya 4 veces 🤭","yo si me desmayo, pero también dono. ya 4 veces",🤭,2024-04-16,0,0
tiktok,"ni dono,ni trasfusiones de sangre que luego pasa lo q pasa... cuando piensan q la sangre salva vidas🤦🏽🤦🏽","ni dono,ni trasfusiones de sangre que luego pasa lo q pasa... cuando piensan q la sangre salva vidas",🤦🏽🤦🏽,2024-05-25,0,0
tiktok,i el clon?😂,i el clon?,😂,2024-05-19,0,0
tiktok,ansieedad😅🤣,ansieedad,😅🤣,2024-06-11,0,0
tiktok,los del 2010 no podemos donar sangre 😅,los del 2010 no podemos donar sangre,😅,2024-06-25,0,0
tiktok,no puedo donar sangre porque soy impertenso,no puedo donar sangre porque soy impertenso,,2024-12-26,0,0
tiktok,Los menores de edad donan sangre?,Los menores de edad donan sangre?,,2024-09-06,0,0
tiktok,Vaya triple te has tirao,Vaya triple te has tirao,,2024-04-16,1,0
tiktok,Que grande!!,Que grande!!,,2024-04-14,0,0
tiktok,El del fondo con la ansiedad 😂😂😂😂😂,El del fondo con la ansiedad,😂😂😂😂😂,2024-04-13,1,0
tiktok,cuatro veces al año?,cuatro veces al año?,,2024-04-15,1,0
tiktok,¡Me encantó ese mensaje para concientizar a las personas!🥰👌👌👍👍,¡Me encantó ese mensaje para concientizar a las personas!,🥰👌👌👍👍,2024-04-14,0,0
tiktok,yo le tengo fobia jaja😭😹,yo le tengo fobia jaja,😭😹,2024-04-14,0,0
tiktok,yo tengo que distraerme con algo por que si me pinchan asi sin más se me baja lq presion 😔,yo tengo que distraerme con algo por que si me pinchan asi sin más se me baja lq presion,😔,2024-04-15,1,0
tiktok,mil gracias 😎😉,mil gracias,😎😉,2024-04-13,1,0
tiktok,los diabéticos podemos donar,los diabéticos podemos donar,,2024-04-14,0,0
tiktok,a donar mi gente,a donar mi gente,,2024-04-14,0,0
tiktok,"Yo soy de los 90, pero creo que soy más como los de los 80.😂","Yo soy de los 90, pero creo que soy más como los de los 80.",😂,2024-04-14,0,0
tiktok,yo no puedo donar sangre :c,yo no puedo donar sangre :c,,2024-04-21,0,0
tiktok,a mi me encantaria donar pero tengo una medicación de por vida y no puedo... me da mucha rabia...,a mi me encantaria donar pero tengo una medicación de por vida y no puedo... me da mucha rabia...,,2024-04-14,0,0
tiktok,"eres fenomenal amigo, gracias por tu humor","eres fenomenal amigo, gracias por tu humor",,2024-04-14,0,0
tiktok,Yo solo pude donar un vez hasta que me diagnosticaron trastorno bipolar y no puedo por los medicamentos,Yo solo pude donar un vez hasta que me diagnosticaron trastorno bipolar y no puedo por los medicamentos,,2024-04-14,0,0
tiktok,"Voy cada mes y dono plaquetas en la aferesis.
En 4 bolsas de sangre sacas una de plaquetas y puedes ir cada mes.",Voy cada mes y dono plaquetas en la aferesis. En 4 bolsas de sangre sacas una de plaquetas y puedes ir cada mes.,,2024-04-14,0,0
tiktok,buena conclusión final,buena conclusión final,,2024-04-14,0,0
tiktok,jsjsjsj los del 2006 que este año podemos donar,jsjsjsj los del 2006 que este año podemos donar,,2024-04-14,0,0
tiktok,la última vez que me sacaron sangre ( era pa un laboratorio) si casi me desmayo JAJAJA,la última vez que me sacaron sangre ( era pa un laboratorio) si casi me desmayo JAJAJA,,2024-04-14,0,0
tiktok,Felicidades por la iniciativa. Dios te bendiga.,Felicidades por la iniciativa. Dios te bendiga.,,2024-04-14,0,0
tiktok,si soy. done una vez y luego de donar me desvanecí. me quedé muy triste,si soy. done una vez y luego de donar me desvanecí. me quedé muy triste,,2024-04-14,0,0
tiktok,jajajajaj las caraa por cada geracion es un poema jajajaj,jajajajaj las caraa por cada geracion es un poema jajajaj,,2024-04-14,0,0
tiktok,He visto trasplantes de riñón y cirugías de emergencia sin sangre alogenica. Si un cirujano te dice que no puede operarte porque no hay tu tipo de sangre pues cambia de cirujano.,He visto trasplantes de riñón y cirugías de emergencia sin sangre alogenica. Si un cirujano te dice que no puede operarte porque no hay tu tipo de sangre pues cambia de cirujano.,,2024-04-14,0,0
tiktok,jajajjajajaja 💚 hermoso,jajajjajajaja hermoso,💚,2024-04-14,0,0
tiktok,Felicidades que buen canal,Felicidades que buen canal,,2024-04-14,0,0
tiktok,"no soy donante ,pero me parece que no puedo serlo","no soy donante ,pero me parece que no puedo serlo",,2024-04-14,0,0
tiktok,jajaaja amo tus videos,jajaaja amo tus videos,,2024-04-14,0,0
tiktok,👏👏👏👏👏👏👏 yo soy donante siempre 💪,yo soy donante siempre,👏👏👏👏👏👏👏 💪,2024-04-14,0,0
tiktok,que genio me encanta verte. desde bs.as. besos,que genio me encanta verte. desde bs.as. besos,,2024-04-14,0,0
tiktok,Los de 2010 no pueden donar,Los de 2010 no pueden donar,,2024-04-14,0,0
tiktok,en unos años se vienen los memes de los del 2020 jajajajaa,en unos años se vienen los memes de los del 2020 jajajajaa,,2024-04-15,0,0
tiktok,"yo soy donante de sangre, es muy importante hacerlo. ♥️","yo soy donante de sangre, es muy importante hacerlo.",♥️,2024-04-13,7,1
tiktok,Yo he ido 3 veces a donar y siempre me dicen que no puedo porque tomo ácido valprohico,Yo he ido 3 veces a donar y siempre me dicen que no puedo porque tomo ácido valprohico,,2024-04-16,2,2
tiktok,"En mi país, se implemento los siguiente en los hospitales: Para una cirugía programada te solicitan 2 donantes de sangre. Si no hay donación altruista, deben conseguir sangre de otra forma.","En mi país, se implemento los siguiente en los hospitales: Para una cirugía programada te solicitan 2 donantes de sangre. Si no hay donación altruista, deben conseguir sangre de otra forma.",,2024-04-13,1,1
tiktok,tengo sangre tipo O- espero estar muy pronto en la comunidad valenciana y seguir siendo donante como lo hago en Colombia,tengo sangre tipo O- espero estar muy pronto en la comunidad valenciana y seguir siendo donante como lo hago en Colombia,,2024-04-13,5,0
tiktok,yo soy donante activa desde que vivo en España me gusta ayudar de esta forma 🥰,yo soy donante activa desde que vivo en España me gusta ayudar de esta forma,🥰,2024-04-14,2,0
tiktok,yo estoy esperando a que pasen los seis meses de que me hice mi tatuaje para poder donar🥺,yo estoy esperando a que pasen los seis meses de que me hice mi tatuaje para poder donar,🥺,2024-04-15,0,0
tiktok,🥀,,🥀,2025-03-01,0,0
tiktok,😳,,😳,2025-01-26,0,0
tiktok,💙💛❤️,,💙💛❤️,2024-05-05,0,0
tiktok,💕💕💕,,💕💕💕,2024-04-20,0,0
tiktok,🙏🥰🙏😂😂,,🙏🥰🙏😂😂,2024-04-13,0,0
tiktok,🥰🥰🥰,,🥰🥰🥰,2024-04-13,0,0
tiktok,👍👍👏👏,,👍👍👏👏,2024-04-13,0,0
tiktok,💯💯💯💯,,💯💯💯💯,2024-04-13,0,0
tiktok,🤩🤩🤩,,🤩🤩🤩,2024-04-13,0,0
tiktok,💖💖💖,,💖💖💖,2024-04-13,0,0
tiktok,🖤🖤🖤,,🖤🖤🖤,2024-04-13,0,0
tiktok,😂😂😂❤️,,😂😂😂❤️,2024-04-13,0,0
tiktok,👍👍,,👍👍,2024-04-13,0,0
tiktok,👏👏👏👏👏👏,,👏👏👏👏👏👏,2024-04-13,0,0
tiktok,😍😍😍,,😍😍😍,2024-04-13,0,0
tiktok,😂😎😍,,😂😎😍,2024-04-13,0,0
tiktok,🥰🥰🙏🙏,,🥰🥰🙏🙏,2024-04-13,0,0
tiktok,Te has olvidado algo importante! Bocata y bebida gratis!😎 A donar tod@s!!!!,Te has olvidado algo importante! Bocata y bebida gratis! A donar tod@s!!!!,😎,2024-04-13,2,0
tiktok,"Eres un crack. Cuando sale ansiedad, me descojono. Real como la vida misma 😂","Eres un crack. Cuando sale ansiedad, me descojono. Real como la vida misma",😂,2024-04-13,1,0
tiktok,TE AMOOOOOO 👏👏👏😂😂😂,TE AMOOOOOO,👏👏👏😂😂😂,2024-04-18,0,0
tiktok,Grande natcher,Grande natcher,,2024-04-13,2,0
tiktok,pq solo 4 veces al año? según yo si te alimentas bien y tales al día siguiente ya recompensas la sangre y PS bueno ya como mínimo donar cada 3 días si se quisiera,pq solo 4 veces al año? según yo si te alimentas bien y tales al día siguiente ya recompensas la sangre y PS bueno ya como mínimo donar cada 3 días si se quisiera,,2025-02-18,0,0
tiktok,yo siendo 0- pero no puedo donar porque soy diabético :(,yo siendo 0- pero no puedo donar porque soy diabético :(,,2024-04-14,3,0
tiktok,Si a la persona que yo le done sangre le hacen una prueba de ADN 🧬 tendríamos algún parentesco?,Si a la persona que yo le done sangre le hacen una prueba de ADN tendríamos algún parentesco?,🧬,2024-12-30,0,0
tiktok,"Me encantan tus videos, un poco de humor y concientizacion 🥰","Me encantan tus videos, un poco de humor y concientizacion",🥰,2024-04-15,0,0
tiktok,Adi es! Gracias!,Adi es! Gracias!,,2024-04-14,1,0
tiktok,Soy donante altruista y me dan desayuno y también una bolsa de dulce o algo igual de barato como una forma de agradecer mi donación,Soy donante altruista y me dan desayuno y también una bolsa de dulce o algo igual de barato como una forma de agradecer mi donación,,2024-04-13,0,0
tiktok,tal vez hubo un avance o no sé una técnica diferente con algún tratamiento pero siempre quise poner el granito de arena para ayudar,tal vez hubo un avance o no sé una técnica diferente con algún tratamiento pero siempre quise poner el granito de arena para ayudar,,2024-04-16,0,0
tiktok,y pa que vas si ya te dijeron eso,y pa que vas si ya te dijeron eso,,2024-04-16,0,0
tiktok,👍🏻👍🏻👍🏻😂😂😂,,👍🏻👍🏻👍🏻😂😂😂,2024-04-14,0,0
tiktok,🥰🥰❤️,,🥰🥰❤️,2024-04-14,0,0
tiktok,🤣,,🤣,2024-04-14,0,0
tiktok,los del 2010 aún no pueden donar porque tienes que tener 18 años🥰,los del 2010 aún no pueden donar porque tienes que tener 18 años,🥰,2024-04-14,0,0
tiktok,🤣🙂.,.,🤣🙂,2024-04-14,0,0
tiktok,🥰🥰,,🥰🥰,2024-04-14,0,0
tiktok,sopas,sopas,,2024-04-14,0,0
tiktok,🥰🥰🥰🥰🥰🥰,,🥰🥰🥰🥰🥰🥰,2024-04-14,0,0
tiktok,"Yo done una vez, pero no donaría nunca más, es el ciclo de la vida.","Yo done una vez, pero no donaría nunca más, es el ciclo de la vida.",,2024-04-14,0,0
tiktok,yo nunca done me da cosa 😳,yo nunca done me da cosa,😳,2024-04-15,0,0
tiktok,🤣🤣🤣,,🤣🤣🤣,2024-04-15,0,0
tiktok,👍👍👍,,👍👍👍,2024-04-15,0,0
tiktok,cómo me alegra el día cuando me sale un vídeo tuyo 😂😂😂😂😂 todo lo he vivido y si no lo veo de cerca😂😂😂😂,cómo me alegra el día cuando me sale un vídeo tuyo todo lo he vivido y si no lo veo de cerca,😂😂😂😂😂 😂😂😂😂,2024-04-15,0,0
tiktok,💙💙💙,,💙💙💙,2024-04-14,0,0
tiktok,🤣🤣,,🤣🤣,2024-04-14,0,0
tiktok,"Anda, veo TODOS tus videos y lo de hoy NO me lo esperaba🥰🥰🥰🥰, me parto contigo","Anda, veo TODOS tus videos y lo de hoy NO me lo esperaba , me parto contigo",🥰🥰🥰🥰,2024-04-13,0,0
tiktok,Cuando nos hace falta si nos acordamos,Cuando nos hace falta si nos acordamos,,2024-04-13,0,0
tiktok,"ERES UN GENIO JAJAJAJA
SALUDOS DESDE CARACAS VENEZUELA UN ABRAZO",ERES UN GENIO JAJAJAJA SALUDOS DESDE CARACAS VENEZUELA UN ABRAZO,,2024-04-13,0,0
tiktok,ets molt gran!!!👍,ets molt gran!!!,👍,2024-04-13,0,0
tiktok,Yo quiero 🤑🤑,Yo quiero,🤑🤑,2024-04-13,0,0
tiktok,siempre me divierten los videos y rio mucho pero si se puede donar ayuda mucho,siempre me divierten los videos y rio mucho pero si se puede donar ayuda mucho,,2024-04-13,0,0
tiktok,soy donante desde 1996 y lo que me queda.,soy donante desde 1996 y lo que me queda.,,2024-04-13,0,0
tiktok,Usted vende la sangre o la dona?,Usted vende la sangre o la dona?,,2024-04-13,0,0
tiktok,Genial!! ❤ 👏🏻👏🏻👏🏻,Genial!!,❤ 👏🏻👏🏻👏🏻,2024-04-13,0,0
tiktok,👏👏👏👏,,👏👏👏👏,2024-05-01,0,0
tiktok,"@Cuenta oficial de PSOE @Sumar Q tenga que hacer una petición un ciudadano y no haya campañas publicitarias en los grandes medios de comunicación, ahora, amnistía pa un rato ehhh eso sí","@Cuenta oficial de PSOE @Sumar Q tenga que hacer una petición un ciudadano y no haya campañas publicitarias en los grandes medios de comunicación, ahora, amnistía pa un rato ehhh eso sí",,2024-04-14,0,0
tiktok,"entonces no se llamaría DONACION ,ya t contesto yo espléndido , ojalá nunca necesites una transfusión","entonces no se llamaría DONACION ,ya t contesto yo espléndido , ojalá nunca necesites una transfusión",,2024-04-14,0,0
tiktok,🤣🤣🤣🤣,,🤣🤣🤣🤣,2024-05-05,0,0
tiktok,😂😂😂🤣🤣,,😂😂😂🤣🤣,2024-05-01,0,0
tiktok,🤣🤣🤣m convenciste ya mismo arranco a donarle sangre a toda esa gente q m crítica 🤣🤣🤣,m convenciste ya mismo arranco a donarle sangre a toda esa gente q m crítica,🤣🤣🤣 🤣🤣🤣,2024-05-06,0,0
tiktok,yo viví a mi lado cuando donde algo bastante traumanete,yo viví a mi lado cuando donde algo bastante traumanete,,2024-05-07,0,0
tiktok,yo no puedo donar 🥺 he intentado pero se me coabula la sangre y no les sirve 😅,yo no puedo donar he intentado pero se me coabula la sangre y no les sirve,🥺 😅,2024-04-14,0,0
tiktok,"Usa el icono de edición para fijar, añadir o eliminar clips.","Usa el icono de edición para fijar, añadir o eliminar clips.",,2024-04-13,0,0
tiktok,yo donaba sangre y nací en los 70,yo donaba sangre y nací en los 70,,2024-04-13,0,0
tiktok,Ohh❤️,Ohh,❤️,2024-04-13,0,0
tiktok,En Perú donamos sangre para que el seguro la venda por lo bajo y saquen beneficio económico 😔,En Perú donamos sangre para que el seguro la venda por lo bajo y saquen beneficio económico,😔,2024-04-13,0,0
tiktok,❤Ansiedad😂🥰❤,Ansiedad,❤ 😂🥰❤,2024-04-13,0,0
tiktok,ama tu grupo de WhatsApp,ama tu grupo de WhatsApp,,2024-04-13,0,0
tiktok,"😂 soy 87, pero parezco un 2010... me desmayo con una aguja! 😂","soy 87, pero parezco un 2010... me desmayo con una aguja!",😂 😂,2024-04-13,0,0
tiktok,yo me desmaye porque no me comí el lunch que te dan 🤣🥺,yo me desmaye porque no me comí el lunch que te dan,🤣🥺,2024-04-13,0,0
tiktok,pronto iré a hacerlo sin duda💯💯💯👍,pronto iré a hacerlo sin duda,💯💯💯👍,2024-04-13,0,0
tiktok,eres un crack 😂,eres un crack,😂,2024-04-13,0,0
tiktok,😅😅😅😅😅no puedo yo dono sangre . 👌,no puedo yo dono sangre .,😅😅😅😅😅 👌,2024-04-13,0,0
tiktok,Estemos donde estemos…cualquier día del año…donemos sangre…salvemos vidas…saludos desde Perú,Estemos donde estemos…cualquier día del año…donemos sangre…salvemos vidas…saludos desde Perú,,2024-04-13,0,0
tiktok,Bravo,Bravo,,2024-04-13,0,0
tiktok,Admiro como describes las generaciones con sus reacciones ante cada situación 👏👏👏,Admiro como describes las generaciones con sus reacciones ante cada situación,👏👏👏,2024-04-13,0,0
tiktok,Eres un gran actor con mucha originalidad.,Eres un gran actor con mucha originalidad.,,2024-04-13,0,0
tiktok,Muy importante !!!!❤️❤️,Muy importante !!!!,❤️❤️,2024-04-13,31,1
tiktok,😂soy la última jeje...,soy la última jeje...,😂,2024-04-15,0,0
tiktok,Yo he querido donar y me ponen pegas por el peso .,Yo he querido donar y me ponen pegas por el peso .,,2024-05-17,0,0
tiktok,"españoles así que cueros, pero pienso en pique y se me olvida hasta la donación","españoles así que cueros, pero pienso en pique y se me olvida hasta la donación",,2024-04-20,0,0
tiktok,😂😂😂😂😂😂😂,,😂😂😂😂😂😂😂,2024-04-22,0,0
tiktok,pues ya desmayado se le puede sacar la sangre jajajajajaa,pues ya desmayado se le puede sacar la sangre jajajajajaa,,2024-04-23,0,0
tiktok,💗,,💗,2025-02-16,0,0
tiktok,Salvas vidas 😁,Salvas vidas,😁,2024-04-13,1,0
tiktok,"tambien se deberia de tocar mas el tema de la donacion de organos , 1 cuerpo podria salvar varias vidas 💖","tambien se deberia de tocar mas el tema de la donacion de organos , 1 cuerpo podria salvar varias vidas",💖,2024-04-19,0,0
tiktok,saben por qué son así ahora no?,saben por qué son así ahora no?,,2025-02-07,0,0
tiktok,🙈,,🙈,2025-02-15,0,0
tiktok,los de los 80 no le darían gratis nada a nadie,los de los 80 no le darían gratis nada a nadie,,2024-04-16,0,0
tiktok,😂😂😂😂😂,,😂😂😂😂😂,2024-04-16,0,0
tiktok,👍🏻👍🏻👍🏻👍🏻👍🏻👏👏👏👏👏,,👍🏻👍🏻👍🏻👍🏻👍🏻👏👏👏👏👏,2024-04-16,0,0
tiktok,me encantaría donar pero hay que cumplir requisitos,me encantaría donar pero hay que cumplir requisitos,,2024-04-14,0,0
tiktok,yo quiero donar pero le tengo fobia a las agujas 🥲,yo quiero donar pero le tengo fobia a las agujas,🥲,2024-04-14,0,0
tiktok,😂😂😂eres estupendo... 😳😳ansiedad!!!!,eres estupendo... ansiedad!!!!,😂😂😂 😳😳,2024-04-14,0,0
tiktok,Jajajaja,Jajajaja,,2024-04-14,0,0
tiktok,Exactamente así es!!!,Exactamente así es!!!,,2024-04-14,0,0
tiktok,"en tres ocasiones quise donar sangre para personas hospitalizadas pero tengo plaquetas bajas, el sig...😞","en tres ocasiones quise donar sangre para personas hospitalizadas pero tengo plaquetas bajas, el sig...",😞,2024-04-14,0,0
tiktok,excelente,excelente,,2024-04-14,0,0
tiktok,yo fui donante mucho tiempo,yo fui donante mucho tiempo,,2024-04-14,0,0
tiktok,Jaja la de veses que he visto una aguja,Jaja la de veses que he visto una aguja,,2024-04-14,0,0
tiktok,alguien con 14 años puede donar sangre en España porque acá en Argentina no solo mayores de 18,alguien con 14 años puede donar sangre en España porque acá en Argentina no solo mayores de 18,,2024-04-14,0,0
tiktok,Totalmente de acuerdo,Totalmente de acuerdo,,2024-04-13,0,0
tiktok,yo tenía toda la voluntad de donar y no me dejaron porque tenía una cirugía del corazón :'v,yo tenía toda la voluntad de donar y no me dejaron porque tenía una cirugía del corazón :'v,,2024-04-13,0,0
tiktok,"no puedo donar, nunca llego con el peso minimo🥺😭","no puedo donar, nunca llego con el peso minimo",🥺😭,2024-04-13,0,0
tiktok,espectacular,espectacular,,2024-04-13,0,0
tiktok,Excelente 👏👏👏👏,Excelente,👏👏👏👏,2024-04-13,0,0
tiktok,"TIENES RAZON, QUE CARA TAN ESPECIAL Y GRACIOSA Q TIENES. GRACIAS","TIENES RAZON, QUE CARA TAN ESPECIAL Y GRACIOSA Q TIENES. GRACIAS",,2024-04-13,0,0
tiktok,"Si algún día voy a Valencia, me encantaría conocerlo🤗👍","Si algún día voy a Valencia, me encantaría conocerlo",🤗👍,2024-04-13,0,0
tiktok,yo soy donante de sangre y de organos🌸🌸🌸,yo soy donante de sangre y de organos,🌸🌸🌸,2024-04-13,0,0
tiktok,para que? para que hagan negocio con mi sangre? paso,para que? para que hagan negocio con mi sangre? paso,,2024-04-14,0,0
tiktok,😄😆😅,,😄😆😅,2024-04-14,0,0
tiktok,✨✨✨,,✨✨✨,2024-04-14,0,0
tiktok,🤣🤣🤣🤣🤣,,🤣🤣🤣🤣🤣,2024-04-14,0,0
tiktok,si está desmayado es más fácil sacarle la sangre,si está desmayado es más fácil sacarle la sangre,,2024-04-14,0,0
tiktok,👍👍👍👏👏👏,,👍👍👍👏👏👏,2024-04-14,0,0
tiktok,♥️♥️♥️♥️,,♥️♥️♥️♥️,2024-04-16,0,0
tiktok,"soy la que jamás se ha dejado ni se dejará sacar sangre nunca. Antes me muero, tampoco quiero sangre de nadie. Cuestiones personales, anulo cualquier maldición y que vuelva a quien las eche X 1000","soy la que jamás se ha dejado ni se dejará sacar sangre nunca. Antes me muero, tampoco quiero sangre de nadie. Cuestiones personales, anulo cualquier maldición y que vuelva a quien las eche X 1000",,2024-04-16,0,0
tiktok,😆😂😅😄😂,,😆😂😅😄😂,2024-04-16,0,0
tiktok,a mí me saldo la vida,a mí me saldo la vida,,2024-04-17,0,0
tiktok,"He donado sagre y plaquetas varias veces, me parece completamente ridículo el miedo que le tiene la gente a las agujas. 🙄","He donado sagre y plaquetas varias veces, me parece completamente ridículo el miedo que le tiene la gente a las agujas.",🙄,2024-04-15,0,0
tiktok,que tiene este con los de 2010,que tiene este con los de 2010,,2024-04-15,0,0
tiktok,😈😈😈,,😈😈😈,2024-04-15,0,0
tiktok,👏👏,,👏👏,2024-04-15,0,0
tiktok,💕,,💕,2024-04-15,0,0
tiktok,Jajaj ya extrañaba a ANCIEDAD 🤣🤣🤣,Jajaj ya extrañaba a ANCIEDAD,🤣🤣🤣,2024-04-16,0,0
tiktok,♥️♥️♥️,,♥️♥️♥️,2024-04-16,0,0
tiktok,ansiedad!!!! 🤣🤣🤣🤣🤣🤣,ansiedad!!!!,🤣🤣🤣🤣🤣🤣,2024-04-16,0,0
tiktok,👌❤️,,👌❤️,2024-04-14,0,0
tiktok,😅😅😅😅,,😅😅😅😅,2024-04-14,0,0
tiktok,💯💪👏,,💯💪👏,2024-04-14,0,0
tiktok,😳😳😳,,😳😳😳,2024-04-13,0,0
tiktok,😅😅😅,,😅😅😅,2024-04-13,0,0
tiktok,😎😎😎,,😎😎😎,2024-04-13,0,0
tiktok,👏👏👏👏👏👏👏,,👏👏👏👏👏👏👏,2024-04-13,0,0
tiktok,👍🏻,,👍🏻,2024-04-13,0,0
tiktok,👏👏👏👏😍😍,,👏👏👏👏😍😍,2024-04-13,0,0
tiktok,👀👀👀👀,,👀👀👀👀,2024-04-13,0,0
tiktok,🥰🥰🥰🥰🥰,,🥰🥰🥰🥰🥰,2024-04-18,0,0
tiktok,❤️,,❤️,2024-04-19,0,0
tiktok,❤️❤️❤️,,❤️❤️❤️,2024-04-19,0,0
tiktok,ansiedad 😂😂😂😂 sabía 🤣🤣🤣,ansiedad sabía,😂😂😂😂 🤣🤣🤣,2024-04-19,0,0
tiktok,"Yo quiero donar sangre pero mis papás no quieren😭😭
Me llenaron de miedo de que si dono voy a engordar como cerdo",Yo quiero donar sangre pero mis papás no quieren Me llenaron de miedo de que si dono voy a engordar como cerdo,😭😭,2024-04-17,0,1
tiktok,😂🤣😂🤣😂🤣,,😂🤣😂🤣😂🤣,2024-04-17,0,0
tiktok,🤣🤣👌👌👌👌,,🤣🤣👌👌👌👌,2024-04-17,0,0
tiktok,😃😃😃😃😃,,😃😃😃😃😃,2024-04-17,0,0
tiktok,extrañaba mucho el ansiedad😂,extrañaba mucho el ansiedad,😂,2024-04-17,0,0
tiktok,😂😂😂😂 super,super,😂😂😂😂,2024-04-13,0,0
tiktok,ansiedad 😂❤️,ansiedad,😂❤️,2024-04-13,0,0
tiktok,siempre doné mientras mi edad me lo permitió ❤️,siempre doné mientras mi edad me lo permitió,❤️,2024-04-13,0,0
tiktok,Estoy de acuerdo,Estoy de acuerdo,,2024-04-13,0,0
tiktok,te quiero 🥰,te quiero,🥰,2024-04-13,0,0
tiktok,😍😍😍😍😍,,😍😍😍😍😍,2024-04-15,0,0
tiktok,💪💪💪,,💪💪💪,2024-04-15,0,0
tiktok,❤❤❤,,❤❤❤,2024-04-14,0,0
tiktok,😂😂👏👏🥰,,😂😂👏👏🥰,2024-04-14,0,0
tiktok,si tan bien mi mamá me lo dijo pero el medico me dijo que es un mito,si tan bien mi mamá me lo dijo pero el medico me dijo que es un mito,,2024-04-18,1,0
tiktok,🤣🤣🤣🤣🤣ay que me parto cada vez que se cae engarrotado y se quiebra 🤣🤣🤣🤣,ay que me parto cada vez que se cae engarrotado y se quiebra,🤣🤣🤣🤣🤣 🤣🤣🤣🤣,2024-04-18,0,0
tiktok,no es bueno donar ..😏,no es bueno donar ..,😏,2024-04-18,0,0
tiktok,ansiedad 😂😂😂😂🤣🤣🤣,ansiedad,😂😂😂😂🤣🤣🤣,2024-04-13,0,0
tiktok,lo malo es que no puedo donar sangre por mi enfermedad,lo malo es que no puedo donar sangre por mi enfermedad,,2024-04-13,0,0
tiktok,son dos???😂😂😂😂😂,son dos???,😂😂😂😂😂,2024-04-13,0,0
tiktok,"en México donar es una pesadilla por la burocracia, al menos en las instalaciones públicas a las que voy, desalienta a todos a ayudar.","en México donar es una pesadilla por la burocracia, al menos en las instalaciones públicas a las que voy, desalienta a todos a ayudar.",,2024-04-13,0,1
tiktok,aaa pero a mí me votan 🤔🤔,aaa pero a mí me votan,🤔🤔,2024-04-13,0,0
tiktok,osea me mareo cuando me sacan la aguja de sacar un bote que es mas fina imaginate con esa que es mas gorda..,osea me mareo cuando me sacan la aguja de sacar un bote que es mas fina imaginate con esa que es mas gorda..,,2024-04-13,0,0
tiktok,"jaja yo un día fui a donar, pero me desmayo y me dijo la doctora que mejor dijera que no podia.","jaja yo un día fui a donar, pero me desmayo y me dijo la doctora que mejor dijera que no podia.",,2024-04-13,0,0
tiktok,@M,@M,,2024-04-13,0,0
tiktok,de los 80 y con mi carné de donante desde los 18😁,de los 80 y con mi carné de donante desde los 18,😁,2024-04-13,0,0
tiktok,y yo que quiero donar no puedo 🥺,y yo que quiero donar no puedo,🥺,2024-04-13,0,0
tiktok,@Valentina A ¡★! @𝙿𝚒𝚎𝚛𝚒𝚗𝚊 👸🏽,@Valentina A ¡ ! @,★ 𝙿𝚒𝚎𝚛𝚒𝚗𝚊 👸🏽,2024-04-15,1,0
tiktok,😁😁😁,,😁😁😁,2024-04-14,1,0
tiktok,@Alexis castilloo anciedad ?,@Alexis castilloo anciedad ?,,2024-04-14,0,0
tiktok,"se que esté tiktok no es para México namas datos que nadie pidió.
igual seguimos donando",se que esté tiktok no es para México namas datos que nadie pidió. igual seguimos donando,,2024-04-13,0,0
tiktok,140,140,,2024-04-13,1,0
tiktok,"Ya nadie habla de lo de trini
　　　
10h 　 Responder 　 　 　 　 　 ♡896
　　　
● 𝓑𝓮𝓪💗
cai JAJAJA 🥲",Ya nadie habla de lo de trini 10h Responder 896 cai JAJAJA,　　　 　 　 　 　 　 　 ♡ 　　　 ● 𝓑𝓮𝓪💗 🥲,2024-04-13,1,0
tiktok,Que aprovechen que se ha desmayao el de la ansiedad 🤣🤣,Que aprovechen que se ha desmayao el de la ansiedad,🤣🤣,2024-04-13,1,0
tiktok,jajajja,jajajja,,2024-04-13,1,0
tiktok,"Es importante, pero yo jamás la donaría por motivos espirituales","Es importante, pero yo jamás la donaría por motivos espirituales",,2024-04-13,0,0
tiktok,tiene un hermano gemelo.,tiene un hermano gemelo.,,2024-04-13,0,0
tiktok,"No sólo en Valencia necesitan donadores. En todos los países del mundo se ha registrado una merma de donadores, no sólo de sangre sino de órganos también 😔
Donemos, no cuesta nada
Saludos","No sólo en Valencia necesitan donadores. En todos los países del mundo se ha registrado una merma de donadores, no sólo de sangre sino de órganos también Donemos, no cuesta nada Saludos",😔,2024-04-13,0,0
tiktok,donaciones de sangre es un negocio.,donaciones de sangre es un negocio.,,2024-04-13,0,0
tiktok,"es verdad, mi hermana que es O negativo casi se muere por tanta gente egoista 🙄","es verdad, mi hermana que es O negativo casi se muere por tanta gente egoista",🙄,2024-04-13,0,0
tiktok,ahora ni aunque pagues consigues donadores,ahora ni aunque pagues consigues donadores,,2024-04-13,0,0
tiktok,yo semen 😂😂😂😂😂,yo semen,😂😂😂😂😂,2024-04-13,0,0
tiktok,Donar Sangre también es positivo para nuestro sistema inmunológico ya que generamos plaquetas etc....Buena campaña,Donar Sangre también es positivo para nuestro sistema inmunológico ya que generamos plaquetas etc....Buena campaña,,2024-04-13,0,0
tiktok,👏🏻👏🏻👏🏻,,👏🏻👏🏻👏🏻,2024-04-13,0,0
tiktok,😂😂😂😂😂😂👍👍,,😂😂😂😂😂😂👍👍,2024-04-15,0,0
tiktok,"╭━╮
╰━╮
╰━╯𝑼𝑷𝑬𝑹",,╭━╮ ╰━╮ ╰━╯𝑼𝑷𝑬𝑹,2024-04-14,0,0
tiktok,😳😳😳😂😂😂😂😂😂😂ansiedad,ansiedad,😳😳😳😂😂😂😂😂😂😂,2024-04-14,0,0
tiktok,"Done una sola vez, no me sentí mal. Ahora no puedo.donar tengo una enfermedad autoinmune. Quise donar médula y no.me aceptan en el INCUCAI soy de Argentina..","Done una sola vez, no me sentí mal. Ahora no puedo.donar tengo una enfermedad autoinmune. Quise donar médula y no.me aceptan en el INCUCAI soy de Argentina..",,2024-04-13,0,0
tiktok,no te pagan por donar sangre vdd?,no te pagan por donar sangre vdd?,,2024-04-15,5,4
tiktok,no todos somos así los del 2010🥺,no todos somos así los del 2010,🥺,2024-04-16,2,0
tiktok,2010 bro como así quien del 2010 llora 💀💀💀,2010 bro como así quien del 2010 llora,💀💀💀,2024-04-15,1,0
tiktok,q cosa donamos sangre gratis y cuando la necesitamos no la cobra q cosas no,q cosa donamos sangre gratis y cuando la necesitamos no la cobra q cosas no,,2024-04-15,1,0
tiktok,Yo tengo 30 hago show antes de que me pinchen con la aguja 😅😅😅,Yo tengo 30 hago show antes de que me pinchen con la aguja,😅😅😅,2024-04-13,0,0
tiktok,❤️❤️💯🤟,,❤️❤️💯🤟,2024-04-13,0,0
tiktok,😂😂😂😂😂👏👏👏👏👏por fin volvió Ansiedad 😂😂😂,por fin volvió Ansiedad,😂😂😂😂😂👏👏👏👏👏 😂😂😂,2024-04-13,0,0
tiktok,muy 😂😁 bueno,muy bueno,😂😁,2024-04-13,0,0
tiktok,Yo solo puedo una vez ala ñap,Yo solo puedo una vez ala ñap,,2024-04-13,0,0
tiktok,😅😅😅😅. muy cierto juntos podemos más,. muy cierto juntos podemos más,😅😅😅😅,2024-04-13,0,0
tiktok,Es muy importante donar. Una pena que yo con mi discapacidad no pueda,Es muy importante donar. Una pena que yo con mi discapacidad no pueda,,2024-04-13,0,0
tiktok,Che y el Fontanero 🤨🤨🤨,Che y el Fontanero,🤨🤨🤨,2024-04-13,0,0
tiktok,👍👍👍👍,,👍👍👍👍,2024-04-13,0,0
tiktok,"yo me desmayo por bajada de tensión al perder sangre, yo quiero donar pero no me dejan😂😂😂","yo me desmayo por bajada de tensión al perder sangre, yo quiero donar pero no me dejan",😂😂😂,2024-04-13,0,0
tiktok,🍀🍀🍀,,🍀🍀🍀,2024-04-13,0,0
tiktok,GRACIAS🥰,GRACIAS,🥰,2024-04-13,0,0
tiktok,Entonces no sería donar,Entonces no sería donar,,2024-04-15,1,0
tiktok,esque hay paises que si pagan,esque hay paises que si pagan,,2024-04-16,1,0
tiktok,por algo es donación y no vender sangre,por algo es donación y no vender sangre,,2024-04-15,1,0
tiktok,te dan un bocadillo despues,te dan un bocadillo despues,,2024-04-15,0,0
tiktok,"epa yo nunca le e tenido miedo a las agujas, y la ves que done sangre esa madre si me asusto XD igual doen sin problemas pero me asusto ese tuvo que me clavaron en la vena","epa yo nunca le e tenido miedo a las agujas, y la ves que done sangre esa madre si me asusto XD igual doen sin problemas pero me asusto ese tuvo que me clavaron en la vena",,2024-04-13,0,0
tiktok,hola,hola,,2024-04-13,0,0
tiktok,Segundo,Segundo,,2024-04-13,0,0
tiktok,💋,,💋,2024-04-13,0,0
tiktok,hola me sigues pls,hola me sigues pls,,2024-04-13,0,0
tiktok,soy tu primer like,soy tu primer like,,2024-04-13,0,0
tiktok,Hola,Hola,,2024-04-13,0,0
tiktok,7,7,,2024-04-13,0,0
tiktok,"Donen a Drácula, salvemos a la especie","Donen a Drácula, salvemos a la especie",,2024-04-13,0,0
tiktok,😂😂,,😂😂,2024-04-13,0,0
tiktok,👏🏻👏🏻👏🏻👏🏻,,👏🏻👏🏻👏🏻👏🏻,2024-04-13,0,0
tiktok,😂😂anciedad,anciedad,😂😂,2024-04-13,0,0
tiktok,ansiedad 😂,ansiedad,😂,2024-04-13,0,0
tiktok,🙌🏻🙌🏻🙌🏻🙌🏻🙌🏻🙌🏻,,🙌🏻🙌🏻🙌🏻🙌🏻🙌🏻🙌🏻,2024-04-13,0,0
tiktok,😁😁😁😁😁,,😁😁😁😁😁,2024-04-13,0,0
tiktok,😂😂😂👍👍👍,,😂😂😂👍👍👍,2024-04-13,0,0
tiktok,Eres muy bueno.👏👏👏👍,Eres muy bueno.,👏👏👏👍,2024-04-13,0,0
tiktok,"Fui donadora y ahora ya no puedo, pero es muy gratificante poder ayudar un poco 😍","Fui donadora y ahora ya no puedo, pero es muy gratificante poder ayudar un poco",😍,2024-04-13,0,0
tiktok,😃😃😃,,😃😃😃,2024-04-13,0,0
tiktok,"grande pibe, un fenómeno!","grande pibe, un fenómeno!",,2024-04-13,0,0
tiktok,"yo quiero donar, luego te dan tremendo bocata de jamón","yo quiero donar, luego te dan tremendo bocata de jamón",,2024-04-13,0,0
tiktok,ANSIEDAD,ANSIEDAD,,2024-04-14,0,0
tiktok,ANSIEDAD ANSIEDAD,ANSIEDAD ANSIEDAD,,2024-04-14,0,0
tiktok,👌💀,,👌💀,2024-04-14,0,0
tiktok,los de 14 años pueden donar sangre??? no sabía,los de 14 años pueden donar sangre??? no sabía,,2024-04-14,0,0
tiktok,ya done 🗿 gracias por el aviso Bro,ya done gracias por el aviso Bro,🗿,2024-04-14,0,0
tiktok,soy donante desde siempre y la mia es la peor de todas ab+,soy donante desde siempre y la mia es la peor de todas ab+,,2024-04-14,0,0
tiktok,son tres hermanos 0 dos😱🤭😅,son tres hermanos 0 dos,😱🤭😅,2024-04-13,0,0
tiktok,La gente tiene que concienzarse. Yo ya he donado 32 veces y como consejo no miréis la aguja. Extremadura la primera en donaciones 💪💚🤍🖤🇪🇸,La gente tiene que concienzarse. Yo ya he donado 32 veces y como consejo no miréis la aguja. Extremadura la primera en donaciones,💪💚🤍🖤🇪🇸,2024-04-13,0,0
tiktok,😂😂😂😂 ya extrañaba esa ansiedad😂😂😂😂😂,ya extrañaba esa ansiedad,😂😂😂😂 😂😂😂😂😂,2024-04-13,0,0
tiktok,😁😂,,😁😂,2024-04-13,0,0
tiktok,Es de ansiedad es el mejor,Es de ansiedad es el mejor,,2024-04-13,0,0
tiktok,me la comi entera,me la comi entera,,2024-04-13,0,0
tiktok,kkkkkk,kkkkkk,,2024-04-13,0,0
tiktok,oye esa caída si se escucho fuerte no te dolió??,oye esa caída si se escucho fuerte no te dolió??,,2024-04-13,0,0
tiktok,Ni te enteras cuando te ponen la aguja 🤣🤣🤣🤣🤣,Ni te enteras cuando te ponen la aguja,🤣🤣🤣🤣🤣,2024-04-13,0,0
tiktok,😅😅😅😅😅😅,,😅😅😅😅😅😅,2024-04-13,0,0
tiktok,Mi marido ( del 78) es como el 2010,Mi marido ( del 78) es como el 2010,,2024-04-13,0,0
tiktok,😂😂😅,,😂😂😅,2024-04-13,0,0
tiktok,😅🙏,,😅🙏,2024-04-13,0,0
tiktok,x2,x2,,2024-04-13,0,0
tiktok,"a mi me salvo la vida una donación, estuve apunto de desangrarme al parir","a mi me salvo la vida una donación, estuve apunto de desangrarme al parir",,2024-04-13,0,0
tiktok,Yo donaba 4 veces al año antes de tener diabetes. Donar es dar vida,Yo donaba 4 veces al año antes de tener diabetes. Donar es dar vida,,2024-04-13,0,0
tiktok,🤣🤣🤣🤣🤣🤣,,🤣🤣🤣🤣🤣🤣,2024-04-13,0,0
tiktok,muy importante🥰,muy importante,🥰,2024-04-13,0,0
tiktok,🤣🤣🤣👏🏻👏🏻👏🏻,,🤣🤣🤣👏🏻👏🏻👏🏻,2024-04-13,0,0
tiktok,🤣🤣🤣 me encantan tus vídeos tu humor en estos momentos se agradece,me encantan tus vídeos tu humor en estos momentos se agradece,🤣🤣🤣,2024-04-13,0,0
tiktok,ansiedad😂😂😂😂,ansiedad,😂😂😂😂,2024-04-14,0,0
tiktok,"Tuve una amiga a la que le tuvieron que poner suero, así que salió peor jajajaja","Tuve una amiga a la que le tuvieron que poner suero, así que salió peor jajajaja",,2024-04-14,0,0
tiktok,primero,primero,,2024-04-13,0,0
tiktok,eres un puto crack,eres un puto crack,,2024-04-14,0,0
tiktok,done sangre hace 2 meses y tampoco es para tanto el pinchazo,done sangre hace 2 meses y tampoco es para tanto el pinchazo,,2024-04-14,0,0
tiktok,"Mi mamita que nació en el se desmayó varias veces al hacer donaciones de sangre, así que no es algo de la generación Z 😂😆","Mi mamita que nació en el se desmayó varias veces al hacer donaciones de sangre, así que no es algo de la generación Z",😂😆,2024-04-14,0,0
tiktok,"donde vivo, en algunos lugares tenés que tener 1 año sin sex para donar y tatuajes después del año de hacerlo podés donar","donde vivo, en algunos lugares tenés que tener 1 año sin sex para donar y tatuajes después del año de hacerlo podés donar",,2024-04-14,0,0
tiktok,el pozole,el pozole,,2024-04-14,0,0
tiktok,oy yo soy de los 90 y si dono dos veces al año sin miedo ni nada,oy yo soy de los 90 y si dono dos veces al año sin miedo ni nada,,2024-04-14,0,0
tiktok,Te damos la bienvenida al portapapeles de Gboard. Aquí se guardarán los textos que copies.,Te damos la bienvenida al portapapeles de Gboard. Aquí se guardarán los textos que copies.,,2024-04-13,0,0
tiktok,si Goku le tiene miedo a las agujas imagínense yo,si Goku le tiene miedo a las agujas imagínense yo,,2024-04-13,0,0
tiktok,"Donen sangre por favor, plasma e inscribirte como donador de órganos","Donen sangre por favor, plasma e inscribirte como donador de órganos",,2024-04-13,0,0
tiktok,😂😂😂😅😅,,😂😂😂😅😅,2024-04-13,0,0
tiktok,no duele solo es piquete,no duele solo es piquete,,2024-04-13,0,0
tiktok,Simplemente pienso en mis cosas y ya a no ser que te toque un@ inútil que no sepa ni hacer la O con un canuto,Simplemente pienso en mis cosas y ya a no ser que te toque un@ inútil que no sepa ni hacer la O con un canuto,,2024-04-13,0,0
tiktok,Cada vez más valientes 😂,Cada vez más valientes,😂,2024-04-14,0,0
tiktok,gracias a mi mujer que me donó su riñón yo sigo vivo. gracias a los donantes,gracias a mi mujer que me donó su riñón yo sigo vivo. gracias a los donantes,,2024-04-15,0,0
tiktok,donar sangre tiene algún riesgo?,donar sangre tiene algún riesgo?,,2022-09-17,31,9
tiktok,"Claro que tiene riesgo, aumenta tu bienestar y tu carma. Corres el riesgo de ser feliz o, incluso, de estar orgulloso de ti.","Claro que tiene riesgo, aumenta tu bienestar y tu carma. Corres el riesgo de ser feliz o, incluso, de estar orgulloso de ti.",,2022-09-18,94,0
tiktok,quisiera donar no más que no me gustan las agujas y el dolor es fuerte así q tenemos un dilema XD,quisiera donar no más que no me gustan las agujas y el dolor es fuerte así q tenemos un dilema XD,,2022-09-17,22,6
tiktok,Hoy done sangre y siempre lo hago O- Donante Universal.,Hoy done sangre y siempre lo hago O- Donante Universal.,,2024-07-12,7,0
tiktok,puede aver un sintoma para el donante?,puede aver un sintoma para el donante?,,2022-09-17,2,1
tiktok,yo voy a ir a donar sangre para ayudar,yo voy a ir a donar sangre para ayudar,,2022-12-04,2,0
tiktok,soy donante. regular cada 4 meses cuando me envian un mensaje de que mi sangre ha sido enviada al hospital para un paciente lloro de emoción me da un bien estar y satisfacción,soy donante. regular cada 4 meses cuando me envian un mensaje de que mi sangre ha sido enviada al hospital para un paciente lloro de emoción me da un bien estar y satisfacción,,2025-12-23,1,0
tiktok,corres el riesgo de ser feliz 🙂,corres el riesgo de ser feliz,🙂,2025-08-14,1,0
tiktok,si dono sangre y quiero hacer ejercicio tengo que esperar un tiempo? si es así cuanto tiempo,si dono sangre y quiero hacer ejercicio tengo que esperar un tiempo? si es así cuanto tiempo,,2022-12-06,1,2
tiktok,yo quise donar pero no me dejaron por tener hidrocefalia 😅,yo quise donar pero no me dejaron por tener hidrocefalia,😅,2022-09-18,1,1
tiktok,se puede donar con 17 años?,se puede donar con 17 años?,,2022-09-20,1,4
tiktok,puedo donar sangre con tensión alta ?,puedo donar sangre con tensión alta ?,,2022-09-17,1,5
tiktok,grande,grande,,2022-09-17,0,0
tiktok,Gracias por la información campeón,Gracias por la información campeón,,2026-01-07,0,0
tiktok,"a mi me han tenido que trasfundir seis bolsas de Sangre, Gracias a los que donan","a mi me han tenido que trasfundir seis bolsas de Sangre, Gracias a los que donan",,2025-04-07,0,0
tiktok,los que tiene diabetes no deben donar ?,los que tiene diabetes no deben donar ?,,2025-05-25,0,0
tiktok,hoy tocó!! 💪💪💪,hoy tocó!!,💪💪💪,2025-03-27,0,0
tiktok,pero a mí me dijeron que no podía donar plaquetas ya que mi vena era muy delgada 🤔,pero a mí me dijeron que no podía donar plaquetas ya que mi vena era muy delgada,🤔,2025-05-07,0,0
tiktok,mi familia se puso de cabeza al enterarse que done sangre 😔,mi familia se puso de cabeza al enterarse que done sangre,😔,2023-10-15,0,1
tiktok,Miguel ¿Hay algún efecto secundario de donar sangre cada 3 meses de manera constante?,Miguel ¿Hay algún efecto secundario de donar sangre cada 3 meses de manera constante?,,2024-12-26,0,0
tiktok,Se puede llevar un historial de donación para cuando yo o algún conocido necesite sangre?,Se puede llevar un historial de donación para cuando yo o algún conocido necesite sangre?,,2024-03-31,0,1
tiktok,no he podido donar sargre ya que tuve anemia espero volver hacerlo muy pronto.,no he podido donar sargre ya que tuve anemia espero volver hacerlo muy pronto.,,2022-09-18,0,0
tiktok,Sabes poner vias?,Sabes poner vias?,,2022-09-18,0,0
tiktok,Has pensado ser profesor algún día?🥰,Has pensado ser profesor algún día?,🥰,2022-09-19,0,0
tiktok,Cuanta sangre puedo Donar? y cada cuanto tiempo? peso 105 kilos y mido 1.90,Cuanta sangre puedo Donar? y cada cuanto tiempo? peso 105 kilos y mido 1.90,,2023-09-07,0,0
tiktok,cada vez que donas sangre hacen negocio con ella y la venden.,cada vez que donas sangre hacen negocio con ella y la venden.,,2026-01-12,0,0
tiktok,cuanto pagan?,cuanto pagan?,,2022-09-21,0,1
tiktok,yo dono y no hay riesgos,yo dono y no hay riesgos,,2022-09-22,0,0
tiktok,"ojalá pudiera donar, pero mis 47kg no me lo permiten 😔","ojalá pudiera donar, pero mis 47kg no me lo permiten",😔,2022-09-20,0,0
tiktok,1erooo y gran video,1erooo y gran video,,2022-09-17,0,0
tiktok,yo quiero donar sangre pero soy menor,yo quiero donar sangre pero soy menor,,2022-09-18,0,1
tiktok,olaaaaa,olaaaaa,,2022-09-17,0,0
tiktok,"👌😌 los varones deberían donar sangre cada 3 meses, porque ellos no tienen por dónde sacar las sangré antigua como las mujeres cada mes lo hacemos👌😌","los varones deberían donar sangre cada 3 meses, porque ellos no tienen por dónde sacar las sangré antigua como las mujeres cada mes lo hacemos",👌😌 👌😌,2025-04-22,0,0
tiktok,yo era donante pero ya no soy enfermo de Crohn lo siento,yo era donante pero ya no soy enfermo de Crohn lo siento,,2022-09-17,0,0
tiktok,además te dan un bocata,además te dan un bocata,,2022-10-01,0,0
tiktok,lo que no se entiende es por qué los que ya estamos curados de cáncer no podemos donar si dicen que estamos sanos pero supongo que no vale nuestra san,lo que no se entiende es por qué los que ya estamos curados de cáncer no podemos donar si dicen que estamos sanos pero supongo que no vale nuestra san,,2022-09-18,0,0
tiktok,hola! cuanto tiempo debe pasar si te tatuas y quieres donar?,hola! cuanto tiempo debe pasar si te tatuas y quieres donar?,,2022-09-17,0,3
tiktok,Done pero me dio anemia,Done pero me dio anemia,,2022-10-16,0,1
tiktok,GTACIAS.,GTACIAS.,,2022-09-18,0,0
tiktok,1 dia😌,1 dia,😌,2023-02-15,3,0
tiktok,la sangre en sagrada no se debe trasnfundir además tiene riesgo de contraer enfermedades,la sangre en sagrada no se debe trasnfundir además tiene riesgo de contraer enfermedades,,2022-09-30,0,0
tiktok,"Hermano excelente contenidos los que haces, Dios quiera y cada día sean más tus seguidores ya que contenidos como el tuyo si nutren en conocimientos👍","Hermano excelente contenidos los que haces, Dios quiera y cada día sean más tus seguidores ya que contenidos como el tuyo si nutren en conocimientos",👍,2022-09-18,0,0
tiktok,Pues yo si te felicito 👍,Pues yo si te felicito,👍,2024-02-05,1,0
tiktok,solo que salvas vidas y renuevas sangre,solo que salvas vidas y renuevas sangre,,2022-09-22,0,0
tiktok,gracias xd,gracias xd,,2022-09-17,0,0
tiktok,En serio?,En serio?,,2025-04-08,1,0
tiktok,En algunas clínicas te analizan la sangre y te dicen que es lo que tiene tu cuerpo. Es un examen médico y te lo pueden imprimir en una hoja.,En algunas clínicas te analizan la sangre y te dicen que es lo que tiene tu cuerpo. Es un examen médico y te lo pueden imprimir en una hoja.,,2024-04-03,0,0
tiktok,si puedes yo dóne hoy y yo pregunte antes de hacer el papeleo y la enfermera me dijo que siii todo bien,si puedes yo dóne hoy y yo pregunte antes de hacer el papeleo y la enfermera me dijo que siii todo bien,,2023-11-18,0,0
tiktok,"Yo pregunté a mi dr. Y me dijo que no volveré a preguntarle, saludos 👍","Yo pregunté a mi dr. Y me dijo que no volveré a preguntarle, saludos",👍,2023-11-20,1,0
tiktok,No 👍,No,👍,2022-10-25,0,0
tiktok,si yo dóne hoy y soy hipertensan,si yo dóne hoy y soy hipertensan,,2023-11-18,0,0
tiktok,No. Te rebotan.,No. Te rebotan.,,2024-04-03,0,0
tiktok,para donar sangre no había que tener más de 18 años?,para donar sangre no había que tener más de 18 años?,,2022-12-27,2,0
tiktok,"jajaja, solo dono sangre por el desayuno gratis","jajaja, solo dono sangre por el desayuno gratis",,2022-09-18,7,0
tiktok,Tienes que ser una persona sana para donar.,Tienes que ser una persona sana para donar.,,2024-04-03,0,0
tiktok,18 años en adelante 👍,18 años en adelante,👍,2022-10-25,0,0
tiktok,no lo entiendo?,no lo entiendo?,,2025-12-11,0,0
tiktok,"no, siempre y cuando se haga con el protocolo adecuado y en un lugar sanitizado con aguja y jeringa estériles 😁","no, siempre y cuando se haga con el protocolo adecuado y en un lugar sanitizado con aguja y jeringa estériles",😁,2022-09-17,26,0
tiktok,es decir... ayudo a los demás y a mí mismo😳 no hay nada que perder 👍,es decir... ayudo a los demás y a mí mismo no hay nada que perder,😳 👍,2022-09-17,0,0
tiktok,Hay algún beneficio de salud por donar plasma?,Hay algún beneficio de salud por donar plasma?,,2025-11-09,0,0
tiktok,🙏🙏,,🙏🙏,2024-09-20,0,0
tiktok,@pologuerrero.med confirma esto,@pologuerrero.med confirma esto,,2022-09-18,0,0
tiktok,❤️,,❤️,2025-03-10,0,0
tiktok,🤣🤣🤣,,🤣🤣🤣,2025-04-01,0,0
tiktok,😂,,😂,2025-05-25,0,0
tiktok,🚑🚑😍😍,,🚑🚑😍😍,2022-09-28,0,0
tiktok,Si a la persona que yo le done sangre le hacen una prueba de ADN 🧬 tendríamos algún parentesco?,Si a la persona que yo le done sangre le hacen una prueba de ADN tendríamos algún parentesco?,🧬,2024-12-30,0,0
tiktok,y los que están enfermos pueden donar sangré???🤔 no creó,y los que están enfermos pueden donar sangré??? no creó,🤔,2025-04-22,0,0
tiktok,no te voy a mentir yo solo dono sangre por el desayuno gratis jajaja,no te voy a mentir yo solo dono sangre por el desayuno gratis jajaja,,2022-09-17,2,1
tiktok,"Hoy done sangre, sean valientes gente","Hoy done sangre, sean valientes gente",,2023-09-14,2,0
tiktok,desventaja: la aguja JAJAJAJJA,desventaja: la aguja JAJAJAJJA,,2022-09-17,1,0
tiktok,pierdo sangre y yo no pierdo 😂😂😂,pierdo sangre y yo no pierdo,😂😂😂,2022-09-21,1,0
tiktok,si después me invitan a una comida voy de una 😂😅,si después me invitan a una comida voy de una,😂😅,2022-09-17,0,0
tiktok,la O - negativo puede ser transferible para todos los tipos de sangré.sabian eso ?😳,la O - negativo puede ser transferible para todos los tipos de sangré.sabian eso ?,😳,2025-04-22,0,0
tiktok,si pero tres días sin gim,si pero tres días sin gim,,2022-09-17,0,0
tiktok,yo soy donante más que nada por qué tengo grupo sanguíneo 0 negativo es la que le vale a todo el mundo,yo soy donante más que nada por qué tengo grupo sanguíneo 0 negativo es la que le vale a todo el mundo,,2022-09-17,0,0
tiktok,"yo hoy lo hice. háganlo chicos v"":","yo hoy lo hice. háganlo chicos v"":",,2022-10-19,0,0
tiktok,de 6 a 12 meses luego de una perforación o tatuaje.,de 6 a 12 meses luego de una perforación o tatuaje.,,2024-04-03,2,0
tiktok,gracias! preguntaré entonces en mi centro de salud,gracias! preguntaré entonces en mi centro de salud,,2022-09-18,1,0
tiktok,depende del centro de salud al que acudas ya que en algunos es medio año y en otros es un año o más,depende del centro de salud al que acudas ya que en algunos es medio año y en otros es un año o más,,2022-09-17,2,0
tiktok,Tienes que ser mayor de edad,Tienes que ser mayor de edad,,2024-04-03,0,0
tiktok,tienes que ser ahuevo mayor de edad,tienes que ser ahuevo mayor de edad,,2023-10-07,0,0
tiktok,"En chile si se puede, con la autorización escrita del tutor legal","En chile si se puede, con la autorización escrita del tutor legal",,2022-11-08,0,0
tiktok,al Chile no se puede Bro,al Chile no se puede Bro,,2023-10-07,0,0
tiktok,"La donación debe de ser gratuita al menos así es en México, en EU. Ahí si pagan x la sangre 👍","La donación debe de ser gratuita al menos así es en México, en EU. Ahí si pagan x la sangre",👍,2022-10-25,0,0
tiktok,quiero estudiar paramédico que me recomiendas,quiero estudiar paramédico que me recomiendas,,2022-09-18,0,0
tiktok,A las mujeres se les dificulta más el donar por tener la famosa regla y por tener menos hierro en la sangre.,A las mujeres se les dificulta más el donar por tener la famosa regla y por tener menos hierro en la sangre.,,2024-04-03,0,0
tiktok,"Será el almuerzo, porque recomiendan que antes de donar tienes que desayunar bien sólido.","Será el almuerzo, porque recomiendan que antes de donar tienes que desayunar bien sólido.",,2024-04-03,0,0
tiktok,"salvó 3 vidas, pero en el proceso me voy yo","salvó 3 vidas, pero en el proceso me voy yo",,2022-09-17,0,0
tiktok,"menos para la gente como yo que tiene ansiedad, y se marea con las agujas y la sangre 🥺","menos para la gente como yo que tiene ansiedad, y se marea con las agujas y la sangre",🥺,2022-09-17,0,0
tiktok,🥰,,🥰,2024-12-19,0,0
tiktok,@Soy como el fenix🦅,@Soy como el fenix,🦅,2023-06-20,0,0
tiktok,Si me pagan si de gracias uno no vive,Si me pagan si de gracias uno no vive,,2022-09-18,1,1
tiktok,😘,,😘,2025-06-08,0,0
tiktok,"Me gustaría donar, pero consumo ácido valproico 😔","Me gustaría donar, pero consumo ácido valproico",😔,2022-09-18,0,0
tiktok,La sangre no se compra y ni se vende.,La sangre no se compra y ni se vende.,,2024-04-03,0,0
tiktok,"En la prueba casi me desmayo parecía un simson :""v","En la prueba casi me desmayo parecía un simson :""v",,2022-11-28,0,0
tiktok,que buen video tercero bro😁,que buen video tercero bro,😁,2022-09-17,2,0
tiktok,"molesta un poco la aguja pero nada , lo dice un donante, y q lindo cuando te llega un mensaje dándote las gracias","molesta un poco la aguja pero nada , lo dice un donante, y q lindo cuando te llega un mensaje dándote las gracias",,2025-07-17,5,0
tiktok,ahora la sangre esta contaminada con los productos de las vacunas,ahora la sangre esta contaminada con los productos de las vacunas,,2026-02-12,0,0
tiktok,sobre todo a quiron que vaya la marquesa y los pelotaris😂😂😂😂😂,sobre todo a quiron que vaya la marquesa y los pelotaris,😂😂😂😂😂,2025-07-18,1,0
tiktok,quiero donar sangre pero tengo 17 años 🥀,quiero donar sangre pero tengo 17 años,🥀,2025-10-28,0,0
tiktok,Una persona que tenga colesterol puede donar sangre,Una persona que tenga colesterol puede donar sangre,,2025-07-19,0,0
tiktok,yo soi donante .y Ami me operaron enla Quirón en Albacete el cirujano monteriu fabuloso,yo soi donante .y Ami me operaron enla Quirón en Albacete el cirujano monteriu fabuloso,,2025-07-17,1,0
tiktok,Yo soy donante 🥰,Yo soy donante,🥰,2025-07-19,0,0
tiktok,bien no puedo donar sangreee,bien no puedo donar sangreee,,2025-07-19,1,0
tiktok,yo soy donante de sangre,yo soy donante de sangre,,2025-07-18,0,0
tiktok,Y QUE VOY TENER DE ESTO ????,Y QUE VOY TENER DE ESTO ????,,2025-07-19,0,0
tiktok,vivo en valencia y quiero donar,vivo en valencia y quiero donar,,2025-07-18,1,0
tiktok,amen amen amen,amen amen amen,,2025-07-18,0,0
tiktok,yo he donado muchas veces y es un acto muy gratificante ❣️,yo he donado muchas veces y es un acto muy gratificante,❣️,2025-07-19,3,1
tiktok,"faltan criterios clave. Fui a donar sangre, y como tengo los dos brazos tatuados, al pinchar dijo... ui no... porque contamina. Tenerlo en cuenta!","faltan criterios clave. Fui a donar sangre, y como tengo los dos brazos tatuados, al pinchar dijo... ui no... porque contamina. Tenerlo en cuenta!",,2025-07-18,1,0
tiktok,"he sido donante mucho tiempo, ahora por la edad no puedo, pero da una gran satisfacción hacerlo y saber qué con ese gesto ayudas a muchas personas.","he sido donante mucho tiempo, ahora por la edad no puedo, pero da una gran satisfacción hacerlo y saber qué con ese gesto ayudas a muchas personas.",,2025-07-20,2,0
tiktok,"puedo donar sangre tomando adiro, Eutirox y siendo diabética??","puedo donar sangre tomando adiro, Eutirox y siendo diabética??",,2025-07-18,2,0
tiktok,Y si tienes tatuajes se puede??,Y si tienes tatuajes se puede??,,2025-07-20,1,1
tiktok,"tengo una pregunta
¿cuando una persona recibe sangre y no está vacunada(COVID) y si recibe de un donador k ha sido vacunado. ahy el que recibe la sangre ya estaría contagiado x la vacuna?
disculpa x mi ignorancia. gracias 😊",tengo una pregunta ¿cuando una persona recibe sangre y no está vacunada(COVID) y si recibe de un donador k ha sido vacunado. ahy el que recibe la sangre ya estaría contagiado x la vacuna? disculpa x mi ignorancia. gracias,😊,2025-07-16,2,2
tiktok,en mi país donde 5 beses tengo 44 años nose si puedo donar,en mi país donde 5 beses tengo 44 años nose si puedo donar,,2025-07-17,1,1
tiktok,no me da miedo no quiero que mi sangre que regalo de manera altruista le sirva a la cruz roja para hacer negocio 1000€ por unidad de plasma 100ml o sea que algo que yo regalo lo convierten en un negocio muy lucrativo por eso no dono,no me da miedo no quiero que mi sangre que regalo de manera altruista le sirva a la cruz roja para hacer negocio 1000€ por unidad de plasma 100ml o sea que algo que yo regalo lo convierten en un negocio muy lucrativo por eso no dono,,2025-07-17,2,1
tiktok,puro negocio.,puro negocio.,,2025-07-17,0,0
tiktok,🥰🥰🥰🥰,,🥰🥰🥰🥰,2025-07-17,0,0
tiktok,"no me da miedo donar, me desmayo al ver una aguja","no me da miedo donar, me desmayo al ver una aguja",,2025-07-17,1,0
tiktok,YO DONABA ANTES SANGRE Y PLAQUETAS PERO CONO CAMBIE DE PUEBLO HABISE POR TELEFONO Y NO ME HICIERON CASO Y AHORA NO TENGO DONDE DONAR Y ESO QUE DICEN QUE NECESITAN GENTE QUE DONE SANGRE,YO DONABA ANTES SANGRE Y PLAQUETAS PERO CONO CAMBIE DE PUEBLO HABISE POR TELEFONO Y NO ME HICIERON CASO Y AHORA NO TENGO DONDE DONAR Y ESO QUE DICEN QUE NECESITAN GENTE QUE DONE SANGRE,,2025-07-17,1,0
tiktok,hola yo soy de Colombia y en Colombia donaba 2 veces al año y me llamaban más frecuentemente para donar q tengo q ser para donar,hola yo soy de Colombia y en Colombia donaba 2 veces al año y me llamaban más frecuentemente para donar q tengo q ser para donar,,2025-07-18,0,0
tiktok,me gustaría volver a donar,me gustaría volver a donar,,2025-07-17,0,0
tiktok,yo dono con 60,yo dono con 60,,2025-07-20,0,0
tiktok,pues no la dones en cruz roja,pues no la dones en cruz roja,,2025-07-20,0,0
tiktok,"hay que dejar pasar un tiempo, creo que 6 meses","hay que dejar pasar un tiempo, creo que 6 meses",,2025-07-20,1,0
tiktok,CLARO QUE SI..VIRUS DE VACUNA PASA A TU CUERPO.. !!! ES LOGICO !! ANQUE VAN TE DECIR MENTIRAS MEJOR NO LO CREES ¡!!,CLARO QUE SI..VIRUS DE VACUNA PASA A TU CUERPO.. !!! ES LOGICO !! ANQUE VAN TE DECIR MENTIRAS MEJOR NO LO CREES ¡!!,,2025-07-19,0,0
tiktok,"si, y de la mala leche q tenga, vaya tela","si, y de la mala leche q tenga, vaya tela",,2025-07-17,1,0
tiktok,yo también e donado muchas veces y es un acto de amor y me hace feliz,yo también e donado muchas veces y es un acto de amor y me hace feliz,,2026-02-04,0,0
tiktok,yo soy donadora y será ya la costumbre pero ni me mareo ni nada jeje es una felicidad el poder ayudar a alguien,yo soy donadora y será ya la costumbre pero ni me mareo ni nada jeje es una felicidad el poder ayudar a alguien,,2025-10-03,79,8
tiktok,aunque yo me sentí un poco débil Pero lindo ser altruista,aunque yo me sentí un poco débil Pero lindo ser altruista,,2025-08-14,14,0
tiktok,¿A cada cuánto puedo donar?.,¿A cada cuánto puedo donar?.,,2026-02-23,0,0
tiktok,"Me sentí débil y un pequeño mareo, pero la ayuda y satisfacción que da luego lo compensa","Me sentí débil y un pequeño mareo, pero la ayuda y satisfacción que da luego lo compensa",,2025-09-27,28,0
tiktok,Y porque estoy tan debil. Done hce un mes estuve Hospitalizada hidratación hierro ácido fólico. Y aun sigo débil,Y porque estoy tan debil. Done hce un mes estuve Hospitalizada hidratación hierro ácido fólico. Y aun sigo débil,,2025-07-17,24,0
tiktok,Yo done ayer y como sin nada 🙏✨💖🥰,Yo done ayer y como sin nada,🙏✨💖🥰,2025-12-12,0,0
tiktok,"donar sangre es bueno y se debería hacer al menos dos veces al año el cuerpo hace un proceso de regeneración celular es como descartar las vi3jas para que salgan otras nuevas y mas fuertes evita enfermedades de base a futuro y aumentas positiva mente el sistema imonolgico y también nos circular mejor la sangre y podemos evitar padecer de enfermedades como diabetes hipertencion ya que por no donar se hace una sobre carga de hierro y es malo, el cuerpo si necesita hierro pero no tanto también evita posibles enfermedades cardiovasculares diabetes la anemia mejora el estado de ánimo y aumenta la vitalidad mas o menos en eso consiste","donar sangre es bueno y se debería hacer al menos dos veces al año el cuerpo hace un proceso de regeneración celular es como descartar las vi3jas para que salgan otras nuevas y mas fuertes evita enfermedades de base a futuro y aumentas positiva mente el sistema imonolgico y también nos circular mejor la sangre y podemos evitar padecer de enfermedades como diabetes hipertencion ya que por no donar se hace una sobre carga de hierro y es malo, el cuerpo si necesita hierro pero no tanto también evita posibles enfermedades cardiovasculares diabetes la anemia mejora el estado de ánimo y aumenta la vitalidad mas o menos en eso consiste",,2025-10-23,0,0
tiktok,yo dono hace 14 años cada 3 meses,yo dono hace 14 años cada 3 meses,,2025-12-15,1,0
tiktok,y mi papá regañando me por sentirme cansada y agotada jajaja,y mi papá regañando me por sentirme cansada y agotada jajaja,,2025-06-27,7,0
tiktok,Hola buenos noches necesito una persona que pueda Donar sangre para mi mamá qué la va a operar de un rinion no importa cuanto de Dinero los pidan 🥰,Hola buenos noches necesito una persona que pueda Donar sangre para mi mamá qué la va a operar de un rinion no importa cuanto de Dinero los pidan,🥰,2025-12-09,0,0
tiktok,hoy me marieeee,hoy me marieeee,,2025-10-31,0,0
tiktok,Yo le done al turista,Yo le done al turista,,2025-09-24,0,0
tiktok,Excelente información.,Excelente información.,,2025-07-04,1,0
tiktok,acabo de donar y ando como si nada jajaja,acabo de donar y ando como si nada jajaja,,2025-11-27,2,0
tiktok,hermoso Dios te bendiga,hermoso Dios te bendiga,,2025-08-23,0,0
tiktok,en honor a la verdad me sentí débil casi un mes recién me recupere,en honor a la verdad me sentí débil casi un mes recién me recupere,,2025-09-27,4,0
tiktok,y si no absorve el hierro y tengo menopaucia q pasara,y si no absorve el hierro y tengo menopaucia q pasara,,2025-06-27,5,0
tiktok,"Es la primera ves que lo voy hacer, más tarde iré a entrenar que me recomiendan","Es la primera ves que lo voy hacer, más tarde iré a entrenar que me recomiendan",,2025-11-27,1,0
tiktok,"es curioso que siempre que dono sangre no me siento mal, pero que tal me pongo muy chillona","es curioso que siempre que dono sangre no me siento mal, pero que tal me pongo muy chillona",,2026-01-07,0,0
tiktok,🤔algo no cuadra.,algo no cuadra.,🤔,2025-07-12,1,0
tiktok,😂,,😂,2025-12-21,0,0
tiktok,😊,,😊,2025-12-04,0,0
tiktok,🥰,,🥰,2025-12-19,0,0
tiktok,🤣,,🤣,2025-08-13,0,0
tiktok,😁,,😁,2025-12-04,0,0
tiktok,mi pereo dona sangre🙄,mi pereo dona sangre,🙄,2025-06-14,0,0
tiktok,"Vamos veeeeee, apuñoya!","Vamos veeeeee, apuñoya!",,2025-07-27,0,0
tiktok,pudiera donar si tengo 16?,pudiera donar si tengo 16?,,2025-09-05,0,0
tiktok,❤,,❤,2025-11-13,0,0
tiktok,😅,,😅,2025-10-23,0,0
tiktok,👍👍👍,,👍👍👍,2025-10-14,0,0
tiktok,👍,,👍,2025-10-07,0,0
tiktok,☺,,☺,2025-09-25,0,0
tiktok,😏,,😏,2025-09-09,0,0
tiktok,🙏,,🙏,2025-09-06,0,0
tiktok,"Hola, tengo 15 años, pronto tendré un cirugía a corazón abierto, necesito donadores de sangre y de plaquetas, estaría muy agradecida si a alguien le interesara ayudarme 🥺 pueden contactarse a @ayuda a Mili","Hola, tengo 15 años, pronto tendré un cirugía a corazón abierto, necesito donadores de sangre y de plaquetas, estaría muy agradecida si a alguien le interesara ayudarme pueden contactarse a @ayuda a Mili",🥺,2025-08-15,5,9
tiktok,Es un acto de amor pero estoy súper débil y mareada Dios mío que ya se me pase,Es un acto de amor pero estoy súper débil y mareada Dios mío que ya se me pase,,2025-09-09,0,0
tiktok,😂😂😂,,😂😂😂,2025-11-06,0,0
tiktok,😎,,😎,2025-09-19,0,0
tiktok,💯,,💯,2025-09-06,0,0
tiktok,😢,,😢,2025-08-20,0,0
tiktok,🥰🥰🥰,,🥰🥰🥰,2025-08-13,0,0
tiktok,💪,,💪,2025-08-11,0,0
tiktok,🤣🤣🤣,,🤣🤣🤣,2025-07-15,0,0
tiktok,yo apenas mañana iré a donar sangre 🤍,yo apenas mañana iré a donar sangre,🤍,2026-02-22,0,0
tiktok,es lo mejor que puedas hacer 🥰,es lo mejor que puedas hacer,🥰,2026-02-22,0,0
tiktok,tengo un amigo con leucemia y necesita donadores,tengo un amigo con leucemia y necesita donadores,,2025-10-28,0,0
tiktok,me pasa igual no me da mareo ni nada donar ❣,me pasa igual no me da mareo ni nada donar,❣,2025-10-08,0,0
tiktok,es cierto que engordan?,es cierto que engordan?,,2025-10-04,0,0
tiktok,yo estoy igual de gorda jajaja 🤣🤣,yo estoy igual de gorda jajaja,🤣🤣,2025-10-04,1,0
tiktok,"jajaja no diga eso, esta muy linda!!","jajaja no diga eso, esta muy linda!!",,2025-10-04,0,0
tiktok,😄😄😄,,😄😄😄,2026-01-03,0,0
tiktok,"saliste bien?, yo empecé a donar sangre","saliste bien?, yo empecé a donar sangre",,2025-11-04,1,0
tiktok,"Aún no me operan, me falta un donador 🥺","Aún no me operan, me falta un donador",🥺,2025-11-04,0,0
tiktok,"ahh, iba ayudar pero yo soy de Perú JAJAJJA","ahh, iba ayudar pero yo soy de Perú JAJAJJA",,2025-11-05,1,0
tiktok,"Está bien, muchas gracias aún así gracias por el interés 😃","Está bien, muchas gracias aún así gracias por el interés",😃,2025-11-05,0,0
tiktok,espero te vaya bien;),espero te vaya bien;),,2025-11-06,1,0
tiktok,"Muchas gracias, mañana veremos que sucede 😃","Muchas gracias, mañana veremos que sucede",😃,2025-11-18,0,0
tiktok,"fua, se que todo saldrá bien, ten fé en Dios:)","fua, se que todo saldrá bien, ten fé en Dios:)",,2025-11-18,0,0
tiktok,Que tipo de sangre es,Que tipo de sangre es,,2025-09-01,1,0
tiktok,Cualquier tipo de sangre me funciona 😊,Cualquier tipo de sangre me funciona,😊,2025-09-01,0,0
twitter,"Donación de sangre @LevanteUD

🗓️ Jueves #5marzo 
⏰ 9:30-14:00 ⏰16:00 a 20:30h
📍 Palco VIP - Ciutat de València

🎁 Entrarás en el sorteo de: 250 entradas para el Levante UD-Girona CF y 6 Experiencias VIP en la Sala Túnel.

¡Te esperamos! 🐸💙❤️ https://t.co/BXnbfg2c4L",Donación de sangre @LevanteUD Jueves #5marzo ⏰ 9:30-14:00 ⏰16:00 a 20:30h Palco VIP - Ciutat de València Entrarás en el sorteo de: 250 entradas para el Levante UD-Girona CF y 6 Experiencias VIP en la Sala Túnel. ¡Te esperamos! https://t.co/BXnbfg2c4L,🗓️ 📍 🎁 🐸💙❤️,2026-03-04,0,0
twitter,"❤️ Ser solidario está en tu mano. ¡Ven a donar sangre!
Te esperamos en:
📍 CPEIPS Salesianos – Las Palmas de Gran Canaria
🗓 5 al 6 de marzo
⏰ 14:45 a 20:00 h.

#DonaSangre #RegalaVida
ℹ️ https://t.co/ipllnNdgP3 | ☎️ 900 234 061 https://t.co/zlQnW6yc4r",Ser solidario está en tu mano. ¡Ven a donar sangre! Te esperamos en: CPEIPS Salesianos – Las Palmas de Gran Canaria 5 al 6 de marzo ⏰ 14:45 a 20:00 h. #DonaSangre #RegalaVida ℹ https://t.co/ipllnNdgP3 | 900 234 061 https://t.co/zlQnW6yc4r,❤️ 📍 🗓 ️ ☎️,2026-03-04,0,0
twitter,"La primavera empieza en ti. Dona sangre, dona vida. 🌱🩸

Marzo es renacer: vuelven la luz, las flores… y las ganas de empezar de nuevo.
Donar sangre es ese impulso de vida que permite que otras vidas sigan creciendo.

¿Te sumas este mes?
ℹ https://t.co/ZpQR7LZ2ey https://t.co/drrfGHveco","La primavera empieza en ti. Dona sangre, dona vida. Marzo es renacer: vuelven la luz, las flores… y las ganas de empezar de nuevo. Donar sangre es ese impulso de vida que permite que otras vidas sigan creciendo. ¿Te sumas este mes? ℹ https://t.co/ZpQR7LZ2ey https://t.co/drrfGHveco",🌱🩸,2026-03-04,0,0
twitter,"@Radio_Formula Nada más se andan envenenando, pues los tatuajes tiene plomo que se va a la sangre y dicen que por mucho tiempo lo que genera problemas de riñones y de hígado  por eso muchas veces no pueden donar sangre","@Radio_Formula Nada más se andan envenenando, pues los tatuajes tiene plomo que se va a la sangre y dicen que por mucho tiempo lo que genera problemas de riñones y de hígado por eso muchas veces no pueden donar sangre",,2026-03-04,0,1
twitter,Desde Salud impulsan la donación de sangre en los hospitales nacionales y SAMIC https://t.co/WRdHjaWHeQ,Desde Salud impulsan la donación de sangre en los hospitales nacionales y SAMIC https://t.co/WRdHjaWHeQ,,2026-03-04,0,0
twitter,"#Victoria Realizan intensas campañas de donación de sangre en Tamaulipas - https://t.co/i6iPr2H5h0
#OptimusInformativo #Noticias #País #México #Tamaulipas #CdVictoria https://t.co/r4NYtttBrq",#Victoria Realizan intensas campañas de donación de sangre en Tamaulipas - https://t.co/i6iPr2H5h0 #OptimusInformativo #Noticias #País #México #Tamaulipas #CdVictoria https://t.co/r4NYtttBrq,,2026-03-04,0,0
twitter,"El aparcamiento es gratuito en los puntos fijos de Sevilla capital.
https://t.co/cs93sL4fHn",El aparcamiento es gratuito en los puntos fijos de Sevilla capital. https://t.co/cs93sL4fHn,,2026-03-04,0,0
twitter,"𝗔𝗖𝗧𝗨𝗔𝗟𝗜𝗗𝗔𝗗 |
El próximo viernes 6 de marzo, coincidiendo con el Besamanos a Ntro. Padre Jesús Cautivo, tendrá lugar la campaña de donación de sangre, organizada por la Vocalía de Acción Social. 

🗓️ 6 de marzo.
📌Espacio ciudadano ""Los Alambres""
🕔 17:00 a 21:00. https://t.co/Dzp2EJ5vng","| El próximo viernes 6 de marzo, coincidiendo con el Besamanos a Ntro. Padre Jesús Cautivo, tendrá lugar la campaña de donación de sangre, organizada por la Vocalía de Acción Social. 6 de marzo. Espacio ciudadano ""Los Alambres"" 17:00 a 21:00. https://t.co/Dzp2EJ5vng",𝗔𝗖𝗧𝗨𝗔𝗟𝗜𝗗𝗔𝗗 🗓️ 📌 🕔,2026-03-04,15,0
twitter,"LA HERMANDAD VISITA OSSA de MONTIEL.

Donación de sangre en OSSA de MONTIEL el jueves 5 de marzo, de 17:30 a 20:30 horas en CENTRO de SALUD.

Gracias DONANTE, TÚ lo haces posible...
@SanidadCLM 
@ossademontiel https://t.co/gkd78Ic3aZ","LA HERMANDAD VISITA OSSA de MONTIEL. Donación de sangre en OSSA de MONTIEL el jueves 5 de marzo, de 17:30 a 20:30 horas en CENTRO de SALUD. Gracias DONANTE, TÚ lo haces posible... @SanidadCLM @ossademontiel https://t.co/gkd78Ic3aZ",,2026-03-04,1,0
twitter,@USEmbassyMEX @CruzRoja_MX Será usada para la guerra? Es extraño que la embajada de usa invite a donar sangre.,@USEmbassyMEX @CruzRoja_MX Será usada para la guerra? Es extraño que la embajada de usa invite a donar sangre.,,2026-03-04,0,0
twitter,"El Ayuntamiento de Antigua desde la concejalía de Sanidad recuerda que mañana jueves 5 y el viernes 6 de marzo, la unidad móvil de donación de sangre atenderá en horario de mañana de 09:00 a 13:30 horas en el Centro de Juventud de Antigua. https://t.co/sXchUkYUVC","El Ayuntamiento de Antigua desde la concejalía de Sanidad recuerda que mañana jueves 5 y el viernes 6 de marzo, la unidad móvil de donación de sangre atenderá en horario de mañana de 09:00 a 13:30 horas en el Centro de Juventud de Antigua. https://t.co/sXchUkYUVC",,2026-03-04,0,0
twitter,"¡Te recordamos! 🔔

🩸 Este próximo jueves, 5 de marzo, Campaña de Donación de Sangre en Tomares.

📍 Ayuntamiento (Calle de la Fuente, 10)
🕔 17:00 a 21:00 h

Donar sangre es un acto sencillo que salva vidas. https://t.co/V49Wi7yFvb","¡Te recordamos! Este próximo jueves, 5 de marzo, Campaña de Donación de Sangre en Tomares. Ayuntamiento (Calle de la Fuente, 10) 17:00 a 21:00 h Donar sangre es un acto sencillo que salva vidas. https://t.co/V49Wi7yFvb",🔔 🩸 📍 🕔,2026-03-04,1,0
twitter,"Dona Sangre en #Alicante
📌Centro de Transfusión 

Puedes hacer donación de sangre convencional o #aféresis [la donación de #plaquetas o #plasma necesita cita previa, llama☎️965 169710 y solicítala]
[Carretera Nacional, 332]

De lunes a viernes 🕣8.30-21.00
Sábados🕞8.30-14.00 https://t.co/dOFkQTOLah","Dona Sangre en #Alicante Centro de Transfusión Puedes hacer donación de sangre convencional o #aféresis [la donación de #plaquetas o #plasma necesita cita previa, llama 965 169710 y solicítala] [Carretera Nacional, 332] De lunes a viernes 8.30-21.00 Sábados 8.30-14.00 https://t.co/dOFkQTOLah",📌 ☎️ 🕣 🕞,2026-03-04,0,0
twitter,"Donar sangre es un gesto pequeño que puede salvar muchas vidas. Hoy más que nunca, nuestros hospitales necesitan de la solidaridad de pueblos como el nuestro. Si estás bien de salud, acércate a donar. Entre todos, nos cuidamos . https://t.co/DTqj0kJs6T","Donar sangre es un gesto pequeño que puede salvar muchas vidas. Hoy más que nunca, nuestros hospitales necesitan de la solidaridad de pueblos como el nuestro. Si estás bien de salud, acércate a donar. Entre todos, nos cuidamos . https://t.co/DTqj0kJs6T",,2026-03-04,0,0
twitter,"A DIARIO PUEDES #DONARSANGRE Y REGISTRARTE COMO #DONANTEDEMÉDULA EN RT🙏❤️💉💪
@ciudadjerez @LasCosasDeJerez @cadizhoy @ondapasioncom @AytoSanlucar @SanlucarALdia @ElPuerto @PuertoRealHoy @SaludLocalCadiz @HUPMCadiz @FCC_UCA
#DONASANGRE #DONAMÉDULA #SALVAVIDAS #REGALALATIDOS https://t.co/YRctgg49XJ",A DIARIO PUEDES #DONARSANGRE Y REGISTRARTE COMO #DONANTEDEMÉDULA EN RT @ciudadjerez @LasCosasDeJerez @cadizhoy @ondapasioncom @AytoSanlucar @SanlucarALdia @ElPuerto @PuertoRealHoy @SaludLocalCadiz @HUPMCadiz @FCC_UCA #DONASANGRE #DONAMÉDULA #SALVAVIDAS #REGALALATIDOS https://t.co/YRctgg49XJ,🙏❤️💉💪,2026-03-04,3,0
twitter,"MIÉRCOLES 4 DE MARZO PUEDE #DONARSANGRE Y REGISTRARSE COMO #DONANTEDEMÉDULA
@ApoLeu EN ❤️💉💪〽️🌡🧡 RT🙏

#CÁDIZ
@AyuntaCadiz @Cadiz_Fundacion @PacoLuy @CadistasEA @SaludLocalCadiz @HUPMCadiz
@portaldecadiz @cadizhoy @vivacadiz @Cadiz_CF @portalcadista @Cajasol @CSocialUCA https://t.co/c1z3GB0OT0",MIÉRCOLES 4 DE MARZO PUEDE #DONARSANGRE Y REGISTRARSE COMO #DONANTEDEMÉDULA @ApoLeu EN RT #CÁDIZ @AyuntaCadiz @Cadiz_Fundacion @PacoLuy @CadistasEA @SaludLocalCadiz @HUPMCadiz @portaldecadiz @cadizhoy @vivacadiz @Cadiz_CF @portalcadista @Cajasol @CSocialUCA https://t.co/c1z3GB0OT0,❤️💉💪〽️🌡🧡 🙏,2026-03-04,3,0
twitter,"MIÉRCOLES 4 DE MARZO PUEDE #DONARSANGRE Y REGISTRARSE COMO #DONANTEDEMÉDULA
@ApoLeu EN ❤️💉💪〽️🌡🧡 RT🙏

#ALGECIRAS
@aytoalgeciras @minutoes @JuntaCG @AlgecirasInfo @algecirasmgusta @diarioalgeciras 
@EstrellaBLopez 

#DONASANGRE #DONAMÉDULA #SALVAVIDAS #REGALALATIDOS https://t.co/iaI3LR7aqY",MIÉRCOLES 4 DE MARZO PUEDE #DONARSANGRE Y REGISTRARSE COMO #DONANTEDEMÉDULA @ApoLeu EN RT #ALGECIRAS @aytoalgeciras @minutoes @JuntaCG @AlgecirasInfo @algecirasmgusta @diarioalgeciras @EstrellaBLopez #DONASANGRE #DONAMÉDULA #SALVAVIDAS #REGALALATIDOS https://t.co/iaI3LR7aqY,❤️💉💪〽️🌡🧡 🙏,2026-03-04,3,0
twitter,"🩸 ¿Quieres donar sangre pero no sabes dónde🤔?
➡️¡En #LaRioja lo tienes muy fácil😉!
🏥Hospital San Pedro de #Logroño. De lunes a viernes de 8 a 20h y sábados de 9 a 14h.
🚍Unidad móvil. Puedes consultar su ubicación y horarios aquí: ➡️ https://t.co/o2TRSL5AQu https://t.co/7GWMFvI7Iw",¿Quieres donar sangre pero no sabes dónde ? ¡En #LaRioja lo tienes muy fácil ! Hospital San Pedro de #Logroño. De lunes a viernes de 8 a 20h y sábados de 9 a 14h. Unidad móvil. Puedes consultar su ubicación y horarios aquí: https://t.co/o2TRSL5AQu https://t.co/7GWMFvI7Iw,🩸 🤔 ➡️ 😉 🏥 🚍 ➡️,2026-03-04,1,0
twitter,"A DIARIO PUEDES #DONARSANGRE Y REGISTRARTE COMO #DONANTEDEMÉDULA EN RT🙏❤️💉💪
@ciudadjerez @LasCosasDeJerez @cadizhoy @ondapasioncom @AytoSanlucar @SanlucarALdia @ElPuerto @PuertoRealHoy @SaludLocalCadiz @HUPMCadiz @FCC_UCA
#DONASANGRE #DONAMÉDULA #SALVAVIDAS #REGALALATIDOS https://t.co/uWuttTYtaq",A DIARIO PUEDES #DONARSANGRE Y REGISTRARTE COMO #DONANTEDEMÉDULA EN RT @ciudadjerez @LasCosasDeJerez @cadizhoy @ondapasioncom @AytoSanlucar @SanlucarALdia @ElPuerto @PuertoRealHoy @SaludLocalCadiz @HUPMCadiz @FCC_UCA #DONASANGRE #DONAMÉDULA #SALVAVIDAS #REGALALATIDOS https://t.co/uWuttTYtaq,🙏❤️💉💪,2026-03-04,2,0
twitter,"🗓️Hoy puedes donar sangre en:
🏥#HospitalSanPedro, de 8 a 20h.
🚌#Azofra, de 17:30 a 18:30h.
🚌#Alesanco, de 19 a 21h.

✅Dona sangre si te encuentras bien de salud y tienes entre 18 y 65 años
☎️941298494 https://t.co/8AfawVnYTV","Hoy puedes donar sangre en: #HospitalSanPedro, de 8 a 20h. #Azofra, de 17:30 a 18:30h. #Alesanco, de 19 a 21h. Dona sangre si te encuentras bien de salud y tienes entre 18 y 65 años 941298494 https://t.co/8AfawVnYTV",🗓️ 🏥 🚌 🚌 ✅ ☎️,2026-03-04,0,0
twitter,"🗓️Hoy puedes donar sangre en:
🏥#HospitalSanPedro, de 8 a 20h.
🚌#Azofra, de 17:30 a 18:30h.
🚌#Alesanco, de 19 a 21h.

✅Dona sangre si te encuentras bien de salud y tienes entre 18 y 65 años
☎️941298494 https://t.co/FIZCKOQHqC","Hoy puedes donar sangre en: #HospitalSanPedro, de 8 a 20h. #Azofra, de 17:30 a 18:30h. #Alesanco, de 19 a 21h. Dona sangre si te encuentras bien de salud y tienes entre 18 y 65 años 941298494 https://t.co/FIZCKOQHqC",🗓️ 🏥 🚌 🚌 ✅ ☎️,2026-03-04,0,0
twitter,"#BuenosDías y feliz miércoles, hoy puedes ayudar a seguir viviendo a 3 personas , es fácil, no duele y salva vidas.
ℹ️Requisitos: 18-65 años, &gt;50kg y estar bien de salud 🫶
🩸Te esperamos esta mañana para #DonarSangre 👇
📍 𝗜𝗘𝗦 𝗕𝗲𝗻 𝗔𝗿𝗮𝗯𝗶́ #Cartagena
⏰de 9:30 a 14h 👇 https://t.co/UCni8Rebs9","#BuenosDías y feliz miércoles, hoy puedes ayudar a seguir viviendo a 3 personas , es fácil, no duele y salva vidas. ℹ Requisitos: 18-65 años, &gt;50kg y estar bien de salud Te esperamos esta mañana para #DonarSangre ́ #Cartagena ⏰de 9:30 a 14h https://t.co/UCni8Rebs9",️ 🫶 🩸 👇 📍 𝗜𝗘𝗦 𝗕𝗲𝗻 𝗔𝗿𝗮𝗯𝗶 👇,2026-03-04,3,0
twitter,"RT/ #Bormujos se moviliza para salvar vidas: nueva jornada de donación de sangre este 6 de marzo

https://t.co/GG1sXKAKb6

@AytoBormujos @Lolaromerolope1 @setebecerra @PedroHinojosaR2 @CelinaBormujos @donantessevilla

#DonarSangre #Solidaridad #Aljarafeymás #BormujosParaTodos",RT/ #Bormujos se moviliza para salvar vidas: nueva jornada de donación de sangre este 6 de marzo https://t.co/GG1sXKAKb6 @AytoBormujos @Lolaromerolope1 @setebecerra @PedroHinojosaR2 @CelinaBormujos @donantessevilla #DonarSangre #Solidaridad #Aljarafeymás #BormujosParaTodos,,2026-03-04,1,0
twitter,"#BuenosDias y feliz miércoles solidario, seguimos con la campaña de donación de #sangre y #médula en la
@UMU 🫶
❤️Cita ineludible con la solidaridad, diez minutos de tu tiempo, una VIDA para otros
Te esperamos HOY en👇
📍 @EconomicasUMU @DelEconomicas 🫶
⏰de 9:30 a 16 a 20:30h https://t.co/eXXid4hndX","#BuenosDias y feliz miércoles solidario, seguimos con la campaña de donación de #sangre y #médula en la @UMU Cita ineludible con la solidaridad, diez minutos de tu tiempo, una VIDA para otros Te esperamos HOY en @EconomicasUMU @DelEconomicas ⏰de 9:30 a 16 a 20:30h https://t.co/eXXid4hndX",🫶 ❤️ 👇 📍 🫶,2026-03-04,5,0
twitter,@CuarteDeMenta depende del tipo de estudio. Para donar sangre por ejemplo podes tomar café o té con azucar y fruta pero no sé si podes comer harinas. Lacteos se que no podes consumir.  La proxima vez acercate a preguntar por las dudas :d,@CuarteDeMenta depende del tipo de estudio. Para donar sangre por ejemplo podes tomar café o té con azucar y fruta pero no sé si podes comer harinas. Lacteos se que no podes consumir. La proxima vez acercate a preguntar por las dudas :d,,2026-03-04,0,0
twitter,el día de mí cumple tengo que ir a donar sangre pq es mi deber como cero negativo mentira me quiero morir,el día de mí cumple tengo que ir a donar sangre pq es mi deber como cero negativo mentira me quiero morir,,2026-03-04,1,0
twitter,"🩸 Se hace un llamado a la ciudadanía para apoyar con donación de sangre para María del Carmen García Ipiña, quien se encuentra en el:

🏥 Hospital General de Zona No. 1 “Lic. Ignacio García Téllez” (IMSS)
📍 San Luis Potosí, SLP

La donación es fundamental para su atención https://t.co/zh8vbU7bLM","Se hace un llamado a la ciudadanía para apoyar con donación de sangre para María del Carmen García Ipiña, quien se encuentra en el: Hospital General de Zona No. 1 “Lic. Ignacio García Téllez” (IMSS) San Luis Potosí, SLP La donación es fundamental para su atención https://t.co/zh8vbU7bLM",🩸 🏥 📍,2026-03-04,1,0
twitter,les juro que en otra vida estoy cumpliendo mi sueño de donar sangre,les juro que en otra vida estoy cumpliendo mi sueño de donar sangre,,2026-03-04,0,0
twitter,donar sangre 😔 pero nunca me atrevo pq me da miedo al final JAJAJAKAK https://t.co/nU92c2nW2c,donar sangre pero nunca me atrevo pq me da miedo al final JAJAJAKAK https://t.co/nU92c2nW2c,😔,2026-03-04,0,0
twitter,"Aventura de hoy: fui a donar sangre con mi director y un maestro, terminé casi desmayada https://t.co/dZoUoYFb3Z","Aventura de hoy: fui a donar sangre con mi director y un maestro, terminé casi desmayada https://t.co/dZoUoYFb3Z",,2026-03-04,0,0
twitter,"📌  Impulsa gobierno de Tamaulipas campañas de donación de sangre
✍🏿  Ciudad Victoria, Tamps.– La única fuente de obtención y disposición de sangre es a través de la donación...
[ Leer Más ]  👇🏿👇🏿👇🏿
https://t.co/fyjBK2WKEo https://t.co/FGcdlEu07F","Impulsa gobierno de Tamaulipas campañas de donación de sangre Ciudad Victoria, Tamps.– La única fuente de obtención y disposición de sangre es a través de la donación... [ Leer Más ] https://t.co/fyjBK2WKEo https://t.co/FGcdlEu07F",📌 ✍🏿 👇🏿👇🏿👇🏿,2026-03-04,0,0
twitter,Tamaulipas intensifica campañas de donación de sangre junto al Banco de Sangre y la UAT. Donar salva vidas infórmate y participa: https://t.co/VFQneJxGSj #TeamNoticias #gobtam #GobiernoDeTamaulipas #DonaciónDeSangre #Tamaulipas #Salud https://t.co/SGh0L0IecF,Tamaulipas intensifica campañas de donación de sangre junto al Banco de Sangre y la UAT. Donar salva vidas infórmate y participa: https://t.co/VFQneJxGSj #TeamNoticias #gobtam #GobiernoDeTamaulipas #DonaciónDeSangre #Tamaulipas #Salud https://t.co/SGh0L0IecF,,2026-03-04,0,0
twitter,"#Tamaulipas |🔴la Secretaría de Salud, a través del Banco de Sangre, realiza campañas intensivas de donación para la extracción de este tejido.

LA NOTA👇
#CdVictoria #Tampico #CdMadero #Altamira #Matamoros #Reynosa #NuevoLaredo #RioBravo #ValleHermoso https://t.co/UmISZ78Gen","#Tamaulipas | la Secretaría de Salud, a través del Banco de Sangre, realiza campañas intensivas de donación para la extracción de este tejido. LA NOTA #CdVictoria #Tampico #CdMadero #Altamira #Matamoros #Reynosa #NuevoLaredo #RioBravo #ValleHermoso https://t.co/UmISZ78Gen",🔴 👇,2026-03-04,0,0
twitter,"SUELTENME, YA NO QUIERO DONAR SUBS Y ME OBLIGAN MINIMO 5 POR STREAM😭😭 https://t.co/x7xkxGrYVW","SUELTENME, YA NO QUIERO DONAR SUBS Y ME OBLIGAN MINIMO 5 POR STREAM https://t.co/x7xkxGrYVW",😭😭,2026-03-04,8,3
twitter,"Impulsa gobierno de Tamaulipas campañas de donación de sangre
https://t.co/6t7zKtep5h",Impulsa gobierno de Tamaulipas campañas de donación de sangre https://t.co/6t7zKtep5h,,2026-03-04,0,0
twitter,"Tú al igual que nuestro ministro consejero Mark Johnson y la comunidad de la Embajada de Estados Unidos en México, únete a la campaña para donar sangre con la @CruzRoja_MX. 
¡Juntos salvemos vidas en 🇲🇽! https://t.co/Gc1t3F56cV","Tú al igual que nuestro ministro consejero Mark Johnson y la comunidad de la Embajada de Estados Unidos en México, únete a la campaña para donar sangre con la @CruzRoja_MX. ¡Juntos salvemos vidas en ! https://t.co/Gc1t3F56cV",🇲🇽,2026-03-04,449,17
twitter,Tamaulipas impulsa campañas masivas de donación de sangre https://t.co/CAhFFL6eRv,Tamaulipas impulsa campañas masivas de donación de sangre https://t.co/CAhFFL6eRv,,2026-03-04,0,0
twitter,"Impulsa gobierno de Tamaulipas campañas de donación de sangre 
- A través del Banco de Sangre y en coordinación con instituciones como la UAT.

La única fuente de ...
📰 #ManuelGmarttz #News
🌐 Todos los detalles: ⬇️ ⬇️ ⬇️ https://t.co/6oeqN3ikph",Impulsa gobierno de Tamaulipas campañas de donación de sangre - A través del Banco de Sangre y en coordinación con instituciones como la UAT. La única fuente de ... #ManuelGmarttz #News Todos los detalles: https://t.co/6oeqN3ikph,📰 🌐 ⬇️ ⬇️ ⬇️,2026-03-04,0,0
twitter,Planes tranquilos de martes en la tarde: llevar a @mariaefe___  a donar sangre por primera vez✅✅✅,Planes tranquilos de martes en la tarde: llevar a @mariaefe___ a donar sangre por primera vez,✅✅✅,2026-03-04,1,1
twitter,@DefensorSp aprovechen que andan por ahi y pidan donación de sangre en el clínicas,@DefensorSp aprovechen que andan por ahi y pidan donación de sangre en el clínicas,,2026-03-03,0,0
twitter,"@jambo_sinlambo @imperio_nita +desgracias somos los primeros en donar sangre ( ADAMUZ), se hacen donaciones masivas sin mirar a quién se hace (DANA). Y no se movilizs solamente las capitales y ciudades también pueblos y aldeas. Un yankee se la suda tener homeless en sus calles por mucho que sea su vecino","@jambo_sinlambo @imperio_nita +desgracias somos los primeros en donar sangre ( ADAMUZ), se hacen donaciones masivas sin mirar a quién se hace (DANA). Y no se movilizs solamente las capitales y ciudades también pueblos y aldeas. Un yankee se la suda tener homeless en sus calles por mucho que sea su vecino",,2026-03-03,3,1
twitter,*Impulsa gobierno de Tamaulipas campañas de donación de sangre https://t.co/ibpalYywZ4 https://t.co/2CRNb8IoLU,*Impulsa gobierno de Tamaulipas campañas de donación de sangre https://t.co/ibpalYywZ4 https://t.co/2CRNb8IoLU,,2026-03-03,0,0
twitter,"Impulsa gobierno de Tamaulipas campañas de donación de sangre
#Tamaulipas #ElMante #Tampico #cdvictoria #Altamira #ciudadmadero #Reynosa #Matamoros #Xicotencatl #NLD #RioBravo #ValleHermoso #NuevoLaredo #Dallas #SanAntonio #NuevoLeon #UANL
⬇Enlace
https://t.co/afL2RQnqRN https://t.co/r7zZZnCDu4",Impulsa gobierno de Tamaulipas campañas de donación de sangre #Tamaulipas #ElMante #Tampico #cdvictoria #Altamira #ciudadmadero #Reynosa #Matamoros #Xicotencatl #NLD #RioBravo #ValleHermoso #NuevoLaredo #Dallas #SanAntonio #NuevoLeon #UANL Enlace https://t.co/afL2RQnqRN https://t.co/r7zZZnCDu4,⬇,2026-03-03,0,0
twitter,"Impulsa gobierno de Tamaulipas campañas de donación de sangre  
https://t.co/ToX0AJhG3W",Impulsa gobierno de Tamaulipas campañas de donación de sangre https://t.co/ToX0AJhG3W,,2026-03-03,0,0
twitter,"Solicitan con urgencia donante de sangre A+ para paciente ingresado en hospital traumatológico de Azua.

Wellington Ramíreza necesita donación de sangre para una intervención quirúrgica que le será practicada este martes en el Hospital Traumatológico de Azua, tras este https://t.co/8onfJwnXJw","Solicitan con urgencia donante de sangre A+ para paciente ingresado en hospital traumatológico de Azua. Wellington Ramíreza necesita donación de sangre para una intervención quirúrgica que le será practicada este martes en el Hospital Traumatológico de Azua, tras este https://t.co/8onfJwnXJw",,2026-03-03,1,0
twitter,"#Tamaulipas #CiudadVictoria
Impulsa gobierno de Tamaulipas campañas de donación de sangre https://t.co/YwAQIVvZP2",#Tamaulipas #CiudadVictoria Impulsa gobierno de Tamaulipas campañas de donación de sangre https://t.co/YwAQIVvZP2,,2026-03-03,0,0
twitter,"💉🩸La Universidad Pablo de Olavide inicia este martes una nueva campaña de donación de sangre ⁦@pablodeolavide⁩ 
Más información ⤵️ https://t.co/gl2kaumqfI",La Universidad Pablo de Olavide inicia este martes una nueva campaña de donación de sangre ⁦@pablodeolavide⁩ Más información https://t.co/gl2kaumqfI,💉🩸 ⤵️,2026-03-03,0,0
twitter,"Me molesta que me digan ""No eres mi tipo"" 
Ps si te quiero echar un paliacate, 
no donar sangre mija","Me molesta que me digan ""No eres mi tipo"" Ps si te quiero echar un paliacate, no donar sangre mija",,2026-03-03,0,0
twitter,"Yo no puedo hacerlo porque tuve hepatitis, pero hay que ayudar a donar sangre. @G_Arriaga https://t.co/HxH7jOom4y","Yo no puedo hacerlo porque tuve hepatitis, pero hay que ayudar a donar sangre. @G_Arriaga https://t.co/HxH7jOom4y",,2026-03-03,0,0
twitter,"Durante marzo, al donar sangre en cualquiera de nuestros centros, participas en el sorteo de 2 boletas VIP para el concierto de Chayanne.

Desliza para conocer las bases del sorteo y cuéntanos en los comentarios qué canción te gustaría escuchar en vivo.

#ReferenciaBancodeSangre https://t.co/xgtziGJ23o","Durante marzo, al donar sangre en cualquiera de nuestros centros, participas en el sorteo de 2 boletas VIP para el concierto de Chayanne. Desliza para conocer las bases del sorteo y cuéntanos en los comentarios qué canción te gustaría escuchar en vivo. #ReferenciaBancodeSangre https://t.co/xgtziGJ23o",,2026-03-03,0,0
twitter,Donar sangre en Santiago tiene premio: abonos para el Son do Camiño https://t.co/YHvGJJh8K6,Donar sangre en Santiago tiene premio: abonos para el Son do Camiño https://t.co/YHvGJJh8K6,,2026-03-03,0,0
twitter,"📌💉¡¡¡ATENTOS!!! Donación de #sangre en la #VegaBaja. Se necesitan en la provincia de Alicante 250 unidades diarias de sangre para diferentes patologías. Acercaos mañana a #Torrevieja.
📰Más detalles, pinchad ahí👉
https://t.co/hBvjPfsjx9
@GVAsanitat @GVAdonasang @TorreviejaAyto https://t.co/VC7ng6Gwkg","¡¡¡ATENTOS!!! Donación de #sangre en la #VegaBaja. Se necesitan en la provincia de Alicante 250 unidades diarias de sangre para diferentes patologías. Acercaos mañana a #Torrevieja. Más detalles, pinchad ahí https://t.co/hBvjPfsjx9 @GVAsanitat @GVAdonasang @TorreviejaAyto https://t.co/VC7ng6Gwkg",📌💉 📰 👉,2026-03-03,0,0
twitter,@Alexispepillo Sigo atenta por si necesitas maa candidatos para la donacion de sangre,@Alexispepillo Sigo atenta por si necesitas maa candidatos para la donacion de sangre,,2026-03-03,0,0
twitter,"Donación número 15, solo demoras 30 minutos, y puedes salvar 3 vidas #donarsangre https://t.co/5FDaac3WrH","Donación número 15, solo demoras 30 minutos, y puedes salvar 3 vidas #donarsangre https://t.co/5FDaac3WrH",,2026-03-03,0,0
twitter,"🩸 El CB 7 Palmas se involucra en la necesidad de donación de sangre 

💪 Con la sonrisa de nuestro Tony Viera te animamos a que tú también dones 

#SienteElAullido https://t.co/zCvACB4dCG",El CB 7 Palmas se involucra en la necesidad de donación de sangre Con la sonrisa de nuestro Tony Viera te animamos a que tú también dones #SienteElAullido https://t.co/zCvACB4dCG,🩸 💪,2026-03-03,1,0
twitter,"🗓️Este miércoles puedes donar sangre en:
🏥#HospitalSanPedro, de 8 a 20h.
🚌#Azofra, de 17:30 a 18:30h.
🚌#Alesanco, de 19 a 21h.

✅Dona sangre si te encuentras bien de salud y tienes entre 18 y 65 años
☎️941298494 https://t.co/iG3yEkN4tW","Este miércoles puedes donar sangre en: #HospitalSanPedro, de 8 a 20h. #Azofra, de 17:30 a 18:30h. #Alesanco, de 19 a 21h. Dona sangre si te encuentras bien de salud y tienes entre 18 y 65 años 941298494 https://t.co/iG3yEkN4tW",🗓️ 🏥 🚌 🚌 ✅ ☎️,2026-03-03,2,0
twitter,"Pronto se viene una acción solidaria relacionado con la donación de sangre
I vote @JakeB4rever
#NETIZENSREPORT #BUILDJAKAPAN for Most Handsome Man Alive #MHMA2026 #MHMA2026BUILDJAKAPAN
@thenreport https://t.co/UfApWZ85YE",Pronto se viene una acción solidaria relacionado con la donación de sangre I vote @JakeB4rever #NETIZENSREPORT #BUILDJAKAPAN for Most Handsome Man Alive #MHMA2026 #MHMA2026BUILDJAKAPAN @thenreport https://t.co/UfApWZ85YE,,2026-03-03,9,0
twitter,cada vez que el boti de la ciudad me manda mensajes para donar sangre me dan ganas de tatuarme,cada vez que el boti de la ciudad me manda mensajes para donar sangre me dan ganas de tatuarme,,2026-03-03,4,0
twitter,"| recuerden chicos, no tengan venas bailarinas y vayan a donar sangre","| recuerden chicos, no tengan venas bailarinas y vayan a donar sangre",,2026-03-03,0,0
twitter,¿Sabías que los hombres pueden donar sangre hasta 4 veces al año 🩸 y las mujeres 3 veces ♀️♂️? Mantén las reservas llenas y ayuda a muchos pacientes durante todo el año ❤️ 📲 Pide cita https://t.co/bK98XzsFkx  #DonaSangre #DonaVida https://t.co/pF3cHY29XW,¿Sabías que los hombres pueden donar sangre hasta 4 veces al año y las mujeres 3 veces ? Mantén las reservas llenas y ayuda a muchos pacientes durante todo el año Pide cita https://t.co/bK98XzsFkx #DonaSangre #DonaVida https://t.co/pF3cHY29XW,🩸 ♀️♂️ ❤️ 📲,2026-03-03,2,0
twitter,"Me molesta que me digan ""No eres mi tipo"" 
Ps si te quiero echar un paliacate, 
no donar sangre mija","Me molesta que me digan ""No eres mi tipo"" Ps si te quiero echar un paliacate, no donar sangre mija",,2026-03-03,2,0
twitter,"@MaxiWhite6 @SoyElCarazho Los sistemas de donación de sangre basados en el altruismo &lt;&lt;puro&gt;&gt; son más eficientes y seguros que los basados en pagos económicos. Al eliminar el dinero (la utilidad, tu beneficio individual), se activa el sentido del deber social.","@MaxiWhite6 @SoyElCarazho Los sistemas de donación de sangre basados en el altruismo &lt;&lt;puro&gt;&gt; son más eficientes y seguros que los basados en pagos económicos. Al eliminar el dinero (la utilidad, tu beneficio individual), se activa el sentido del deber social.",,2026-03-03,1,1
twitter,"ES MAÑANA, ES MAÑANA!!! SI PUEDEN DONAR SANGRE HÁGANLO SIEMPRE HAY ALGUIEN QUE LO NECESITA NO ESPEREMOS QUE UN FAMILIAR O UN SER QUERIDO LO NECESITÉ. VAMOS CHANGOS A DONAR SANGRE!!! https://t.co/ijInI8KbuT","ES MAÑANA, ES MAÑANA!!! SI PUEDEN DONAR SANGRE HÁGANLO SIEMPRE HAY ALGUIEN QUE LO NECESITA NO ESPEREMOS QUE UN FAMILIAR O UN SER QUERIDO LO NECESITÉ. VAMOS CHANGOS A DONAR SANGRE!!! https://t.co/ijInI8KbuT",,2026-03-03,3,0
twitter,@ElLeprechaun2 @mayemusk 😳”Donar Sangre es un Viaje Fascinante” de la editorial Metamorfosis. Está en Amazon si le interesa. Muchas Gracias por preguntar🫶🏻 https://t.co/nhu4Byt6YK,@ElLeprechaun2 @mayemusk ”Donar Sangre es un Viaje Fascinante” de la editorial Metamorfosis. Está en Amazon si le interesa. Muchas Gracias por preguntar https://t.co/nhu4Byt6YK,😳 🫶🏻,2026-03-03,0,0
twitter,"🩸  El Hospital público del Henares reúne a 176 participantes en su último 'maratón' de donación de sangre.

👉 Organizado en colaboración con el Centro de Transfusión regional y el IES Vega del Jarama de San Fernando de Henares.
 
 https://t.co/J3cAXfjQsf",El Hospital público del Henares reúne a 176 participantes en su último 'maratón' de donación de sangre. Organizado en colaboración con el Centro de Transfusión regional y el IES Vega del Jarama de San Fernando de Henares. https://t.co/J3cAXfjQsf,🩸 👉,2026-03-03,13,1
twitter,"🩸🫶 ¡DONAR SALVA VIDAS!

🅾️Algo tan sencillo como sacar tiempo y donar sangre se pude convertir en algo tan grande como es salvar la vida de un ser humano 

🩸No entendemos la vida sin el amor hacia el prójimo y, por eso, nuestro colegio se ha transformado en un punto de https://t.co/uIdIalZvQQ","¡DONAR SALVA VIDAS! Algo tan sencillo como sacar tiempo y donar sangre se pude convertir en algo tan grande como es salvar la vida de un ser humano No entendemos la vida sin el amor hacia el prójimo y, por eso, nuestro colegio se ha transformado en un punto de https://t.co/uIdIalZvQQ",🩸🫶 🅾️ 🩸,2026-03-03,3,0
twitter,"🏖 Promoción @BenalmadenaAyto en la @ITB_Berlin 

💝 Campaña donación de sangre @InfoUMA  

🍒 Ruta por el Valle del Jerte con @elPachinko 

📻 La Tarde en @COPE MÁS Málaga con @pedringj 
https://t.co/t9faqGxB0N",Promoción @BenalmadenaAyto en la @ITB_Berlin Campaña donación de sangre @InfoUMA Ruta por el Valle del Jerte con @elPachinko La Tarde en @COPE MÁS Málaga con @pedringj https://t.co/t9faqGxB0N,🏖 💝 🍒 📻,2026-03-03,0,0
twitter,"Donar sangre no es para los debiles, enserio no lo es","Donar sangre no es para los debiles, enserio no lo es",,2026-03-03,1,0
twitter,Comenzó la campaña anual de donación de sangre en San Rafael. https://t.co/1h1WqPwG6r https://t.co/0cOns281bQ,Comenzó la campaña anual de donación de sangre en San Rafael. https://t.co/1h1WqPwG6r https://t.co/0cOns281bQ,,2026-03-03,0,0
twitter,"yo: yendo a donar sangre
mi amiga: https://t.co/c50TUJqFff",yo: yendo a donar sangre mi amiga: https://t.co/c50TUJqFff,,2026-03-03,2,0
twitter,"""Non perdas este bus. Lévate ao Son do Camiño"", lema para la segunda 💉 campaña de donación de 🩸 sangre en las universidades.

https://t.co/T18VTKRis5","""Non perdas este bus. Lévate ao Son do Camiño"", lema para la segunda campaña de donación de sangre en las universidades. https://t.co/T18VTKRis5",💉 🩸,2026-03-03,0,0
twitter,mi fomo me ha llevado a hacer cosas bastante fuera de mi zona de confort (intentar donar sangre),mi fomo me ha llevado a hacer cosas bastante fuera de mi zona de confort (intentar donar sangre),,2026-03-03,1,0
twitter,"¿La información salva vidas… o también puede cambiarlas? 

HOY 15:30 Hs... En La medicina de Piovano: La información – sección especial, ponemos el foco en algo urgente y necesario: la campaña de donación de sangre.

Junto a Gabriel Russo en @ComunasAM, por Radio Belgrano AM 570 https://t.co/kCIBKc4eHL","¿La información salva vidas… o también puede cambiarlas? HOY 15:30 Hs... En La medicina de Piovano: La información – sección especial, ponemos el foco en algo urgente y necesario: la campaña de donación de sangre. Junto a Gabriel Russo en @ComunasAM, por Radio Belgrano AM 570 https://t.co/kCIBKc4eHL",,2026-03-03,5,0
twitter,¿estás en celaya y puedes donar sangre? https://t.co/Epx7WRaHfh,¿estás en celaya y puedes donar sangre? https://t.co/Epx7WRaHfh,,2026-03-03,1,0
twitter,"No pude donar sangre… parece que ahora soy anémica 🫠🫠🫠

La buena? Es que lo de hoy salió muy bien. Ahora a esperar las primeras 48hs",No pude donar sangre… parece que ahora soy anémica La buena? Es que lo de hoy salió muy bien. Ahora a esperar las primeras 48hs,🫠🫠🫠,2026-03-03,17,2
twitter,"¡Atención Ventanilla! Del 4 al 6 de marzo, la Plataforma Itinerante de Servicios de Salud #PISSANaval brindará atenciones médicas gratuitas en diversas especialidades, despistajes preventivos y donación de sangre.

📍 Parque “Monitor Huáscar”
⏰ De 8:30 a.m. a 3:00 p.m. https://t.co/2XvbseeDbd","¡Atención Ventanilla! Del 4 al 6 de marzo, la Plataforma Itinerante de Servicios de Salud #PISSANaval brindará atenciones médicas gratuitas en diversas especialidades, despistajes preventivos y donación de sangre. Parque “Monitor Huáscar” ⏰ De 8:30 a.m. a 3:00 p.m. https://t.co/2XvbseeDbd",📍,2026-03-03,3,0
twitter,"🩸DONACIÓN DE SANGRE

La Cofradía del Rescate junto a la Comunidad Trinitaria, impulsan un año más la donación de sangre y de médula ósea, el primer viernes del mes de marzo, coincidiendo con el Besapie a Nuestro Padre Jesús del Rescate. https://t.co/TapLM72bWN","DONACIÓN DE SANGRE La Cofradía del Rescate junto a la Comunidad Trinitaria, impulsan un año más la donación de sangre y de médula ósea, el primer viernes del mes de marzo, coincidiendo con el Besapie a Nuestro Padre Jesús del Rescate. https://t.co/TapLM72bWN",🩸,2026-03-03,0,1
twitter,"Le iba a donar  sangre a uno , mira vos cheeeee 🤔🤔🤔
Queeeee chiquitito es Comodoro","Le iba a donar sangre a uno , mira vos cheeeee Queeeee chiquitito es Comodoro",🤔🤔🤔,2026-03-03,0,0
twitter,"🩸 Derribemos mitos y salvemos vidas. 

Donar sangre toma pocos minutos, pero puede marcar la diferencia para pacientes que la necesitan todos los días. 

Infórmate, consulta en tu centro de salud y anímate a donar. Hoy alguien puede estar esperando por ti. https://t.co/Rezzy6ifA6","Derribemos mitos y salvemos vidas. Donar sangre toma pocos minutos, pero puede marcar la diferencia para pacientes que la necesitan todos los días. Infórmate, consulta en tu centro de salud y anímate a donar. Hoy alguien puede estar esperando por ti. https://t.co/Rezzy6ifA6",🩸,2026-03-03,1,0
twitter,"Hoy ha sido un día especial en Kyocera. El autobús de @CruzRojaEsp ha venido a nuestra oficina y nuestro equipo han participado sin pensárselo en la donación de sangre.

Gracias a tod@s por ayudar a quien más lo necesita.

#WeAreKyocera https://t.co/Ysr7WhrIlD",Hoy ha sido un día especial en Kyocera. El autobús de @CruzRojaEsp ha venido a nuestra oficina y nuestro equipo han participado sin pensárselo en la donación de sangre. Gracias a tod@s por ayudar a quien más lo necesita. #WeAreKyocera https://t.co/Ysr7WhrIlD,,2026-03-03,4,0
twitter,"#Bormujos se moviliza para salvar vidas: nueva jornada de donación de sangre este 6 de marzo

https://t.co/GG1sXKAKb6

@AytoBormujos @Lolaromerolope1 @setebecerra @PedroHinojosaR2 @CelinaBormujos @donantessevilla 

#DonarSangre #Solidaridad #Aljarafeymás #Salud #BormujosParaTodos",#Bormujos se moviliza para salvar vidas: nueva jornada de donación de sangre este 6 de marzo https://t.co/GG1sXKAKb6 @AytoBormujos @Lolaromerolope1 @setebecerra @PedroHinojosaR2 @CelinaBormujos @donantessevilla #DonarSangre #Solidaridad #Aljarafeymás #Salud #BormujosParaTodos,,2026-03-03,0,0
twitter,"#Bormujos se moviliza para salvar vidas: nueva jornada de donación de sangre este 6 de marzo

https://t.co/4g1zCT1fed

@AytoBormujos @Lolaromerolope1 @setebecerra @PedroHinojosaR2 @CelinaBormujos 

#DonarSangre #Solidaridad #Aljarafeymás #Salud #BormujosParaTodos #DonaVida",#Bormujos se moviliza para salvar vidas: nueva jornada de donación de sangre este 6 de marzo https://t.co/4g1zCT1fed @AytoBormujos @Lolaromerolope1 @setebecerra @PedroHinojosaR2 @CelinaBormujos #DonarSangre #Solidaridad #Aljarafeymás #Salud #BormujosParaTodos #DonaVida,,2026-03-03,0,0
twitter,"#DonaciónDeSangre
Hospital Austral https://t.co/6ln4zz9jjf",#DonaciónDeSangre Hospital Austral https://t.co/6ln4zz9jjf,,2026-03-03,1,0
twitter,"Te invitamos a la jornada de donación de sangre y plasma en colaboración con el Centro de Transfusión de Jaén. ¡Regala salud!

📅 Miércoles, 4 de marzo
⏰ A partir de las 09:30 h
📍 Sala de Exposiciones (Planta Baja)

📞 Citas: 953 794 392 / WhatsApp: 671 562 494

#DonarSangre https://t.co/JJYNGs1EKA","Te invitamos a la jornada de donación de sangre y plasma en colaboración con el Centro de Transfusión de Jaén. ¡Regala salud! Miércoles, 4 de marzo ⏰ A partir de las 09:30 h Sala de Exposiciones (Planta Baja) Citas: 953 794 392 / WhatsApp: 671 562 494 #DonarSangre https://t.co/JJYNGs1EKA",📅 📍 📞,2026-03-03,1,0
twitter,"🩸 Dona sangre. Regala vida.

HOY | Te invitamos a ser parte de nuestra la Clínica de Donación de Sangre y aportar a una causa que realmente hace la diferencia. 

📍 Anfiteatro del Departamento de Enfermería

@UPR_Oficial #UPRH https://t.co/6mboM4aiqo",Dona sangre. Regala vida. HOY | Te invitamos a ser parte de nuestra la Clínica de Donación de Sangre y aportar a una causa que realmente hace la diferencia. Anfiteatro del Departamento de Enfermería @UPR_Oficial #UPRH https://t.co/6mboM4aiqo,🩸 📍,2026-03-03,1,0
twitter,Fui a donar sangre y me bajó la presión no se puede ser tan butoooo,Fui a donar sangre y me bajó la presión no se puede ser tan butoooo,,2026-03-03,0,0
twitter,"SALUD | Esta tarde puedes donar sangre en el centro de salud #AlcalálaReal Norte en la calle Utrilla.
https://t.co/aby8zeCdyX",SALUD | Esta tarde puedes donar sangre en el centro de salud #AlcalálaReal Norte en la calle Utrilla. https://t.co/aby8zeCdyX,,2026-03-03,1,0
twitter,"La sangre humana no se compra ni se fabrica: la única forma de contar con ella es través de la donación voluntaria y habitual.  

¨Elegí donar sangre. Elegí salvar vidas""","La sangre humana no se compra ni se fabrica: la única forma de contar con ella es través de la donación voluntaria y habitual. ¨Elegí donar sangre. Elegí salvar vidas""",,2026-03-03,0,0
twitter,Es importante donar de forma habitual: si el 3 al 5% de la población concurriera a donar sangre 2 veces al año se cubriría el 100% de las necesidades del país.,Es importante donar de forma habitual: si el 3 al 5% de la población concurriera a donar sangre 2 veces al año se cubriría el 100% de las necesidades del país.,,2026-03-03,0,1
twitter,"🩸Donar sangre es simple y seguro.

Una persona entre 16 y 65 años, que pese más de 50 kg y goce de buena salud, puede donar sangre y así salvar hasta 4 vidas.

@MinSalud_Ar https://t.co/JhCMZclVNT","Donar sangre es simple y seguro. Una persona entre 16 y 65 años, que pese más de 50 kg y goce de buena salud, puede donar sangre y así salvar hasta 4 vidas. @MinSalud_Ar https://t.co/JhCMZclVNT",🩸,2026-03-03,0,1
twitter,"Graba el número 📲842842010 porque es #VITA, el asistente virtual del Banco de Sangre y Tejidos y la @HermandadDonant 

Estamos mejorando nuestros servicios para facilitar la donación de #sangre y #plasma con el objetivo de
 mejorar la experiencia de los #donantes. https://t.co/2mS59USr7G","Graba el número 842842010 porque es #VITA, el asistente virtual del Banco de Sangre y Tejidos y la @HermandadDonant Estamos mejorando nuestros servicios para facilitar la donación de #sangre y #plasma con el objetivo de mejorar la experiencia de los #donantes. https://t.co/2mS59USr7G",📲,2026-03-03,6,0
twitter,Vine a donar sangre y déjeme decir que NO DONÓ nunca más,Vine a donar sangre y déjeme decir que NO DONÓ nunca más,,2026-03-03,0,0
twitter,"Donar sangre es donar vida ❤️

¿Sabías que con una donación puedes salvar hasta 3 vidas? 🙌

Si tienes entre 17 y 65 años, pesas más de 50 kilos y cumples con los requisitos básicos, ¡tú puedes ser donante! 🩸✨ https://t.co/Q2BczBjIcL","Donar sangre es donar vida ¿Sabías que con una donación puedes salvar hasta 3 vidas? Si tienes entre 17 y 65 años, pesas más de 50 kilos y cumples con los requisitos básicos, ¡tú puedes ser donante! https://t.co/Q2BczBjIcL",❤️ 🙌 🩸✨,2026-03-03,0,0
twitter,"YUNQUERA | Yunquera celebrará el próximo viernes una jornada de donación de sangre con el objetivo de reforzar las reservas y fomentar la solidaridad entre vecinos y vecinas del municipio.

https://t.co/krvCkBOeQv

#Yunquera #SierradelasNieves #Noticias #InformaciónLocal",YUNQUERA | Yunquera celebrará el próximo viernes una jornada de donación de sangre con el objetivo de reforzar las reservas y fomentar la solidaridad entre vecinos y vecinas del municipio. https://t.co/krvCkBOeQv #Yunquera #SierradelasNieves #Noticias #InformaciónLocal,,2026-03-03,0,0
twitter,"🔵 Las jornadas se llevarán a cabo en Puerto Iguazú, Posadas y Comandante Andresito, con el propósito de mantener un stock ideal de reservas de sangre.

https://t.co/AC64jK8CVu

#Noticias #DonaciondeSangre #Salud #Misiones https://t.co/R6CNgSX2QD","Las jornadas se llevarán a cabo en Puerto Iguazú, Posadas y Comandante Andresito, con el propósito de mantener un stock ideal de reservas de sangre. https://t.co/AC64jK8CVu #Noticias #DonaciondeSangre #Salud #Misiones https://t.co/R6CNgSX2QD",🔵,2026-03-03,3,0
twitter,"@daniesdsk @SarahPerezSanta Yo tengo azúcar y colesterol, pero me da igual. Vía donar sangre.. xD","@daniesdsk @SarahPerezSanta Yo tengo azúcar y colesterol, pero me da igual. Vía donar sangre.. xD",,2026-03-03,0,0
twitter,El alumnado del Coromines impulsa una campaña de donación de sangre en Benicarló https://t.co/ivxRZctDx3,El alumnado del Coromines impulsa una campaña de donación de sangre en Benicarló https://t.co/ivxRZctDx3,,2026-03-03,0,0
twitter,El Centro de Transfusión de Huelva anuncia sus horarios de donación de sangre en marzo https://t.co/jTJACjk0EJ a través de @diariohuelva,El Centro de Transfusión de Huelva anuncia sus horarios de donación de sangre en marzo https://t.co/jTJACjk0EJ a través de @diariohuelva,,2026-03-03,0,0
twitter,"#BuenosDías y feliz martes solidario, hoy puedes ayudar a seguir viviendo a 3 personas , es fácil, no duele y salva vidas.
ℹ️Requisitos: 18-65 años, &gt;50kg y estar bien de salud.
🩸Te esperamos esta tarde para #DonarSangre en #Águilas y #ElRaal 🙌
⏰de 17 a 21h https://t.co/EO2gBfIEr3","#BuenosDías y feliz martes solidario, hoy puedes ayudar a seguir viviendo a 3 personas , es fácil, no duele y salva vidas. ℹ Requisitos: 18-65 años, &gt;50kg y estar bien de salud. Te esperamos esta tarde para #DonarSangre en #Águilas y #ElRaal ⏰de 17 a 21h https://t.co/EO2gBfIEr3",️ 🩸 🙌,2026-03-03,1,0
twitter,@bea28louis JAJAJAJAJAJAJAJJAJAJAJ,@bea28louis JAJAJAJAJAJAJAJJAJAJAJ,,2026-03-04,0,0
twitter,@28rckland quieren todooo,@28rckland quieren todooo,,2026-03-04,0,0
twitter,@moskilaria ME LLENARON EL CELU DE MENSAJES EN 30 SEGUNDOS PARA DONAR 5,@moskilaria ME LLENARON EL CELU DE MENSAJES EN 30 SEGUNDOS PARA DONAR 5,,2026-03-04,0,0
twitter,@bea28louis te dijimos que dones 3 eu no mientas,@bea28louis te dijimos que dones 3 eu no mientas,,2026-03-04,0,1
twitter,@bea28louis EL CONCWPTO DE QUE NADIE TE OBLIGO ANDONAR 5..,@bea28louis EL CONCWPTO DE QUE NADIE TE OBLIGO ANDONAR 5..,,2026-03-04,0,1
twitter,@USEmbassyMEX @CruzRoja_MX Gracias Embajador! 🇺🇸🫱🫲🇲🇽,@USEmbassyMEX @CruzRoja_MX Gracias Embajador!,🇺🇸🫱🫲🇲🇽,2026-03-04,0,0
twitter,@USEmbassyMEX @CruzRoja_MX siempre se ha de salvar el mundo a su maldita manera ¿verdad?,@USEmbassyMEX @CruzRoja_MX siempre se ha de salvar el mundo a su maldita manera ¿verdad?,,2026-03-04,0,0
twitter,"@USEmbassyMEX @CruzRoja_MX ""Juntos salvemos vidas""      🙄 https://t.co/7EUAnI4p15","@USEmbassyMEX @CruzRoja_MX ""Juntos salvemos vidas"" https://t.co/7EUAnI4p15",🙄,2026-03-04,1,0
twitter,@USEmbassyMEX @CruzRoja_MX 🖕🏻,@USEmbassyMEX @CruzRoja_MX,🖕🏻,2026-03-04,0,0
twitter,@USEmbassyMEX @RaulRojasG7 @CruzRoja_MX ❤️,@USEmbassyMEX @RaulRojasG7 @CruzRoja_MX,❤️,2026-03-04,1,0
twitter,"@USEmbassyMEX @JournalEncuadre @CruzRoja_MX Se agradece...

👍💯❗️",@USEmbassyMEX @JournalEncuadre @CruzRoja_MX Se agradece...,👍💯❗️,2026-03-04,1,0
twitter,@USEmbassyMEX @CruzRoja_MX ¡Muchas gracias Mark Johnson por gesto tan noble! 🇲🇽❤️🇺🇸,@USEmbassyMEX @CruzRoja_MX ¡Muchas gracias Mark Johnson por gesto tan noble!,🇲🇽❤️🇺🇸,2026-03-04,0,0
twitter,@USEmbassyMEX @CruzRoja_MX Qué lástima que no cayó una más cerca de donde están ustedes,@USEmbassyMEX @CruzRoja_MX Qué lástima que no cayó una más cerca de donde están ustedes,,2026-03-04,1,0
twitter,"@USEmbassyMEX @CruzRoja_MX Bueno, no les cuesta nada y tienen mucha.","@USEmbassyMEX @CruzRoja_MX Bueno, no les cuesta nada y tienen mucha.",,2026-03-04,1,0
twitter,@USEmbassyMEX @CruzRoja_MX 🤢🤮,@USEmbassyMEX @CruzRoja_MX,🤢🤮,2026-03-04,0,0
twitter,@USEmbassyMEX @EFloresCampbell @CruzRoja_MX Gracias 😇,@USEmbassyMEX @EFloresCampbell @CruzRoja_MX Gracias,😇,2026-03-04,0,0
twitter,@USEmbassyMEX @CruzRoja_MX https://t.co/mizdJb4u7a,@USEmbassyMEX @CruzRoja_MX https://t.co/mizdJb4u7a,,2026-03-04,0,0
twitter,@USEmbassyMEX @CruzRoja_MX ✨🫵🏻🙌🏻💪🏻🫶🏻,@USEmbassyMEX @CruzRoja_MX,✨🫵🏻🙌🏻💪🏻🫶🏻,2026-03-04,0,0
twitter,@USEmbassyMEX @CruzRoja_MX Sangre Yanqui👍🏻😂🇨🇦🇺🇸🇲🇽,@USEmbassyMEX @CruzRoja_MX Sangre Yanqui,👍🏻😂🇨🇦🇺🇸🇲🇽,2026-03-04,0,0
twitter,@USEmbassyMEX @CruzRoja_MX Púdranse embajador.,@USEmbassyMEX @CruzRoja_MX Púdranse embajador.,,2026-03-04,0,0
twitter,@USEmbassyMEX @CruzRoja_MX ❤️,@USEmbassyMEX @CruzRoja_MX,❤️,2026-03-04,0,0
twitter,@paulaabarhe Casi me desmayo por culpa de sus planes chill JAJAJAJAJAJAJAJAJA,@paulaabarhe Casi me desmayo por culpa de sus planes chill JAJAJAJAJAJAJAJAJA,,2026-03-04,0,0
twitter,"@SaludMadrid @SaludMadrid es responsable de una denuncia falsa. El centro de salud de Legazpi inicia protocolo por abuso sexual de mi hija, aun sabiendo que la niña fue obligaba por la madre a declarar esa barbaridad. Prevarican a sabiendas. VERGÜENZA de institucion","@SaludMadrid @SaludMadrid es responsable de una denuncia falsa. El centro de salud de Legazpi inicia protocolo por abuso sexual de mi hija, aun sabiendo que la niña fue obligaba por la madre a declarar esa barbaridad. Prevarican a sabiendas. VERGÜENZA de institucion",,2026-03-03,0,0
twitter,@K1000Ain 👏👏👏👏,@K1000Ain,👏👏👏👏,2026-03-03,1,0
twitter,"@MajoMallmann Si ! Realmente bien !! 

Ahora a esperar 🥹🙃",@MajoMallmann Si ! Realmente bien !! Ahora a esperar,🥹🙃,2026-03-03,1,0
twitter,@K1000Ain Bien!,@K1000Ain Bien!,,2026-03-03,1,1
twitter,"La donación tendrá lugar en el pasillo lateral del claustro de la iglesia de Santísima Trinidad.

Comenzará a las 17 horas hasta las 21 horas. 

¡DONA SANGRE!",La donación tendrá lugar en el pasillo lateral del claustro de la iglesia de Santísima Trinidad. Comenzará a las 17 horas hasta las 21 horas. ¡DONA SANGRE!,,2026-03-03,0,0
twitter,"Salvar vidas está en tus manos. Junto a @HemocentroDO, te invitamos a donar sangre y a ser parte de la solución que nuestro país necesita. 🌟❤️ #DonaSangre #DonaVida https://t.co/kTZBMqbryj","Salvar vidas está en tus manos. Junto a @HemocentroDO, te invitamos a donar sangre y a ser parte de la solución que nuestro país necesita. #DonaSangre #DonaVida https://t.co/kTZBMqbryj",🌟❤️,2024-12-31,40,22
twitter,"@gadarovi Pero yo estoy hablando específicamente del tema aquel que escribí ""Testigos de Jehová vs donación de sangre"" en el tema aquel q Ud dice, entonces ellos deben de tener una placa guinda en el cuello pa cuando tengan un accidente no se toque no se atienda y que sufra hasta que muera","@gadarovi Pero yo estoy hablando específicamente del tema aquel que escribí ""Testigos de Jehová vs donación de sangre"" en el tema aquel q Ud dice, entonces ellos deben de tener una placa guinda en el cuello pa cuando tengan un accidente no se toque no se atienda y que sufra hasta que muera",,2022-12-30,1,8
twitter,"❤¡Donar sangre es salvar vidas! 

#CDRCuba #Cuba #EstaEsLaRevolución https://t.co/McAQLDKpVS",¡Donar sangre es salvar vidas! #CDRCuba #Cuba #EstaEsLaRevolución https://t.co/McAQLDKpVS,❤,2023-12-30,77,7
twitter,"Compañeras de la  #ZonaViñaDelMar y alrededores participaron de la campaña de recolección de dadores de Sangre junto a los Bomberos de Viña del Mar y el Centro de Sangre Valparaíso. 
#JuntosSalvamosVidas #DarSangreEsDarVida 
#DonaSangreDonaVida
#DonarSangre
#SomosDonantes https://t.co/8qLmFbMSKo",Compañeras de la #ZonaViñaDelMar y alrededores participaron de la campaña de recolección de dadores de Sangre junto a los Bomberos de Viña del Mar y el Centro de Sangre Valparaíso. #JuntosSalvamosVidas #DarSangreEsDarVida #DonaSangreDonaVida #DonarSangre #SomosDonantes https://t.co/8qLmFbMSKo,,2025-12-31,18,7
twitter,"Si es necesario donar sangre pienso que será o Marta o Jesús.
Quiero pensar que en algún momento se va a descubrir que Andrés no es un de La Reina,es adoptado por eso es así😏🤪
#mafin https://t.co/mQi6qNJaqM","Si es necesario donar sangre pienso que será o Marta o Jesús. Quiero pensar que en algún momento se va a descubrir que Andrés no es un de La Reina,es adoptado por eso es así #mafin https://t.co/mQi6qNJaqM",😏🤪,2024-12-30,11,6
twitter,Ahorita una doña gritó al cajero NO NO QUIERO DONAR,Ahorita una doña gritó al cajero NO NO QUIERO DONAR,,2022-12-30,34,5
twitter,Hola amigos! Alguien sabe si se puede ir a donar sangre a Centro Médico sin cita? 🥹,Hola amigos! Alguien sabe si se puede ir a donar sangre a Centro Médico sin cita?,🥹,2024-12-30,15,5
twitter,"Dona Sangre y Regala Vida 🤲🏼🩸

¿Sabías que en México la comercialización de sangre es ilegal?

Recuerda, la donación de sangre debe ser un acto voluntario y altruista; convierte tu generosidad en un verdadero regalo de vida para quienes más lo necesitan.

¡Súmate a salvar vidas! https://t.co/yO8jUSNmeF","Dona Sangre y Regala Vida ¿Sabías que en México la comercialización de sangre es ilegal? Recuerda, la donación de sangre debe ser un acto voluntario y altruista; convierte tu generosidad en un verdadero regalo de vida para quienes más lo necesitan. ¡Súmate a salvar vidas! https://t.co/yO8jUSNmeF",🤲🏼🩸,2024-12-30,33,4
twitter,"Con casi 90 mil asistentes solo el primer día, es una buena oportunidad para la Cruz Roja para poner sus estaciones de donación de sangre fuera de la Comiket.

Quizás tendrían más éxito con una vtuber o retomando la campaña de Uzaki 😆
#C101 https://t.co/NnK4x5ssHt https://t.co/5Yd6YCbzGr","Con casi 90 mil asistentes solo el primer día, es una buena oportunidad para la Cruz Roja para poner sus estaciones de donación de sangre fuera de la Comiket. Quizás tendrían más éxito con una vtuber o retomando la campaña de Uzaki #C101 https://t.co/NnK4x5ssHt https://t.co/5Yd6YCbzGr",😆,2022-12-30,31,4
twitter,"@CapitanBitcoin Lo de donar sangre está perfecto, lo de que te obliguen está muy mal, la cuestión del créeito social está de terror.","@CapitanBitcoin Lo de donar sangre está perfecto, lo de que te obliguen está muy mal, la cuestión del créeito social está de terror.",,2023-12-30,9,4
twitter,"@ana_grimbaum Es fácil tirar abajo ese relato.
""No puedo donar de mi sueldo, tengo un estilo de vida que matener"" Luis Alberto Alejandro Aparicio Lacalle Pou. 
José Mujica dona 400.000 dólares de su sueldo para el Plan Juntos y unos 150.000 dólares para su fuerza política. Los del Taba +++","@ana_grimbaum Es fácil tirar abajo ese relato. ""No puedo donar de mi sueldo, tengo un estilo de vida que matener"" Luis Alberto Alejandro Aparicio Lacalle Pou. José Mujica dona 400.000 dólares de su sueldo para el Plan Juntos y unos 150.000 dólares para su fuerza política. Los del Taba +++",,2023-12-31,3,4
twitter,La última donación de sangre del año ahahahaha 😁 https://t.co/EHjftPlNcV,La última donación de sangre del año ahahahaha https://t.co/EHjftPlNcV,😁,2025-12-30,25,3
twitter,"Soy O- y simplemente no puedo donar sangre a nadie porque mi peso es de 40 kilos.

Conseguir donantes de sangre en un país donde la desnutrición está normalizada, eso es un reto. https://t.co/T33RbPmH2Q","Soy O- y simplemente no puedo donar sangre a nadie porque mi peso es de 40 kilos. Conseguir donantes de sangre en un país donde la desnutrición está normalizada, eso es un reto. https://t.co/T33RbPmH2Q",,2026-03-04,20,3
twitter,@yureimaardila Y el año donde casi se mata y nos mata a nosotros por donar sangre,@yureimaardila Y el año donde casi se mata y nos mata a nosotros por donar sangre,,2022-12-31,2,3
twitter,"@amaliaandrade_ Fui a donar sangre antes de que acabe el año. 
Espero esto ayude a salvar vidas. https://t.co/YDQXN3rIBE",@amaliaandrade_ Fui a donar sangre antes de que acabe el año. Espero esto ayude a salvar vidas. https://t.co/YDQXN3rIBE,,2023-12-31,122,2
twitter,"El Garrahan hace campañas de donación de sangre y el MIÉRCOLES 4 viene a MERLO.

Ayudan en algo importante, salen siendo mejor persona y te dan algo para comer y UN CACTUS!!¡

IMPORTANTE: TIENEN QUE SACAR TURNO.

nada si les pinta vayan y difundan aguante la salud pública. abz https://t.co/JoVyre8BIT","El Garrahan hace campañas de donación de sangre y el MIÉRCOLES 4 viene a MERLO. Ayudan en algo importante, salen siendo mejor persona y te dan algo para comer y UN CACTUS!!¡ IMPORTANTE: TIENEN QUE SACAR TURNO. nada si les pinta vayan y difundan aguante la salud pública. abz https://t.co/JoVyre8BIT",,2022-12-30,12,2
twitter,"@StratCons ¿O sea que si no indicas que no quieres donar, a fuerza te sacan los órganos al morir —si sirves—?

Vaya

En fin. Yo siempre he dicho que NO quiero donar.

¿Cómo puedo asegurarme de que se cumpla mi voluntad?","@StratCons ¿O sea que si no indicas que no quieres donar, a fuerza te sacan los órganos al morir —si sirves—? Vaya En fin. Yo siempre he dicho que NO quiero donar. ¿Cómo puedo asegurarme de que se cumpla mi voluntad?",,2025-12-31,1,2
twitter,"@258JCR @Gaby_marigaf @sergiobotana @camboue @cdcamy @JavierGarcia_Uy @fede_ricagni Sólo a efectos anecdóticos: una referente importante del FA de Mdeo,allá por el 2008 y en ocasión de la enfermedad de mi esposo, siendo edil ella del FA y yo del PN , fue la primera junto a su esposo en donar sangre y a colaborar en que más personas lo hicieran Nosotros del","@258JCR @Gaby_marigaf @sergiobotana @camboue @cdcamy @JavierGarcia_Uy @fede_ricagni Sólo a efectos anecdóticos: una referente importante del FA de Mdeo,allá por el 2008 y en ocasión de la enfermedad de mi esposo, siendo edil ella del FA y yo del PN , fue la primera junto a su esposo en donar sangre y a colaborar en que más personas lo hicieran Nosotros del",,2026-03-04,0,2
twitter,"🔴🔴🔴 Atención #Canarias Seguimos llamando a la donación urgente de sangre y plaquetas para atender las necesidades hospitalarias

👉 Hoy puedes donar sangre en #GranCanaria #Tenerife y #LaPalma

📲 Infórmate en https://t.co/ipllnNdgP3 https://t.co/2PLWD29tDB",Atención #Canarias Seguimos llamando a la donación urgente de sangre y plaquetas para atender las necesidades hospitalarias Hoy puedes donar sangre en #GranCanaria #Tenerife y #LaPalma Infórmate en https://t.co/ipllnNdgP3 https://t.co/2PLWD29tDB,🔴🔴🔴 👉 📲,2023-12-31,25,1
twitter,@delRioPilar La ciudadanía había dado lo mejor de sí tras los trágicos atentados. Fueron centenares de personas los que acudieron a donar sangre. https://t.co/TMbpUl0IFi,@delRioPilar La ciudadanía había dado lo mejor de sí tras los trágicos atentados. Fueron centenares de personas los que acudieron a donar sangre. https://t.co/TMbpUl0IFi,,2024-12-30,20,1
twitter,"Recién nms llegue a la ciudad de mi abuela y ya escuché que soy una delincuente con tatuajes, que no debo donar sangre, que no voy a ser profesional y que soy mal ejemplo para todos los primos menores jajaa locuraaaa","Recién nms llegue a la ciudad de mi abuela y ya escuché que soy una delincuente con tatuajes, que no debo donar sangre, que no voy a ser profesional y que soy mal ejemplo para todos los primos menores jajaa locuraaaa",,2022-12-31,12,1
twitter,"@intularapla @Enfermerojorge8 Muy buena esa! Una foto durante una jornada de colecta de donación de sangre en mi trabajo para divulgar sobre la importancia de donación, sin llevármelo a casa (lo del parcheado ni te lo contesto, cuando es un dibujo digital cutre🤣)","@intularapla @Enfermerojorge8 Muy buena esa! Una foto durante una jornada de colecta de donación de sangre en mi trabajo para divulgar sobre la importancia de donación, sin llevármelo a casa (lo del parcheado ni te lo contesto, cuando es un dibujo digital cutre )",🤣,2022-12-30,10,1
twitter,"🎄Que sea esta #Navidad motivo de mucha felicidad y el año nuevo una esperanza de éxito y prosperidad.
Gracias por donar sangre.
Gracias por regalar vida.

""Feliz y próspero 2023"" https://t.co/RnaNlXyTla","Que sea esta #Navidad motivo de mucha felicidad y el año nuevo una esperanza de éxito y prosperidad. Gracias por donar sangre. Gracias por regalar vida. ""Feliz y próspero 2023"" https://t.co/RnaNlXyTla",🎄,2022-12-31,8,1
twitter,"@soyunamarmota En mi caso en Italia me dejaron donar sangre, pero cuando volví a España me dijeron que no podía, que tenía que esperar 3 años de haber salido de Perú. Que eso tamb aplicaba para gente que estaba más 6 meses en LATAM x el zika y dengue no recuerdo bien).","@soyunamarmota En mi caso en Italia me dejaron donar sangre, pero cuando volví a España me dijeron que no podía, que tenía que esperar 3 años de haber salido de Perú. Que eso tamb aplicaba para gente que estaba más 6 meses en LATAM x el zika y dengue no recuerdo bien).",,2023-12-30,7,1
twitter,"@fionopimpo @merlapopins Fuaa que genial, yo no puedo donar por mi peso","@fionopimpo @merlapopins Fuaa que genial, yo no puedo donar por mi peso",,2026-03-05,7,1
twitter,"Antes de que se acabe el año, les recuerdo la importancia de donar sangre. Te regalan un vaso que puedes usar para beber alcohol :) https://t.co/3h77hXadGp","Antes de que se acabe el año, les recuerdo la importancia de donar sangre. Te regalan un vaso que puedes usar para beber alcohol :) https://t.co/3h77hXadGp",,2022-12-31,5,1
twitter,"🇵🇾 𝐄𝐋 𝐄𝐉É𝐑𝐂𝐈𝐓𝐎 𝐏𝐀𝐑𝐀𝐆𝐔𝐀𝐘𝐎 𝐀𝐏𝐎𝐘𝐀 𝐂𝐀𝐌𝐏𝐀Ñ𝐀 𝐃𝐄 𝐃𝐎𝐍𝐀𝐂𝐈Ó𝐍 𝐃𝐄 𝐒𝐀𝐍𝐆𝐑𝐄 

🔶El Ejército Paraguayo, a través de la participación voluntaria de su personal en jornadas de donación de sangre realizadas en el Centro Nacional de Servicios de Sangre, https://t.co/OptFwnTT4T","É Ñ Ó El Ejército Paraguayo, a través de la participación voluntaria de su personal en jornadas de donación de sangre realizadas en el Centro Nacional de Servicios de Sangre, https://t.co/OptFwnTT4T",🇵🇾 𝐄𝐋 𝐄𝐉 𝐑𝐂𝐈𝐓𝐎 𝐏𝐀𝐑𝐀𝐆𝐔𝐀𝐘𝐎 𝐀𝐏𝐎𝐘𝐀 𝐂𝐀𝐌𝐏𝐀 𝐀 𝐃𝐄 𝐃𝐎𝐍𝐀𝐂𝐈 𝐍 𝐃𝐄 𝐒𝐀𝐍𝐆𝐑𝐄 🔶,2025-12-30,5,1
twitter,"- Llevar alimento fácil de consumir afuera de los hospitales
-En xochimilco hay un albergue para personas que tienen un paciente internado en hospitales de cdmx. Aquí aceptan cobijas y ropa de cama.
-Donar sangre",- Llevar alimento fácil de consumir afuera de los hospitales -En xochimilco hay un albergue para personas que tienen un paciente internado en hospitales de cdmx. Aquí aceptan cobijas y ropa de cama. -Donar sangre,,2023-12-31,4,1
twitter,"Bueno entonces les contaré que, estoy en un grupo porque un sobrino tiene leucemia, es un grupo de apoyo para donar sangre y así, y yo porque obviamente estoy borracha mandé fotos de mi finde en paracas porque me EQUIVOQUÉ de grupo","Bueno entonces les contaré que, estoy en un grupo porque un sobrino tiene leucemia, es un grupo de apoyo para donar sangre y así, y yo porque obviamente estoy borracha mandé fotos de mi finde en paracas porque me EQUIVOQUÉ de grupo",,2023-12-30,4,1
twitter,"@ArepitaLigera @susanaraffalli Sentí su voz como caía en el olvido, a mi me impactó, toda una generación afectada, es terrible, te hablo de hace 15 años o más, el tamaño del genocidio es brutal. 
Veía en fotos amigos con sus rostros afilados, sus ojos tristes, eso me marcó.","@ArepitaLigera @susanaraffalli Sentí su voz como caía en el olvido, a mi me impactó, toda una generación afectada, es terrible, te hablo de hace 15 años o más, el tamaño del genocidio es brutal. Veía en fotos amigos con sus rostros afilados, sus ojos tristes, eso me marcó.",,2026-03-04,1,0
twitter,"@kombiamerica @susanaraffalli La voz de Susana Rafalli lleva años advirtiendo esto, en mi humilde opinión si alguien sabe específicamente de este tema es ella.","@kombiamerica @susanaraffalli La voz de Susana Rafalli lleva años advirtiendo esto, en mi humilde opinión si alguien sabe específicamente de este tema es ella.",,2026-03-04,1,1
twitter,"@ArepitaLigera Hace años, varios ya, @susanaraffalli alertaba sobre la grave desnutrición infantil, q iba a ser en el futuro,responsable de la baja estatura y limitada capacidad intelectual de la generación. 
Mientras, los líderes oposicionistas dialogaban y corrían la arruga c el régimen.","@ArepitaLigera Hace años, varios ya, @susanaraffalli alertaba sobre la grave desnutrición infantil, q iba a ser en el futuro,responsable de la baja estatura y limitada capacidad intelectual de la generación. Mientras, los líderes oposicionistas dialogaban y corrían la arruga c el régimen.",,2026-03-04,2,1
twitter,@kombiamerica Coincido contigo.,@kombiamerica Coincido contigo.,,2026-03-04,1,1
twitter,"@ArepitaLigera Presiento, que es generalizada la ausencia de percepcion, de lo que en Venezuela está ocurriendo actualmente, mientras tanto, la gente agoniza de mengua…","@ArepitaLigera Presiento, que es generalizada la ausencia de percepcion, de lo que en Venezuela está ocurriendo actualmente, mientras tanto, la gente agoniza de mengua…",,2026-03-04,1,1
twitter,"@andri_rojas yo también soy bajita y me gustaría donar, pero lamentablemente no se puede.","@andri_rojas yo también soy bajita y me gustaría donar, pero lamentablemente no se puede.",,2026-03-04,1,0
twitter,"@ArepitaLigera me pasa lo mismo. yo peso 42, pero es que soy muy bajita. quisiera poder donar porque se que o- es difícil de conseguir, pero jamás me han dejado por mi peso.","@ArepitaLigera me pasa lo mismo. yo peso 42, pero es que soy muy bajita. quisiera poder donar porque se que o- es difícil de conseguir, pero jamás me han dejado por mi peso.",,2026-03-04,2,1
twitter,@ArepitaLigera @cubanolibre48 Yo soy O- pero estoy lejisimos.,@ArepitaLigera @cubanolibre48 Yo soy O- pero estoy lejisimos.,,2026-03-04,2,0
twitter,@TheKyojuro Y no puedo donar porque recien me desactivaron mi numero de telefono :c,@TheKyojuro Y no puedo donar porque recien me desactivaron mi numero de telefono :c,,2022-12-31,0,0
twitter,cualquiera diria q tengo fobia a las agujas,cualquiera diria q tengo fobia a las agujas,,2022-12-31,2,0
twitter,"@Dane_larosa Yo también😌, aunque lo mío es por cobarde, le tengo miedo a las agujas😔","@Dane_larosa Yo también , aunque lo mío es por cobarde, le tengo miedo a las agujas",😌 😔,2022-12-31,0,0
twitter,"Tengo muchas ganas de hacerme un tatuaje, pero soy pobre y le tengo miedo a las agujas 👀","Tengo muchas ganas de hacerme un tatuaje, pero soy pobre y le tengo miedo a las agujas",👀,2022-12-31,0,0
twitter,"@Fvrro_Joestar @eljorgs12 @_NotYowax_ No soy comunista, no quiero donar nada.","@Fvrro_Joestar @eljorgs12 @_NotYowax_ No soy comunista, no quiero donar nada.",,2022-12-31,2,0
twitter,"Mi fobia a las agujas me hace ser una persona con 0 (CERO) tatuajes 😅
Admiro a quienes se ponen uno, y hay muchos que son muy bonitos 💖 https://t.co/e8asfLcShx","Mi fobia a las agujas me hace ser una persona con 0 (CERO) tatuajes Admiro a quienes se ponen uno, y hay muchos que son muy bonitos https://t.co/e8asfLcShx",😅 💖,2022-12-31,2,0
twitter,@_Destran_ Tu amiga tiene fobia a las agujas 😂😂😂😂,@_Destran_ Tu amiga tiene fobia a las agujas,😂😂😂😂,2022-12-31,2,1
twitter,@cerooxm Es que le tengo miedo a las agujas isnsms,@cerooxm Es que le tengo miedo a las agujas isnsms,,2022-12-31,1,0
twitter,@felipperey Le tengo fobia a las agujas y a las maquinitas que suenan (culpa del dentista) ninguna posibilidad de tatuajes,@felipperey Le tengo fobia a las agujas y a las maquinitas que suenan (culpa del dentista) ninguna posibilidad de tatuajes,,2022-12-31,5,1
twitter,saber q no puedo donar sangre hasta un año porq se me ocurrió hacerme dos piercings en DOS semanas jjajsjsj crack,saber q no puedo donar sangre hasta un año porq se me ocurrió hacerme dos piercings en DOS semanas jjajsjsj crack,,2022-12-31,0,0
twitter,"@littlekarma cerra los ojos, yo le tengo miedo a las agujas pero me hice 3 piercing solo por cerrar los ojos","@littlekarma cerra los ojos, yo le tengo miedo a las agujas pero me hice 3 piercing solo por cerrar los ojos",,2022-12-31,1,0
twitter,"Dale Steph tenes mas botox en la cara que Graciela Alfano, no te cree nadie que le tenes miedo a las agujas 💉 https://t.co/QHt1N2tvIp","Dale Steph tenes mas botox en la cara que Graciela Alfano, no te cree nadie que le tenes miedo a las agujas https://t.co/QHt1N2tvIp",💉,2022-12-31,1,0
twitter,@FdezKendra O miedo a las agujas 🤣,@FdezKendra O miedo a las agujas,🤣,2022-12-31,1,1
twitter,"@Chema_1XL Ándale, que buena idea, si quieres yo te agarro la manita mientras te lo hacen, digo, por lo del miedo a las agujas, no??","@Chema_1XL Ándale, que buena idea, si quieres yo te agarro la manita mientras te lo hacen, digo, por lo del miedo a las agujas, no??",,2022-12-30,1,1
twitter,@monibru No puedo donar. 😢,@monibru No puedo donar.,😢,2022-12-30,1,0
twitter,"Con que ganas me haría el arito del ombligo
Hace tanto lo quiero pero mi miedo a las agujas no me deja jajajaj",Con que ganas me haría el arito del ombligo Hace tanto lo quiero pero mi miedo a las agujas no me deja jajajaj,,2022-12-30,1,0
twitter,Ayer conoci a las primeras enfermeras que no me trataron como loca por tener fobia a las agujas,Ayer conoci a las primeras enfermeras que no me trataron como loca por tener fobia a las agujas,,2022-12-30,3,0
twitter,"Unos pelados me preguntaron si me inyectaba algo para crecer en el gym... Jaja si supieran que hasta miedo a las agujas tengo y que la proteína es arrocito con huevo.

Amo la genética.",Unos pelados me preguntaron si me inyectaba algo para crecer en el gym... Jaja si supieran que hasta miedo a las agujas tengo y que la proteína es arrocito con huevo. Amo la genética.,,2022-12-30,4,1
twitter,"No le tengo miedo a las agujas pero no me gusta que me pinchen con una.. Ahhhhh, pero si me tengo que tatuar la piba feliz de la vida!","No le tengo miedo a las agujas pero no me gusta que me pinchen con una.. Ahhhhh, pero si me tengo que tatuar la piba feliz de la vida!",,2022-12-30,0,0
twitter,@elainebelloc3 No me dejan donar sangre.,@elainebelloc3 No me dejan donar sangre.,,2022-12-30,2,1
twitter,"mi madre me deja hacerme los pircing q quiera pero le tengo miedo a las agujas, lo paso fatal y el único que quiero es el del ombligo😔","mi madre me deja hacerme los pircing q quiera pero le tengo miedo a las agujas, lo paso fatal y el único que quiero es el del ombligo",😔,2022-12-30,0,0
twitter,"Ayer me hice mí primer tatto solamente por una promesa porque le tengo un recontra miedo a las agujas, Amigo me estaba por desmayar más o menos! Empezó a tatuarme y no Sentí nadaaaaaa literalmente que naada de nada!!!  ya quiero ir y hacerme otro 🤣🤣🤣🤣","Ayer me hice mí primer tatto solamente por una promesa porque le tengo un recontra miedo a las agujas, Amigo me estaba por desmayar más o menos! Empezó a tatuarme y no Sentí nadaaaaaa literalmente que naada de nada!!! ya quiero ir y hacerme otro",🤣🤣🤣🤣,2022-12-30,3,0
twitter,"Este año, si todo va bien... Tengo varios propósitos de manera general!

1️⃣ de los principales es perder el miedo a donar sangre, no me da miedo las agujas, ni que me saquen sangre... Pero si el poder estar tanto tiempo sacándome, me preocupa!

2️⃣ hacerme un tatuaje pequeño!","Este año, si todo va bien... Tengo varios propósitos de manera general! 1 ⃣ de los principales es perder el miedo a donar sangre, no me da miedo las agujas, ni que me saquen sangre... Pero si el poder estar tanto tiempo sacándome, me preocupa! 2 ⃣ hacerme un tatuaje pequeño!",️ ️,2022-12-30,2,1
twitter,Me parece importante que sepan que si no tuviera fobia a las agujas yo ya tendria tatuado un plato de fideos,Me parece importante que sepan que si no tuviera fobia a las agujas yo ya tendria tatuado un plato de fideos,,2022-12-30,5,1
twitter,"@LaChinatriple Yo soy 0- , no puedo donar, pero tengo un grupo de mismo tipo por ejemplo algún día se te ofrece. 🖤","@LaChinatriple Yo soy 0- , no puedo donar, pero tengo un grupo de mismo tipo por ejemplo algún día se te ofrece.",🖤,2022-12-30,3,1
twitter,"no creo, simplemente pq le tengo miedo a las agujas y hacerme un tatuaje es igual a paro cardiaco https://t.co/XUwxxPC9SU","no creo, simplemente pq le tengo miedo a las agujas y hacerme un tatuaje es igual a paro cardiaco https://t.co/XUwxxPC9SU",,2022-12-30,0,0
twitter,"Informo que voy a donar sangre 

5 tipo de personas: 
- ¿Todo bien? ¿Qué necesitas? 
- Vale 
- ¿Ya acompletaron donantes? Me apuro y voy
- No puedo donar pero me avisas y voy por ti
- Auuch",Informo que voy a donar sangre 5 tipo de personas: - ¿Todo bien? ¿Qué necesitas? - Vale - ¿Ya acompletaron donantes? Me apuro y voy - No puedo donar pero me avisas y voy por ti - Auuch,,2022-12-29,0,0
twitter,@PseudoGenios Solo entendí que le tiene miedo a las agujas,@PseudoGenios Solo entendí que le tiene miedo a las agujas,,2022-12-29,56,0
twitter,oye ahora q lo pienso no puedo donar sangre xq soy un drogadicto y tengo 54 enfermedades pero médula? podría donar médula un drogadicto con 54 enfermedades o tampoco?,oye ahora q lo pienso no puedo donar sangre xq soy un drogadicto y tengo 54 enfermedades pero médula? podría donar médula un drogadicto con 54 enfermedades o tampoco?,,2022-12-29,10,4
twitter,@zebravoyager ¿Sabes qué molécula ingresa ad eternum a tu torrente sanguíneo y estás condenada a no donar sangre ni plaquetas a un hijo tuyo o a tus padres?  Y no empates con los estúpidos enfermos psiquiátricos que tienen fobia a las agujas y su estupidez en contra de las vacunas.¿Y viruela?,@zebravoyager ¿Sabes qué molécula ingresa ad eternum a tu torrente sanguíneo y estás condenada a no donar sangre ni plaquetas a un hijo tuyo o a tus padres? Y no empates con los estúpidos enfermos psiquiátricos que tienen fobia a las agujas y su estupidez en contra de las vacunas.¿Y viruela?,,2022-12-29,0,2
twitter,"@nyawol4 @Farmaenfurecida @Sael73furry Sin paños calientes,  doloroso sí es, pero duele más la muerte de un niño. Es mi opinión,  yo no puedo donar, una pena 😢","@nyawol4 @Farmaenfurecida @Sael73furry Sin paños calientes, doloroso sí es, pero duele más la muerte de un niño. Es mi opinión, yo no puedo donar, una pena",😢,2022-12-29,1,2
twitter,"@Mashklieny_ sabes q le tengo fobia a las agujas 
de pedo me voy a hacer en blanco y negro",@Mashklieny_ sabes q le tengo fobia a las agujas de pedo me voy a hacer en blanco y negro,,2022-12-29,1,0
twitter,"No me digan nada q me bajonee... Solo quiero soltar.. ya toy nerviosa falta poco para entrar a pabellón y haciendo todo mentalmente para estar tranquila uffff... Les dije q tengo fobia a las agujas y procedimientos médicos? No es fácil... Inhala, exhala... Vamos q puedo🥺💪","No me digan nada q me bajonee... Solo quiero soltar.. ya toy nerviosa falta poco para entrar a pabellón y haciendo todo mentalmente para estar tranquila uffff... Les dije q tengo fobia a las agujas y procedimientos médicos? No es fácil... Inhala, exhala... Vamos q puedo",🥺💪,2022-12-29,17,2
twitter,"@donasangreCYL @SahagunDigital Me enviáis muy a menudo citaciones. Hace ya más de un año y medio que quedó reflejado que por problemas de salud, no puedo donar más sangre.","@donasangreCYL @SahagunDigital Me enviáis muy a menudo citaciones. Hace ya más de un año y medio que quedó reflejado que por problemas de salud, no puedo donar más sangre.",,2022-12-29,0,0
twitter,Amaaa me da miedo donar sangre 🩸😣,Amaaa me da miedo donar sangre,🩸😣,2022-12-29,0,0
twitter,Durante los últimos 2 meses se me ha pasado por la cabeza muchas veces la idea de tatuarme pero mi miedo a las agujas es una barrera demasiado grande como para dar el paso. Suficientemente mal lo paso ya con las vacunas.,Durante los últimos 2 meses se me ha pasado por la cabeza muchas veces la idea de tatuarme pero mi miedo a las agujas es una barrera demasiado grande como para dar el paso. Suficientemente mal lo paso ya con las vacunas.,,2022-12-29,0,1
twitter,"Si chaesoo tienen tatuajes no dudo que Jennie también 👀, Lisa no creo desde que le tiene miedo a las agujas","Si chaesoo tienen tatuajes no dudo que Jennie también , Lisa no creo desde que le tiene miedo a las agujas",👀,2022-12-29,30,0
twitter,"Che se me ocurrió algo de la nada, y si me hago piercings en las orejas?? Mentira q le tengo miedo a las agujas pero quien sabe capaz me animo","Che se me ocurrió algo de la nada, y si me hago piercings en las orejas?? Mentira q le tengo miedo a las agujas pero quien sabe capaz me animo",,2022-12-29,0,1
twitter,@misskoreaJisoo Pero como seria Lisa si le tiene miedo a las agujas 😭😭😭,@misskoreaJisoo Pero como seria Lisa si le tiene miedo a las agujas,😭😭😭,2022-12-29,11,0
twitter,@Rosiesmilecute Yo digo que lisa sería la última ya que le tiene miedo a las agujas,@Rosiesmilecute Yo digo que lisa sería la última ya que le tiene miedo a las agujas,,2022-12-29,2,0
twitter,mañana me sacan sangre y ya estoy llorando xq le tengo miedo a las agujas nao,mañana me sacan sangre y ya estoy llorando xq le tengo miedo a las agujas nao,,2022-12-29,0,0
twitter,Me da mucho miedo donar sangre 😣,Me da mucho miedo donar sangre,😣,2022-12-29,0,0
twitter,@llesyeuxdejenni @hyde23Dan Lisa no creo pq ella le tiene miedo a las agujas :/,@llesyeuxdejenni @hyde23Dan Lisa no creo pq ella le tiene miedo a las agujas :/,,2022-12-29,0,0
twitter,yo le tengo fobia a las agujas pero llegó el momento de superar ese miedo de ser valiente y hacerme ese tatuaje para tener un matching tattoo con jisoo https://t.co/u728aLHMmU,yo le tengo fobia a las agujas pero llegó el momento de superar ese miedo de ser valiente y hacerme ese tatuaje para tener un matching tattoo con jisoo https://t.co/u728aLHMmU,,2022-12-29,10,0
twitter,"Si Jisoo se hizo un tatuaje y todos pensamos que la primera sería Jen, ya no me sorprendería que a pesar de que Lisa le tenga fobia a las agujas, se haga un tatto 😃","Si Jisoo se hizo un tatuaje y todos pensamos que la primera sería Jen, ya no me sorprendería que a pesar de que Lisa le tenga fobia a las agujas, se haga un tatto",😃,2022-12-29,0,1
twitter,"@hyde23Dan Pensaba en  jennie de primera , en lisa no se por el miedo a las agujas","@hyde23Dan Pensaba en jennie de primera , en lisa no se por el miedo a las agujas",,2022-12-28,1,0
twitter,"@lovskpink lisa le tiene fobia a las agujas, pero existe la posibilidad","@lovskpink lisa le tiene fobia a las agujas, pero existe la posibilidad",,2022-12-28,26,1
twitter,Yo no puedo donar nada ahora mismo pero todas las empresas con beneficios extraordinarios como #Zara #Mercadona #etc #Ibex35 #GalaInocenteRTVE,Yo no puedo donar nada ahora mismo pero todas las empresas con beneficios extraordinarios como #Zara #Mercadona #etc #Ibex35 #GalaInocenteRTVE,,2022-12-28,2,0
twitter,"@alemanita Yo quise donar hace unos días y no me dejaron porque estuve hace poco en Kenia. No puedo donar hasta dentro de un par de meses. Que done alguien por mí, porfa. 🙏","@alemanita Yo quise donar hace unos días y no me dejaron porque estuve hace poco en Kenia. No puedo donar hasta dentro de un par de meses. Que done alguien por mí, porfa.",🙏,2022-12-28,1,1
twitter,"Odio a la gente que dice solo es un resfrio y ellos le tienen miedo a las agujas, payasos ...","Odio a la gente que dice solo es un resfrio y ellos le tienen miedo a las agujas, payasos ...",,2022-12-28,0,0
twitter,"Le dije a la que me sacaba sangre que le tenia miedo a las agujas y me dice ""a no parece "" bueno vos no sabes lo que sufrí Cuando me tatue loca","Le dije a la que me sacaba sangre que le tenia miedo a las agujas y me dice ""a no parece "" bueno vos no sabes lo que sufrí Cuando me tatue loca",,2022-12-28,0,0
twitter,"@_barbarroja Si precisas donantes, pone que compartimos. Yo no puedo donar pero puedo dar RT ☺️","@_barbarroja Si precisas donantes, pone que compartimos. Yo no puedo donar pero puedo dar RT",☺️,2022-12-28,1,1
twitter,"@FabyEM15 Qué fregona eres, lamentablemente ya no puedo donar por un tiempo.","@FabyEM15 Qué fregona eres, lamentablemente ya no puedo donar por un tiempo.",,2022-12-28,1,1
twitter,Los únicos 2 países que han aprobado la vacuna inhalable Convidecia Air: Esta alternativa ha mostrado una alta eficacia y es de utilidad para las personas que por diversos motivos tienen miedo a las agujas.  https://t.co/sxmmPeTjkV,Los únicos 2 países que han aprobado la vacuna inhalable Convidecia Air: Esta alternativa ha mostrado una alta eficacia y es de utilidad para las personas que por diversos motivos tienen miedo a las agujas. https://t.co/sxmmPeTjkV,,2022-12-28,0,0
twitter,"Si ves este tweet hazlo también.
 
Pronombres: she/her, pero me da lo mismo
Estatura: 1.50
Talle zap: 3 
Signo: cáncer 
¿Fumas?: no
Tatuajes: no
Piercings: no (miedo a las agujas)
Color fav: negro 
Bebida fav: agua xd https://t.co/8nVhg1T9kk","Si ves este tweet hazlo también. Pronombres: she/her, pero me da lo mismo Estatura: 1.50 Talle zap: 3 Signo: cáncer ¿Fumas?: no Tatuajes: no Piercings: no (miedo a las agujas) Color fav: negro Bebida fav: agua xd https://t.co/8nVhg1T9kk",,2022-12-28,1,0
twitter,no puedo donar pero doy rt para que al menos le llegue a una persona más 😊🫶🏻 https://t.co/Rg5uV7gKs2,no puedo donar pero doy rt para que al menos le llegue a una persona más https://t.co/Rg5uV7gKs2,😊🫶🏻,2022-12-28,0,0
twitter,"@SoyJesusTarre Yo tambien.
Porque le tengo miedo a las agujas y porque soy muy delgado y no tengo lugar donde tatuarme",@SoyJesusTarre Yo tambien. Porque le tengo miedo a las agujas y porque soy muy delgado y no tengo lugar donde tatuarme,,2022-12-28,0,0
twitter,"Ayer me entere que no puedo donar sangre, 😢 contexto mi mom necesita una cirugía y le pidieron 3 pintas de sangre, pues resulta que mi tío, su esposa y yo fuimos hacernos los exámenes para ver si podíamos donar la sangre.","Ayer me entere que no puedo donar sangre, contexto mi mom necesita una cirugía y le pidieron 3 pintas de sangre, pues resulta que mi tío, su esposa y yo fuimos hacernos los exámenes para ver si podíamos donar la sangre.",😢,2022-12-28,3,2
twitter,@cvelayos @excel_adicto Fobia a las agujas...y nos arrepentimos. https://t.co/UC1Hnevp3d,@cvelayos @excel_adicto Fobia a las agujas...y nos arrepentimos. https://t.co/UC1Hnevp3d,,2022-12-28,0,0
twitter,"Llevo años haciendo imágenes para invitar a donar sangre de forma altruista para desconocidos y donando sangre. Es la primera vez que haré una imagen que se moverá desde casa y que no puedo donar porque mi sangre no es compatible. Dios, tienes el volante...","Llevo años haciendo imágenes para invitar a donar sangre de forma altruista para desconocidos y donando sangre. Es la primera vez que haré una imagen que se moverá desde casa y que no puedo donar porque mi sangre no es compatible. Dios, tienes el volante...",,2022-12-28,2,2
twitter,@DraSylveon_ Y no que miedo a las agujas 🤔,@DraSylveon_ Y no que miedo a las agujas,🤔,2022-12-28,0,0
twitter,"@matchacub No es un poco paradójico necesitar una autotransfusión de emergencia? Digo, si es emergencia técnicamente es porque estás severamente anémico, pero está contraindicado donar sangre si estás severamente anémico... 😂","@matchacub No es un poco paradójico necesitar una autotransfusión de emergencia? Digo, si es emergencia técnicamente es porque estás severamente anémico, pero está contraindicado donar sangre si estás severamente anémico...",😂,2022-12-28,1,1
twitter,Le tengo tanto miedo a las agujas dios gpwnxlal,Le tengo tanto miedo a las agujas dios gpwnxlal,,2022-12-28,0,0
twitter,⭐️ ¿Le tienes miedo a las agujas? Averigua por qué no deberías… https://t.co/FWwKoiRy5M,¿Le tienes miedo a las agujas? Averigua por qué no deberías… https://t.co/FWwKoiRy5M,⭐️,2022-12-28,0,0
twitter,⭐️ ¿Le tienes miedo a las agujas? Averigua por qué no deberías… https://t.co/n9qpydQS2F,¿Le tienes miedo a las agujas? Averigua por qué no deberías… https://t.co/n9qpydQS2F,⭐️,2022-12-28,0,0
twitter,(le tengo fobia a las agujas),(le tengo fobia a las agujas),,2022-12-28,0,1
twitter,"Mañana me haré mi primer tatuaje y estoy que me lleva la vrg 

Estado:miedo a las agujas",Mañana me haré mi primer tatuaje y estoy que me lleva la vrg Estado:miedo a las agujas,,2022-12-28,1,1
twitter,@SoyJesusTarre Yooooo. Me gustan pero tengo fobia a las agujas.,@SoyJesusTarre Yooooo. Me gustan pero tengo fobia a las agujas.,,2022-12-28,0,0
twitter,Chele gente tengo influencia y me van a inyectar de emergencia... Ay le tengo miedo a las agujas 😱😱😱,Chele gente tengo influencia y me van a inyectar de emergencia... Ay le tengo miedo a las agujas,😱😱😱,2022-12-28,3,3
twitter,"lo voy a hacer pero xq me aburro

Pronombres: she
Estatura: 1,60 más o menos 
Talla zap: 39
Signo: positivo
Fumas? algún q otro porrillo
Tatuajes: con rotulador 
Piercings: miedo a las agujas
Color fav: azul, blue, bleu…
Bebida fav: cervecita en la playa","lo voy a hacer pero xq me aburro Pronombres: she Estatura: 1,60 más o menos Talla zap: 39 Signo: positivo Fumas? algún q otro porrillo Tatuajes: con rotulador Piercings: miedo a las agujas Color fav: azul, blue, bleu… Bebida fav: cervecita en la playa",,2022-12-28,0,0
twitter,este tipo sabe de mi fobia a las agujas y me habló solo para desearme suerte aunque estamos como la mierda😭,este tipo sabe de mi fobia a las agujas y me habló solo para desearme suerte aunque estamos como la mierda,😭,2022-12-28,0,0
twitter,"@franco_esca Una vez apoyamos a un niño que tenia cancer... Al platicarme su historia y ver sus marcas... Deje de perderle el miedo a las agujas e inyecciones...
Era fuerte y valiente el Buen Pedrito QEPD...",@franco_esca Una vez apoyamos a un niño que tenia cancer... Al platicarme su historia y ver sus marcas... Deje de perderle el miedo a las agujas e inyecciones... Era fuerte y valiente el Buen Pedrito QEPD...,,2022-12-28,7,0
twitter,"Tu no eres sana ni positiva ni pollas, tatuateli en la frente esa que tienes — Que tengo miedo a las agujas joee https://t.co/59FByDw4HO","Tu no eres sana ni positiva ni pollas, tatuateli en la frente esa que tienes — Que tengo miedo a las agujas joee https://t.co/59FByDw4HO",,2022-12-28,0,0
twitter,18 años y teniendo el mismo miedo a las agujas... 🙄😵‍💫,18 años y teniendo el mismo miedo a las agujas... ‍,🙄😵 💫,2022-12-28,0,0
twitter,"@rosaangst Vos mandale hermana, si no tuviera fobia a las agujas yo también me haría algún tatuaje","@rosaangst Vos mandale hermana, si no tuviera fobia a las agujas yo también me haría algún tatuaje",,2022-12-28,1,1
twitter,Miedo a las agujas,Miedo a las agujas,,2023-12-31,0,0
twitter,Ojalá en 2024 ya se me quite el miedo a las agujas y me pueda tatuar lo que siempre he querido.,Ojalá en 2024 ya se me quite el miedo a las agujas y me pueda tatuar lo que siempre he querido.,,2023-12-31,0,0
twitter,"Voy a hacer balance de 2023. 
He conocido a gente maravillosa y otra que pensaba que lo era y no.
He perdido el miedo a las agujas al sacar sangre (tranquilos fetichistas de las agujas que no me vais a hacer cosas de esas). He ido a eventos chulos y he aprendido mucho.",Voy a hacer balance de 2023. He conocido a gente maravillosa y otra que pensaba que lo era y no. He perdido el miedo a las agujas al sacar sangre (tranquilos fetichistas de las agujas que no me vais a hacer cosas de esas). He ido a eventos chulos y he aprendido mucho.,,2023-12-31,5,0
twitter,Yo con miedo a las agujas pero tatuada🥴,Yo con miedo a las agujas pero tatuada,🥴,2023-12-31,0,0
twitter,Ya siento que Lisa dejo ese tatuaje a la mitad por el dolor por estar en las costillas y por su miedo a las agujas https://t.co/464TVAXEpR,Ya siento que Lisa dejo ese tatuaje a la mitad por el dolor por estar en las costillas y por su miedo a las agujas https://t.co/464TVAXEpR,,2023-12-31,3,0
twitter,"@stupidniggers9 La fimosis se puede remover estirando el prepucio con ejercicios que estiran el pene, como tirarlo para atrás, pero otro no me se la verdad... 
La circuncisión no es si o si necesaria pero se utiliza en casos como la mejor opción. No le tiene miedo a las agujas.","@stupidniggers9 La fimosis se puede remover estirando el prepucio con ejercicios que estiran el pene, como tirarlo para atrás, pero otro no me se la verdad... La circuncisión no es si o si necesaria pero se utiliza en casos como la mejor opción. No le tiene miedo a las agujas.",,2023-12-31,0,1
twitter,"desventajas de ser mi amigo:
- mi dni esta caducado y no puedo donar sangre https://t.co/ieLU90bw4D",desventajas de ser mi amigo: - mi dni esta caducado y no puedo donar sangre https://t.co/ieLU90bw4D,,2023-12-31,0,1
twitter,m haria si no le tuviese miedo a las agujas https://t.co/dATuQNhQNW,m haria si no le tuviese miedo a las agujas https://t.co/dATuQNhQNW,,2023-12-31,0,0
twitter,"@madlaguenio Si jajaja, no quiero traumas! Este año he superado el miedo a las agujas, el año pasado al avión! Hace años la pirotecnia jeje.","@madlaguenio Si jajaja, no quiero traumas! Este año he superado el miedo a las agujas, el año pasado al avión! Hace años la pirotecnia jeje.",,2023-12-30,0,1
twitter,"@ownerofurdeath ——en un segundo se había vuelto al egipcio con la aguja en mano y al siguiente estaba desmayado en la camilla.

así que le tenía miedo a las agujas. podría haberse reído pero, en lugar de eso, pensó que era mejor así. podría atenderlo sin problemas de esa forma.

para evitar »","@ownerofurdeath ——en un segundo se había vuelto al egipcio con la aguja en mano y al siguiente estaba desmayado en la camilla. así que le tenía miedo a las agujas. podría haberse reído pero, en lugar de eso, pensó que era mejor así. podría atenderlo sin problemas de esa forma. para evitar »",,2023-12-30,0,1
twitter,@isolationinall las q se inyectan es q le tengo un re miedo a las agujas,@isolationinall las q se inyectan es q le tengo un re miedo a las agujas,,2023-12-30,0,0
twitter,"Toda mi historia de enferma terminó ahí. Hasta que un día, ya en ESPAÑA, fui a donar sangre al centro de transfusiones yo toda contenta. Y me llega una carta a la semana diciéndome que no puedo donar porque tenía anticuerpos plasmodium.","Toda mi historia de enferma terminó ahí. Hasta que un día, ya en ESPAÑA, fui a donar sangre al centro de transfusiones yo toda contenta. Y me llega una carta a la semana diciéndome que no puedo donar porque tenía anticuerpos plasmodium.",,2023-12-30,0,1
twitter,"IVI Dono ayer me dio la triste noticia de que, pese a tener rasgos caucásicos™, no puedo donar semen porque mi padre es ecuatoriano y, ya sabéis, mezcla de razas. Se cierra un arco que nunca despegó 🚬🧠","IVI Dono ayer me dio la triste noticia de que, pese a tener rasgos caucásicos™, no puedo donar semen porque mi padre es ecuatoriano y, ya sabéis, mezcla de razas. Se cierra un arco que nunca despegó",🚬🧠,2023-12-30,7,3
twitter,"@LegitixYT Hermano que guapooo, yo tmb quisiera tatuarme a legoshi pero tengo miedo a las agujas qwq","@LegitixYT Hermano que guapooo, yo tmb quisiera tatuarme a legoshi pero tengo miedo a las agujas qwq",,2023-12-30,1,1
twitter,"✏️Tätowieren #vminkook #au 

🐻 y 🐰Eran pareja y tenían su propio estudio de tatuajes, un día llegó un chico decidido a tatuarse, pero había un problema, tenía miedo a las agujas. 

– No te preocupes bonito, yo te sostengo para que no estés aterrado.

– Lo haré con cuidado¿Si? https://t.co/o8qoWZdA9G","Tätowieren #vminkook #au y Eran pareja y tenían su propio estudio de tatuajes, un día llegó un chico decidido a tatuarse, pero había un problema, tenía miedo a las agujas. – No te preocupes bonito, yo te sostengo para que no estés aterrado. – Lo haré con cuidado¿Si? https://t.co/o8qoWZdA9G",✏️ 🐻 🐰,2023-12-30,34,0
twitter,"Que sea rápida, la fobia a las agujas en él no le va a permitir quedarse quieto mucho tiempo. https://t.co/f4oKXPOcyA","Que sea rápida, la fobia a las agujas en él no le va a permitir quedarse quieto mucho tiempo. https://t.co/f4oKXPOcyA",,2023-12-30,1,0
twitter,@sutito2 Que tan pendejo tienes que ser para no querer vacunarte y te lo dice alguien que le tiene miedo a las agujas.,@sutito2 Que tan pendejo tienes que ser para no querer vacunarte y te lo dice alguien que le tiene miedo a las agujas.,,2023-12-30,5,1
twitter,"@ARKgcg @Hrathen23 @laralevana He visto tipos de más de 1.86 híper masculinos negándose a coger una serpiente, araña, escorpión o símplemente desmayarse al tener que sacarles la sangre para exámenes médicos porque les tiene miedo a las agujas...eso, muy ""chad"" no es que sea.","@ARKgcg @Hrathen23 @laralevana He visto tipos de más de 1.86 híper masculinos negándose a coger una serpiente, araña, escorpión o símplemente desmayarse al tener que sacarles la sangre para exámenes médicos porque les tiene miedo a las agujas...eso, muy ""chad"" no es que sea.",,2023-12-30,2,0
twitter,"@honsoucillo77 Bueno, a mí me parece un método más xD Para la gente que tiene fobia a las agujas puede estar bien.
De todas formas no creo que lo traigan aquí porque la cápsula esa parece un aparato caro, por si sirve de consuelo XD","@honsoucillo77 Bueno, a mí me parece un método más xD Para la gente que tiene fobia a las agujas puede estar bien. De todas formas no creo que lo traigan aquí porque la cápsula esa parece un aparato caro, por si sirve de consuelo XD",,2023-12-29,0,1
twitter,"La pelada que le tiene miedo a las agujas se tatuó hoy.

La pelada soy yo jaja",La pelada que le tiene miedo a las agujas se tatuó hoy. La pelada soy yo jaja,,2023-12-29,3,0
twitter,@Ganchito67 Secundo la Idea (Tengo miedo a las Agujas),@Ganchito67 Secundo la Idea (Tengo miedo a las Agujas),,2023-12-29,1,0
twitter,"@SillyReaderGirl Yo diciéndole a mi mamá q nunca me voy a tatuar 
Also yo con ganas de tatuarme
Tengo fobia a las agujas pero me llaman",@SillyReaderGirl Yo diciéndole a mi mamá q nunca me voy a tatuar Also yo con ganas de tatuarme Tengo fobia a las agujas pero me llaman,,2023-12-29,3,1
twitter,"Este mes me han dado como 4 piquetes en el brazo, para estudios y donación de sangre. Creo que ya estoy superando mi fobia a las agujas.","Este mes me han dado como 4 piquetes en el brazo, para estudios y donación de sangre. Creo que ya estoy superando mi fobia a las agujas.",,2023-12-29,7,0
twitter,"@ituerahipster Hoy tenía analítica con mi hija de 10 años en el centro de salud.
Las enfermeras pediátricas no la llevaban  mi hija tiene fobia a las agujas y a los pinchazos y es preciso tumbarla y sujetarla.
Las que estaban en adultos las portaban.
Me parece bien las dos cosas.",@ituerahipster Hoy tenía analítica con mi hija de 10 años en el centro de salud. Las enfermeras pediátricas no la llevaban mi hija tiene fobia a las agujas y a los pinchazos y es preciso tumbarla y sujetarla. Las que estaban en adultos las portaban. Me parece bien las dos cosas.,,2023-12-29,1,1
twitter,"26 años, supere varios juegos de terror, sufrí alguna que otra experiencia paranormal, tolero películas de terror, enfrento pesadillas …
Aun así sigo teniéndole miedo a las Agujas XD","26 años, supere varios juegos de terror, sufrí alguna que otra experiencia paranormal, tolero películas de terror, enfrento pesadillas … Aun así sigo teniéndole miedo a las Agujas XD",,2023-12-29,2,0
twitter,"mi papá le tiene miedo a las agujas pero quiere yo me tatué🤣
[29/12 01:36] papi : Te vas a tatuar lo que me dijiste al final?
[29/12 01:36] papi : Avísame
[29/12 01:37] papi : Así le digo al Cris que te banque hasta que vengas Belen",mi papá le tiene miedo a las agujas pero quiere yo me tatué [29/12 01:36] papi : Te vas a tatuar lo que me dijiste al final? [29/12 01:36] papi : Avísame [29/12 01:37] papi : Así le digo al Cris que te banque hasta que vengas Belen,🤣,2023-12-29,1,0
twitter,@santozallegro Bajo esa lógica los aguinaldos o los premios que de la empresa deberian ser a fondo solidario tampoco salen de nuestro sueldo si quiere donar done lo suyo ahora repita no debo donar lo ajeno .no debo donar lo ajeno saludos suerte 🍀,@santozallegro Bajo esa lógica los aguinaldos o los premios que de la empresa deberian ser a fondo solidario tampoco salen de nuestro sueldo si quiere donar done lo suyo ahora repita no debo donar lo ajeno .no debo donar lo ajeno saludos suerte,🍀,2023-12-29,0,0
twitter,yo pidieron q jake se haga aritos o un labret pero cierto q el otro le tiene miedo a las agujas https://t.co/vqZPx2pRJG,yo pidieron q jake se haga aritos o un labret pero cierto q el otro le tiene miedo a las agujas https://t.co/vqZPx2pRJG,,2023-12-29,0,0
twitter,"Invasión de mosquitos, Leute... Son unos irrespetuosos: ni espiral ni pastillas respetan. No puedo donar sangre ni hacerme análisis por un tiempo: no me queda sangre 🫠","Invasión de mosquitos, Leute... Son unos irrespetuosos: ni espiral ni pastillas respetan. No puedo donar sangre ni hacerme análisis por un tiempo: no me queda sangre",🫠,2023-12-29,3,0
twitter,"lo bueno es q no me vacunare más al parecer, las que le tienen miedo a las agujas 1 gobierno 0 https://t.co/vdCf8nv8UJ","lo bueno es q no me vacunare más al parecer, las que le tienen miedo a las agujas 1 gobierno 0 https://t.co/vdCf8nv8UJ",,2023-12-29,1,0
twitter,"Clonazepam: 1
Fobia a las agujas: 0 
Gracias Diosito 🫶🏻🥹💜",Clonazepam: 1 Fobia a las agujas: 0 Gracias Diosito,🫶🏻🥹💜,2023-12-28,0,0
twitter,"@CruelaDanielst Si, aunque eso te lo dicen, que no puedes donar sangre porque tuviste esa enfermedad. Yo tuve dengue y no puedo donar. Gracias, lo voy a anexar 🙏🏽","@CruelaDanielst Si, aunque eso te lo dicen, que no puedes donar sangre porque tuviste esa enfermedad. Yo tuve dengue y no puedo donar. Gracias, lo voy a anexar",🙏🏽,2023-12-28,1,0
twitter,"Me van a quitar mi implante y a ponerme el de dos varillas, soy la persona con más miedo a las agujas y quiero llorar 😭
Mi novio: piensa en animalitos
🤡🤡🤡🤡","Me van a quitar mi implante y a ponerme el de dos varillas, soy la persona con más miedo a las agujas y quiero llorar Mi novio: piensa en animalitos",😭 🤡🤡🤡🤡,2023-12-28,1,1
twitter,@_yonguik Yo no tengo tatoo xq le tengo pánico a las agujas… pero si tengo dibujado el modelo del tatoo q quiero en mi cuerpo.. ya venderé el miedo a las agujas .. me paralizan,@_yonguik Yo no tengo tatoo xq le tengo pánico a las agujas… pero si tengo dibujado el modelo del tatoo q quiero en mi cuerpo.. ya venderé el miedo a las agujas .. me paralizan,,2023-12-28,4,3
twitter,@DaniellaGraysk Si no le tuviera tanto miedo a las agujas me tatuaria como V https://t.co/CS428czxbs,@DaniellaGraysk Si no le tuviera tanto miedo a las agujas me tatuaria como V https://t.co/CS428czxbs,,2023-12-28,1,0
twitter,@animegamefrik Bueno cambiando de tema yo no puedo donar sangre,@animegamefrik Bueno cambiando de tema yo no puedo donar sangre,,2023-12-28,1,1
twitter,"""Estoy grandote pero le tengo miedo a las agujas""... 

El común denominador...

😂","""Estoy grandote pero le tengo miedo a las agujas""... El común denominador...",😂,2023-12-28,0,0
twitter,supere mi miedo a las agujas 😎,supere mi miedo a las agujas,😎,2023-12-28,0,0
twitter,"Ayer a pesar de mi fobia a las agujas y de que odio la sangre le done sangre a mi mamá, esas cosas que haría solo por ella y si😅","Ayer a pesar de mi fobia a las agujas y de que odio la sangre le done sangre a mi mamá, esas cosas que haría solo por ella y si",😅,2023-12-28,1,0
twitter,"Bueno ya estoy otra vez en mi casa de vuelta del dentista y para compensar el malísimo rato que he pasado (fobia a las agujas jajan’t) voy a ver un par de horitas de op… ya estudio después, me lo merezco (?
Me dormiría pero no tengo sueño :’)","Bueno ya estoy otra vez en mi casa de vuelta del dentista y para compensar el malísimo rato que he pasado (fobia a las agujas jajan’t) voy a ver un par de horitas de op… ya estudio después, me lo merezco (? Me dormiría pero no tengo sueño :’)",,2023-12-28,4,0
twitter,"@Fergu___ No, quiero ir pero le tengo miedo a las agujas 😂","@Fergu___ No, quiero ir pero le tengo miedo a las agujas",😂,2023-12-28,1,1
twitter,"me molesta mucho que la gente crea que no me quiero inyectar nomás por mis huevos, le tengo fobia a las agujas:( si la aguja de la vacuna del covid estaba mini y casi me desmayo las veces q me la pusieron","me molesta mucho que la gente crea que no me quiero inyectar nomás por mis huevos, le tengo fobia a las agujas:( si la aguja de la vacuna del covid estaba mini y casi me desmayo las veces q me la pusieron",,2023-12-28,3,0
twitter,"el verdadero ""las excusas son falsa, el que quiere puede"" (se va a tatuar mi nombre a pesar de que le tenga miedo a las agujas)","el verdadero ""las excusas son falsa, el que quiere puede"" (se va a tatuar mi nombre a pesar de que le tenga miedo a las agujas)",,2023-12-28,0,0
twitter,q furiosa estoy como q no puedo donar sangre ES UN PUTO AÑO MALDITOS HOSPITALES MAMONES 💕💕💕,q furiosa estoy como q no puedo donar sangre ES UN PUTO AÑO MALDITOS HOSPITALES MAMONES,💕💕💕,2023-12-27,0,0
twitter,@guillermoTM1959 Y el tercero lleva una foto de Adolf Hitler en la cartera...lo que pasa es que le tiene fobia a las agujas.,@guillermoTM1959 Y el tercero lleva una foto de Adolf Hitler en la cartera...lo que pasa es que le tiene fobia a las agujas.,,2023-12-27,0,0
twitter,Tengo que ir al médico y seguramente me pida análisis y no quiero ir pues miedo a las agujas... Ahhh pero para tatuarse ni un drama la mina,Tengo que ir al médico y seguramente me pida análisis y no quiero ir pues miedo a las agujas... Ahhh pero para tatuarse ni un drama la mina,,2023-12-27,1,0
twitter,"Yo ya no puedo donar, pero a los que podáis pensad que cualquiera lo podemos necesitar en cualquier momento. Un accidente de tráfico, una simple operacion de trauma, leucemias...  ♥️ https://t.co/mmqrEJ0GFZ","Yo ya no puedo donar, pero a los que podáis pensad que cualquiera lo podemos necesitar en cualquier momento. Un accidente de tráfico, una simple operacion de trauma, leucemias... https://t.co/mmqrEJ0GFZ",♥️,2023-12-27,2,0
twitter,"Te amo Pa❤️‍🩹
Con razón le tengo tanto miedo a las agujas, heredé sus ojos y sus miedos. https://t.co/2RuBget6hq","Te amo Pa ‍ Con razón le tengo tanto miedo a las agujas, heredé sus ojos y sus miedos. https://t.co/2RuBget6hq",❤️ 🩹,2023-12-27,2,0
twitter,@luligdoy @bianbennitez cerra el culo q le tenes miedo a las agujas,@luligdoy @bianbennitez cerra el culo q le tenes miedo a las agujas,,2023-12-27,1,1
twitter,@Hatade4 Le tiene miedo a las agujas?,@Hatade4 Le tiene miedo a las agujas?,,2023-12-27,1,1
twitter,"@Raakkun Yo no puedo donar si se trata de dinero pipipiiiiiii
Pero si puedo darte buena suerte y fe tranquila que tú gato se recupera ❤️❤️😁",@Raakkun Yo no puedo donar si se trata de dinero pipipiiiiiii Pero si puedo darte buena suerte y fe tranquila que tú gato se recupera,❤️❤️😁,2023-12-27,3,0
twitter,"Mejor respuesta o mejor respuesta?
A mi no me gustan los tatuajes (fobia a las agujas) nica me haría uno pero hay gente que le gustan y les quedan la raja 🤘🏻.
Ley No 1: “Viva su vida y no joda al resto” https://t.co/AZd1Z8Db8c",Mejor respuesta o mejor respuesta? A mi no me gustan los tatuajes (fobia a las agujas) nica me haría uno pero hay gente que le gustan y les quedan la raja . Ley No 1: “Viva su vida y no joda al resto” https://t.co/AZd1Z8Db8c,🤘🏻,2023-12-26,0,0
twitter,"@Vicente15477281 A mi tampoco me gustan los tatuajes y es porque tengo fobia a las agujas 💉 
Lo paso mal cuando debo hacerme exámenes de sangre y cuando veo personas con tatuajes pienso en que yo el día del hoyo me haría uno 🤣",@Vicente15477281 A mi tampoco me gustan los tatuajes y es porque tengo fobia a las agujas Lo paso mal cuando debo hacerme exámenes de sangre y cuando veo personas con tatuajes pienso en que yo el día del hoyo me haría uno,💉 🤣,2023-12-26,0,0
twitter,oficialmente no puedo donar sangre,oficialmente no puedo donar sangre,,2023-12-26,0,0
twitter,"@amirel97 @romerocadani Pues ya podeis ir preparando el monedero, y espero que no tengáis miedo a las agujas, porque eso sin ciclarse no lo vais a conseguir ajajajajaj","@amirel97 @romerocadani Pues ya podeis ir preparando el monedero, y espero que no tengáis miedo a las agujas, porque eso sin ciclarse no lo vais a conseguir ajajajajaj",,2023-12-26,2,1
twitter,Como q no puedo donar sangre?,Como q no puedo donar sangre?,,2023-12-26,1,0
twitter,"La ""donas"" a saber dónde. Pero oye, cámbiame el cristal. Yo no quiero donar mi gafa. Yo no estoy a favor de donar gafas que no están adaptadas a la vista de otras personas. Prefiero donarles dinero y que tengan gafas propias, no las mías","La ""donas"" a saber dónde. Pero oye, cámbiame el cristal. Yo no quiero donar mi gafa. Yo no estoy a favor de donar gafas que no están adaptadas a la vista de otras personas. Prefiero donarles dinero y que tengan gafas propias, no las mías",,2023-12-26,0,1
twitter,"@GukiVT_ Señorita guki, a pesar de que no puedo donar o darle dinerillo, si hace streams siempre estar allí :3","@GukiVT_ Señorita guki, a pesar de que no puedo donar o darle dinerillo, si hace streams siempre estar allí :3",,2023-12-26,0,0
twitter,@Dr_JorgeL Pero pa tatuarse no le tienen miedo a las agujas,@Dr_JorgeL Pero pa tatuarse no le tienen miedo a las agujas,,2023-12-26,1,1
twitter,"Yo le tengo miedo a las agujas y soy súper mami con cualquier procedimiento quirúrgico o así, pero diablo, la lengua bífida me tienta a morir","Yo le tengo miedo a las agujas y soy súper mami con cualquier procedimiento quirúrgico o así, pero diablo, la lengua bífida me tienta a morir",,2023-12-26,0,0
twitter,"@eleeennaa007 te entiendo...yo también le tengo fobia a las agujas, soy este: https://t.co/ZZFviOzooA","@eleeennaa007 te entiendo...yo también le tengo fobia a las agujas, soy este: https://t.co/ZZFviOzooA",,2023-12-26,0,1
twitter,re q le tengo fobia a las agujas kakakakqkq https://t.co/Q6wuOjidqn,re q le tengo fobia a las agujas kakakakqkq https://t.co/Q6wuOjidqn,,2023-12-26,0,0
twitter,"@dboramerchocho No le tengo miedo a las agujas, pero cuando mami era enfermera activa, siempre me sacó sangre en casa y con agujas de bebé 😂😂😂","@dboramerchocho No le tengo miedo a las agujas, pero cuando mami era enfermera activa, siempre me sacó sangre en casa y con agujas de bebé",😂😂😂,2023-12-26,0,1
twitter,@FauraLarina @ojovisor6666 Hola! Se va hacer para año nuevo? No puedo donar mercadería pero puedo donar ropa! Para mujer,@FauraLarina @ojovisor6666 Hola! Se va hacer para año nuevo? No puedo donar mercadería pero puedo donar ropa! Para mujer,,2023-12-26,2,0
twitter,"@H0rmigadeciudad @NoAguacatito Yo me lo hice a los 19, y tengo fobia a las agujas y sufrí con el dolor, asi que sí me hubiera gustado que los hicieran antes.","@H0rmigadeciudad @NoAguacatito Yo me lo hice a los 19, y tengo fobia a las agujas y sufrí con el dolor, asi que sí me hubiera gustado que los hicieran antes.",,2023-12-26,0,0
twitter,"@Raakkun Lamentablemente no puedo donar ahora,pero buscaré la manera de ayudar a tu gato y que se mejore,lo prometo.💙💙💙","@Raakkun Lamentablemente no puedo donar ahora,pero buscaré la manera de ayudar a tu gato y que se mejore,lo prometo.",💙💙💙,2023-12-26,1,0
twitter,@creadordigitals ⬛🟪: Es que le tengo miedo a las agujas https://t.co/6MfaI6YW6n,@creadordigitals : Es que le tengo miedo a las agujas https://t.co/6MfaI6YW6n,⬛🟪,2023-12-25,0,1
twitter,"@s0damania IQHWIWJAJJAJAJAJAJAJAJAJJAJAJAJAJAJQJ

Pero bueno, pensaré en hacerme los exámenes wkskkwks aunque no se me quita el miedo a las agujas","@s0damania IQHWIWJAJJAJAJAJAJAJAJAJJAJAJAJAJAJQJ Pero bueno, pensaré en hacerme los exámenes wkskkwks aunque no se me quita el miedo a las agujas",,2023-12-25,0,0
twitter,@sarawikk Son un grupito. Hay gente que querría el cambio pero con anestesia pero además le tiene miedo a las agujas. Entonces vota...lo peor!,@sarawikk Son un grupito. Hay gente que querría el cambio pero con anestesia pero además le tiene miedo a las agujas. Entonces vota...lo peor!,,2023-12-25,0,0
twitter,"@JMilei Me encantaría pero no puedo donar todos mis bienes e ingresos porque ya se los diste vos a tus amigos empresarios con el decreto, la devaluación y la hiperinflación. Resulta que sos socialista con lo ajeno Javier!","@JMilei Me encantaría pero no puedo donar todos mis bienes e ingresos porque ya se los diste vos a tus amigos empresarios con el decreto, la devaluación y la hiperinflación. Resulta que sos socialista con lo ajeno Javier!",,2023-12-24,0,0
twitter,"@estreptavidina Si no le tienes miedo a las agujas, la carboxiterapia no es invasiva y funciona muy bien y rápido","@estreptavidina Si no le tienes miedo a las agujas, la carboxiterapia no es invasiva y funciona muy bien y rápido",,2023-12-24,1,0
twitter,4/10 solo puedo destacar que le he perdido miedo a las agujas 😂 https://t.co/E2BoYWBFoR,4/10 solo puedo destacar que le he perdido miedo a las agujas https://t.co/E2BoYWBFoR,😂,2023-12-23,2,0
twitter,@Pedro47276558 Pero no puedo donar tuve ca 2 veces.,@Pedro47276558 Pero no puedo donar tuve ca 2 veces.,,2023-12-23,0,2
twitter,Mi miedo a las agujas no es normal y ahora son algo de cada semana en mi vida,Mi miedo a las agujas no es normal y ahora son algo de cada semana en mi vida,,2023-12-23,0,0
twitter,"@itailian_ —————— ¿tienes algún tipo de miedo a las agujas?

Pregunta interesada, de espaldas a el mientras se dedicaba a limpiar y preparar la aguja que iba a usar.
Había visto algunos casos de miedo a las mismas, y no quería hacer pasar un mal rato al contrario.","@itailian_ —————— ¿tienes algún tipo de miedo a las agujas? Pregunta interesada, de espaldas a el mientras se dedicaba a limpiar y preparar la aguja que iba a usar. Había visto algunos casos de miedo a las mismas, y no quería hacer pasar un mal rato al contrario.",,2023-12-23,0,1
twitter,"Hola por favor den rt, yo no puedo donar por el momento pero quiero compartir lo más que pueda 

https://t.co/4pOi0yFHdz","Hola por favor den rt, yo no puedo donar por el momento pero quiero compartir lo más que pueda https://t.co/4pOi0yFHdz",,2024-12-31,0,0
twitter,"@radiocentroec Ustedes creen que ese es tatuaje de verdad 
Jajaja 
Ese tiene miedo a las agujas",@radiocentroec Ustedes creen que ese es tatuaje de verdad Jajaja Ese tiene miedo a las agujas,,2024-12-31,0,0
twitter,gender envy de la noche 🏆 pq si no tuviera miedo a las agujas si me haría los snake bites https://t.co/61acSjJIaj,gender envy de la noche pq si no tuviera miedo a las agujas si me haría los snake bites https://t.co/61acSjJIaj,🏆,2024-12-31,3,0
twitter,Si bien le tengo fobia a las agujas... https://t.co/l2EsNljLOR,Si bien le tengo fobia a las agujas... https://t.co/l2EsNljLOR,,2024-12-30,1,0
twitter,"Ya no quiero donar ninguna, ayuda. https://t.co/vhpUXrcD3x","Ya no quiero donar ninguna, ayuda. https://t.co/vhpUXrcD3x",,2024-12-30,1,0
twitter,@tabacocidios ¿Miedo a las agujas e inyecciones cuenta?,@tabacocidios ¿Miedo a las agujas e inyecciones cuenta?,,2024-12-30,0,0
twitter,@IyorVillan2022 Yo no puedo donar por estar recién operado pero deja pregunto,@IyorVillan2022 Yo no puedo donar por estar recién operado pero deja pregunto,,2024-12-30,1,1
twitter,@adornibord Si... Pero tengo miedo a las agujas incluso cuando me sacan sangre por revisión anual me da miedo,@adornibord Si... Pero tengo miedo a las agujas incluso cuando me sacan sangre por revisión anual me da miedo,,2024-12-30,1,2
twitter,"@floppancho Creo que sabes muy bien lo que diré que ya te lo he dicho como 2 veces anteriores, y yo quiero plata, no tengo y no puedo donar 😔","@floppancho Creo que sabes muy bien lo que diré que ya te lo he dicho como 2 veces anteriores, y yo quiero plata, no tengo y no puedo donar",😔,2024-12-30,1,1
twitter,"@Mavuikasgf_ Espera espera alejate no me toques con esa cosa
(Contexto: estaba haciendo un RPG y mi personaje le tenía miedo a las agujas el pndj le dió una enfermedad y se tenía que vacunar)",@Mavuikasgf_ Espera espera alejate no me toques con esa cosa (Contexto: estaba haciendo un RPG y mi personaje le tenía miedo a las agujas el pndj le dió una enfermedad y se tenía que vacunar),,2024-12-30,0,0
twitter,no puedo donar porque mi cuenta está en ceros,no puedo donar porque mi cuenta está en ceros,,2024-12-30,0,0
twitter,"@Thunder_Tenrec 🧡🎗️: –Puedo darte clases Muuuy especiales~–

•Sally besó en la frente a Sonic, insinuando algo ""especial"" xd•

//Finalmente puedo decir que me identifico con goku xd, aunque el que más serias tú por el miedo a las agujas

Y hey no te preocupes (alt) https://t.co/wLNkuXA87n","@Thunder_Tenrec : –Puedo darte clases Muuuy especiales~– •Sally besó en la frente a Sonic, insinuando algo ""especial"" xd• //Finalmente puedo decir que me identifico con goku xd, aunque el que más serias tú por el miedo a las agujas Y hey no te preocupes (alt) https://t.co/wLNkuXA87n",🧡🎗️,2024-12-30,1,0
twitter,"@DannyOrozcus No puedo donar porque aún soy menor de edad, pero me encantaría unirme a la ayuda","@DannyOrozcus No puedo donar porque aún soy menor de edad, pero me encantaría unirme a la ayuda",,2024-12-30,2,0
twitter,@kageyamaputo FOBIA A LAS AGUJAS,@kageyamaputo FOBIA A LAS AGUJAS,,2024-12-29,0,0
twitter,"@lolaabraldes nunca te mostré el que me hice , por vos superé mi miedo a las agujas (igual lo estoy pensando seriamente y superar ese miedo) https://t.co/fJ9c5RYLLN","@lolaabraldes nunca te mostré el que me hice , por vos superé mi miedo a las agujas (igual lo estoy pensando seriamente y superar ese miedo) https://t.co/fJ9c5RYLLN",,2024-12-29,1,0
twitter,@Lycaon0071 Primero debo vencer mi miedo a las agujas 😅😅😅,@Lycaon0071 Primero debo vencer mi miedo a las agujas,😅😅😅,2024-12-29,0,1
twitter,@Lycaon0071 Sobreponerme a mi miedo a las agujas y hacerme un tatoo,@Lycaon0071 Sobreponerme a mi miedo a las agujas y hacerme un tatoo,,2024-12-29,0,1
twitter,@Cristhi32768159 @EnsedeCiencia Eso no existe. Lo inventaron los q le tienen miedo a las agujas porque cochinamente usan el cancer como medio para alarmar a la gente. Saben q todos le temen al cancer así q lo temen como argumento falso para aparentar tener razón.,@Cristhi32768159 @EnsedeCiencia Eso no existe. Lo inventaron los q le tienen miedo a las agujas porque cochinamente usan el cancer como medio para alarmar a la gente. Saben q todos le temen al cancer así q lo temen como argumento falso para aparentar tener razón.,,2024-12-29,1,0
twitter,"pw: tengo fimosis, así que no me puedo hacer un piercing ahí

s: que?

pw: fimosis no es miedo a las agujas?","pw: tengo fimosis, así que no me puedo hacer un piercing ahí s: que? pw: fimosis no es miedo a las agujas?",,2024-12-29,0,0
twitter,"@CeldranArkangel La cuestión que yo me planteo...
 Que dolor ni hostias... Los picotazos tampoco duelen tanto.. a no ser que le tengas miedo a las agujas 😬😬",@CeldranArkangel La cuestión que yo me planteo... Que dolor ni hostias... Los picotazos tampoco duelen tanto.. a no ser que le tengas miedo a las agujas,😬😬,2024-12-28,1,0
twitter,NO QUIERO DONAR ESQUIZOFRÉNICA PERO SKZ CREO QUE SKZ NO TIENE NINGUN TEMA QUE EMPIECE CON P Y ESO ME ESTA PONIENDO NERVIOSA,NO QUIERO DONAR ESQUIZOFRÉNICA PERO SKZ CREO QUE SKZ NO TIENE NINGUN TEMA QUE EMPIECE CON P Y ESO ME ESTA PONIENDO NERVIOSA,,2024-12-28,16,11
twitter,"no quiero ir, le tengo miedo a las agujas 😭😭😭","no quiero ir, le tengo miedo a las agujas",😭😭😭,2024-12-28,0,1
twitter,"@pawcat555 Yo tmb le tengo miedo a las agujas, me dan demasiado miedo😟","@pawcat555 Yo tmb le tengo miedo a las agujas, me dan demasiado miedo",😟,2024-12-28,1,0
twitter,como olvidar la vez que cuando me pusieron y estaba re histérica porque le tengo fobia a las agujas la vieja chota de la enfermera dijo ayy controla el carácter que asi nunca vas a tener novioo https://t.co/5aVUas97Uq,como olvidar la vez que cuando me pusieron y estaba re histérica porque le tengo fobia a las agujas la vieja chota de la enfermera dijo ayy controla el carácter que asi nunca vas a tener novioo https://t.co/5aVUas97Uq,,2024-12-27,31,2
twitter,"@kadito_sg Yoooo! Y no me haría tampoco, le tengo miedo a las agujas, me pone nerviosa sacarme sangre o vacunarme, así que doy por hecho que NUNCA me haría uno.
Pero en otros me gusta, no cuando exageran... pero me gustan.","@kadito_sg Yoooo! Y no me haría tampoco, le tengo miedo a las agujas, me pone nerviosa sacarme sangre o vacunarme, así que doy por hecho que NUNCA me haría uno. Pero en otros me gusta, no cuando exageran... pero me gustan.",,2024-12-27,0,0
twitter,"@Jebienestar Si tuviera varias cosas. Hipnoterapia por trastorno de ansiedad, depresión, insomnio, fobia a las agujas, pensamientos intrusivos, eyaculación precoz, controlar el peso, timidez, dificultad para concentrarse, pereza. Todo eso podría tratarse en una misma sesión? O Individual??","@Jebienestar Si tuviera varias cosas. Hipnoterapia por trastorno de ansiedad, depresión, insomnio, fobia a las agujas, pensamientos intrusivos, eyaculación precoz, controlar el peso, timidez, dificultad para concentrarse, pereza. Todo eso podría tratarse en una misma sesión? O Individual??",,2024-12-27,0,0
twitter,"@MoonLauren_ Yo antes era esa pero una vez tuve una operación de urgencias y curaciones diarias durante 22 días y perdí el miedo a las agujas, te mando las mejores vibras para que puedas superar ese miedo de una manera bonita 🩷","@MoonLauren_ Yo antes era esa pero una vez tuve una operación de urgencias y curaciones diarias durante 22 días y perdí el miedo a las agujas, te mando las mejores vibras para que puedas superar ese miedo de una manera bonita",🩷,2024-12-27,1,1
twitter,"Si este hombre en 2026 gana la 33 me tatuó el número 14 o 33. 

(Le tengo miedo a las agujas) 
(Tuit fijado) https://t.co/zscXr6nohn",Si este hombre en 2026 gana la 33 me tatuó el número 14 o 33. (Le tengo miedo a las agujas) (Tuit fijado) https://t.co/zscXr6nohn,,2024-12-27,6,0
twitter,"Mi hermanito ya sabe colocar ampolla, recuerdo su miedo a las agujas el primer día, pero su empatía de querer verme mejor y sin dolor fueron más fuerte para aprender, si yo me enfermo, mi confianza está en él🥰","Mi hermanito ya sabe colocar ampolla, recuerdo su miedo a las agujas el primer día, pero su empatía de querer verme mejor y sin dolor fueron más fuerte para aprender, si yo me enfermo, mi confianza está en él",🥰,2024-12-27,0,0
twitter,estoy viendo pulp fiction y no está ayudando nada a mi miedo a las agujas,estoy viendo pulp fiction y no está ayudando nada a mi miedo a las agujas,,2024-12-26,0,0
twitter,lpm le tengo fobia a las agujas y acá estoy x sacarme sangre en 5 me desmayo https://t.co/w7I8d56ORz,lpm le tengo fobia a las agujas y acá estoy x sacarme sangre en 5 me desmayo https://t.co/w7I8d56ORz,,2024-12-26,0,0
twitter,¿Se escapan? ¿por miedo a las agujas? #nv,¿Se escapan? ¿por miedo a las agujas? #nv,,2024-12-25,2,0
twitter,yo kwriendo aprender a cocer aun saviendo q le tenfo fobia a las agujas i las maquinas de cocer me asustan,yo kwriendo aprender a cocer aun saviendo q le tenfo fobia a las agujas i las maquinas de cocer me asustan,,2024-12-25,1,1
twitter,"mae que vergüenza yo y mi miedo a las agujas, parezco una chiquita de 2 años 🥲","mae que vergüenza yo y mi miedo a las agujas, parezco una chiquita de 2 años",🥲,2024-12-24,0,0
twitter,"En otra cuenta de Twitter estoy compartiendo puros gofundme the personas en Gaza pero quizás hoy haga un hilo de varios también. 

No puse nada por acá porque realmente no quiero tener crédito sobre eso, sólo quiero compartir ya que no puedo donar por el momento.","En otra cuenta de Twitter estoy compartiendo puros gofundme the personas en Gaza pero quizás hoy haga un hilo de varios también. No puse nada por acá porque realmente no quiero tener crédito sobre eso, sólo quiero compartir ya que no puedo donar por el momento.",,2024-12-24,0,1
twitter,no importa mi miedo a las agujas tráiganme un tatuador para AYER https://t.co/H5ZW3ZgLe4,no importa mi miedo a las agujas tráiganme un tatuador para AYER https://t.co/H5ZW3ZgLe4,,2024-12-24,0,0
twitter,"La valentía no es cosas como no tener miedo a las agujas, o a la oscuridades. La verdadera valentía es coraje, es afrontar y encarar directamente las situaciones y problemas personales difíciles con voluntad y frente a frente.","La valentía no es cosas como no tener miedo a las agujas, o a la oscuridades. La verdadera valentía es coraje, es afrontar y encarar directamente las situaciones y problemas personales difíciles con voluntad y frente a frente.",,2024-12-23,3,0
twitter,Coser a mano me va a quitar la fobia a las agujas y la sangre de todas las veces que me estoy pinchando,Coser a mano me va a quitar la fobia a las agujas y la sangre de todas las veces que me estoy pinchando,,2024-12-23,0,1
twitter,@matebelmonte para que no estés triste puedo superar mi miedo a las agujas por vos 🥺❤️ https://t.co/SAsJuw6ffP,@matebelmonte para que no estés triste puedo superar mi miedo a las agujas por vos https://t.co/SAsJuw6ffP,🥺❤️,2024-12-23,0,1
twitter,"@beombizcocho Les tengo miedo a las agujas de la vacunas pero me puedo sacar 40 veces sangre q la paso bien, ahora el dentista es lo peor q me puede pasar, la paso re mal","@beombizcocho Les tengo miedo a las agujas de la vacunas pero me puedo sacar 40 veces sangre q la paso bien, ahora el dentista es lo peor q me puede pasar, la paso re mal",,2024-12-23,1,1
twitter,Dios mío yo pq le tengo tanto miedo a las agujas 😞,Dios mío yo pq le tengo tanto miedo a las agujas,😞,2024-12-23,0,0
twitter,@guardiacivil No puedo donar 😢,@guardiacivil No puedo donar,😢,2024-12-23,0,0
twitter,@ddulllc Yo y mi hermano ninguna (el le tiene miedo a las agujas) mi mamá una sola vez estuvo con fiebre y escalofríos muy fuertes por dos días dijo no se iba a poner ninguna más porque la hizo bolsa 🙅🏻‍♀️,@ddulllc Yo y mi hermano ninguna (el le tiene miedo a las agujas) mi mamá una sola vez estuvo con fiebre y escalofríos muy fuertes por dos días dijo no se iba a poner ninguna más porque la hizo bolsa ‍,🙅🏻 ♀️,2024-12-23,0,0
twitter,mi mamá con fobia a las agujas de tatuó mi nombre así que no espero menos...,mi mamá con fobia a las agujas de tatuó mi nombre así que no espero menos...,,2024-12-23,5,0
twitter,"Le tengo miedo a las agujas? Si
Me quiero perforar y tatuar? También",Le tengo miedo a las agujas? Si Me quiero perforar y tatuar? También,,2024-12-23,0,1
twitter,hola no quiero donar loca psiquiátrica pero ojala un trio con ekko y jinx saludos,hola no quiero donar loca psiquiátrica pero ojala un trio con ekko y jinx saludos,,2024-12-23,2,0
twitter,@li_V_ly De hecho si solo me tatuaría algo de ellos pero mi miedo a las agujas no me ha dejado,@li_V_ly De hecho si solo me tatuaría algo de ellos pero mi miedo a las agujas no me ha dejado,,2024-12-22,1,1
twitter,Mi amiga necesita donadores de sangre para su madre y yo con anemia no puedo donar 😭💔,Mi amiga necesita donadores de sangre para su madre y yo con anemia no puedo donar,😭💔,2024-12-22,0,0
twitter,"@user64732929 lo que no sabes es que los que dicen castigo fantasy son personas que le tienen miedo a las agujas y ni de coña se harían un tatuaje, por eso lo dicen","@user64732929 lo que no sabes es que los que dicen castigo fantasy son personas que le tienen miedo a las agujas y ni de coña se harían un tatuaje, por eso lo dicen",,2024-12-22,0,1
twitter,"Esta estudiando medicina y le tiene miedo a las agujas 

Everyone point and laugh https://t.co/QYzt9eSuzS https://t.co/aL7x0Dm14o",Esta estudiando medicina y le tiene miedo a las agujas Everyone point and laugh https://t.co/QYzt9eSuzS https://t.co/aL7x0Dm14o,,2024-12-22,10,2
twitter,"@AlChivani @ansgario @DonasangreCruzR @CruzRojaEsp Yo no puedo donar, no admiten sangre azul. https://t.co/1QY9TaDRpW","@AlChivani @ansgario @DonasangreCruzR @CruzRojaEsp Yo no puedo donar, no admiten sangre azul. https://t.co/1QY9TaDRpW",,2024-12-22,1,1
twitter,"Buenas noticias para quienes tienen fobia a las agujas: los científicos han inventado una “crema” de vacunas que se aplica sobre la piel. Según las investigaciones, este método alternativo podría desencadenar la misma respuesta inmunitaria que una inyección normal.","Buenas noticias para quienes tienen fobia a las agujas: los científicos han inventado una “crema” de vacunas que se aplica sobre la piel. Según las investigaciones, este método alternativo podría desencadenar la misma respuesta inmunitaria que una inyección normal.",,2024-12-22,4,2
twitter,@ChivasUniverse Para mi que le tiene miedo a las agujas y no se queria hacer los examenes medicos,@ChivasUniverse Para mi que le tiene miedo a las agujas y no se queria hacer los examenes medicos,,2024-12-22,2,0
twitter,"@mimivvev ask m paso, y m puse  a llorar pq le tengo miedo a las agujas, la enfermera se porto muy bien conmigo incluso me dio una paleta y una curita de panda 😭💗","@mimivvev ask m paso, y m puse a llorar pq le tengo miedo a las agujas, la enfermera se porto muy bien conmigo incluso me dio una paleta y una curita de panda",😭💗,2024-12-21,0,0
twitter,@Monigiri_ Si no tuviera miedo a las agujas me hago el de pochita AJAAJAJ,@Monigiri_ Si no tuviera miedo a las agujas me hago el de pochita AJAAJAJ,,2024-12-21,0,1
twitter,"@juliansspaez Me importa una gonorrea si usted le tiene miedo a las agujas o no, le pagan por eso y, sin embargo, se arrastra por la cancha y siempre es superado por los pivotes rivales en el área. Y si es por hacer esas cosas, su merced Jimmy se inyecta suero todos los días.","@juliansspaez Me importa una gonorrea si usted le tiene miedo a las agujas o no, le pagan por eso y, sin embargo, se arrastra por la cancha y siempre es superado por los pivotes rivales en el área. Y si es por hacer esas cosas, su merced Jimmy se inyecta suero todos los días.",,2024-12-21,1,1
twitter,"@BastionUrbano Yo recibi un trasplante de cornea hace poco asi que por protocolo no puedo donar hasta que pase el año.

Ya que estamos tambien queria avisar que el Hospital De Clinicas esta necesitando urgente dadores de sangre, se estan quedando sin reservas.","@BastionUrbano Yo recibi un trasplante de cornea hace poco asi que por protocolo no puedo donar hasta que pase el año. Ya que estamos tambien queria avisar que el Hospital De Clinicas esta necesitando urgente dadores de sangre, se estan quedando sin reservas.",,2024-12-21,2,0
twitter,"Reto novela.
En este capítulo abordo el tema del miedo. ¿Cómo mostrar el miedo? ¿Qué tipos de miedo existen? ¿Dónde se esconde el miedo? Desde el miedo a las agujas al miedo a enfrentarse a una infidelidad.",Reto novela. En este capítulo abordo el tema del miedo. ¿Cómo mostrar el miedo? ¿Qué tipos de miedo existen? ¿Dónde se esconde el miedo? Desde el miedo a las agujas al miedo a enfrentarse a una infidelidad.,,2024-12-21,0,0
twitter,"Toda mi vida le he tenido miedo a las agujas y operaciones, pero últimamente quiero demasiado una lipomarcación abdominal 🥹. Dios mio sácame esos pensamientos de la cabeza!","Toda mi vida le he tenido miedo a las agujas y operaciones, pero últimamente quiero demasiado una lipomarcación abdominal . Dios mio sácame esos pensamientos de la cabeza!",🥹,2024-12-20,0,0
twitter,perdón yo ni loca le presto mi piel le tengo miedo a las agujas tengo traumas https://t.co/5xd9Wdbj1n,perdón yo ni loca le presto mi piel le tengo miedo a las agujas tengo traumas https://t.co/5xd9Wdbj1n,,2024-12-20,4,0
twitter,@MRQUXXN ¿Tan grandote y con miedo a las agujas?,@MRQUXXN ¿Tan grandote y con miedo a las agujas?,,2024-12-20,0,0
twitter,"@viejitoaburrioo Le tengo miedo a las agujas en vd, no","@viejitoaburrioo Le tengo miedo a las agujas en vd, no",,2024-12-20,1,0
twitter,"Quise hacer un acto de bien e ir a donar sangre, resulta que no puedo donar, escuchen esto, PORQUE TENGO LAS VENAS MUY CHIQUITAS, NECESITO MAYUSCULAS MÁS GRANDES!!!!!","Quise hacer un acto de bien e ir a donar sangre, resulta que no puedo donar, escuchen esto, PORQUE TENGO LAS VENAS MUY CHIQUITAS, NECESITO MAYUSCULAS MÁS GRANDES!!!!!",,2024-12-20,0,1
twitter,"@L3tCraft @mjjaranava @juegaterapia Este año será el primero que no puedo donar dinero porque no tengo mucho, pero al menos lo comparto a tope! Grandes","@L3tCraft @mjjaranava @juegaterapia Este año será el primero que no puedo donar dinero porque no tengo mucho, pero al menos lo comparto a tope! Grandes",,2024-12-20,1,0
twitter,"La cosa más madura que hize hoy fue ponerme una inyección sin llorar, me hize la fuerte encima yo le tengo un pokis de miedo a las agujas","La cosa más madura que hize hoy fue ponerme una inyección sin llorar, me hize la fuerte encima yo le tengo un pokis de miedo a las agujas",,2024-12-20,1,0
twitter,"@caroleen_alogue Pues que te digo … me hicieron un injerto de hueso y no puedo donar, ni me puedo vacunar de nada y le dije eso a ese guey y me dijo “no te preocupes” y se muere su tío y ya soy yo el de la culpa.","@caroleen_alogue Pues que te digo … me hicieron un injerto de hueso y no puedo donar, ni me puedo vacunar de nada y le dije eso a ese guey y me dijo “no te preocupes” y se muere su tío y ya soy yo el de la culpa.",,2024-12-20,0,1
twitter,me preguntan q ake le tengo miedo y no puedo decir q a ser gordo entonces digo q le tengo miedo a las agujas,me preguntan q ake le tengo miedo y no puedo decir q a ser gordo entonces digo q le tengo miedo a las agujas,,2024-12-20,1,0
twitter,"@DiegoMarVGG @JMilei Pues si, me he vacunado varias veces de niño y de adulto, porque no le tengo miedo a las agujas desde los 6 años

Pero si dudas tanto de las vacunas, te invito a que te dejes morder por un perro rabioso y NO te vacunes despues, veamos lo qie pasa no?","@DiegoMarVGG @JMilei Pues si, me he vacunado varias veces de niño y de adulto, porque no le tengo miedo a las agujas desde los 6 años Pero si dudas tanto de las vacunas, te invito a que te dejes morder por un perro rabioso y NO te vacunes despues, veamos lo qie pasa no?",,2024-12-19,0,2
twitter,"@Nel_Reyerta Yo hasta el 2 de enero no puedo donar (cosas de tatuajes jaja) pero el 26 de ese mes tenemos campaña en el instituto. 
PD. Los pabellones son preciosos",@Nel_Reyerta Yo hasta el 2 de enero no puedo donar (cosas de tatuajes jaja) pero el 26 de ese mes tenemos campaña en el instituto. PD. Los pabellones son preciosos,,2024-12-19,2,1
twitter,"@SirHijoDPuta Que bobada, lo mejor es pasarse suero intravenoso, lo que se inventan por miedo a las agujas.","@SirHijoDPuta Que bobada, lo mejor es pasarse suero intravenoso, lo que se inventan por miedo a las agujas.",,2024-12-19,1,0
twitter,con hoy ya le perdí un poco el miedo a las agujas,con hoy ya le perdí un poco el miedo a las agujas,,2024-12-19,0,0
twitter,No mi miedo a las agujas siendo superado por mi lado masoquista,No mi miedo a las agujas siendo superado por mi lado masoquista,,2024-12-19,1,0
twitter,"@Ahllen_T @hayanengire @confesionesMCR_ SIIIII
Es muuuuy ironico el hecho de que él tenga tremendo cat energy pero sea tan alergico a los gatos que se tuvo que inyectar (con miedo a las agujas, encima) para tener gatos solo porque su hija quería.
El mejor papá con cat energy del mundo.","@Ahllen_T @hayanengire @confesionesMCR_ SIIIII Es muuuuy ironico el hecho de que él tenga tremendo cat energy pero sea tan alergico a los gatos que se tuvo que inyectar (con miedo a las agujas, encima) para tener gatos solo porque su hija quería. El mejor papá con cat energy del mundo.",,2024-12-18,3,1
twitter,"Las enfermeras que se encargan en tomar muestras en niños deberían tener una preparación para aquellos niños con miedo a las agujas, ¿Crees que agarrando a la niña a la fuerza  es mejor que calmarla? Podrás tomar la muestra si la agarran entre 3 pero eso solo aumentará su trauma.","Las enfermeras que se encargan en tomar muestras en niños deberían tener una preparación para aquellos niños con miedo a las agujas, ¿Crees que agarrando a la niña a la fuerza es mejor que calmarla? Podrás tomar la muestra si la agarran entre 3 pero eso solo aumentará su trauma.",,2024-12-18,5,2
twitter,@PsicosexologaM Yo no puedo donar pero comparto.,@PsicosexologaM Yo no puedo donar pero comparto.,,2024-12-18,1,1
twitter,"Me acabo de enterar de que ya no puedo donar médula ósea, y mira que lo tuve en mente en algún momento. Entre 18 y 40 años. Si estás ahí, piénsalo.","Me acabo de enterar de que ya no puedo donar médula ósea, y mira que lo tuve en mente en algún momento. Entre 18 y 40 años. Si estás ahí, piénsalo.",,2024-12-18,1,0
twitter,@nogard790 @EsTendenciaEnX Si no te podes cargar vos solo sos el eslabón mas debil junto a los que le tienen miedo a las agujas,@nogard790 @EsTendenciaEnX Si no te podes cargar vos solo sos el eslabón mas debil junto a los que le tienen miedo a las agujas,,2025-12-31,2,1
twitter,@DannyOrozcus Mrd no puedo donar https://t.co/UPWdeVzwJY,@DannyOrozcus Mrd no puedo donar https://t.co/UPWdeVzwJY,,2025-12-30,1,1
twitter,"@ImNalia_ Yo ya no puedo donar pero sí, es importante.","@ImNalia_ Yo ya no puedo donar pero sí, es importante.",,2025-12-30,0,0
twitter,quiero hacerme el labret o el d la ceja pero le tengo una r fobia a las agujas https://t.co/lf8nIKgKqw,quiero hacerme el labret o el d la ceja pero le tengo una r fobia a las agujas https://t.co/lf8nIKgKqw,,2025-12-30,0,0
twitter,"@ImNalia_ Tras mi segundo embarazo no me dejan donar, y al principio lo llevé bastante mal, porque como dices, no cuesta nada (a no ser que tengas fobia a las agujas y eso) y a mí personalmente me hacía sentir muy bien. Hay gente cuya que depende de ello.","@ImNalia_ Tras mi segundo embarazo no me dejan donar, y al principio lo llevé bastante mal, porque como dices, no cuesta nada (a no ser que tengas fobia a las agujas y eso) y a mí personalmente me hacía sentir muy bien. Hay gente cuya que depende de ello.",,2025-12-30,0,0
twitter,A qué edad a uno se le quita el miedo a las agujas? Pregunta sería jajajaja le tengo pánico a que me canalicen!,A qué edad a uno se le quita el miedo a las agujas? Pregunta sería jajajaja le tengo pánico a que me canalicen!,,2025-12-30,0,0
twitter,"no puedo donar pero comparto, por ahí vos podés o conocés a alguien que puede https://t.co/zsJGMBTAe6","no puedo donar pero comparto, por ahí vos podés o conocés a alguien que puede https://t.co/zsJGMBTAe6",,2025-12-29,1,0
twitter,"ᅠᅠ‍
ᅠ‍ᅠ❛ ¿Le tienes miedo a las agujas? ❜

Lo pregunta con un tono que no trata de ser burlón, sabe que la mayoría de personas lo hace. A él no le molestan tanto, cree que es un procedimiento como cualquier otro, aunque el pinchazo minimamente duela, es muy soportable.
ᅠ https://t.co/1bW5gJGZhH","ᅠᅠ‍ ᅠ‍ᅠ ¿Le tienes miedo a las agujas? Lo pregunta con un tono que no trata de ser burlón, sabe que la mayoría de personas lo hace. A él no le molestan tanto, cree que es un procedimiento como cualquier otro, aunque el pinchazo minimamente duela, es muy soportable. ᅠ https://t.co/1bW5gJGZhH",❛ ❜,2025-12-29,1,1
twitter,@LemaCelina COMPARTO .NO PUEDO DONAR SANGRE,@LemaCelina COMPARTO .NO PUEDO DONAR SANGRE,,2025-12-29,1,0
twitter,“Es que le tiene miedo a las agujas” 😫😫😫😫 Al menos no me desmayé hoy porque casi le fracturo la mano 🤣,“Es que le tiene miedo a las agujas” Al menos no me desmayé hoy porque casi le fracturo la mano,😫😫😫😫 🤣,2025-12-29,0,0
twitter,"@CedricA_NMS Mal, bueno estaba mal desde el segundo día pero por mi miedo a las agujas alargo el ir al medico hasta estar muriendome! 

-me rio- 

El caso es que tuve que ir a la enfermería, le conté lo que me pasaba y ella pensaba que estaba deshidratada así que me dejo en observación +","@CedricA_NMS Mal, bueno estaba mal desde el segundo día pero por mi miedo a las agujas alargo el ir al medico hasta estar muriendome! -me rio- El caso es que tuve que ir a la enfermería, le conté lo que me pasaba y ella pensaba que estaba deshidratada así que me dejo en observación +",,2025-12-29,0,1
twitter,"@CedricA_NMS Volviendo loca y que mi miedo a las agujas había ido más allá y que ahora también era a la sangre! Imaginate! El colmo de una cazadora es tenerle miedo y asco a la sangre! 

-bromeo riendo- 

Al chico se lo llevaron, yo bebi agua cuando dejó de oler a sangre a mi se me pasó un +","@CedricA_NMS Volviendo loca y que mi miedo a las agujas había ido más allá y que ahora también era a la sangre! Imaginate! El colmo de una cazadora es tenerle miedo y asco a la sangre! -bromeo riendo- Al chico se lo llevaron, yo bebi agua cuando dejó de oler a sangre a mi se me pasó un +",,2025-12-29,0,1
twitter,Si no le tuviese un miedo a las agujas y a arrepentirme def me tatuaria la libreta de Kunikida o el kanji de su habilidad https://t.co/FejNZoDXFm,Si no le tuviese un miedo a las agujas y a arrepentirme def me tatuaria la libreta de Kunikida o el kanji de su habilidad https://t.co/FejNZoDXFm,,2025-12-28,0,0
twitter,"@AntiWokeMemes LOS TATUAJES SON HERMOSOOOSSS, NADIE ME VA A QUITAR ESE PENSAMIENTO, si no tuviera miedo a las agujas tendría el cuerpo COMPLETAMENTE LLENO de tatuajes :3💗","@AntiWokeMemes LOS TATUAJES SON HERMOSOOOSSS, NADIE ME VA A QUITAR ESE PENSAMIENTO, si no tuviera miedo a las agujas tendría el cuerpo COMPLETAMENTE LLENO de tatuajes :3",💗,2025-12-28,0,0
twitter,"@salguergarcia De pequeño me las ponían y era traumático. Desde entonces, tengo fobia a las agujas.","@salguergarcia De pequeño me las ponían y era traumático. Desde entonces, tengo fobia a las agujas.",,2025-12-28,1,0
twitter,"@il0vestriders YO, NORMALICEN EL MIEDO A LAS AGUJAS SI T HACES SH","@il0vestriders YO, NORMALICEN EL MIEDO A LAS AGUJAS SI T HACES SH",,2025-12-27,0,0
twitter,"Ninguno porque le tengo miedo a las agujas (estudio medicina)
#MeAndTheeSeriesEP7 https://t.co/xmvthZfjRl",Ninguno porque le tengo miedo a las agujas (estudio medicina) #MeAndTheeSeriesEP7 https://t.co/xmvthZfjRl,,2025-12-27,0,0
twitter,@VoxedPosting El que publicó esto seguro es un trolo que le tiene miedo a las agujas y se pone a llorar cuando lo vacunan.,@VoxedPosting El que publicó esto seguro es un trolo que le tiene miedo a las agujas y se pone a llorar cuando lo vacunan.,,2025-12-27,0,0
twitter,"@hyatito Mi hermano me dijo que me lo haría con anestesia, para que no me duela y tdo eso, el sabe que soy llorona y le tengo fobia a las agujas LAJALAKA","@hyatito Mi hermano me dijo que me lo haría con anestesia, para que no me duela y tdo eso, el sabe que soy llorona y le tengo fobia a las agujas LAJALAKA",,2025-12-27,0,0
twitter,"@josueartex @Clauperalda Ese es el doctor que necesito,  tengo fobia a las agujas","@josueartex @Clauperalda Ese es el doctor que necesito, tengo fobia a las agujas",,2025-12-26,0,1
twitter,"@elonmuskluv7 No, hay muchísimos y muy difícil que no lo usen🌷
Yo personalmente no lo usaría, le tengo miedo a las agujas 🌷","@elonmuskluv7 No, hay muchísimos y muy difícil que no lo usen Yo personalmente no lo usaría, le tengo miedo a las agujas",🌷 🌷,2025-12-26,0,0
twitter,"ok me van a sacar sangre y yo le tengo miedo a las agujas, help","ok me van a sacar sangre y yo le tengo miedo a las agujas, help",,2025-12-26,0,0
twitter,"Quiero ayudar siendo de otro país y no puedo donar por pix :(
Hay algún otro método? Paypal o algo? https://t.co/fuvisbfUbh",Quiero ayudar siendo de otro país y no puedo donar por pix :( Hay algún otro método? Paypal o algo? https://t.co/fuvisbfUbh,,2025-12-26,1,0
twitter,"Si no tuviera miedo a las agujas, al dolor y a mis células comiéndose y vomitando la tinta, si me gustaría un tatuajito así. https://t.co/M6tYkMrYQp","Si no tuviera miedo a las agujas, al dolor y a mis células comiéndose y vomitando la tinta, si me gustaría un tatuajito así. https://t.co/M6tYkMrYQp",,2025-12-25,1,2
twitter,"@HORMIGA_RETURNS Me da gracia que luego esos llaman ""agenda 2030 woke"" a las vacunas y ""marhyqones"" a los LGBT, cuando tenerle miedo a las agujas es de ser más marhyqón que lo otro.","@HORMIGA_RETURNS Me da gracia que luego esos llaman ""agenda 2030 woke"" a las vacunas y ""marhyqones"" a los LGBT, cuando tenerle miedo a las agujas es de ser más marhyqón que lo otro.",,2025-12-24,0,0
twitter,"Una última cosita. 
No quiero donar culera, tengo mucho respeto por muchos colegas de la comunidad. Admiro sus trabajos y la fuerza de sus opiniones (esté yo de acuerdo o no), pero NO solo por contestar amistosamente algunos tuits significa que sean amigos míos.","Una última cosita. No quiero donar culera, tengo mucho respeto por muchos colegas de la comunidad. Admiro sus trabajos y la fuerza de sus opiniones (esté yo de acuerdo o no), pero NO solo por contestar amistosamente algunos tuits significa que sean amigos míos.",,2025-12-24,21,1
twitter,@HORMIGA_RETURNS Yo le tengo miedo a las agujas y no quiero andar prohibiendo las vacunas,@HORMIGA_RETURNS Yo le tengo miedo a las agujas y no quiero andar prohibiendo las vacunas,,2025-12-24,0,0
twitter,@HORMIGA_RETURNS Yo me hice anti vacunas a los 10 años porque realmente le tenía un miedo a las agujas jsjsjs un papelón.,@HORMIGA_RETURNS Yo me hice anti vacunas a los 10 años porque realmente le tenía un miedo a las agujas jsjsjs un papelón.,,2025-12-24,0,0
twitter,@HORMIGA_RETURNS Mano yo le tengo miedo a las agujas y no digo tremenda pendejada,@HORMIGA_RETURNS Mano yo le tengo miedo a las agujas y no digo tremenda pendejada,,2025-12-24,0,0
twitter,Para mí un hombre q le tiene miedo a las agujas es una niña mas,Para mí un hombre q le tiene miedo a las agujas es una niña mas,,2025-12-23,3,0
twitter,"@HORMIGA_RETURNS Yo desarrolle miedo a las agujas y me vacuno (y saco sangre)

La media hora de ese infierno es mejor que lastimarte a ti y a los demas, no sean conspiranoicos niños","@HORMIGA_RETURNS Yo desarrolle miedo a las agujas y me vacuno (y saco sangre) La media hora de ese infierno es mejor que lastimarte a ti y a los demas, no sean conspiranoicos niños",,2025-12-23,5,0
twitter,"@niemed21 @HospitalUVRocio @saludand @donantessevilla Como negacionista covid, antimascarillas y antivacunas, no puedo donar porque según el sistema soy algo parecido a una bi0t3rrr0rist4🤷‍♀️ qué putada eh??","@niemed21 @HospitalUVRocio @saludand @donantessevilla Como negacionista covid, antimascarillas y antivacunas, no puedo donar porque según el sistema soy algo parecido a una bi0t3rrr0rist4 ‍ qué putada eh??",🤷 ♀️,2025-12-23,5,0
twitter,@HORMIGA_RETURNS Yo le tengo miedo a las agujas pero no soy antivacunas,@HORMIGA_RETURNS Yo le tengo miedo a las agujas pero no soy antivacunas,,2025-12-23,13,1
twitter,cada vez que veo una persona anti vacunas pienso  automaticamente que  la razon por la que quieren prohibir las vacunas es porque le tienen miedo a las agujas https://t.co/JfWRpKDYuT,cada vez que veo una persona anti vacunas pienso automaticamente que la razon por la que quieren prohibir las vacunas es porque le tienen miedo a las agujas https://t.co/JfWRpKDYuT,,2025-12-23,897,19
twitter,@HORMIGA_RETURNS Yo le tengo miedo a las agujas pero no soy Anti vacunas,@HORMIGA_RETURNS Yo le tengo miedo a las agujas pero no soy Anti vacunas,,2025-12-23,0,0
twitter,"permitiendo una producción masiva a menor coste.

Adherencia: Millones de pacientes con ""fobia a las agujas"" ahora tienen acceso.

Precio: Con el reciente acuerdo con el gobierno de EE. UU., se proyectan costes de hasta $149/mes para programas públicos,","permitiendo una producción masiva a menor coste. Adherencia: Millones de pacientes con ""fobia a las agujas"" ahora tienen acceso. Precio: Con el reciente acuerdo con el gobierno de EE. UU., se proyectan costes de hasta $149/mes para programas públicos,",,2025-12-23,0,1
twitter,"@Foxy3stars Aunque recuerdo con sesgo.Yo tenía fobia a las agujas y un día fueron a vacunar,estaba llorando de miedo y todos lo sabían,pero me animaron y corearon,y así pude lograrlo,pero,por ahí escuché de otro que también se asustó pero no le apoyaron igual por algo en su comportamiento","@Foxy3stars Aunque recuerdo con sesgo.Yo tenía fobia a las agujas y un día fueron a vacunar,estaba llorando de miedo y todos lo sabían,pero me animaron y corearon,y así pude lograrlo,pero,por ahí escuché de otro que también se asustó pero no le apoyaron igual por algo en su comportamiento",,2025-12-23,0,0
twitter,Acabo de decidir que ya no quiero donar mi cuerpo a la ciencia cuando muera. https://t.co/ooU44SJrX2 https://t.co/FNCIht4yJr,Acabo de decidir que ya no quiero donar mi cuerpo a la ciencia cuando muera. https://t.co/ooU44SJrX2 https://t.co/FNCIht4yJr,,2025-12-23,1,0
twitter,Hoy vencí más mi miedo a las agujas,Hoy vencí más mi miedo a las agujas,,2025-12-22,0,1
twitter,"Aquí la que le tiene fobia a las agujas, se plantea hacerce 3 piercing el mismo día","Aquí la que le tiene fobia a las agujas, se plantea hacerce 3 piercing el mismo día",,2025-12-22,1,0
twitter,"#Viral | James Harrison, conocido como el hombre del brazo de oro, falleció a los 88 años en febrero de 2025. Durante más de 6 décadas donó plasma pese a su miedo a las agujas. Su sangre contenía un anticuerpo raro que permitió prevenir una grave enfermedad en recién nacidos, https://t.co/KMXCZkcopZ","#Viral | James Harrison, conocido como el hombre del brazo de oro, falleció a los 88 años en febrero de 2025. Durante más de 6 décadas donó plasma pese a su miedo a las agujas. Su sangre contenía un anticuerpo raro que permitió prevenir una grave enfermedad en recién nacidos, https://t.co/KMXCZkcopZ",,2025-12-22,0,0
twitter,No puedo donar sangre y TODOS los días de mi vida me levanto con la tristeza y vergüenza de saber que no puedo ayudar a otros por mucho que quiera. DONEN SANGRE. DONAR SANGRE ES DAR VIDA. https://t.co/n4CKtQTNJa,No puedo donar sangre y TODOS los días de mi vida me levanto con la tristeza y vergüenza de saber que no puedo ayudar a otros por mucho que quiera. DONEN SANGRE. DONAR SANGRE ES DAR VIDA. https://t.co/n4CKtQTNJa,,2025-12-22,0,0
twitter,"No tengo, por qué le tengo miedo a las agujas, pero si no,  si me gustaría tener algunos... 

#H2HseriesEP9 https://t.co/xmQsofqCKq","No tengo, por qué le tengo miedo a las agujas, pero si no, si me gustaría tener algunos... #H2HseriesEP9 https://t.co/xmQsofqCKq",,2025-12-22,0,0
twitter,"Las mentiras no haran daño, pero Sakura si. Que no se entere de que la joven está mintiendo.

“ Hmmmm. . . Ya veo. Pasa a la sala y quitate la ropa, tendre que hacer unos exámenes para asegurarme de que todo este bien. ¿No tienes miedo a las agujas, verdad? ” https://t.co/dXR1l7pBbb","Las mentiras no haran daño, pero Sakura si. Que no se entere de que la joven está mintiendo. “ Hmmmm. . . Ya veo. Pasa a la sala y quitate la ropa, tendre que hacer unos exámenes para asegurarme de que todo este bien. ¿No tienes miedo a las agujas, verdad? ” https://t.co/dXR1l7pBbb",,2025-12-21,1,0
twitter,"Debe ser algún tema rari que me guste que me saquen sangre ajsjajshd
Lastima que no puedo donar por campesino sino todos los meses ahí (?)",Debe ser algún tema rari que me guste que me saquen sangre ajsjajshd Lastima que no puedo donar por campesino sino todos los meses ahí (?),,2025-12-21,14,1
twitter,🤔 ¿Crees que eliminar el miedo a las agujas marcará una gran diferencia en las emergencias médicas?,¿Crees que eliminar el miedo a las agujas marcará una gran diferencia en las emergencias médicas?,🤔,2025-12-21,0,0
twitter,"Tábata tiene 19 años, miedo a las agujas… y un corazón inmenso.

🧡 En junio de 2025 donó médula ósea y dio una nueva oportunidad a alguien que la necesitaba.

Una historia real de compromiso, generosidad y esperanza.
⠀
📖 Lee su historia completa aquí: https://t.co/zGKNekF6xt https://t.co/62dWD0KRdT","Tábata tiene 19 años, miedo a las agujas… y un corazón inmenso. En junio de 2025 donó médula ósea y dio una nueva oportunidad a alguien que la necesitaba. Una historia real de compromiso, generosidad y esperanza. Lee su historia completa aquí: https://t.co/zGKNekF6xt https://t.co/62dWD0KRdT",🧡 ⠀ 📖,2025-12-21,5,0
twitter,"Ya quiero llorar, esto solo me pasa a mi que tengo panico/fobia a las agujas https://t.co/PI2QJEDv5d","Ya quiero llorar, esto solo me pasa a mi que tengo panico/fobia a las agujas https://t.co/PI2QJEDv5d",,2025-12-21,0,0
twitter,"@policiazaragoza @BncSangreAragon @BncSangreAragon También era donante de tejidos en caso de... ✝️ 
pero, pasar por oncología .. quimio , radio ya se sabe... Off
Lamentablemente no puedo donar nada para salvar vidas,, ni la sangre.

Pero animo a quien tenga la sangre limpia que done, por el, mí por TODOS 🩸","@policiazaragoza @BncSangreAragon @BncSangreAragon También era donante de tejidos en caso de... pero, pasar por oncología .. quimio , radio ya se sabe... Off Lamentablemente no puedo donar nada para salvar vidas,, ni la sangre. Pero animo a quien tenga la sangre limpia que done, por el, mí por TODOS",✝️ 🩸,2025-12-20,0,0
twitter,"@natachadiz Comparto, no puedo donar por problemas de salud y distancia. Todo va a salir bien!","@natachadiz Comparto, no puedo donar por problemas de salud y distancia. Todo va a salir bien!",,2025-12-20,1,0
twitter,"@natachadiz No puedo donar porque doné hace menos de 3 meses, sino sin dudas iría. De todas maneras comparto, y que salga todo más que bien Natacha ❤️🫶🏻 así será!!","@natachadiz No puedo donar porque doné hace menos de 3 meses, sino sin dudas iría. De todas maneras comparto, y que salga todo más que bien Natacha así será!!",❤️🫶🏻,2025-12-20,1,0
twitter,"@natachadiz Nat compartí el pedido. Lamentablemente yo  no puedo donar por mi enfermedad, pero no tenes dudas que tendrás los donantes necesarios 🙌
Calculo que mañana vendrán para Buenos Aires, no dudes en chiflar para lo que necesiten, besos 🥰😘🙏","@natachadiz Nat compartí el pedido. Lamentablemente yo no puedo donar por mi enfermedad, pero no tenes dudas que tendrás los donantes necesarios Calculo que mañana vendrán para Buenos Aires, no dudes en chiflar para lo que necesiten, besos",🙌 🥰😘🙏,2025-12-20,1,0
twitter,"@natachadiz No puedo donar, dada mi enfermedad, pero rezaré por Uds","@natachadiz No puedo donar, dada mi enfermedad, pero rezaré por Uds",,2025-12-20,1,0
twitter,@natachadiz Comparto. Yo no puedo donar.,@natachadiz Comparto. Yo no puedo donar.,,2025-12-19,1,0
twitter,Me sumo a la propuesta. Tengo graves alergias a antibióticos así que no puedo donar ni sangre. No me refrigeren en el traslado así el Javo se siente más en casa con el olor. Dejo mi tarjeta de crédito junto al cadáver para el gasto de gasolina. https://t.co/fs8DAejVBh,Me sumo a la propuesta. Tengo graves alergias a antibióticos así que no puedo donar ni sangre. No me refrigeren en el traslado así el Javo se siente más en casa con el olor. Dejo mi tarjeta de crédito junto al cadáver para el gasto de gasolina. https://t.co/fs8DAejVBh,,2025-12-19,0,0
twitter,@kadito_sg Yo porque le tengo fobia a las agujas,@kadito_sg Yo porque le tengo fobia a las agujas,,2025-12-19,0,0
twitter,"❓ has donado sangre alguna vez? qué piensas de eso?
💬 No puedo donar. #tellonym  https://t.co/CfWW5Z2mbT",has donado sangre alguna vez? qué piensas de eso? No puedo donar. #tellonym https://t.co/CfWW5Z2mbT,❓ 💬,2025-12-19,0,0
twitter,"@ElTahuX @D4x0s @Kuru_Soy @DarkyTheEnder @Th3_CrazyGoat @Tutti05_ No terminaré de entender esa maldita necesidad de querer manipular todo a conveniencia y encima de todo ello, tener a todo mundo con una correa al cuello como si de canes se tratara.

Que si no puedo donar aquí, que si no puedo comentar por allá.

Por algo les dicen malitos... https://t.co/35bnQ0rdH3","@ElTahuX @D4x0s @Kuru_Soy @DarkyTheEnder @Th3_CrazyGoat @Tutti05_ No terminaré de entender esa maldita necesidad de querer manipular todo a conveniencia y encima de todo ello, tener a todo mundo con una correa al cuello como si de canes se tratara. Que si no puedo donar aquí, que si no puedo comentar por allá. Por algo les dicen malitos... https://t.co/35bnQ0rdH3",,2025-12-19,2,0
twitter,"@kadito_sg Yo, me gustan los tatuajes pero no sería capaz de hacerme uno, tengo fobia a las agujas.","@kadito_sg Yo, me gustan los tatuajes pero no sería capaz de hacerme uno, tengo fobia a las agujas.",,2025-12-19,0,0
twitter,@BetoMendeleiev_ Alguien le tiene miedo a las agujas jejejeje,@BetoMendeleiev_ Alguien le tiene miedo a las agujas jejejeje,,2025-12-19,0,0
twitter,"@seyranpegasus se me olvido contartelo, tengo un poco miedo a las agujas lo tengo desde que era niño","@seyranpegasus se me olvido contartelo, tengo un poco miedo a las agujas lo tengo desde que era niño",,2025-12-19,0,1
twitter,"Yo era ese niño random
(Le tengo fobia a las agujas)

Pd: una vez fui a ponerme la anual y justo venía una niña más pequeña que yo. La cara con la que miro a la mamá cuando me vio dar la escena más dramática y ruidosa posible, así: 😦
(Tenía 14 años y la niña como 6) https://t.co/j7GZuyHDW1","Yo era ese niño random (Le tengo fobia a las agujas) Pd: una vez fui a ponerme la anual y justo venía una niña más pequeña que yo. La cara con la que miro a la mamá cuando me vio dar la escena más dramática y ruidosa posible, así: (Tenía 14 años y la niña como 6) https://t.co/j7GZuyHDW1",😦,2025-12-19,1,0
twitter,@kadito_sg ✋🏻 😓 yo ... pero por fobia a las agujas,@kadito_sg yo ... pero por fobia a las agujas,✋🏻 😓,2025-12-19,0,0
twitter,"@kadito_sg yo, pero por mi miedo a las agujas, no por no querer.","@kadito_sg yo, pero por mi miedo a las agujas, no por no querer.",,2025-12-19,0,0
twitter,"@Natachen_ani 6. Ayer cuando me fui a aplicar ácido hialurónico  en los labios jajakaka le tengo miedo a las agujas 

#DareYouToDeathEP1",@Natachen_ani 6. Ayer cuando me fui a aplicar ácido hialurónico en los labios jajakaka le tengo miedo a las agujas #DareYouToDeathEP1,,2025-12-18,0,0
twitter,"@CoheLogica @Farmaenfurecida Manolo, si de niño le tenías miedo a las agujas, no te pinches y jódete.","@CoheLogica @Farmaenfurecida Manolo, si de niño le tenías miedo a las agujas, no te pinches y jódete.",,2025-12-18,3,0
twitter,@CarlosMaslaton Se saca sangre una vez por semana? Ni loco! Fobia a las agujas.,@CarlosMaslaton Se saca sangre una vez por semana? Ni loco! Fobia a las agujas.,,2025-12-18,0,0
twitter,@teshsidi Yo no puedo donar nada porque ni llego a fin de mes. Dona tu dinero a Palestina hipócrita!! Dona https://t.co/vWBwJPa9av,@teshsidi Yo no puedo donar nada porque ni llego a fin de mes. Dona tu dinero a Palestina hipócrita!! Dona https://t.co/vWBwJPa9av,,2025-12-18,0,0
twitter,A mí esto me da mucha pena cómo me vas a decir que no puedo donar sangre porque peso poco cuando soy donante universal (0-) y siempre están buscando gente de ese grupo sanguíneo… https://t.co/qNcZMFO3zV,A mí esto me da mucha pena cómo me vas a decir que no puedo donar sangre porque peso poco cuando soy donante universal (0-) y siempre están buscando gente de ese grupo sanguíneo… https://t.co/qNcZMFO3zV,,2025-12-18,8,4
twitter,@heesungona pero le tenes miedo a las agujas o algo? yo cndo me lo hice no me dolio nada d nada la verdad y eso q me lo hice a los 13 llore,@heesungona pero le tenes miedo a las agujas o algo? yo cndo me lo hice no me dolio nada d nada la verdad y eso q me lo hice a los 13 llore,,2025-12-17,0,1
twitter,@PilarBarlow @Olympus2021 Mi problema es fobia a las agujas,@PilarBarlow @Olympus2021 Mi problema es fobia a las agujas,,2025-12-17,0,1
twitter,@PameladSantiago @Julio24v Muy cierto este patojo creo que nunca se va a tatuar le tiene fobia a las agujas,@PameladSantiago @Julio24v Muy cierto este patojo creo que nunca se va a tatuar le tiene fobia a las agujas,,2025-12-17,0,0
twitter,"@NightLordRP30K Yo tampoco me la puse, más por miedo a las agujas que otra cosa.","@NightLordRP30K Yo tampoco me la puse, más por miedo a las agujas que otra cosa.",,2025-12-17,1,0
twitter,"@MinSalud_Ar ESTOS SON PARTE DE UN CULTO DONDE LOS CHICOS SON SACRIFICADOS A SU DIOS!! https://t.co/n1lVhSr9Es 
EL TOXICO COVID LES DIO MUCHA MATERIA PRIMA?
QUIERO CANCELAR TODA AUTORIZACION NO QUIERO DONAR NADA NI QUE ME TOQUEN LOS MATA SANOS PREFIERO MORIR A QUE ME TOQUEN USTEDES!!",@MinSalud_Ar ESTOS SON PARTE DE UN CULTO DONDE LOS CHICOS SON SACRIFICADOS A SU DIOS!! https://t.co/n1lVhSr9Es EL TOXICO COVID LES DIO MUCHA MATERIA PRIMA? QUIERO CANCELAR TODA AUTORIZACION NO QUIERO DONAR NADA NI QUE ME TOQUEN LOS MATA SANOS PREFIERO MORIR A QUE ME TOQUEN USTEDES!!,,2025-12-17,0,0
twitter,"Yo no me haría tatuajes, le tengo fobia a las agujas...","Yo no me haría tatuajes, le tengo fobia a las agujas...",,2025-12-17,0,1
twitter,están estos que le tienen miedo a la verdura y los que le tienen miedo a las agujas ojalá se maten entre todos no sirven https://t.co/al9rvZoegT,están estos que le tienen miedo a la verdura y los que le tienen miedo a las agujas ojalá se maten entre todos no sirven https://t.co/al9rvZoegT,,2025-12-17,0,0
twitter,jajaj me encanta q estoy hace 3 años diciendo que me voy a tatuar y le tengo fobia a las agujas (no jodo),jajaj me encanta q estoy hace 3 años diciendo que me voy a tatuar y le tengo fobia a las agujas (no jodo),,2025-12-17,0,0
twitter,"@Julio24v @consejosenbroma Jajaja 🤭
Bueno como pagaron bien , les cuento no tengo miedo a las agujas ☺️","@Julio24v @consejosenbroma Jajaja Bueno como pagaron bien , les cuento no tengo miedo a las agujas",🤭 ☺️,2025-12-17,1,1
twitter,"ayer soñe q me tatuaba y me entrevistaban junto a mcr. En un momento empujaron a gerard a q se tatué y el lo estaba por hacer pero se re nego al final (pq jaja miedo a las agujas) y frank medio q se enojo y lo empujó y le dijo que mejor se tatuaba el
JAHSHS q era ese sueño😭🙏",ayer soñe q me tatuaba y me entrevistaban junto a mcr. En un momento empujaron a gerard a q se tatué y el lo estaba por hacer pero se re nego al final (pq jaja miedo a las agujas) y frank medio q se enojo y lo empujó y le dijo que mejor se tatuaba el JAHSHS q era ese sueño,😭🙏,2026-03-05,0,0
twitter,@tprtillas yo también le tenía miedo a las agujas hasta que me metí a enfermería y ya no me pasa mucho. Te paso ese tip https://t.co/fL8fJHhe3A,@tprtillas yo también le tenía miedo a las agujas hasta que me metí a enfermería y ya no me pasa mucho. Te paso ese tip https://t.co/fL8fJHhe3A,,2026-03-05,0,1
twitter,"Una vez quedé en ir a tomar un café con una amiga y me pidió que antes la acompañara a darse una inyección (le tiene fobia a las agujas), así que fuimos a que la pincharan y después nos clavamos una meriendita, me pareció un planazo https://t.co/t3Y9RkwD1n","Una vez quedé en ir a tomar un café con una amiga y me pidió que antes la acompañara a darse una inyección (le tiene fobia a las agujas), así que fuimos a que la pincharan y después nos clavamos una meriendita, me pareció un planazo https://t.co/t3Y9RkwD1n",,2026-03-05,1,1
twitter,@Vikingonegroa Así estoy yo ya borre tres boletos me tarde en hacerlos y mejor los borré ALV no quiero donar ya,@Vikingonegroa Así estoy yo ya borre tres boletos me tarde en hacerlos y mejor los borré ALV no quiero donar ya,,2026-03-05,1,0
twitter,TW de yo con fobia a las agujas yendo a ver la sustancia con Crotolamo,TW de yo con fobia a las agujas yendo a ver la sustancia con Crotolamo,,2026-03-04,1,0
twitter,guen le tiene miedo a las agujas y le pide a su amigo que le ayude (???) https://t.co/uG7j58HgP0,guen le tiene miedo a las agujas y le pide a su amigo que le ayude (???) https://t.co/uG7j58HgP0,,2026-03-04,5,2
twitter,Me averigüé CASI TODO antes de venir a donar sangre menos lo más importante y la única afección que tengo y justo da en el palo que es una por la que no puedo donar bajo ninguna circunstancia,Me averigüé CASI TODO antes de venir a donar sangre menos lo más importante y la única afección que tengo y justo da en el palo que es una por la que no puedo donar bajo ninguna circunstancia,,2026-03-04,0,0
twitter,Mi miedo a las agujas en serio que es extraño como está eso que me dio un ataque de pánico al solo ver una y me desmaye dsp de vacunarme,Mi miedo a las agujas en serio que es extraño como está eso que me dio un ataque de pánico al solo ver una y me desmaye dsp de vacunarme,,2026-03-04,2,0
twitter,Querer entrar en testo pero le tengo fobia a las agujas (rlly una vez me desmaye cuando me querían vacunar),Querer entrar en testo pero le tengo fobia a las agujas (rlly una vez me desmaye cuando me querían vacunar),,2026-03-04,5,2
twitter,Quienes me conocen saben que le tengo miedo a las agujas y el que ayer me inyectaran anestesia en la espalda 💀💀 me mato.,Quienes me conocen saben que le tengo miedo a las agujas y el que ayer me inyectaran anestesia en la espalda me mato.,💀💀,2026-03-04,1,0
twitter,Lo primero que haré con mi beca es tatuarme 100% tengo que perder el miedo a las agujas,Lo primero que haré con mi beca es tatuarme 100% tengo que perder el miedo a las agujas,,2026-03-03,1,0
twitter,"@elconquis_etb Yo también  tengo fobia a las agujas. 
Y te aseguro que no me río nada 😁
#Conquis14ETB https://t.co/C1NlIYlA7q",@elconquis_etb Yo también tengo fobia a las agujas. Y te aseguro que no me río nada #Conquis14ETB https://t.co/C1NlIYlA7q,😁,2026-03-03,1,0
twitter,Me acabo de sentir identificada con Pitu en mi fobia a las agujas. Yo reacciono llorando a mares pero vamos que lo veo riéndose #Conquis14ETB,Me acabo de sentir identificada con Pitu en mi fobia a las agujas. Yo reacciono llorando a mares pero vamos que lo veo riéndose #Conquis14ETB,,2026-03-03,1,0
twitter,"¡¡¡¡¡PITUUUUUU!!!!!!

¿¿¿QUÉ ES ESTOOOO???

¿Una pequeñita fobia a las agujas? 🥰🤣🤣🤣

#Conquis14ETB https://t.co/GWYje2X1lJ",¡¡¡¡¡PITUUUUUU!!!!!! ¿¿¿QUÉ ES ESTOOOO??? ¿Una pequeñita fobia a las agujas? #Conquis14ETB https://t.co/GWYje2X1lJ,🥰🤣🤣🤣,2026-03-03,39,2
twitter,@elojoquetodolv Ahora va a venir con miedo a las agujas😂,@elojoquetodolv Ahora va a venir con miedo a las agujas,😂,2026-03-02,13,0
twitter,"@emmafiore_10 No puedo donar sangre, nunca me afecto tanto eso jajaja","@emmafiore_10 No puedo donar sangre, nunca me afecto tanto eso jajaja",,2026-03-02,2,0
twitter,"@Jxseph_sandxval Pues yo no puedo donar órganos ni sangre por una cuestión médica y mi hermana necesitaba un trasplante, ella murió y no saben como duele el no haber podido hacer nada, todo porqué algo en mi no es normal, simplemente un defecto congenito.","@Jxseph_sandxval Pues yo no puedo donar órganos ni sangre por una cuestión médica y mi hermana necesitaba un trasplante, ella murió y no saben como duele el no haber podido hacer nada, todo porqué algo en mi no es normal, simplemente un defecto congenito.",,2026-03-02,0,0
twitter,Yo vengo anual a hacerme mis exámenes de sangre de todo por ser adulta responsable pero lo que yo le tengo miedo a las agujas? No está escrito Jajjsjsjsjs,Yo vengo anual a hacerme mis exámenes de sangre de todo por ser adulta responsable pero lo que yo le tengo miedo a las agujas? No está escrito Jajjsjsjsjs,,2026-03-02,0,0
twitter,No donó sangre por qué le tengo miedo a las agujas y ahora me van a sacar igual para la operación 🥲,No donó sangre por qué le tengo miedo a las agujas y ahora me van a sacar igual para la operación,🥲,2026-03-01,1,0
twitter,"@ozucito no, quiero donar las mías","@ozucito no, quiero donar las mías",,2026-03-01,1,1
twitter,"Estuve viendo los tatuajes de Frank y me dieron (otra vez) ganas de tatuarme

Pero aquí le tenemos miedo a las agujas (ayuda) y ademas andamos sin plata JAKSHAKSJAJS",Estuve viendo los tatuajes de Frank y me dieron (otra vez) ganas de tatuarme Pero aquí le tenemos miedo a las agujas (ayuda) y ademas andamos sin plata JAKSHAKSJAJS,,2026-03-01,0,1
twitter,mi brazo si no le tuviera tanta fobia a las agujas: https://t.co/bs6McPPeeo,mi brazo si no le tuviera tanta fobia a las agujas: https://t.co/bs6McPPeeo,,2026-03-01,2,0
twitter,@EggsyGraphics For you my friend… Lo podría intentar… o puedes invitarme y te apoyo con un juguito y muchas porras xd (le tengo miedo a las agujas y perforaciones JSJSJSJS),@EggsyGraphics For you my friend… Lo podría intentar… o puedes invitarme y te apoyo con un juguito y muchas porras xd (le tengo miedo a las agujas y perforaciones JSJSJSJS),,2026-03-01,1,1
twitter,@mejiaskurosaki yo si me re tatuaria igual cuando se me vaya el miedo a las agujas ahre,@mejiaskurosaki yo si me re tatuaria igual cuando se me vaya el miedo a las agujas ahre,,2026-02-28,0,1
twitter,Soy tan sangrona y resulta que no puedo donar sangre porque tengo las plaquetas bajas y lit me dijeron que no tengo sangre 🤡,Soy tan sangrona y resulta que no puedo donar sangre porque tengo las plaquetas bajas y lit me dijeron que no tengo sangre,🤡,2026-02-28,0,0
twitter,"Nunca mejor dicho)
en fin me ponen el la bata esta, me canalizan que ahi fue donde me asuste horrible porque le tengo mucho miedo a las agujas, y luego viene la mejor parte, entro yo pa que me anestesien y le pregunto a la chica ""me van a dormir no?""
la chica no mas me mira+","Nunca mejor dicho) en fin me ponen el la bata esta, me canalizan que ahi fue donde me asuste horrible porque le tengo mucho miedo a las agujas, y luego viene la mejor parte, entro yo pa que me anestesien y le pregunto a la chica ""me van a dormir no?"" la chica no mas me mira+",,2026-02-28,0,1
twitter,@casidolape Soy 0-pero no puedo donar lamentablemente,@casidolape Soy 0-pero no puedo donar lamentablemente,,2026-02-28,1,0
twitter,"_No puedo donar está camiseta del Ayatollah  Jamenei murio hace mucho tiempo.
_Marchhh sirve para cualquier ayatola https://t.co/0WfX506Cns",_No puedo donar está camiseta del Ayatollah Jamenei murio hace mucho tiempo. _Marchhh sirve para cualquier ayatola https://t.co/0WfX506Cns,,2026-02-28,2,0
twitter,pq airam tiene q tener miedo a las agujas💔💔💔💔,pq airam tiene q tener miedo a las agujas,💔💔💔💔,2026-02-28,1,1
twitter,"@meizakkii En este punto yo ya estuviera todo tatuado del cuerpo, lo único q m lo impide es q le tengo un hpt miedo a las agujas","@meizakkii En este punto yo ya estuviera todo tatuado del cuerpo, lo único q m lo impide es q le tengo un hpt miedo a las agujas",,2026-02-27,1,1
twitter,@AntelDeTodos por qué no puedo donar el total de mi saldo a Animales sin Hogar?,@AntelDeTodos por qué no puedo donar el total de mi saldo a Animales sin Hogar?,,2026-02-27,1,1
twitter,así hablándole yo a la tatuadora mientras intentaba no desmayarme de los nervios porque le tengo miedo a las agujas https://t.co/7192kABtlG,así hablándole yo a la tatuadora mientras intentaba no desmayarme de los nervios porque le tengo miedo a las agujas https://t.co/7192kABtlG,,2026-02-27,2,0
twitter,@celestit444xd el crossfitero tiene miedo a las agujas,@celestit444xd el crossfitero tiene miedo a las agujas,,2026-02-27,2,1
twitter,@LenaMiu25_phofc Hola por ahora no puedo donar pero si apoyar en tendencias,@LenaMiu25_phofc Hola por ahora no puedo donar pero si apoyar en tendencias,,2026-02-27,1,0
twitter,Fui a preguntar si podía donar sangre para ver que tenía que presentar y qué requisitos habían porque me había hecho un arito hacía unos días y me regalaron un desayuno para que coma algo mientras leía el formulario Y AL FINAL NO PUEDO DONAR Y DESAYUNÉ GRATIS me siento miserable,Fui a preguntar si podía donar sangre para ver que tenía que presentar y qué requisitos habían porque me había hecho un arito hacía unos días y me regalaron un desayuno para que coma algo mientras leía el formulario Y AL FINAL NO PUEDO DONAR Y DESAYUNÉ GRATIS me siento miserable,,2026-02-27,0,0
twitter,"@rod2x_92 @Burning_Myn La escena es del ""Pozo de Agujas"" en Saw II (2005), con Shawnee Smith como Amanda. 
Usaron +120.000 jeringas reales, pero quitaron todas las puntas afiladas y las cambiaron por puntas de fibra óptica seguras (tomó días de trabajo). 
Ella tiene fobia a las agujas, lo que la hizo","@rod2x_92 @Burning_Myn La escena es del ""Pozo de Agujas"" en Saw II (2005), con Shawnee Smith como Amanda. Usaron +120.000 jeringas reales, pero quitaron todas las puntas afiladas y las cambiaron por puntas de fibra óptica seguras (tomó días de trabajo). Ella tiene fobia a las agujas, lo que la hizo",,2026-02-27,8,0
twitter,Igual no puedo donar sangre todos tendrían metanfetamina gratis menos yo 🧍🏻‍♀️ https://t.co/86mSlKbPav,Igual no puedo donar sangre todos tendrían metanfetamina gratis menos yo ‍ https://t.co/86mSlKbPav,🧍🏻 ♀️,2026-02-27,0,1
twitter,"@culturaliteral1 A todos nos ha pasado alguna vez. Cuando tu hermanito le tenía miedo a las agujas o cuando ves que un niño se muere del miedo al ver una película de terror. No es que justifique a las chicas, pero hay que ser conscientes de que nos reímos alguna vez de estas situaciones","@culturaliteral1 A todos nos ha pasado alguna vez. Cuando tu hermanito le tenía miedo a las agujas o cuando ves que un niño se muere del miedo al ver una película de terror. No es que justifique a las chicas, pero hay que ser conscientes de que nos reímos alguna vez de estas situaciones",,2026-02-27,0,0
twitter,"@AFAdoomer Aaaaaaah, le tengo miedo a las agujas","@AFAdoomer Aaaaaaah, le tengo miedo a las agujas",,2026-02-27,1,1
twitter,"No puedo donar sangre porque cáncer, twice. Pero que te digan que no por la edad, es cruel 🥴🤣🤣","No puedo donar sangre porque cáncer, twice. Pero que te digan que no por la edad, es cruel",🥴🤣🤣,2026-02-26,12,1
twitter,Un día más confirmando mi miedo a las agujas lahdisjskajsk,Un día más confirmando mi miedo a las agujas lahdisjskajsk,,2026-02-26,1,0
twitter,"La Gretel no entiende porque hay gente que le tiene miedo a las agujas...es como yo, no le tiene miedo, ni a la sangre, y ya ha pasado por dos cirugías así como una simple anécdota...","La Gretel no entiende porque hay gente que le tiene miedo a las agujas...es como yo, no le tiene miedo, ni a la sangre, y ya ha pasado por dos cirugías así como una simple anécdota...",,2026-02-26,5,0
twitter,"@ukarmencb @brendajimena94 @AnyaOzdust @IsaSierr_ hermano yo no me gano 10 o 20$ a la semana ni de chiste, muy aveces. y creo que ella tiene razón, el sistema es injusto, aceptalo y asumelo, estoy cansado de ayudar vagabundos y organizaciones de rescate animal. simplemente no puedo donar ni donaré lo mismo jamás que jeff bezos.","@ukarmencb @brendajimena94 @AnyaOzdust @IsaSierr_ hermano yo no me gano 10 o 20$ a la semana ni de chiste, muy aveces. y creo que ella tiene razón, el sistema es injusto, aceptalo y asumelo, estoy cansado de ayudar vagabundos y organizaciones de rescate animal. simplemente no puedo donar ni donaré lo mismo jamás que jeff bezos.",,2026-02-26,0,1
twitter,"Estuvimos así 🤏🏻, de que lo contagiara, y tenerlo que inyectar.
Ni modo. Su fobia a las agujas sigue (cobardemente) a salvo, @IngeTrajeado https://t.co/KVejp5JMeW","Estuvimos así , de que lo contagiara, y tenerlo que inyectar. Ni modo. Su fobia a las agujas sigue (cobardemente) a salvo, @IngeTrajeado https://t.co/KVejp5JMeW",🤏🏻,2026-02-26,3,1
twitter,"En menos de un mes me sacaron sangre dos veces y me vacunaron, estoy a punto de desarrollar un miedo a las agujas importante","En menos de un mes me sacaron sangre dos veces y me vacunaron, estoy a punto de desarrollar un miedo a las agujas importante",,2026-02-26,0,0
twitter,"@JuaNesThe2nd El miedo a las agujas es lo de menos, el terror que le tengo a parecer un ñero","@JuaNesThe2nd El miedo a las agujas es lo de menos, el terror que le tengo a parecer un ñero",,2026-02-26,0,1
twitter,"Ola me dejan donar sangre, me tachan de drogadicto, alcohólico, promiscuo y después se toman el atrevimiento de PONCHARME la vena en la muestra para decir que tengo los leucocitos altos y que no puedo donar ⚰️⚰️⚰️ https://t.co/OXAgkIPeoz","Ola me dejan donar sangre, me tachan de drogadicto, alcohólico, promiscuo y después se toman el atrevimiento de PONCHARME la vena en la muestra para decir que tengo los leucocitos altos y que no puedo donar https://t.co/OXAgkIPeoz",⚰️⚰️⚰️,2026-02-26,0,0
twitter,"[VID]{260226} #CHANYEOL con miedo a las agujas 😆🫳

🧑🏻‍⚕️: ¿Cómo te sientes hoy?
🍒: Tengo un poco de sueño, pero me siento bien.
👤PD: ¿Qué tal un poco de acupuntura?
🍒: No, no, estoy bien. https://t.co/ayVuKPOGXh","[VID]{260226} #CHANYEOL con miedo a las agujas ‍ : ¿Cómo te sientes hoy? : Tengo un poco de sueño, pero me siento bien. PD: ¿Qué tal un poco de acupuntura? : No, no, estoy bien. https://t.co/ayVuKPOGXh",😆🫳 🧑🏻 ⚕️ 🍒 👤 🍒,2026-02-26,13,1
twitter,@FloSalgueiro No puedo donar pues tomo medicación psiquiátrica.,@FloSalgueiro No puedo donar pues tomo medicación psiquiátrica.,,2026-02-25,0,1
twitter,@FloSalgueiro Conozco un par con miedo a las agujas. Y otros no querrán pasar vergüenza. Por supuesto que también son menos solidarios.,@FloSalgueiro Conozco un par con miedo a las agujas. Y otros no querrán pasar vergüenza. Por supuesto que también son menos solidarios.,,2026-02-25,1,0
twitter,@pablo_majluf Pon tú qué un peso no. ¿Puedo donar 20 centavos?,@pablo_majluf Pon tú qué un peso no. ¿Puedo donar 20 centavos?,,2026-02-25,0,0
twitter,Mí miedo a las agujas y al dolor me está arruinando la vida,Mí miedo a las agujas y al dolor me está arruinando la vida,,2026-02-25,1,0
twitter,"@xSxphxckxr negó ante lo siguiente. ——

No quiero meterle cosas raras a mi cuerpo, eso es muy diferente a tenerle miedo a las agujas.

—— Aunque tenía que admitir que no le gustaban, pero se excusaba en lo de su salud para no mostrar ese miedo irracional. ——

¿Qué ibas a decir?

—— Le &gt;","@xSxphxckxr negó ante lo siguiente. —— No quiero meterle cosas raras a mi cuerpo, eso es muy diferente a tenerle miedo a las agujas. —— Aunque tenía que admitir que no le gustaban, pero se excusaba en lo de su salud para no mostrar ese miedo irracional. —— ¿Qué ibas a decir? —— Le &gt;",,2026-02-25,0,1
twitter,"@Sxrling aceptaras a Onyx. Incluso poco a poco comienza a quererte y todo. Te sería más fácil si te vacunaras pero el señorito tiene miedo a las agujas parece ser. Y tú vas a ser un mafio--- ”

Sus palabras detiene rápidamente. Mafioso. A veces se le olvidaba esa parte del contrario. (+)",@Sxrling aceptaras a Onyx. Incluso poco a poco comienza a quererte y todo. Te sería más fácil si te vacunaras pero el señorito tiene miedo a las agujas parece ser. Y tú vas a ser un mafio--- ” Sus palabras detiene rápidamente. Mafioso. A veces se le olvidaba esa parte del contrario. (+),,2026-02-25,0,1
twitter,cuando no puedo donar a los gatitos pq no tengo dinero m siento la peor persona del mundo pero m consuela saber q cuando tuve lo hice muchas veces y cuando tenga algo de dinero de nuevo podré hacerlo https://t.co/u9cQUq10O5,cuando no puedo donar a los gatitos pq no tengo dinero m siento la peor persona del mundo pero m consuela saber q cuando tuve lo hice muchas veces y cuando tenga algo de dinero de nuevo podré hacerlo https://t.co/u9cQUq10O5,,2026-02-24,3,0
twitter,"""Tan grande y le tenés miedo a las agujas?"" Es algo así como decirte pito chico pero en versión medicina.","""Tan grande y le tenés miedo a las agujas?"" Es algo así como decirte pito chico pero en versión medicina.",,2026-02-24,1,0
twitter,"@MssLupin Le tiene miedo a las agujas 
De hecho hay un fanfic..",@MssLupin Le tiene miedo a las agujas De hecho hay un fanfic..,,2026-02-24,0,1
twitter,"SEGUNDO PINCHAZO DEL DÍA,  MI MUESTRA SE COAGULÓ ASI QUE ME SACARON OTRA 😭😭(,LE TENGO FOBIA A LAS AGUJAS asi que me hiperventilé x2) https://t.co/aD39mWd6rC https://t.co/Zi0nyj9Zgu","SEGUNDO PINCHAZO DEL DÍA, MI MUESTRA SE COAGULÓ ASI QUE ME SACARON OTRA (,LE TENGO FOBIA A LAS AGUJAS asi que me hiperventilé x2) https://t.co/aD39mWd6rC https://t.co/Zi0nyj9Zgu",😭😭,2026-02-24,41,3
twitter,"Mi nuevo crush es la doc que vino a la facu a pedir que donemos sangre 

Girl take my blood, me sentí Benny en MBSIAV 

(Aún no puedo donar sangre pq tengo q pasar un año sin haberme tatuado)","Mi nuevo crush es la doc que vino a la facu a pedir que donemos sangre Girl take my blood, me sentí Benny en MBSIAV (Aún no puedo donar sangre pq tengo q pasar un año sin haberme tatuado)",,2026-02-24,1,1
twitter,@nayaregam Y la fobia a las agujas?,@nayaregam Y la fobia a las agujas?,,2026-02-24,0,1
twitter,"Hola también me está pidiendo ayuda, no puedo donar pero si compartir

I can't donate but i share

https://t.co/mrw56uEG2S","Hola también me está pidiendo ayuda, no puedo donar pero si compartir I can't donate but i share https://t.co/mrw56uEG2S",,2026-02-24,1,0
twitter,"“El hecho de no querer actuar a tiempo y de no querer escuchar tiene consecuencias graves. Las personas que puedan verse reflejadas en mí deberían reflexionar.”

Su fobia a las agujas llevó a Cristina Gómez a posponer varios años la resonancia con contraste que llevaría a su https://t.co/yQpy2MEtWc",“El hecho de no querer actuar a tiempo y de no querer escuchar tiene consecuencias graves. Las personas que puedan verse reflejadas en mí deberían reflexionar.” Su fobia a las agujas llevó a Cristina Gómez a posponer varios años la resonancia con contraste que llevaría a su https://t.co/yQpy2MEtWc,,2026-02-24,15,0
twitter,Yo soy A+ pero no me dejan donar x el tatuaje que recién me hice 🥺 o si no hace rato hubiera ido!,Yo soy A+ pero no me dejan donar x el tatuaje que recién me hice o si no hace rato hubiera ido!,🥺,2026-02-23,3,1
twitter,"""Tatuar a alguien que tiene miedo a las agujas es como intentar dar de comer a un gato que no te conoce. Prepárate para los arañazos y los bufidos.""

#tattoo #tatuaje #art #artist #humor #tattooartist #ink #tattoolife #inked","""Tatuar a alguien que tiene miedo a las agujas es como intentar dar de comer a un gato que no te conoce. Prepárate para los arañazos y los bufidos."" #tattoo #tatuaje #art #artist #humor #tattooartist #ink #tattoolife #inked",,2026-02-23,0,0
twitter,Lo que debe haber sufrido este crío yendo al dentista con el miedo a las agujas https://t.co/Q5d1W006lp,Lo que debe haber sufrido este crío yendo al dentista con el miedo a las agujas https://t.co/Q5d1W006lp,,2026-02-23,3,0
twitter,serian minho y jisung si uno no le tuviera tanto miedo a las agujas https://t.co/0brN18NEqW,serian minho y jisung si uno no le tuviera tanto miedo a las agujas https://t.co/0brN18NEqW,,2026-02-23,0,0
twitter,"Tengo miedo a las agujas. 
La vida: https://t.co/FN5bFNT13F",Tengo miedo a las agujas. La vida: https://t.co/FN5bFNT13F,,2026-02-22,0,1
twitter,@mmre0w 31 años la wawita y le sigue teniendo miedo a las agujas. Goku por lo menos había salvado a la tierra unas cuantas veces,@mmre0w 31 años la wawita y le sigue teniendo miedo a las agujas. Goku por lo menos había salvado a la tierra unas cuantas veces,,2026-02-21,0,0
twitter,"+ con una sonrisa, divertida solo por la imagen del momento. Cuando ordenó todo y escuchó a la contraria decir aquello, con esa voz temblorosa, se limitó a acariciarle la espalda con cuidado.

──────No te esfuerces por no llorar, sé que le tienes miedo a las agujas. Lo +","+ con una sonrisa, divertida solo por la imagen del momento. Cuando ordenó todo y escuchó a la contraria decir aquello, con esa voz temblorosa, se limitó a acariciarle la espalda con cuidado. No te esfuerces por no llorar, sé que le tienes miedo a las agujas. Lo +",──────,2026-02-21,0,1
twitter,"Ya lo compartí en 3 grupos, debo buscar más… Lamentablemente yo no puedo donar :(","Ya lo compartí en 3 grupos, debo buscar más… Lamentablemente yo no puedo donar :(",,2026-02-21,0,0
twitter,El candy le tiene miedo a las agujas #CarameloDC #TeamCaramelo  https://t.co/K9YNO8Cff2,El candy le tiene miedo a las agujas #CarameloDC #TeamCaramelo https://t.co/K9YNO8Cff2,,2026-02-20,10,0
twitter,"Cuando pasaba por el hospital una señora me rogó para donar sangre ... Y yo toda jovencita sin miedo ... Le dije : "" si"" , entro a donar y me dice que no puedo donar 😞 porque tengo anemia 🥲 https://t.co/N5lm35RnnV","Cuando pasaba por el hospital una señora me rogó para donar sangre ... Y yo toda jovencita sin miedo ... Le dije : "" si"" , entro a donar y me dice que no puedo donar porque tengo anemia https://t.co/N5lm35RnnV",😞 🥲,2026-02-20,1,0
twitter,"Cuando le tienes miedo a las agujas, pero te está viendo tu crush. https://t.co/x9spS1eJrl","Cuando le tienes miedo a las agujas, pero te está viendo tu crush. https://t.co/x9spS1eJrl",,2026-02-20,110,0
twitter,"@Alqui23914 @CRUNCH_LINERS Hola, acá paciente de hematología 🤓, en realidad la curita no es necesaria si tenés buena coagulación porque la herida del pinchazo se cierra ahí nomás. Solo hay que apretar con algodón durante un momento para facilitarle un poco el trabajo al cuerpo de no sangrar más","@Alqui23914 @CRUNCH_LINERS Hola, acá paciente de hematología , en realidad la curita no es necesaria si tenés buena coagulación porque la herida del pinchazo se cierra ahí nomás. Solo hay que apretar con algodón durante un momento para facilitarle un poco el trabajo al cuerpo de no sangrar más",🤓,2026-02-27,0,0
twitter,"@CRUNCH_LINERS No sé qué es lo que habrá pasado, pero espero que tu recuperación sea pronta.","@CRUNCH_LINERS No sé qué es lo que habrá pasado, pero espero que tu recuperación sea pronta.",,2026-02-25,0,0
twitter,@CRUNCH_LINERS Ese es el chiste,@CRUNCH_LINERS Ese es el chiste,,2026-02-24,0,0
twitter,"@Alqui23914 Sisi, a mí me hicieron presionar también, lo importante creo que es que la sangre se seque y no salga más","@Alqui23914 Sisi, a mí me hicieron presionar también, lo importante creo que es que la sangre se seque y no salga más",,2026-02-24,0,1
twitter,@CRUNCH_LINERS Pues a mí me sacaron sangre y me dieron el algodón ni curita solo me dieron un poco de algodón y tuve que presionar dúro para que no salía más sangre,@CRUNCH_LINERS Pues a mí me sacaron sangre y me dieron el algodón ni curita solo me dieron un poco de algodón y tuve que presionar dúro para que no salía más sangre,,2026-02-24,0,2
twitter,"@elconquis_etb Me parece una absoluta falta de respeto que a los productores del programa no se les haya ocurrido ponerle una puta go pro en la frente y poder disfrutar así de la 'PITU CAM'. Podría ver un programa entero desde su punto de vista 😂
Es vuestro mejor acierto del casting del 2026!!",@elconquis_etb Me parece una absoluta falta de respeto que a los productores del programa no se les haya ocurrido ponerle una puta go pro en la frente y poder disfrutar así de la 'PITU CAM'. Podría ver un programa entero desde su punto de vista Es vuestro mejor acierto del casting del 2026!!,😂,2026-03-03,1,0
twitter,@addzthFur Lol,@addzthFur Lol,,2026-03-04,0,0
twitter,@delawerpunchz16 porq aun ni esta terminado xd,@delawerpunchz16 porq aun ni esta terminado xd,,2026-03-04,0,1
twitter,"@addzthFur Pf, ¿Por qué no lo muestras?, estás Twitter https://t.co/huoAx18arg","@addzthFur Pf, ¿Por qué no lo muestras?, estás Twitter https://t.co/huoAx18arg",,2026-03-04,0,1
twitter,@addzthFur Es que no había sillas 🥺,@addzthFur Es que no había sillas,🥺,2026-03-04,0,0
twitter,@goreshino Oka🥹 tenks,@goreshino Oka tenks,🥹,2026-03-04,0,0
twitter,@Sikencut ponte testogel amigo,@Sikencut ponte testogel amigo,,2026-03-04,1,1
twitter,@LixAlberichP Porfa,@LixAlberichP Porfa,,2026-03-04,1,0
twitter,"@Sikencut Yoooo, te juro amiko, ay que ir juntos y darnos apoyo moral","@Sikencut Yoooo, te juro amiko, ay que ir juntos y darnos apoyo moral",,2026-03-04,0,1
twitter,"Cr: PCY_BASE 
Subido por Park Chanyeol 찬열 Latinoamérica 
[Fire🔥Loey] 

#찬열 #엑소찬열 #チャニョル #朴灿烈 #CHchanyeol @weareoneEXO",Cr: PCY_BASE Subido por Park Chanyeol Latinoamérica [Fire Loey] # # # # #CHchanyeol @weareoneEXO,찬열 🔥 찬열 엑소찬열 チャニョル 朴灿烈,2026-02-26,0,0
twitter,@lamamadelpocho Hdp 🙄🤣,@lamamadelpocho Hdp,🙄🤣,2026-02-27,0,0
twitter,@patoal62 La prepaga me avisa que me va a cobrar un plus por EDAD,@patoal62 La prepaga me avisa que me va a cobrar un plus por EDAD,,2026-02-27,1,1
reddit,"Yo soy donante de sangre habitual, ya me toca volver a donar pero estoy vago.","Yo soy donante de sangre habitual, ya me toca volver a donar pero estoy vago.",,2025-07-14,0,0
reddit,"Bueno, ya haces mucho más que otros que no pueden hacerlo o no tienen los recursos para hacerlo, te de a ti pereza o no :D","Bueno, ya haces mucho más que otros que no pueden hacerlo o no tienen los recursos para hacerlo, te de a ti pereza o no :D",,2025-07-14,0,0
reddit,si done varias veces a familiares y familiares de amigos. mientras no tengas dramas con las agujas no es nada del otro mundo. al terminar te suelen dar algun desayuno ya que luego de donar es posiblemque te baje la presion.,si done varias veces a familiares y familiares de amigos. mientras no tengas dramas con las agujas no es nada del otro mundo. al terminar te suelen dar algun desayuno ya que luego de donar es posiblemque te baje la presion.,,2025-07-15,0,0
reddit,"Gracias por tu comentario. Para mí suerte, nunca he tenido problemas con las agujas así que no será ningún drama. De nuevo, gracias por pararte a escribir aquí","Gracias por tu comentario. Para mí suerte, nunca he tenido problemas con las agujas así que no será ningún drama. De nuevo, gracias por pararte a escribir aquí",,2025-07-16,0,0
reddit,"Buenas ! Soy donante de sangre y encima 0- que significa que cada 4 meses me asaltan a mensajes para sacarme sangre si o si, no tienen compasión 😂 De médula o plasma a día de hoy no me atrevo, pero soy donante de órganos también llegado a su debido momento.","Buenas ! Soy donante de sangre y encima 0- que significa que cada 4 meses me asaltan a mensajes para sacarme sangre si o si, no tienen compasión De médula o plasma a día de hoy no me atrevo, pero soy donante de órganos también llegado a su debido momento.",😂,2025-07-15,0,0
reddit,"Qué bueno. Realmente creo que tienes mucho valor por haber donado alguna vez, aparte del tema de los órganos. Gracias por tu comentario y un saludo","Qué bueno. Realmente creo que tienes mucho valor por haber donado alguna vez, aparte del tema de los órganos. Gracias por tu comentario y un saludo",,2025-07-16,0,0
reddit,"No puedo. En cambio, he recibido sangre y órganos.","No puedo. En cambio, he recibido sangre y órganos.",,2025-07-15,0,0
reddit,Pues tu comentario me parece una motivación y muy a tener en cuenta. El hecho de que aparezca alguien que diga abiertamente que ha tenido donaciones dice que donar sirve para algo si llega a Personas como tú. Gracias por tu comentario y un saludo !,Pues tu comentario me parece una motivación y muy a tener en cuenta. El hecho de que aparezca alguien que diga abiertamente que ha tenido donaciones dice que donar sirve para algo si llega a Personas como tú. Gracias por tu comentario y un saludo !,,2025-07-16,0,0
reddit,"Yo no me he muerto en ninguna de las veces que he donado cuando pasa el autobús de cruz roja por el pueblo, pero a lo mejor he salvado alguna vida, así que ¿Por qué no donar?","Yo no me he muerto en ninguna de las veces que he donado cuando pasa el autobús de cruz roja por el pueblo, pero a lo mejor he salvado alguna vida, así que ¿Por qué no donar?",,2025-07-15,0,0
reddit,Pues tienes razón. Realmente me parece un comentario con mucha lógica el tuyo.  Gracias por pararte a escribir y un saludo !,Pues tienes razón. Realmente me parece un comentario con mucha lógica el tuyo. Gracias por pararte a escribir y un saludo !,,2025-07-16,0,0
reddit,"Sí, en mi familia tenemos la costumbre de cada cierto tiempo donar sangre.
Si no te molestan las agujas es muy buena ayuda para la gente que lo necesita.","Sí, en mi familia tenemos la costumbre de cada cierto tiempo donar sangre. Si no te molestan las agujas es muy buena ayuda para la gente que lo necesita.",,2025-07-15,0,0
reddit,"Al contrario que algún amigo mío, no me asuntan los pinchazos o las agujas, así que creo que no tengo problemas en ese sentido. Gracias por tu comentario, fue motivante :)","Al contrario que algún amigo mío, no me asuntan los pinchazos o las agujas, así que creo que no tengo problemas en ese sentido. Gracias por tu comentario, fue motivante :)",,2025-07-16,0,0
reddit,Por ahora solo sangre,Por ahora solo sangre,,2025-07-15,0,0
reddit,"Pues eso es mucho mejor que nada  :)
Hay gente como yo que nunca ha podido o tuvo la oportunidad de empezar a donar",Pues eso es mucho mejor que nada :) Hay gente como yo que nunca ha podido o tuvo la oportunidad de empezar a donar,,2025-07-16,0,0
reddit,"No sé si vives en España, en donde vivo, sean barrios o pequeños pueblos siempre de vez en cuando se ve carteles del centro de hemodonación.","No sé si vives en España, en donde vivo, sean barrios o pequeños pueblos siempre de vez en cuando se ve carteles del centro de hemodonación.",,2025-07-16,0,0
reddit,"Solía donar regularmente, ahora he parado porque me tatuo más a menudo de lo que recomiendan esperar entre tatuaje y donación","Solía donar regularmente, ahora he parado porque me tatuo más a menudo de lo que recomiendan esperar entre tatuaje y donación",,2025-07-16,0,0
reddit,"Bueno, el hecho de que hayas donado alguna vez antes del asunto del tatuado me parece que es algo que merece la pena contar por la buena acción que hiciste en el pasado. Al menos yo lo veo así, gracias por tu comentario por cierto","Bueno, el hecho de que hayas donado alguna vez antes del asunto del tatuado me parece que es algo que merece la pena contar por la buena acción que hiciste en el pasado. Al menos yo lo veo así, gracias por tu comentario por cierto",,2025-07-16,0,0
reddit,"Empecé cuando venía una campaña al instituto y seguí durante años,  no cuesta nada y seguramente ayude","Empecé cuando venía una campaña al instituto y seguí durante años, no cuesta nada y seguramente ayude",,2025-07-16,0,0
reddit,"Pues sí, tienes razón.  Yo en mi caso donde estudiaba nunca hubo campañas de ningún tipo pero me alegra ver que en otros lugares es una práctica algo más común y como tú dices algo de ayuda aportas de esa forma también","Pues sí, tienes razón. Yo en mi caso donde estudiaba nunca hubo campañas de ningún tipo pero me alegra ver que en otros lugares es una práctica algo más común y como tú dices algo de ayuda aportas de esa forma también",,2025-07-16,0,0
reddit,soy donante de todo (órganos y tejidos) pero últimamente no he podido donar sangre pq estoy baja de peso.,soy donante de todo (órganos y tejidos) pero últimamente no he podido donar sangre pq estoy baja de peso.,,2025-07-17,0,0
reddit,"Realmente, creo que la gente como tú tenéis mucho mérito, por hacer un acto voluntario de ese tipo. Espero que recuperes dentro de poco tu peso ideal. Gracias por el comentario y un saludo !","Realmente, creo que la gente como tú tenéis mucho mérito, por hacer un acto voluntario de ese tipo. Espero que recuperes dentro de poco tu peso ideal. Gracias por el comentario y un saludo !",,2025-07-18,0,0
reddit,3 veces,3 veces,,2025-07-17,0,0
reddit,Me alegro. Ya has hecho más esfuerzo que muchos que nunca lo han hecho por ciertos motivos o simplemente por pereza. Un saludo y gracias por el comentario!,Me alegro. Ya has hecho más esfuerzo que muchos que nunca lo han hecho por ciertos motivos o simplemente por pereza. Un saludo y gracias por el comentario!,,2025-07-18,0,0
reddit,Más bien soy la q ha recibido 🫠 si estás en capacidad de donar puedes hacerlo. A alguien le ayudarás :0,Más bien soy la q ha recibido si estás en capacidad de donar puedes hacerlo. A alguien le ayudarás :0,🫠,2025-07-17,0,0
reddit,"Pues muchas gracias. Tu comentario es una motivación, leer que a alguien le ayuda actos como estos pues es una inspiración.  Gracias por tu comentario !","Pues muchas gracias. Tu comentario es una motivación, leer que a alguien le ayuda actos como estos pues es una inspiración. Gracias por tu comentario !",,2025-07-18,0,0
reddit,"Qué bueno que te animes a donar, sirve un montón a las personas que lo necesitan!","Qué bueno que te animes a donar, sirve un montón a las personas que lo necesitan!",,2025-07-15,0,0
reddit,Muchas gracias ! Tu comentario es una motivación para mi. Ahora empiezo mi épica de vacaciones y me parece un buen momento para acercarme a un hospital y empezar a hacerlo. Gracias por el comentario y un saludo !,Muchas gracias ! Tu comentario es una motivación para mi. Ahora empiezo mi épica de vacaciones y me parece un buen momento para acercarme a un hospital y empezar a hacerlo. Gracias por el comentario y un saludo !,,2025-07-16,0,0
reddit,"No hay de qué! Yo soy voluntaria en una ONG donde constantemente estamos dando una mano con donaciones de sangre y siempre me llamó mucho la atención la cantidad de personas que donan de manera habitual. Es un hermoso gesto que salva vidas, así que ánimo y mucha suerte. Ojalá sea una bonita experiencia para vos y que veas el gran impacto que tiene ❤️","No hay de qué! Yo soy voluntaria en una ONG donde constantemente estamos dando una mano con donaciones de sangre y siempre me llamó mucho la atención la cantidad de personas que donan de manera habitual. Es un hermoso gesto que salva vidas, así que ánimo y mucha suerte. Ojalá sea una bonita experiencia para vos y que veas el gran impacto que tiene",❤️,2025-07-16,0,0
reddit,"Muchas gracias por tus ánimos. Realmente me animas. También, gracias por toda la labor que haces y tu hermoso gesto. Más gente como tú necesita el mundo. Un saludo y gracias de nuevo por todo :D","Muchas gracias por tus ánimos. Realmente me animas. También, gracias por toda la labor que haces y tu hermoso gesto. Más gente como tú necesita el mundo. Un saludo y gracias de nuevo por todo :D",,2025-07-16,0,0
reddit,Muchas gracias 🫂 Luego contanos como te fue donando!,Muchas gracias Luego contanos como te fue donando!,🫂,2025-07-18,0,0
reddit,Vaias veces..,Vaias veces..,,2025-07-15,0,0
reddit,"Me alegro, pese a los pinchazos de la aguja, seguro que fue un orgullo hacerlo y alguien te lo habrá agradecido en algún lugar del mundo. Un saludo !","Me alegro, pese a los pinchazos de la aguja, seguro que fue un orgullo hacerlo y alguien te lo habrá agradecido en algún lugar del mundo. Un saludo !",,2025-07-16,0,0
reddit,"Si, lo hice principalmente para conocidos y parientes de amigos, hasta que me pesque una hepatits y el medico me dijo que ya no podria continuar donando..
Si puedes hacerlo, pues esta muy bien ayudar, sobre todo esto. No mucha gente lo hace.  Un saludo para vos también.","Si, lo hice principalmente para conocidos y parientes de amigos, hasta que me pesque una hepatits y el medico me dijo que ya no podria continuar donando.. Si puedes hacerlo, pues esta muy bien ayudar, sobre todo esto. No mucha gente lo hace. Un saludo para vos también.",,2025-07-16,0,0
reddit,"Vaya, espero que estés ahora mejor. En cualquier caso, te doy las gracias por las donaciones que hiciste a gente en su momento, incluso si fueron conocidos tuyos","Vaya, espero que estés ahora mejor. En cualquier caso, te doy las gracias por las donaciones que hiciste a gente en su momento, incluso si fueron conocidos tuyos",,2025-07-16,0,0
reddit,"Si, por suerte sali bien de esa, como 2 meses en cama pase.. Segun el medico, si vuelvo a donar la pasare el virus que quedo en mi sangre, pudiendo generar la enfermedad en el receptor","Si, por suerte sali bien de esa, como 2 meses en cama pase.. Segun el medico, si vuelvo a donar la pasare el virus que quedo en mi sangre, pudiendo generar la enfermedad en el receptor",,2025-07-16,0,0
reddit,"Entonces lo mejor es que te cuides tú primero. La salud de uno es más importante que otras cosas. En serio, cuídate. Pero me alegra leer que saliste bien de eso :)","Entonces lo mejor es que te cuides tú primero. La salud de uno es más importante que otras cosas. En serio, cuídate. Pero me alegra leer que saliste bien de eso :)",,2025-07-16,0,0
reddit,Ya hace 30 años de eso. 😅,Ya hace 30 años de eso.,😅,2025-07-16,0,0
reddit,"Ah, de acuerdo 😅","Ah, de acuerdo",😅,2025-07-16,0,0
reddit,"Soy donante de sangre y plasma desde los 18, ahora voy a cumplir 30. Es verdad que llevo un tiempo sin poder donar por medicación, pero estoy deseando que me la bajen para poder volver a hacerlo.

También me apunté al registro de médula. Hay gente que no lo sabe, pero te sacan un botecito y, si en algún momento eres compatible con alguien, entonces se realiza la donación. Y normalmente es también como una donación de plasma.

Si te apetece, siempre es bienvenido, más en verano que hay pocas reservas.","Soy donante de sangre y plasma desde los 18, ahora voy a cumplir 30. Es verdad que llevo un tiempo sin poder donar por medicación, pero estoy deseando que me la bajen para poder volver a hacerlo. También me apunté al registro de médula. Hay gente que no lo sabe, pero te sacan un botecito y, si en algún momento eres compatible con alguien, entonces se realiza la donación. Y normalmente es también como una donación de plasma. Si te apetece, siempre es bienvenido, más en verano que hay pocas reservas.",,2025-07-15,0,0
reddit,"Honestamente, creo que debes de sentir orgullo por haber hecho donaciones durante tanto tiempo. Yo al menos me sentiría así si estuviera en tu lugar. Gracias por la información de lo de la médula, me lo pensaré. Un saludo 👋","Honestamente, creo que debes de sentir orgullo por haber hecho donaciones durante tanto tiempo. Yo al menos me sentiría así si estuviera en tu lugar. Gracias por la información de lo de la médula, me lo pensaré. Un saludo",👋,2025-07-16,0,0
reddit,"La sangre es un negocio que mueve millones de euros.

Haced por vosotros mismos una búsqueda por internet de cómo se mueve ese negocio y cómo a través de este, instituciones como Cruz Roja ingresan dinero en sus arcas.","La sangre es un negocio que mueve millones de euros. Haced por vosotros mismos una búsqueda por internet de cómo se mueve ese negocio y cómo a través de este, instituciones como Cruz Roja ingresan dinero en sus arcas.",,2025-07-15,0,0
reddit,"Gracias por tu comentario. Por lo que he podido leer de otros compañeros, me han comentado que la forma más segura de que eso no pase es que me vaya directamente al hospital de la ciudad a hacer una donación y que no me vaya a intermediarios tipo la Cruz Roja, de forma que creo que así lo haré. Gracias por tu escrito y un saludo","Gracias por tu comentario. Por lo que he podido leer de otros compañeros, me han comentado que la forma más segura de que eso no pase es que me vaya directamente al hospital de la ciudad a hacer una donación y que no me vaya a intermediarios tipo la Cruz Roja, de forma que creo que así lo haré. Gracias por tu escrito y un saludo",,2025-07-16,0,0
reddit,"yo aún no porque recién alcancé la mayoría de edad, pero mi papá fue donante de sangre durante muchos años cuando nació mi hermana menor.


ella tenía una sangre poco común que él le heredó y al investigar de algunas cosas porque quería ser un buen padre para ella, se decidió por empezar a donar para otras personas con el mismo tipo de sangre para ayudar a otras personas.","yo aún no porque recién alcancé la mayoría de edad, pero mi papá fue donante de sangre durante muchos años cuando nació mi hermana menor. ella tenía una sangre poco común que él le heredó y al investigar de algunas cosas porque quería ser un buen padre para ella, se decidió por empezar a donar para otras personas con el mismo tipo de sangre para ayudar a otras personas.",,2025-07-15,0,0
reddit,"Esa es una muy buena historia ! Realmente me ha gustado leerla. Creo que tu pare intentó hacer un mundo mejor haciendo eso, y eso siempre está bien. Gracias por tu comentario y un saludo","Esa es una muy buena historia ! Realmente me ha gustado leerla. Creo que tu pare intentó hacer un mundo mejor haciendo eso, y eso siempre está bien. Gracias por tu comentario y un saludo",,2025-07-16,0,0
reddit,"un saludo. y si estabas pensando en donar sangre, entonces faitin","un saludo. y si estabas pensando en donar sangre, entonces faitin",,2025-07-20,0,0
reddit,"No he donado pq básicamente me ha dado pereza jaja, pero si lo haces es una gran ayuda a la comunidad sanitaria, sobretodo dependiendo de tu tipo de sangre.


Si eres un O- básicamente estarías obligado a donar por las oportunidades q das, en mi caso q soy AB+ pues si dono o no tampoco será gran diferencia","No he donado pq básicamente me ha dado pereza jaja, pero si lo haces es una gran ayuda a la comunidad sanitaria, sobretodo dependiendo de tu tipo de sangre. Si eres un O- básicamente estarías obligado a donar por las oportunidades q das, en mi caso q soy AB+ pues si dono o no tampoco será gran diferencia",,2025-07-16,0,0
reddit,"Bueno, quien sabe. Una donación venga de donde venga puede ser una gran ayuda. Yo no daría por perdida la oportunidad pese a que el tipo de sangre sea más o menos parecida. Aún tengo que saber cuál es la mía. Gracias  por el comentario y un saludo !","Bueno, quien sabe. Una donación venga de donde venga puede ser una gran ayuda. Yo no daría por perdida la oportunidad pese a que el tipo de sangre sea más o menos parecida. Aún tengo que saber cuál es la mía. Gracias por el comentario y un saludo !",,2025-07-16,0,0
reddit,"Donaba, pero deje de hacerlo por tanta enfermera que no sabe encontrarme la vena o que directamente es una salvaje con ella. Las ultimas veces se me dormia el brazo, acaba con un moraton y a veces me dolia el moverlo 1-3 dias. Deben mejorar las tecninas y mira que soy o+ y mi sangre es cotizada.","Donaba, pero deje de hacerlo por tanta enfermera que no sabe encontrarme la vena o que directamente es una salvaje con ella. Las ultimas veces se me dormia el brazo, acaba con un moraton y a veces me dolia el moverlo 1-3 dias. Deben mejorar las tecninas y mira que soy o+ y mi sangre es cotizada.",,2025-07-16,0,0
reddit,"Pues ya lo siento mucho, porque no hayan sabido hacértelo bien. Supongo que hay profesionales y profesionales en el mundo de la medicina. Un saludo y  gracias por el comentario","Pues ya lo siento mucho, porque no hayan sabido hacértelo bien. Supongo que hay profesionales y profesionales en el mundo de la medicina. Un saludo y gracias por el comentario",,2025-07-16,0,0
reddit,"Mi madre era donante habitual y está muy bien porque le hacen una analítica básica a la sangre que le llega por correo, así que de paso es un buen control constante. Ahora no le permiten ya donar por la edad. Yo no puedo por el peso, si estás por debajo de un umbral no te permiten.","Mi madre era donante habitual y está muy bien porque le hacen una analítica básica a la sangre que le llega por correo, así que de paso es un buen control constante. Ahora no le permiten ya donar por la edad. Yo no puedo por el peso, si estás por debajo de un umbral no te permiten.",,2025-07-16,0,0
reddit,"Creo que es un orgullo que tu madre haya donado.  En mi familia no hay nadie que lo haya hecho, así que en mi caso. Yo sería el primero. Un saludo y gracias por el comentario","Creo que es un orgullo que tu madre haya donado. En mi familia no hay nadie que lo haya hecho, así que en mi caso. Yo sería el primero. Un saludo y gracias por el comentario",,2025-07-16,0,0
reddit,Una vez nos sacaron muestras en clase para ver si podíamos donar (veíamos clase en el hospital) y así descubrí que tenía anemia,Una vez nos sacaron muestras en clase para ver si podíamos donar (veíamos clase en el hospital) y así descubrí que tenía anemia,,2025-07-18,0,0
reddit,"Bueno, al menos sirvió para algo y pudisteis ver tempranamente que lo tenías. Supongo que habría sido peor si lo hubieras descubierto mucho tiempo después","Bueno, al menos sirvió para algo y pudisteis ver tempranamente que lo tenías. Supongo que habría sido peor si lo hubieras descubierto mucho tiempo después",,2025-07-18,0,0
reddit,"Yo paso, te roban el alma y los trigliceridos.","Yo paso, te roban el alma y los trigliceridos.",,2025-07-14,0,0
reddit,"Hombre, tanto como el alma no sé que decirte, pero yo no soy el mejor para responder que soy un novato en eso 😄","Hombre, tanto como el alma no sé que decirte, pero yo no soy el mejor para responder que soy un novato en eso",😄,2025-07-14,0,0
reddit,"Estaba ironizando. Dona la sangre siempre que puedas en hospitales públicos, no en centros de hemodonación privados. Y no presumas de ello.","Estaba ironizando. Dona la sangre siempre que puedas en hospitales públicos, no en centros de hemodonación privados. Y no presumas de ello.",,2025-07-15,0,0
reddit,"Muchas gracias por el comentario, lo tengo en cuenta. Realmente no creo que vaya a intermediarios y me vaya directamente al hospital a hacer una donación. No soy mucho de presumir, la verdad. Ya que creo que le quita valor a las cosas. Gracias por tu comentario y un saludo","Muchas gracias por el comentario, lo tengo en cuenta. Realmente no creo que vaya a intermediarios y me vaya directamente al hospital a hacer una donación. No soy mucho de presumir, la verdad. Ya que creo que le quita valor a las cosas. Gracias por tu comentario y un saludo",,2025-07-16,0,0
reddit,"* **Respeta a los demás.** Debate y discute los méritos de las ideas presentadas, pero no ataques o insultes a otros usuarios.
    
* Si ves a otros usuarios violando las normas, por favor usa el **botón de Report**.","* **Respeta a los demás.** Debate y discute los méritos de las ideas presentadas, pero no ataques o insultes a otros usuarios. * Si ves a otros usuarios violando las normas, por favor usa el **botón de Report**.",,2022-12-15,0,0
reddit,"No soy español pero vivo aqui desde hace 3 años y desde entonces acudo cada 4 o 5 meses para donar. Es algo que hacia ya en mi pais de origen y que queria seguir aqui tambien. De hecho, queria ir de nuevo para mi cuarta donacion este año hace 2 semanas pero tuve un resfrio y todavia no estoy recuperado pero en cuanto este (y me imagino que no deberia tardar mucho ya) a 100%, volveré para ""completar"" el año. Es una cosilla pequeñita que puedo hacer para ayudar a los demas y me parece un acto muy importante de solidaridad. Si, es verdad que no te dan muchas ventajas aqui en España siendo donante (en mi pais de origen te dan el dia libre, 2 tickets restaurant (eso serian unos 12 euros) y 50% descuento a la hora de comprarte una tarjeta de transporte - y aun asi la gente no va para donar) pero al final no lo hago para que me den estas cositas, sino porque es muy sencillo y ademas despues me siento mejor conmigo mismo :) Asi que gente, a donar!","No soy español pero vivo aqui desde hace 3 años y desde entonces acudo cada 4 o 5 meses para donar. Es algo que hacia ya en mi pais de origen y que queria seguir aqui tambien. De hecho, queria ir de nuevo para mi cuarta donacion este año hace 2 semanas pero tuve un resfrio y todavia no estoy recuperado pero en cuanto este (y me imagino que no deberia tardar mucho ya) a 100%, volveré para ""completar"" el año. Es una cosilla pequeñita que puedo hacer para ayudar a los demas y me parece un acto muy importante de solidaridad. Si, es verdad que no te dan muchas ventajas aqui en España siendo donante (en mi pais de origen te dan el dia libre, 2 tickets restaurant (eso serian unos 12 euros) y 50% descuento a la hora de comprarte una tarjeta de transporte - y aun asi la gente no va para donar) pero al final no lo hago para que me den estas cositas, sino porque es muy sencillo y ademas despues me siento mejor conmigo mismo :) Asi que gente, a donar!",,2022-12-15,0,0
reddit,Aquí te dan un bocadillo de puta madre y una cocacola. No es mucho pero tampoco necesito más!,Aquí te dan un bocadillo de puta madre y una cocacola. No es mucho pero tampoco necesito más!,,2022-12-16,0,0
reddit,En Málaga te dan bollería mala y zumos malos,En Málaga te dan bollería mala y zumos malos,,2022-12-16,0,0
reddit,Donde acudo yo (Valencia) te dan un zumito/una botella de agua y frutos secos o rosquilletas. A veces te dan un boli o algo asi :) Parece que es diferente en cada comunidad autonoma,Donde acudo yo (Valencia) te dan un zumito/una botella de agua y frutos secos o rosquilletas. A veces te dan un boli o algo asi :) Parece que es diferente en cada comunidad autonoma,,2022-12-16,0,0
reddit,"Oye a mi me gustan los bollos! Yo personalmente no puedo donar porque tube cáncer de sangre, pero de las 14 ciudades en las que he vivido la bollería de Málaga de las mejores.","Oye a mi me gustan los bollos! Yo personalmente no puedo donar porque tube cáncer de sangre, pero de las 14 ciudades en las que he vivido la bollería de Málaga de las mejores.",,2022-12-16,0,0
reddit,Muchas gracias por tu ayuda.,Muchas gracias por tu ayuda.,,2022-12-15,0,0
reddit,[removed],[removed],,2022-12-15,0,0
reddit,Rumania,Rumania,,2022-12-16,0,0
reddit,No va un poco contra el espíritu de donar algo que lo estés diciendo todo el dia,No va un poco contra el espíritu de donar algo que lo estés diciendo todo el dia,,2022-12-16,0,0
reddit,"Cómo llegas a esa conclusión?

Yo creo que es al contrario. Alguien dona sangre porque lo ve como algo necesario. Como cree que está haciendo una buena acción, se enorgullece y presume de ello, además, también trata de persuadir a los demás para que sigan con su ejemplo.

No hay nada que se contradiga en esa situación. 

Otro gallo cantaría si fuese como por ejemplo los youtubers que se graban donando dinero a sintechos por la calle. Ahí ellos están ganando muchísimo más de lo que le están dando a esa persona, además de ganar fama de buena persona en las redes, están sacando un rédito económico de esa acción por todas partes.

Pero un random en Reddit que dice que dona sangre... Al siguiente post que lo leas poner algo no vas a acordarte de que era él, no está ganando ni buena ni mala fama porque no es un personaje público. No hay nada reprochable aquí.

Además dices que ""lo estés diciendo todo el día"" porque ha puesto UN COMENTARIO sobre ello... Tampoco sé de dónde sacas que está todo el día hablando de lo mismo.","Cómo llegas a esa conclusión? Yo creo que es al contrario. Alguien dona sangre porque lo ve como algo necesario. Como cree que está haciendo una buena acción, se enorgullece y presume de ello, además, también trata de persuadir a los demás para que sigan con su ejemplo. No hay nada que se contradiga en esa situación. Otro gallo cantaría si fuese como por ejemplo los youtubers que se graban donando dinero a sintechos por la calle. Ahí ellos están ganando muchísimo más de lo que le están dando a esa persona, además de ganar fama de buena persona en las redes, están sacando un rédito económico de esa acción por todas partes. Pero un random en Reddit que dice que dona sangre... Al siguiente post que lo leas poner algo no vas a acordarte de que era él, no está ganando ni buena ni mala fama porque no es un personaje público. No hay nada reprochable aquí. Además dices que ""lo estés diciendo todo el día"" porque ha puesto UN COMENTARIO sobre ello... Tampoco sé de dónde sacas que está todo el día hablando de lo mismo.",,2022-12-16,0,0
reddit,"Si donas sangre periodicamente como si quieres llevar una bandera, mientras haya gente q no tenga problemas por falta de sangre dpm","Si donas sangre periodicamente como si quieres llevar una bandera, mientras haya gente q no tenga problemas por falta de sangre dpm",,2022-12-16,0,0
reddit,Se trata del efecto llamada,Se trata del efecto llamada,,2022-12-16,0,0
reddit,"No veo que esté echándose flores, lo veo más bien como animando al resto a hacerlo","No veo que esté echándose flores, lo veo más bien como animando al resto a hacerlo",,2022-12-16,0,0
reddit,"Son 20 minutillos cada 3 meses (4 las mujeres) y te dan un bocata y un zumo, esta guay","Son 20 minutillos cada 3 meses (4 las mujeres) y te dan un bocata y un zumo, esta guay",,2022-12-15,0,0
reddit,Antes de que no me dejaran donar por gordo me gustaba ir periódicamente. Mi meta actual es adelgazar lo suficiente para que me dejen de nuevo,Antes de que no me dejaran donar por gordo me gustaba ir periódicamente. Mi meta actual es adelgazar lo suficiente para que me dejen de nuevo,,2022-12-15,0,0
reddit,donabas demasiado que engordaste?,donabas demasiado que engordaste?,,2022-12-15,0,0
reddit,"Debería de ser al revés, donar sangre es lo que más calorías gasta. No le dejarán ahora porque los niveles de grasas en la sangre son demasiado altos.","Debería de ser al revés, donar sangre es lo que más calorías gasta. No le dejarán ahora porque los niveles de grasas en la sangre son demasiado altos.",,2022-12-16,0,0
reddit,lo se solo era una broma estupida aunque gracias por la explicación,lo se solo era una broma estupida aunque gracias por la explicación,,2022-12-16,0,0
reddit,"Creo que lo del bocata ya no se hace, mi padre suele donar siempre y diria que es algo que ya no esta.","Creo que lo del bocata ya no se hace, mi padre suele donar siempre y diria que es algo que ya no esta.",,2022-12-15,0,0
reddit,"Si se hace. Ayer en Madrid me dieron bocadillo, refresco y boli de regalo 😅","Si se hace. Ayer en Madrid me dieron bocadillo, refresco y boli de regalo",😅,2022-12-15,0,0
reddit,"Igual depende del sitio o la comunidad autónoma. He ido un montón de veces, pero siempre en Valencia y en la universidad, y me dan un paquete de rosquilletas (o pan de pipas en el resto de España) y un zumo.","Igual depende del sitio o la comunidad autónoma. He ido un montón de veces, pero siempre en Valencia y en la universidad, y me dan un paquete de rosquilletas (o pan de pipas en el resto de España) y un zumo.",,2022-12-15,0,0
reddit,"Sera eso, o incluso cambiará de centro a centro, a mi me dieron hace cosa de un mes, aunque esta vez eran sándwiches guarrillos del mercadona como comenta alguien mas abajo, espero que haya sido cosa de un dia","Sera eso, o incluso cambiará de centro a centro, a mi me dieron hace cosa de un mes, aunque esta vez eran sándwiches guarrillos del mercadona como comenta alguien mas abajo, espero que haya sido cosa de un dia",,2022-12-15,0,0
reddit,Yo solo fui una vez en mi comunidad y daban helados 🤤 a parte del bocadillo y el refresco,Yo solo fui una vez en mi comunidad y daban helados a parte del bocadillo y el refresco,🤤,2022-12-15,0,0
reddit,Yo soy de la comunidad valenciana y ni siquiera de una capital xD,Yo soy de la comunidad valenciana y ni siquiera de una capital xD,,2022-12-15,0,0
reddit,Hace unos meses había donaciones en mi universidad y quería ir ahora que tengo 18 pero resulta que no llego al peso.,Hace unos meses había donaciones en mi universidad y quería ir ahora que tengo 18 pero resulta que no llego al peso.,,2022-12-15,0,0
reddit,A mi me dieron un sandwich la ultima vez y no he vuelto. Bocadillo o huelga,A mi me dieron un sandwich la ultima vez y no he vuelto. Bocadillo o huelga,,2022-12-15,0,0
reddit,"Siii, cuando done me dieron una caja con agua, galletas, zumo y un bocata.

Además de un hub USB que sigo usando a día de hoy y una botellita de cristal con funda ambos con el logo del centro de transfusiones.","Siii, cuando done me dieron una caja con agua, galletas, zumo y un bocata. Además de un hub USB que sigo usando a día de hoy y una botellita de cristal con funda ambos con el logo del centro de transfusiones.",,2022-12-15,0,0
reddit,En Málaga zumo y bollería malos,En Málaga zumo y bollería malos,,2022-12-16,0,0
reddit,en salamanca ponen sandwiches de esos cutres del mercadona,en salamanca ponen sandwiches de esos cutres del mercadona,,2022-12-15,0,0
reddit,"La última vez que fui, hace cosa de un mes, habia de estos. Espero que sea cosa de un dia o me tendre que llevar mi propia merienda","La última vez que fui, hace cosa de un mes, habia de estos. Espero que sea cosa de un dia o me tendre que llevar mi propia merienda",,2022-12-15,0,0
reddit,"llevo sin ir desde la pandemia. Pero en salamanca solo he visto de esos durante años, no se en otros sitios","llevo sin ir desde la pandemia. Pero en salamanca solo he visto de esos durante años, no se en otros sitios",,2022-12-15,0,0
reddit,Te entiendo si al menos fueran gourmet. Es broma.,Te entiendo si al menos fueran gourmet. Es broma.,,2022-12-15,0,0
reddit,En mi comunidad son munchitos (bolsas de patatas fritas) chocolatinas y frutos secos. Luego agua y zumo. Y son súper generosos te dejan cuanto necesites.,En mi comunidad son munchitos (bolsas de patatas fritas) chocolatinas y frutos secos. Luego agua y zumo. Y son súper generosos te dejan cuanto necesites.,,2022-12-15,0,0
reddit,Que va tio! La ultima vez que done en La Fe me dieron orxata y fartons (cutrecillos claro pero que valenciano dice que no a una orxata?)  =),Que va tio! La ultima vez que done en La Fe me dieron orxata y fartons (cutrecillos claro pero que valenciano dice que no a una orxata?) =),,2022-12-15,0,0
reddit,Bocata tal vez no es tan común pero a mi siempre me han dado a elegir entre patatas un bollo y cosas así y me han hecho comermelo antes de poder irme.,Bocata tal vez no es tan común pero a mi siempre me han dado a elegir entre patatas un bollo y cosas así y me han hecho comermelo antes de poder irme.,,2022-12-15,0,0
reddit,Fui hace pocos meses a donar y me dieron un zumo y un bocadillo.,Fui hace pocos meses a donar y me dieron un zumo y un bocadillo.,,2022-12-16,0,0
reddit,"En Galicia el otro día me dieron un bocadillo de jamón de puta madre, y como me quedé con hambre le pedí al tío otro y me lo dio también. Y eso junto con un par de aquarius y una bolsa (fea de cojones por cierto)","En Galicia el otro día me dieron un bocadillo de jamón de puta madre, y como me quedé con hambre le pedí al tío otro y me lo dio también. Y eso junto con un par de aquarius y una bolsa (fea de cojones por cierto)",,2022-12-16,0,0
reddit,"Tendré que irme a Galicia entonces, también hacia mas frio, no?","Tendré que irme a Galicia entonces, también hacia mas frio, no?",,2022-12-16,0,0
reddit,"Sí, eso sí, pero en verano se está aceptable y no mueres de calor","Sí, eso sí, pero en verano se está aceptable y no mueres de calor",,2022-12-16,0,0
reddit,Tengo curiosidad. ¿Por qué el tiempo de espera entre donaciones en hombres es 3 meses y las mujeres 4?,Tengo curiosidad. ¿Por qué el tiempo de espera entre donaciones en hombres es 3 meses y las mujeres 4?,,2022-12-15,0,0
reddit,"[Fuente](https://www.donarsangre.org/todo-sobre-la-sangre/preguntas-frecuentes/)

""¿Con qué frecuencia se puede donar sangre?

Se puede donar sangre con un intervalo mínimo de 2 meses. Los hombres pueden donar hasta 4 veces en un año natural, y las mujeres 3. Esta diferencia no es discriminación, sino para compensar las pérdidas que tienen las mujeres por la regla.""","[Fuente](https://www.donarsangre.org/todo-sobre-la-sangre/preguntas-frecuentes/) ""¿Con qué frecuencia se puede donar sangre? Se puede donar sangre con un intervalo mínimo de 2 meses. Los hombres pueden donar hasta 4 veces en un año natural, y las mujeres 3. Esta diferencia no es discriminación, sino para compensar las pérdidas que tienen las mujeres por la regla.""",,2022-12-15,0,0
reddit,a,a,,2022-12-15,0,0
reddit,Por el maldito hetero-patriarcado,Por el maldito hetero-patriarcado,,2022-12-15,0,0
reddit,Pregunta seria. El sexo con condón con alguien que no es tu pareja habitual cuenta como relación de riesgo y por lo tanto descalifica a la hora de donar?,Pregunta seria. El sexo con condón con alguien que no es tu pareja habitual cuenta como relación de riesgo y por lo tanto descalifica a la hora de donar?,,2022-12-15,0,0
reddit,"Si no recuerdo mal, la pregunta al respecto (hay un listado antes de donar con unas 15 preguntas de respuesta si/no) es si has tenido relaciones sexuales SIN protección con alguien que no es tu pareja habitual, el sexo con condón te permitiría donar. La verdad es que no la recuerdo muy bien porque como se que esa no la he incumplido ni me la leo, pero estoy bastante convencido.","Si no recuerdo mal, la pregunta al respecto (hay un listado antes de donar con unas 15 preguntas de respuesta si/no) es si has tenido relaciones sexuales SIN protección con alguien que no es tu pareja habitual, el sexo con condón te permitiría donar. La verdad es que no la recuerdo muy bien porque como se que esa no la he incumplido ni me la leo, pero estoy bastante convencido.",,2022-12-15,0,0
reddit,"Bueno es saberlo, la verdad que estaba evitando donar por no tener pareja","Bueno es saberlo, la verdad que estaba evitando donar por no tener pareja",,2022-12-15,0,0
reddit,Yo voy con frecuencia y te confirmo que lo que se pregunta es si has tenido relaciones SIN protección.,Yo voy con frecuencia y te confirmo que lo que se pregunta es si has tenido relaciones SIN protección.,,2022-12-16,0,0
reddit,¿Pero no hacen ya un análisis de la sangre una vez extraida para ver si hay infecciones?,¿Pero no hacen ya un análisis de la sangre una vez extraida para ver si hay infecciones?,,2022-12-16,0,0
reddit,"Según tengo entendido si, y en caso de tener alguna ETS u otra enfermedad te avisarían. Pero aún así se desaconseja donar si sabes que hay riesgo, quizás por logística? Eso no lo sé","Según tengo entendido si, y en caso de tener alguna ETS u otra enfermedad te avisarían. Pero aún así se desaconseja donar si sabes que hay riesgo, quizás por logística? Eso no lo sé",,2022-12-16,0,0
reddit,[removed],[removed],,2022-12-15,0,0
reddit,"Yo no puedo porque vivía en Reino Unido durante los años 90s. :(

Pero, sí, tienes que tener al menos 18 años.","Yo no puedo porque vivía en Reino Unido durante los años 90s. :( Pero, sí, tienes que tener al menos 18 años.",,2022-12-15,0,0
reddit,"Anda, y eso? Es por lo de las vacas locas o algo así?","Anda, y eso? Es por lo de las vacas locas o algo así?",,2022-12-15,0,0
reddit,"&gt;las vacas locas

Exacto eso.

&gt; Enfermedad de Creutzfeld-Jacob. Las personas que hayan residido por un periodo acumulativo de 1 año en Reino Unido en el periodo 1980-1996.

https://www.comunidad.madrid/servicios/salud/donacion-sangre",&gt;las vacas locas Exacto eso. &gt; Enfermedad de Creutzfeld-Jacob. Las personas que hayan residido por un periodo acumulativo de 1 año en Reino Unido en el periodo 1980-1996. https://www.comunidad.madrid/servicios/salud/donacion-sangre,,2022-12-15,0,0
reddit,"Yo también, es una lástima que no nos permiten donar sangre 😪","Yo también, es una lástima que no nos permiten donar sangre",😪,2022-12-15,0,0
reddit,"Me llamaron de la red transfusional de Canarias para donar que era necesaria mi sangre por ser ""valiosa"" (0+), me concertaron cita en un centro de mayores pero he acudido ya dos veces y me lo encuentro cerrado. Se ve que la persona que comunican conmigo no es local y se equivocan con los puntos de donación. Estoy esperando a ver el puesto ambulante pero parece que no quieren que done :(","Me llamaron de la red transfusional de Canarias para donar que era necesaria mi sangre por ser ""valiosa"" (0+), me concertaron cita en un centro de mayores pero he acudido ya dos veces y me lo encuentro cerrado. Se ve que la persona que comunican conmigo no es local y se equivocan con los puntos de donación. Estoy esperando a ver el puesto ambulante pero parece que no quieren que done :(",,2022-12-15,0,0
reddit,Vete a un hospital o pregunta en un centro de salud.,Vete a un hospital o pregunta en un centro de salud.,,2022-12-15,0,0
reddit,Eso haré en cuanto vuelva a mi localidad gracias,Eso haré en cuanto vuelva a mi localidad gracias,,2022-12-15,0,0
reddit,[Aquí](https://efectodonacion.com/) tienes un montón de información. Y sino en la página del gobierno de Canarias también tienes dónde estará el punto itinerante. Ahora puedes hasta pedir cita y no pillas cola.,[Aquí](https://efectodonacion.com/) tienes un montón de información. Y sino en la página del gobierno de Canarias también tienes dónde estará el punto itinerante. Ahora puedes hasta pedir cita y no pillas cola.,,2022-12-15,0,0
reddit,"He pedido cita anteriormente, lo que me obligan a ir a la capital a hacerlo y no estoy muy disponible para hacer ese trayecto, pero estaré al loro de la unidad móvil gracias.","He pedido cita anteriormente, lo que me obligan a ir a la capital a hacerlo y no estoy muy disponible para hacer ese trayecto, pero estaré al loro de la unidad móvil gracias.",,2022-12-15,0,0
reddit,"Si por casualidad estás en Las Palmas en el Hospital Negrín tienen un punto de donación de sangre en una de sus plantas, me enteré hace poco menos de un mes mientras visitaba a un familiar ingresado y aproveché para donar. No sé si sigue activo pero tenían hasta unas flechas por el suelo del hospital que te guiaban osea que dudo que fuera cosa de una semana pero no estoy seguro.","Si por casualidad estás en Las Palmas en el Hospital Negrín tienen un punto de donación de sangre en una de sus plantas, me enteré hace poco menos de un mes mientras visitaba a un familiar ingresado y aproveché para donar. No sé si sigue activo pero tenían hasta unas flechas por el suelo del hospital que te guiaban osea que dudo que fuera cosa de una semana pero no estoy seguro.",,2022-12-16,0,0
reddit,"Te juro por dios que yo quiero donar, pero peso muy poco para hacerlo, no es la primera vez q hago cola de 30 min para que me saquen sangre y q me digan q lo sienten mucho pero que no pueden por mi peso","Te juro por dios que yo quiero donar, pero peso muy poco para hacerlo, no es la primera vez q hago cola de 30 min para que me saquen sangre y q me digan q lo sienten mucho pero que no pueden por mi peso",,2022-12-15,0,0
reddit,"me pasa lo mismo, ademas la tension, debes tener 9 de maxima como poco, y yo siempre ando entorno a ese numero

&amp;#x200B;

Los medicos me dicen q no puedo donar, pero las veces q estoy en 9.5 no me psaa nunca nada

&amp;#x200B;

Podrian en todo caso poner una donacion de la mitad para estos casos digo yo","me pasa lo mismo, ademas la tension, debes tener 9 de maxima como poco, y yo siempre ando entorno a ese numero &amp;#x200B; Los medicos me dicen q no puedo donar, pero las veces q estoy en 9.5 no me psaa nunca nada &amp;#x200B; Podrian en todo caso poner una donacion de la mitad para estos casos digo yo",,2022-12-15,0,0
reddit,"Las bolsas son siempre del mismo tamaño y no pueden sacarte más del 10% de tu sangre. Creo que deberían tener bolsas también para gente fina que no llegue a los 50kg, pero por algún motivo no lo hacen.","Las bolsas son siempre del mismo tamaño y no pueden sacarte más del 10% de tu sangre. Creo que deberían tener bolsas también para gente fina que no llegue a los 50kg, pero por algún motivo no lo hacen.",,2022-12-15,0,0
reddit,Cual es el peso mínimo?,Cual es el peso mínimo?,,2022-12-18,0,0
reddit,"A mi no me dejan porque me medico, y me da rabia, me gustaría devolver las 15 bolsas que me pusieron a mi cuando tuve en accidente en 2008… son muchas bolsas no? Creo que alguien exageraba cuando me lo contaron… o no, que sabré yo!","A mi no me dejan porque me medico, y me da rabia, me gustaría devolver las 15 bolsas que me pusieron a mi cuando tuve en accidente en 2008… son muchas bolsas no? Creo que alguien exageraba cuando me lo contaron… o no, que sabré yo!",,2022-12-15,0,0
reddit,"Por desgracia, me gustaría donar sangre pero, porque soy de Irlanda y viví allí durante la epidemia de la enfermedad de las “vacas locas”, no me dejen.","Por desgracia, me gustaría donar sangre pero, porque soy de Irlanda y viví allí durante la epidemia de la enfermedad de las “vacas locas”, no me dejen.",,2022-12-15,0,0
reddit,"En Galicia suelen venir cada año a dar charlas sobre donar sangre y con el bus para quien quiera donar, está bastante bien que hagan cosas así por que muchas personas (o por lo menos donde estudio) se ofrecen a donar","En Galicia suelen venir cada año a dar charlas sobre donar sangre y con el bus para quien quiera donar, está bastante bien que hagan cosas así por que muchas personas (o por lo menos donde estudio) se ofrecen a donar",,2022-12-15,0,0
reddit,"La última vez que fui no me dejaron porque tenía la tensión muy alta :/

A LA MIERDA LOS MAREOS DEJADME DONAR MI PUTA SANGRE AAAAAAAAAAAA",La última vez que fui no me dejaron porque tenía la tensión muy alta :/ A LA MIERDA LOS MAREOS DEJADME DONAR MI PUTA SANGRE AAAAAAAAAAAA,,2022-12-15,0,0
reddit,Quiero donar y mi pueblo solo hace colectas cada 4 meses :(,Quiero donar y mi pueblo solo hace colectas cada 4 meses :(,,2022-12-15,0,0
reddit,A mí me llamaron hoy porque va a estar la unidad móvil por aquí pero no puedo por haber tomado antibióticos 😓. Esperemos que se anime mucha gente.,A mí me llamaron hoy porque va a estar la unidad móvil por aquí pero no puedo por haber tomado antibióticos . Esperemos que se anime mucha gente.,😓,2022-12-15,0,0
reddit,"Incluso si a alguien le interesa el tema, podéis preguntar por donar por aféresis. Es un proceso lento, tardas una hora (o algo más o algo menos) y la clave del asunto es que te sacan la sangre separando sus componentes. A mi me lo ofrecieron en mi centro. La mejor parte es que te sacan lo que necesitan y te devuelven el resto, así que puedes hacerlo cada 2 meses. 

Creo que no lo he explicado del todo bien, pero bueno, ahí tenéis algo de información.","Incluso si a alguien le interesa el tema, podéis preguntar por donar por aféresis. Es un proceso lento, tardas una hora (o algo más o algo menos) y la clave del asunto es que te sacan la sangre separando sus componentes. A mi me lo ofrecieron en mi centro. La mejor parte es que te sacan lo que necesitan y te devuelven el resto, así que puedes hacerlo cada 2 meses. Creo que no lo he explicado del todo bien, pero bueno, ahí tenéis algo de información.",,2022-12-15,0,0
reddit,"Tengo hemocromatosis, no puedo donar. Antes de donar, preguntaos si podéis.","Tengo hemocromatosis, no puedo donar. Antes de donar, preguntaos si podéis.",,2022-12-15,0,0
reddit,Mejor le dejo ese trabajo a los médicos y enfermeros...,Mejor le dejo ese trabajo a los médicos y enfermeros...,,2022-12-15,0,0
reddit,"Por un bocata,un zumo,y posiblemente salvarle la vida indirectamente a alguien,lo hago de una","Por un bocata,un zumo,y posiblemente salvarle la vida indirectamente a alguien,lo hago de una",,2022-12-15,0,0
reddit,"Hemofilico aquí, donad por favor","Hemofilico aquí, donad por favor",,2022-12-16,0,0
reddit,A mí no me dejan porque no llego al peso mínimo 😞,A mí no me dejan porque no llego al peso mínimo,😞,2022-12-15,0,0
reddit,Cuál es? Hombre o mujer?,Cuál es? Hombre o mujer?,,2022-12-15,0,0
reddit,Mujer,Mujer,,2022-12-15,0,0
reddit,"O-
Años donando y pensando que era una rara avis y resulta que aquí (Asturias) hay una gran proporción de O- respecto a otras provincias/comunidades.",O- Años donando y pensando que era una rara avis y resulta que aquí (Asturias) hay una gran proporción de O- respecto a otras provincias/comunidades.,,2022-12-15,0,0
reddit,"No puedo porque estuve hace tres semanas, pero lo he visto y están todos los grupos bajísimos. Chicos, animaos. Es un momento, y te van a medir antes la hemoglobina para asegurarse que estás bien.","No puedo porque estuve hace tres semanas, pero lo he visto y están todos los grupos bajísimos. Chicos, animaos. Es un momento, y te van a medir antes la hemoglobina para asegurarse que estás bien.",,2022-12-15,0,0
reddit,Si tomo anticonceptivas puedo donar?,Si tomo anticonceptivas puedo donar?,,2022-12-15,0,0
reddit,"Si, no hay ningún problema.","Si, no hay ningún problema.",,2022-12-15,0,0
reddit,"Gracias a cada uno de vosotros que donan. 
Durante los últimos 8 meses he tenido una transfusión de sangre o plaquetas casi todas las semanas. He estado libre de transfusiones durante casi 3 semanas después de un transplante de médula osea. 
Has ayudado a salvar mi vida.",Gracias a cada uno de vosotros que donan. Durante los últimos 8 meses he tenido una transfusión de sangre o plaquetas casi todas las semanas. He estado libre de transfusiones durante casi 3 semanas después de un transplante de médula osea. Has ayudado a salvar mi vida.,,2022-12-15,0,0
reddit,"En mi familia cercana he tenido dos casos de leucemia, ambos con necesidad de transfusiones. Jamás hubo ningún comentario negativo o juicio por la cantidad de sangre usada, sólo una necesidad vital cubierta.

Después de esa experiencia llevo 23 donaciones (0-), y las que vendrán. Además, me dejan arramplar con los cacahuetes de la sala post-donación, y siempre se agradecen cacahuetes.

Espero que te vaya todo bien con el transplante!","En mi familia cercana he tenido dos casos de leucemia, ambos con necesidad de transfusiones. Jamás hubo ningún comentario negativo o juicio por la cantidad de sangre usada, sólo una necesidad vital cubierta. Después de esa experiencia llevo 23 donaciones (0-), y las que vendrán. Además, me dejan arramplar con los cacahuetes de la sala post-donación, y siempre se agradecen cacahuetes. Espero que te vaya todo bien con el transplante!",,2022-12-16,0,0
reddit,"Venga. En serio, mañana dono sangre. Por la mañana, que no tengo nada que hacer.

Soy donante habitual y 0-","Venga. En serio, mañana dono sangre. Por la mañana, que no tengo nada que hacer. Soy donante habitual y 0-",,2022-12-16,0,0
reddit,No me dejan por haberme tatuado. Es puto absurdo,No me dejan por haberme tatuado. Es puto absurdo,,2022-12-16,0,0
reddit,"Debes esperar 4 meses, como he hecho yo hace poco. No es absurdo, tiene sentido. Después de esos 4 meses puedes ir las veces que quieras","Debes esperar 4 meses, como he hecho yo hace poco. No es absurdo, tiene sentido. Después de esos 4 meses puedes ir las veces que quieras",,2022-12-16,0,0
reddit,Es absurdo porque igualmente deberían estar haciéndole pruebas a la sangre. La gente puede tener algo y no haberse tatuado,Es absurdo porque igualmente deberían estar haciéndole pruebas a la sangre. La gente puede tener algo y no haberse tatuado,,2022-12-16,0,0
reddit,"Es por el periodo de ventana y es comprensible de que se aseguren de ello por responsabilidad con el recipiente de la sangre

https://efectodonacion.com/preguntas-frecuentes/que-es-el-periodo-ventana/

Si, la gente puede tener algo pero igualmente firmas un papel en el que aceptas las condiciones para donar y conoces las condiciones para no donar.","Es por el periodo de ventana y es comprensible de que se aseguren de ello por responsabilidad con el recipiente de la sangre https://efectodonacion.com/preguntas-frecuentes/que-es-el-periodo-ventana/ Si, la gente puede tener algo pero igualmente firmas un papel en el que aceptas las condiciones para donar y conoces las condiciones para no donar.",,2022-12-16,0,0
reddit,"50€ y de ahí no bajo! Si a mi generación nos vaís a vender casas por un pastizal y nos vais a quitar medio sueldo para mantener a media población jubilada, me pagáis la sangre! 

Un saludo y buenas noches.","50€ y de ahí no bajo! Si a mi generación nos vaís a vender casas por un pastizal y nos vais a quitar medio sueldo para mantener a media población jubilada, me pagáis la sangre! Un saludo y buenas noches.",,2022-12-15,0,0
reddit,"Se te va un poco la pinza. Si donas sangre el que la va a usar es tu vecino. No ""esos que te están quitando la posibilidad de comprar una casa o que te hacen pagar impuestos"". No confundamos las cosas. Es una manera absurda de ser egoísta.","Se te va un poco la pinza. Si donas sangre el que la va a usar es tu vecino. No ""esos que te están quitando la posibilidad de comprar una casa o que te hacen pagar impuestos"". No confundamos las cosas. Es una manera absurda de ser egoísta.",,2022-12-16,0,0
reddit,"A mi no me dejan por calvo!! 

Antes cuanto no tenia pareja estable tampoco me dejaban...y ahora que tengo pareja pero no quiero quedarme calvo tampoco puedo por estar tomando finasterida....lo que me hace plantear quán chunga debe ser si no puedo donar sangre mientras la tome.",A mi no me dejan por calvo!! Antes cuanto no tenia pareja estable tampoco me dejaban...y ahora que tengo pareja pero no quiero quedarme calvo tampoco puedo por estar tomando finasterida....lo que me hace plantear quán chunga debe ser si no puedo donar sangre mientras la tome.,,2022-12-15,0,0
reddit,"Que me paguen, que mucho donar y mucha caridad pero luego ellos la venden","Que me paguen, que mucho donar y mucha caridad pero luego ellos la venden",,2022-12-15,0,0
reddit,No digas tonterías.,No digas tonterías.,,2022-12-16,0,0
reddit,Sin sangre llevamos desde la primera mentira de Pedro Sánchez,Sin sangre llevamos desde la primera mentira de Pedro Sánchez,,2022-12-15,0,0
reddit,[deleted],[deleted],,2022-12-15,0,0
reddit,La posibilidad de salvar una vida,La posibilidad de salvar una vida,,2022-12-15,0,0
reddit,Hay límite de edad para donar? Tengo 15 y no sé si me dejarían,Hay límite de edad para donar? Tengo 15 y no sé si me dejarían,,2022-12-15,0,0
reddit,18 años creo,18 años creo,,2022-12-15,0,0
reddit,"Correcto, 18 años","Correcto, 18 años",,2022-12-15,0,0
reddit,"Ni idea de que tipo de sangre tengo, hace falta de todos o de un tipo en concreto?","Ni idea de que tipo de sangre tengo, hace falta de todos o de un tipo en concreto?",,2022-12-15,0,0
reddit,De todas 😉,De todas,😉,2022-12-15,0,0
reddit,"A mi me encanta ir a donar, por desgracia dónde yo donó suele ser de 16h a 18h y casi siempre me pilla currando...","A mi me encanta ir a donar, por desgracia dónde yo donó suele ser de 16h a 18h y casi siempre me pilla currando...",,2022-12-15,0,0
reddit,Oye pero si fumas maria puedes donar? Diria que no y me jode un monton,Oye pero si fumas maria puedes donar? Diria que no y me jode un monton,,2022-12-15,0,0
reddit,Creo que no importa,Creo que no importa,,2022-12-16,0,0
reddit,No me dejan donar a pesar de ser del grupo más común.,No me dejan donar a pesar de ser del grupo más común.,,2022-12-15,0,0
reddit,"La próxima vez que veo la posibilidad, voy a donar. Mi pareja tiene unos problemas con su tensión últimamente y no quiero excluirla.","La próxima vez que veo la posibilidad, voy a donar. Mi pareja tiene unos problemas con su tensión últimamente y no quiero excluirla.",,2022-12-15,0,0
reddit,"Si dejasen donar más lo haría, no por altruismo, sino porque en los bancos de sangre de Cataluña dan unas patatas tostadas con sabor a tomate y orégano que son Cristo bendito. Ah, y también por altruismo, voy religiosamente cada 3 meses (salvo pandemia)","Si dejasen donar más lo haría, no por altruismo, sino porque en los bancos de sangre de Cataluña dan unas patatas tostadas con sabor a tomate y orégano que son Cristo bendito. Ah, y también por altruismo, voy religiosamente cada 3 meses (salvo pandemia)",,2022-12-16,0,0
reddit,Sangre llena de graf3n0 para todos!,Sangre llena de graf3n0 para todos!,,2022-12-16,0,0
reddit,Aaaaamigo por eso me spamean el correo electrónico para ir a donar... bueno en ese caso habrá que ir.,Aaaaamigo por eso me spamean el correo electrónico para ir a donar... bueno en ese caso habrá que ir.,,2022-12-16,0,0
reddit,"Porque nunca sabes lo que la vida tiene preparado para ti...

Hazte Donante de Medula ósea: Lo más seguro es que nunca te llamen pero al menos estarás en una base de datos por si alguna persona compatible que necesite médula pueda usar tu ayuda.

Da permiso para transplante de órganos y tejidos (llegado el momento) y por supuesto donante de sangre.",Porque nunca sabes lo que la vida tiene preparado para ti... Hazte Donante de Medula ósea: Lo más seguro es que nunca te llamen pero al menos estarás en una base de datos por si alguna persona compatible que necesite médula pueda usar tu ayuda. Da permiso para transplante de órganos y tejidos (llegado el momento) y por supuesto donante de sangre.,,2022-12-16,0,0
reddit,"Es una pena, pero me da a mí que llegará un día que estaremos bajo mínimos y tendrán que dar incentivos aun mayores para que la gente acuda a donar sangre...","Es una pena, pero me da a mí que llegará un día que estaremos bajo mínimos y tendrán que dar incentivos aun mayores para que la gente acuda a donar sangre...",,2022-12-16,0,0
reddit,"Si dono desde otra Comunidad, van a enviar la sangre allí? O se la quedara mi territorio","Si dono desde otra Comunidad, van a enviar la sangre allí? O se la quedara mi territorio",,2022-12-16,0,0
reddit,No era que España es el país donde más sangre se dona? Cómo se ha llegado a esta situación?,No era que España es el país donde más sangre se dona? Cómo se ha llegado a esta situación?,,2022-12-16,0,0
reddit,"Creo que bajó mucho desde la pandemia, y no sé exactamente cuando pero añadieron restricciones, la última vez que fui no me dejaron donar por haberme hecho la pedicura menos de un mes antes, antes no había problema con eso, ni te preguntaban por manicuras o pedicuras.","Creo que bajó mucho desde la pandemia, y no sé exactamente cuando pero añadieron restricciones, la última vez que fui no me dejaron donar por haberme hecho la pedicura menos de un mes antes, antes no había problema con eso, ni te preguntaban por manicuras o pedicuras.",,2022-12-16,0,0
reddit,"Acabo de ir esta mañana por primera vez, contenta de aportar mi granito de arena 🤝🩸","Acabo de ir esta mañana por primera vez, contenta de aportar mi granito de arena",🤝🩸,2022-12-16,0,0
reddit,"Lo que explicas se asemeja más a los años 80 que a la actualidad. 
El no proporcionar material de protección ( EPI) como guantes, es una negligencia por parte de la empresa. Sí los zapatos de protección te hacen daño, deben cambiarlos por otro modelo, los descansos deben estar regulados y él no poder ir al servicio demuestra un mal funcionamiento de dicha "" empresa"" . No te diré que lo denúncies porque con cinco horas a tus espaldas tienes poco que conseguir, dicho esto, lo habitual es lo contrario a lo que has vivido, la normativa en materia de seguridad y riesgos laborales es cada vez más estricta, aunque la aplicación de la misma depende de la voluntad del lugar donde trabajes. El consejo consiste en no rendirse y continuar buscando, seguro que encuentras un centro de trabajo serio que cumple con la normativa vigente.","Lo que explicas se asemeja más a los años 80 que a la actualidad. El no proporcionar material de protección ( EPI) como guantes, es una negligencia por parte de la empresa. Sí los zapatos de protección te hacen daño, deben cambiarlos por otro modelo, los descansos deben estar regulados y él no poder ir al servicio demuestra un mal funcionamiento de dicha "" empresa"" . No te diré que lo denúncies porque con cinco horas a tus espaldas tienes poco que conseguir, dicho esto, lo habitual es lo contrario a lo que has vivido, la normativa en materia de seguridad y riesgos laborales es cada vez más estricta, aunque la aplicación de la misma depende de la voluntad del lugar donde trabajes. El consejo consiste en no rendirse y continuar buscando, seguro que encuentras un centro de trabajo serio que cumple con la normativa vigente.",,2021-07-20,0,0
reddit,"Muchas gracias❤, lo se pero me mandaron de una ett y ahi me dieron las votas, al llegar todo el mundo llevaba guantes y cascos excepto los de la ett, y claro en la ett me dijieron que no me quejara que como es mi primer empleo y soy joven que aguante y gane experiencia para el futuro, lo que menos me gusto es que estaba a punto de desmayarme y ni ke dieron agua lo unico que hicieron es echarme","Muchas gracias , lo se pero me mandaron de una ett y ahi me dieron las votas, al llegar todo el mundo llevaba guantes y cascos excepto los de la ett, y claro en la ett me dijieron que no me quejara que como es mi primer empleo y soy joven que aguante y gane experiencia para el futuro, lo que menos me gusto es que estaba a punto de desmayarme y ni ke dieron agua lo unico que hicieron es echarme",❤,2021-07-20,0,0
reddit,Todo mentiras para explotar gente. Experiencia de un trabajo así vale nada,Todo mentiras para explotar gente. Experiencia de un trabajo así vale nada,,2021-07-20,0,0
reddit,"En primer lugar calma, acabas de empezar y cuesta acostumbrarse a esta etapa. Las ETT tienen la obligación de proporcionar todo el material necesario en materia de protección ( EPI) que se necesite en función del tipo de empresa y la labor que deba desempeñarse en la misma salvo que sea la empresa, previo convenio, quién se haga cargo. 
Las botas que te han dado suelen ser bastante molestas , existen diversos modelos de calzado de seguridad, debes avisar del problema que te genera para que busquen una solución.
Lo importante es la actitud, ser responsable y cumplir con los horarios, ser serio , es la fórmula para superar estos inicios que siempre resultan complicados. También decirte que seguramente, encontrarás buena gente que estará dispuesta a echarte una mano.
Ánimo y a por todas.....💪🏽💪🏽","En primer lugar calma, acabas de empezar y cuesta acostumbrarse a esta etapa. Las ETT tienen la obligación de proporcionar todo el material necesario en materia de protección ( EPI) que se necesite en función del tipo de empresa y la labor que deba desempeñarse en la misma salvo que sea la empresa, previo convenio, quién se haga cargo. Las botas que te han dado suelen ser bastante molestas , existen diversos modelos de calzado de seguridad, debes avisar del problema que te genera para que busquen una solución. Lo importante es la actitud, ser responsable y cumplir con los horarios, ser serio , es la fórmula para superar estos inicios que siempre resultan complicados. También decirte que seguramente, encontrarás buena gente que estará dispuesta a echarte una mano. Ánimo y a por todas.....",💪🏽💪🏽,2021-07-20,0,0
reddit,"Yo soy del 82 y nunca me paso , pon un denuncia  anónima a la empresa si te pasa eso, mandaran a un inspector y preguntarán de todo a los empleados por separado , tu no estarás comprometido en nada , solo tiene que llamar , muy fácil","Yo soy del 82 y nunca me paso , pon un denuncia anónima a la empresa si te pasa eso, mandaran a un inspector y preguntarán de todo a los empleados por separado , tu no estarás comprometido en nada , solo tiene que llamar , muy fácil",,2021-07-20,0,0
reddit,👍🏼,,👍🏼,2021-07-20,0,0
reddit,[deleted],[deleted],,2021-07-20,0,0
reddit,"Llevo más de treinta años trabajando, quizás el flipao seas tú....☝🏼","Llevo más de treinta años trabajando, quizás el flipao seas tú....",☝🏼,2021-07-20,0,0
reddit,[deleted],[deleted],,2021-07-20,0,0
reddit,"De hecho , estoy más cerca de los 40. Que haya sinvergüenzas que se aprovechen de la situación, sobre todo de la gente joven, no quiere decir que sea la norma, si te engañan tienes dos opciones, callar y dejar de quejarte o buscar otra cosa y una vez la encuentres, denunciar al sinvergüenza de turno. Por aquí han pasado muchos chavales de ETT, la mayoría de han acabado quedando en plantilla, los que no, han salido por ""méritos propios"" .","De hecho , estoy más cerca de los 40. Que haya sinvergüenzas que se aprovechen de la situación, sobre todo de la gente joven, no quiere decir que sea la norma, si te engañan tienes dos opciones, callar y dejar de quejarte o buscar otra cosa y una vez la encuentres, denunciar al sinvergüenza de turno. Por aquí han pasado muchos chavales de ETT, la mayoría de han acabado quedando en plantilla, los que no, han salido por ""méritos propios"" .",,2021-07-20,0,0
reddit,[deleted],[deleted],,2021-07-20,0,0
reddit,"Hablas de comodidad!!!! 
Desde los 15 años haciendo trabajos desde jardinero, paleta o pintor, en fábricas con turnos de 12 horas de lunes a sábado, encadenando contratos de seis meses, hasta que llega el momento de revelarte y ponerte en pie de guerra, para conseguir la regularización de una situación totalmente ilegal, de eso hace unos cuantos años, muchos. Sí pretendes que los demás te solucionen los problemas, ya puedes ponerte cómodo. Como he dicho antes, si te callas no te quejes, la cosa está difícil pero hay que insistir y no dejar de buscar, ahh...y formarse, con formación tendrás más opciones. 
Atentamente:  "" el Pureta"" ...☝🏼","Hablas de comodidad!!!! Desde los 15 años haciendo trabajos desde jardinero, paleta o pintor, en fábricas con turnos de 12 horas de lunes a sábado, encadenando contratos de seis meses, hasta que llega el momento de revelarte y ponerte en pie de guerra, para conseguir la regularización de una situación totalmente ilegal, de eso hace unos cuantos años, muchos. Sí pretendes que los demás te solucionen los problemas, ya puedes ponerte cómodo. Como he dicho antes, si te callas no te quejes, la cosa está difícil pero hay que insistir y no dejar de buscar, ahh...y formarse, con formación tendrás más opciones. Atentamente: "" el Pureta"" ...",☝🏼,2021-07-20,0,0
reddit,[deleted],[deleted],,2021-07-20,0,0
reddit,"&gt;Campeon me echaron de una empresa por reclamar un descanso mio y de todos mis compañeros despues de cumplir la jornada laboral

Eso es una situación caramelito para cualquier sindicato. Si lo hubieras denunciado te hubiera caído una buena indemnización.

Pero como no lo denunciaste, la empresa siguió haciendo de las suyas, sin consecuencias.","&gt;Campeon me echaron de una empresa por reclamar un descanso mio y de todos mis compañeros despues de cumplir la jornada laboral Eso es una situación caramelito para cualquier sindicato. Si lo hubieras denunciado te hubiera caído una buena indemnización. Pero como no lo denunciaste, la empresa siguió haciendo de las suyas, sin consecuencias.",,2021-07-20,0,0
reddit,"Tienes razón, pero no siempre hay gente dispuesta a dar la cara en situaciones así. En el ámbito sindical, también son muchas las empresas, suelen ser pequeñas pimes, las que carecen de representación sindical, por lo que resulta más complicado luchar en condiciones por los derechos laborales. Se aprovechan de la situación y de la necesidad de algunos.","Tienes razón, pero no siempre hay gente dispuesta a dar la cara en situaciones así. En el ámbito sindical, también son muchas las empresas, suelen ser pequeñas pimes, las que carecen de representación sindical, por lo que resulta más complicado luchar en condiciones por los derechos laborales. Se aprovechan de la situación y de la necesidad de algunos.",,2021-07-20,0,0
reddit,"Parece que crees que eres el único que puede tener una realidadsobre esto, siendo esta y sólo esta la unica posible...
No se donde vives tu, pero definitivamente el no entregar los EPIs no es algo común aqui en el norte. Mi primo con 19 años ha conseguido su primer trabajo (en un empresa agricola con invernaderos) y se le trata bien y se le aporta los EPIs que sean necesarios. En mi caso fue hace unos 8 años, pero mi primer trabajo fue en una fabrica de conservas y lo primero que hicieron (estando contratado por ETT) fue darme el EPI.
El mercado laboral es una mierda y todavía lo es más si tienes 20 años, pero de ahí a normalizar el trabajo semiesclavo hay un mundo.","Parece que crees que eres el único que puede tener una realidadsobre esto, siendo esta y sólo esta la unica posible... No se donde vives tu, pero definitivamente el no entregar los EPIs no es algo común aqui en el norte. Mi primo con 19 años ha conseguido su primer trabajo (en un empresa agricola con invernaderos) y se le trata bien y se le aporta los EPIs que sean necesarios. En mi caso fue hace unos 8 años, pero mi primer trabajo fue en una fabrica de conservas y lo primero que hicieron (estando contratado por ETT) fue darme el EPI. El mercado laboral es una mierda y todavía lo es más si tienes 20 años, pero de ahí a normalizar el trabajo semiesclavo hay un mundo.",,2021-07-20,0,0
reddit,"Y por que aceptas esas condiciones?

Me parece a mí que las hostias te las estás llevando tú ya.",Y por que aceptas esas condiciones? Me parece a mí que las hostias te las estás llevando tú ya.,,2021-07-20,0,0
reddit,[deleted],[deleted],,2021-07-20,0,0
reddit,r/usernamechecksout,r/usernamechecksout,,2021-07-20,0,0
reddit,Mucho asumes tú. Que sabrás de la vida de los demás. Pero yo no me dejó esclavizar por mucha necesidad que pase. También me lo he currado para poder vivir hoy cómodamente.,Mucho asumes tú. Que sabrás de la vida de los demás. Pero yo no me dejó esclavizar por mucha necesidad que pase. También me lo he currado para poder vivir hoy cómodamente.,,2021-07-20,0,0
reddit,"Me paso algo parecido la primera vez que trabaje en linea :'v
No me dieron cuter ni guantes y las botas de ett pesaban 3 kilos. Literal el dia siguiente me lo tuve que traer todo de casa y tuve que comprarme otras botas. 
Cuanto mas grande la fábrica y cuanta mas gente de ett haya peor tratan a la gente. Hace poco estuve en una fábrica pequeña y me lo dieron todo sin problemas. 
El dolor corporal es normal, yo tambien me corte mucho al principio asi que al final me compre un abridor de cajas por amazon x'd.","Me paso algo parecido la primera vez que trabaje en linea :'v No me dieron cuter ni guantes y las botas de ett pesaban 3 kilos. Literal el dia siguiente me lo tuve que traer todo de casa y tuve que comprarme otras botas. Cuanto mas grande la fábrica y cuanta mas gente de ett haya peor tratan a la gente. Hace poco estuve en una fábrica pequeña y me lo dieron todo sin problemas. El dolor corporal es normal, yo tambien me corte mucho al principio asi que al final me compre un abridor de cajas por amazon x'd.",,2021-07-20,0,0
reddit,De verdad que no entiendo porque si trabajas en linea no te dan una silla o algo madre mia te juro que ni me notaba los pies y ahora tengo astillas,De verdad que no entiendo porque si trabajas en linea no te dan una silla o algo madre mia te juro que ni me notaba los pies y ahora tengo astillas,,2021-07-20,0,0
reddit,"El problema es que si estas sentando en linea y si algo va mal tardas mas en reaccionar(lo que me dijeron). 
Tambien estuve haciendo cajas como tu asi que se como te sientes. El primer dia trabando en cadena siempre es duro (yo no estaba en forma que digamos) y los dos primeros dias el encargado me grito dos veces a lo bruto :'). No me enseñaron nada al principio y me las tuve que arreglar como pude, fue un asco pero me seguieron llamando y cada vez trabajaba mas rapido asi que al final habian algunos puestos que solo yo podia hacer lel. 
He perdido la cuenta de gente que se iba a las dos horas de estar ahi, es normal.
PD: para el dolor en general te recomiendo que te compres la fisiocrem en la farmacia x'd.","El problema es que si estas sentando en linea y si algo va mal tardas mas en reaccionar(lo que me dijeron). Tambien estuve haciendo cajas como tu asi que se como te sientes. El primer dia trabando en cadena siempre es duro (yo no estaba en forma que digamos) y los dos primeros dias el encargado me grito dos veces a lo bruto :'). No me enseñaron nada al principio y me las tuve que arreglar como pude, fue un asco pero me seguieron llamando y cada vez trabajaba mas rapido asi que al final habian algunos puestos que solo yo podia hacer lel. He perdido la cuenta de gente que se iba a las dos horas de estar ahi, es normal. PD: para el dolor en general te recomiendo que te compres la fisiocrem en la farmacia x'd.",,2021-07-20,0,0
reddit,Me parece denunciable que no te den el equipamiento necesario. Y si te lo tenías que comprar tú te lo tendrían que haber dicho de antemano y tú decidir si te parecía bien o no.,Me parece denunciable que no te den el equipamiento necesario. Y si te lo tenías que comprar tú te lo tendrían que haber dicho de antemano y tú decidir si te parecía bien o no.,,2021-07-20,0,0
reddit,"Cuando ocurra algo así, denuncia y ponlo en conocimiento de las autoridades, grábalo y consigue las pruebas necesarias para que tu denuncia sea eficaz. Siempre habrá el pirata que no le importe los demás más que ganarse unos euros más en el bolsillo, pero para eso está la ley y funciona cuando se le aporta la información adecuada","Cuando ocurra algo así, denuncia y ponlo en conocimiento de las autoridades, grábalo y consigue las pruebas necesarias para que tu denuncia sea eficaz. Siempre habrá el pirata que no le importe los demás más que ganarse unos euros más en el bolsillo, pero para eso está la ley y funciona cuando se le aporta la información adecuada",,2021-07-20,0,0
reddit,"Se puede denunciar anónimamente? Es que sinceramente me da miedo porque solo estuve 5h y no tengo prueba alguna, solamente los moratones de los pies y las astillas de llevar los pales sin guantes","Se puede denunciar anónimamente? Es que sinceramente me da miedo porque solo estuve 5h y no tengo prueba alguna, solamente los moratones de los pies y las astillas de llevar los pales sin guantes",,2021-07-20,0,0
reddit,"Lamentablemente, y según el ministerio, no ya que han de tramitar la denuncia con todos los datos, pero tus datos personales jamás serán revelados a la empresa. Te ánimo a que denuncies, es la única forma de que cierta gente aprenda y se integre para mejorar nuestra sociedad (además de que servirá de ejemplo para que otros no hagan lo mismo y con el tiempo ya no encontrarás trabajos así en esa zona, te lo aseguro). Te dejo un enlace con más información:

https://www.mites.gob.es/itss/web/Utilidades/FAQs/IYP/iyp.html","Lamentablemente, y según el ministerio, no ya que han de tramitar la denuncia con todos los datos, pero tus datos personales jamás serán revelados a la empresa. Te ánimo a que denuncies, es la única forma de que cierta gente aprenda y se integre para mejorar nuestra sociedad (además de que servirá de ejemplo para que otros no hagan lo mismo y con el tiempo ya no encontrarás trabajos así en esa zona, te lo aseguro). Te dejo un enlace con más información: https://www.mites.gob.es/itss/web/Utilidades/FAQs/IYP/iyp.html",,2021-07-20,0,0
reddit,Esto es el mundo de yupi. No funciona así. No le yenes la cabeza de tonterías porque la realidad es mucho mas triste,Esto es el mundo de yupi. No funciona así. No le yenes la cabeza de tonterías porque la realidad es mucho mas triste,,2021-07-20,0,0
reddit,"Lamentablemente no soy capaz de entenderte, si quieres decir que denunciar no sirve de nada y que este acto pertenece y es llevado por gente que vive en el mundo de “yupi”, la verdad no puedo llegar a entenderte. Si puedieras explicarte un poco mejor, no expongas tus sentimientos sin tus razones","Lamentablemente no soy capaz de entenderte, si quieres decir que denunciar no sirve de nada y que este acto pertenece y es llevado por gente que vive en el mundo de “yupi”, la verdad no puedo llegar a entenderte. Si puedieras explicarte un poco mejor, no expongas tus sentimientos sin tus razones",,2021-07-20,0,0
reddit,"Que lo unico que va a conseguir denunciando es que le pongan en la lista negra de la ett y no le vuelvan a llamar para nada.

Se cómo vsn estas cosas y lo mejor que puede hacer es, si no le gusta, pirsrae y ya está. Denunciando solo consigues herirte a ti mismo y que al dueño igual le pongan una multa (o igual no) de aquí a 5 años.

Si está en una ett es porque necesita pasta, no justicia social. Hay que saber poner en orden las prioridades","Que lo unico que va a conseguir denunciando es que le pongan en la lista negra de la ett y no le vuelvan a llamar para nada. Se cómo vsn estas cosas y lo mejor que puede hacer es, si no le gusta, pirsrae y ya está. Denunciando solo consigues herirte a ti mismo y que al dueño igual le pongan una multa (o igual no) de aquí a 5 años. Si está en una ett es porque necesita pasta, no justicia social. Hay que saber poner en orden las prioridades",,2021-07-20,0,0
reddit,"Eso es falso, no existe tal lista ETT. No existe ninguna lista negra de trabajo temporal. La denuncia es anónima en referente a la empresa. Las denuncias son los únicos medios de que situaciones de este tipo no pasen, la seguridad social te llama de igual manera. De dónde has sacado eso de la lista? Por favor muestra un enlace, donde haya la información que tú estás reivindicando. Ya que hablas como el típico que le importa todo nada, y le da igual el avance social, principal problema de todos. Provocando que el trabajador no sepa sus derechos y cualquiera pueda abusar de él.","Eso es falso, no existe tal lista ETT. No existe ninguna lista negra de trabajo temporal. La denuncia es anónima en referente a la empresa. Las denuncias son los únicos medios de que situaciones de este tipo no pasen, la seguridad social te llama de igual manera. De dónde has sacado eso de la lista? Por favor muestra un enlace, donde haya la información que tú estás reivindicando. Ya que hablas como el típico que le importa todo nada, y le da igual el avance social, principal problema de todos. Provocando que el trabajador no sepa sus derechos y cualquiera pueda abusar de él.",,2021-07-20,0,0
reddit,"Vsmos a ver tu te crees que una fabricucha que hace esas cosas no tiene sospechas de algunos trabajadores? Yo eso lo he visto en persona. Llamar y decir no me vuelvas a mandar a esta porque va mucho al baño, a este porque pierde el tiempo y a este porque me contestó mal.

Que una cosa es la ley y otra cómo funciona la industria de verdad. Y para empresas pequeñas y jefes hijosdeputa eso está a la orden del dia. Sobre todo cuando el puesto lo cubren al dia siguiente","Vsmos a ver tu te crees que una fabricucha que hace esas cosas no tiene sospechas de algunos trabajadores? Yo eso lo he visto en persona. Llamar y decir no me vuelvas a mandar a esta porque va mucho al baño, a este porque pierde el tiempo y a este porque me contestó mal. Que una cosa es la ley y otra cómo funciona la industria de verdad. Y para empresas pequeñas y jefes hijosdeputa eso está a la orden del dia. Sobre todo cuando el puesto lo cubren al dia siguiente",,2021-07-20,0,0
reddit,"Y de hay la función de las denuncias, tú hablas de ir al baño y mala contestaciones, pero eso fueron comentarios sin importancia que hizo, así que no diluyas esta conversación en temas no punibles; los cuales si son no tener el equipo adecuado para la seguridad personal del trabajador, las mascarillas de protección, y demás irregularidades que ha visto. 
Las sospechas que una empresa crees que tiene sobre ti son absurdas sobretodo cómo bien dices el puesto de trabajo los cubren día si y día también. La empresa no hace un análisis del trabajador pensando este me va a denunciar. Tengo la total seguridad de que no tienes ni idea de lo que hablas dado tus comentarios. Incluso cuando un trabajador es despedido y al día siguiente aparece una denuncia en la empresa, la propia empresa no tiene ni idea de quién fue ya que por ese periodo de tiempo u otros más largos han pasado muchos trabajadores. Segundo, cuando una empresa te despide no esperes que algún día te vuelva a contratar, y mejor que no lo haga, ya habrá otras donde encajes mejor.
(Sigo esperando que nos aclares lo de la lista negra)","Y de hay la función de las denuncias, tú hablas de ir al baño y mala contestaciones, pero eso fueron comentarios sin importancia que hizo, así que no diluyas esta conversación en temas no punibles; los cuales si son no tener el equipo adecuado para la seguridad personal del trabajador, las mascarillas de protección, y demás irregularidades que ha visto. Las sospechas que una empresa crees que tiene sobre ti son absurdas sobretodo cómo bien dices el puesto de trabajo los cubren día si y día también. La empresa no hace un análisis del trabajador pensando este me va a denunciar. Tengo la total seguridad de que no tienes ni idea de lo que hablas dado tus comentarios. Incluso cuando un trabajador es despedido y al día siguiente aparece una denuncia en la empresa, la propia empresa no tiene ni idea de quién fue ya que por ese periodo de tiempo u otros más largos han pasado muchos trabajadores. Segundo, cuando una empresa te despide no esperes que algún día te vuelva a contratar, y mejor que no lo haga, ya habrá otras donde encajes mejor. (Sigo esperando que nos aclares lo de la lista negra)",,2021-07-20,0,0
reddit,"Lo que se refiere de la lista negra, se conoce como Buró Laboral, de las ett no tengo ni idea si existe, pero soy consciente que es una practica utilizada en españa, para una definición exacta de que es sería:

""El buró laboral es una herramienta para marginar a trabajadores, lo que constituye un acto de discriminación. La primera posibilidad de defensa de los trabajadores es acudir al Inai para presentar una queja o una denuncia. Otra es presentar una demanda por discriminación""

Es denunciable obviamente, pero puede tardar hasta años en salir adelante el juicio.

Sinceramente, después de ver donde el enchufismo, corrupción y demás son como el pan de cada día en este pais, ya no debería sorprendernos que ocurran cosas así, por desgracia...","Lo que se refiere de la lista negra, se conoce como Buró Laboral, de las ett no tengo ni idea si existe, pero soy consciente que es una practica utilizada en españa, para una definición exacta de que es sería: ""El buró laboral es una herramienta para marginar a trabajadores, lo que constituye un acto de discriminación. La primera posibilidad de defensa de los trabajadores es acudir al Inai para presentar una queja o una denuncia. Otra es presentar una demanda por discriminación"" Es denunciable obviamente, pero puede tardar hasta años en salir adelante el juicio. Sinceramente, después de ver donde el enchufismo, corrupción y demás son como el pan de cada día en este pais, ya no debería sorprendernos que ocurran cosas así, por desgracia...",,2021-07-20,0,0
reddit,"El Buró Laboral; primero no tiene nada que ver con esa lista negra de la que hablaba. La práctica del buró laboral es temida en Mexico y por lo visto no corroborada y posiblemente bulo para amedrentar al trabajador de realizar quejas y denuncias (ya sabemos que America Latina está aún a años luz de Europa y se realizan prácticas delictivas en el ámbito empresarial sin perjuicio moral o legal), de todos modos, se realiza en ámbitos de grandes empresas como base de datos, no en las pequeñas, y en Méjico, además de que allí las denuncias han de reflejar los datos del denunciante por lo que tengo entendido, cosa que aquí no pasa, los datos han de ser recogidos por el ministerio, pero nunca serán revelados ya que el propio ministerio es quien actúa de oficio contra la empresa, no el ciudadano. Aquí en España no existe tal práctica y menos si proviene el empleado de la seguridad social ya que supondría un grave menoscabo a la legalidad española y seguridad del ciudadano.
No hay lista negra, y nunca ha existido! Dejad de promover bulos falsos e investigad o informaros a través de fuentes verídicas y no de blogs de dudosa procedencia o conspiraciones de medio pelo.","El Buró Laboral; primero no tiene nada que ver con esa lista negra de la que hablaba. La práctica del buró laboral es temida en Mexico y por lo visto no corroborada y posiblemente bulo para amedrentar al trabajador de realizar quejas y denuncias (ya sabemos que America Latina está aún a años luz de Europa y se realizan prácticas delictivas en el ámbito empresarial sin perjuicio moral o legal), de todos modos, se realiza en ámbitos de grandes empresas como base de datos, no en las pequeñas, y en Méjico, además de que allí las denuncias han de reflejar los datos del denunciante por lo que tengo entendido, cosa que aquí no pasa, los datos han de ser recogidos por el ministerio, pero nunca serán revelados ya que el propio ministerio es quien actúa de oficio contra la empresa, no el ciudadano. Aquí en España no existe tal práctica y menos si proviene el empleado de la seguridad social ya que supondría un grave menoscabo a la legalidad española y seguridad del ciudadano. No hay lista negra, y nunca ha existido! Dejad de promover bulos falsos e investigad o informaros a través de fuentes verídicas y no de blogs de dudosa procedencia o conspiraciones de medio pelo.",,2021-07-21,0,0
reddit,"Perdona que te diga pero el que veo que no se informado y contrastado eres tu, pero no me informo de blogs, contrasto noticias de varias fuentes y voy tirando del hilo hasta dar con la información verifica y no por bulos, que estamos en 2021 no en 2015 que entonces si se creía que las listas negras eran ""cuentos de brujas"" y por entonces si te daría la razón.

Que por cierto, me parece que ni me has leído el primer párrafo completo, porque has obviado ""de las ett no tengo ni idea si existe"", por lo tanto no dado por hecho lo que el otro usuario a comentado de las ett, partiendo de eso, quiero que me lo refutas porque no existen.

Quieres datos? 

[https://www.eleconomista.es/civil/noticias/7161557/11/15/La-inclusion-en-listas-negras-vulnera-la-proteccion-de-datos.html](https://www.eleconomista.es/civil/noticias/7161557/11/15/La-inclusion-en-listas-negras-vulnera-la-proteccion-de-datos.html)

[https://noticias.juridicas.com/actualidad/jurisprudencia/10672-una-empresa-no-puede-comunicar-a-otra-la-causa-de-despido-de-un-trabajador-para-incluirlo-en-una-ldquo;lista-negrardquo;/](https://noticias.juridicas.com/actualidad/jurisprudencia/10672-una-empresa-no-puede-comunicar-a-otra-la-causa-de-despido-de-un-trabajador-para-incluirlo-en-una-ldquo;lista-negrardquo;/)

Quieres más datos, pues tan fácil como buscar en Google la información e ir contrastando, te lo pongo más fácil todavía con que copies y pegues lo siguiente en el buscador, y luego es cosa tuya de sacar tus conclusiones y no quedarte con la primera información que encuentres (sí es el caso  de no informarte ni me molestare en responder)

""Sentencia 609/2015 del Tribunal Supremo sobre listas negras de trabajadores. Agencia Española de Protección de Datos (AEPD). Informe 0201/2010.""

Pues creo que te lo dejado en bandeja de plata, de encontrar por ti mismo la información, ahora depende de ti si informarte o no como dicho.

Además el mundo no es de color de rosa, hay matices, si no las quieres contrastar pues como quieras, por cierto insisto en lo que dicho al principio de mi comentario ""quiero que me lo refutas porque no existen."" 

Por último, porque tan arisco? ni te faltado ni nada por el estilo, me parece que solo gusta lo que uno quiere oír, haber si te entrara en la cabeza que no todo el mundo respeta por igual la ley, habrá gente que sí, siempre existirá gente honrada y ladrones, buenos conductores y conductores temerarios, tanto si nos gusta como si no, es el mundo que nos a tocado vivir.

saludos.","Perdona que te diga pero el que veo que no se informado y contrastado eres tu, pero no me informo de blogs, contrasto noticias de varias fuentes y voy tirando del hilo hasta dar con la información verifica y no por bulos, que estamos en 2021 no en 2015 que entonces si se creía que las listas negras eran ""cuentos de brujas"" y por entonces si te daría la razón. Que por cierto, me parece que ni me has leído el primer párrafo completo, porque has obviado ""de las ett no tengo ni idea si existe"", por lo tanto no dado por hecho lo que el otro usuario a comentado de las ett, partiendo de eso, quiero que me lo refutas porque no existen. Quieres datos? [https://www.eleconomista.es/civil/noticias/7161557/11/15/La-inclusion-en-listas-negras-vulnera-la-proteccion-de-datos.html](https://www.eleconomista.es/civil/noticias/7161557/11/15/La-inclusion-en-listas-negras-vulnera-la-proteccion-de-datos.html) [https://noticias.juridicas.com/actualidad/jurisprudencia/10672-una-empresa-no-puede-comunicar-a-otra-la-causa-de-despido-de-un-trabajador-para-incluirlo-en-una-ldquo;lista-negrardquo;/](https://noticias.juridicas.com/actualidad/jurisprudencia/10672-una-empresa-no-puede-comunicar-a-otra-la-causa-de-despido-de-un-trabajador-para-incluirlo-en-una-ldquo;lista-negrardquo;/) Quieres más datos, pues tan fácil como buscar en Google la información e ir contrastando, te lo pongo más fácil todavía con que copies y pegues lo siguiente en el buscador, y luego es cosa tuya de sacar tus conclusiones y no quedarte con la primera información que encuentres (sí es el caso de no informarte ni me molestare en responder) ""Sentencia 609/2015 del Tribunal Supremo sobre listas negras de trabajadores. Agencia Española de Protección de Datos (AEPD). Informe 0201/2010."" Pues creo que te lo dejado en bandeja de plata, de encontrar por ti mismo la información, ahora depende de ti si informarte o no como dicho. Además el mundo no es de color de rosa, hay matices, si no las quieres contrastar pues como quieras, por cierto insisto en lo que dicho al principio de mi comentario ""quiero que me lo refutas porque no existen."" Por último, porque tan arisco? ni te faltado ni nada por el estilo, me parece que solo gusta lo que uno quiere oír, haber si te entrara en la cabeza que no todo el mundo respeta por igual la ley, habrá gente que sí, siempre existirá gente honrada y ladrones, buenos conductores y conductores temerarios, tanto si nos gusta como si no, es el mundo que nos a tocado vivir. saludos.",,2021-07-21,0,0
reddit,"No existe ninguna lista negra de ETT ni de historial laboral ni zarandajas. Y si estos negreros no le vuelven a llamar es la mejor de las noticias posibles para su salud.

Si una empresa en un acto de locura decide crear su propia lista negra está violando la ley RGPD por las cuatro esquinas. Me encantaría ver las consecuencias.

[Aquí una recopilación de sentencias recientes a empresarios por robar y estafar](https://www.iberley.es/jurisprudencia/?voces%5B0%5D=Inspecci%C3%B3n+de+trabajo+y+Seguridad+Social&amp;sort=fecha)

[Enlace a Laboro Spain, blog de derecho laboral para trabajadores que es de lo mejorcito](https://laboro-spain.blogspot.com/)

/u/boredinlife9","No existe ninguna lista negra de ETT ni de historial laboral ni zarandajas. Y si estos negreros no le vuelven a llamar es la mejor de las noticias posibles para su salud. Si una empresa en un acto de locura decide crear su propia lista negra está violando la ley RGPD por las cuatro esquinas. Me encantaría ver las consecuencias. [Aquí una recopilación de sentencias recientes a empresarios por robar y estafar](https://www.iberley.es/jurisprudencia/?voces%5B0%5D=Inspecci%C3%B3n+de+trabajo+y+Seguridad+Social&amp;sort=fecha) [Enlace a Laboro Spain, blog de derecho laboral para trabajadores que es de lo mejorcito](https://laboro-spain.blogspot.com/) /u/boredinlife9",,2021-07-20,0,0
reddit,"Yo ya te he digo que es un secreto a voces. Vamos que a mi me lo dijeron en voz baja y fuera de la oficina.

 A las ETT hay que meterles mano legslmente por todas partes pero la putada es que hay tanta gente (sin estudios sobre todo) que depende de ellas para vivir que los muy hijosdeputa en la administración no se atreven.",Yo ya te he digo que es un secreto a voces. Vamos que a mi me lo dijeron en voz baja y fuera de la oficina. A las ETT hay que meterles mano legslmente por todas partes pero la putada es que hay tanta gente (sin estudios sobre todo) que depende de ellas para vivir que los muy hijosdeputa en la administración no se atreven.,,2021-07-20,0,0
reddit,"Experiencia personal: he trabajado para ETT grandes y pequeñas, he tenido movidas en ETT grandes y pequeñas y me han seguido llamando desde ETT grandes y pequeñas. O la lista negra no funciona o alguien te ha intentado impresionar.","Experiencia personal: he trabajado para ETT grandes y pequeñas, he tenido movidas en ETT grandes y pequeñas y me han seguido llamando desde ETT grandes y pequeñas. O la lista negra no funciona o alguien te ha intentado impresionar.",,2021-07-20,0,0
reddit,"Sinceramente. Espero que tengas razón y no sea así porque me dio tanto puto asco que dejé ese trabajo en cuanto pude. Yo solo se que la rotación era demasiado, y muchas veces por un par de jefes que echaban a todo dios","Sinceramente. Espero que tengas razón y no sea así porque me dio tanto puto asco que dejé ese trabajo en cuanto pude. Yo solo se que la rotación era demasiado, y muchas veces por un par de jefes que echaban a todo dios",,2021-07-20,0,0
reddit,"Hiciste bien en irte, la seguridad es lo primero, lo segundo sería avisar a inspección de trabajo porque si tú has sufrido esas irregularidades en el primer día ten por seguro que hay más, y lo tercero sería sindicatarte para que eso no vuelva a pasar. Ánimo","Hiciste bien en irte, la seguridad es lo primero, lo segundo sería avisar a inspección de trabajo porque si tú has sufrido esas irregularidades en el primer día ten por seguro que hay más, y lo tercero sería sindicatarte para que eso no vuelva a pasar. Ánimo",,2021-07-20,0,0
reddit,Yolanda diaz pisa ese sitio y les cierra el chiringuito en 3s,Yolanda diaz pisa ese sitio y les cierra el chiringuito en 3s,,2021-07-20,0,0
reddit,"Denunciar en la inspección de trabajo es gratis y anónimo. A las 2 empresas, la ett y la demandante, no sólo por lo que te ocurrió, también por las condiciones de seguridad en general. Los/as trabajadores/as tenemos que denunciar este tipo de abusos o nadie lo hará, hay varias formas, comité de empresa, inspección, juzgado. Un trabajo en condiciones de esclavitud no es un trabajo que valga la pena, ni se debe consentir. Cuando alguien comienza una relación laboral, debe hacerlo de pleno derecho y con todas las garantías a las que tiene derecho. Es la única forma de que este maravilloso sistema de empleo pueda cambiarse, eso y la derogación de las reformas laborales del pp y psoe.","Denunciar en la inspección de trabajo es gratis y anónimo. A las 2 empresas, la ett y la demandante, no sólo por lo que te ocurrió, también por las condiciones de seguridad en general. Los/as trabajadores/as tenemos que denunciar este tipo de abusos o nadie lo hará, hay varias formas, comité de empresa, inspección, juzgado. Un trabajo en condiciones de esclavitud no es un trabajo que valga la pena, ni se debe consentir. Cuando alguien comienza una relación laboral, debe hacerlo de pleno derecho y con todas las garantías a las que tiene derecho. Es la única forma de que este maravilloso sistema de empleo pueda cambiarse, eso y la derogación de las reformas laborales del pp y psoe.",,2021-07-20,0,0
reddit,Lo he hecho,Lo he hecho,,2021-07-21,0,0
reddit,"Me alegro mucho. Bien por tí, ejemplar! 👌✊","Me alegro mucho. Bien por tí, ejemplar!",👌✊,2021-07-21,0,0
reddit,"Yo he trabajado en fábricas pero como ingeniero y te digo que no había oído nada ni parecido. Al principio te iba a acusar de invent. Es que me parece increible. Pillan a esa fabrica sin medidas justas de protección y le meten una multa al dueño que lo dejan en bancarrota.

Por lo menos en mi experiencia la seguridad del personal operario es la primera prioridad. Y no lo digo ni en broma, del dinero se ocupan los de arriba, en planta primero va la seguridad y luego ya la calidad. Tambien esverdad que mis fabricas eran modernas jajaja. No de cajas","Yo he trabajado en fábricas pero como ingeniero y te digo que no había oído nada ni parecido. Al principio te iba a acusar de invent. Es que me parece increible. Pillan a esa fabrica sin medidas justas de protección y le meten una multa al dueño que lo dejan en bancarrota. Por lo menos en mi experiencia la seguridad del personal operario es la primera prioridad. Y no lo digo ni en broma, del dinero se ocupan los de arriba, en planta primero va la seguridad y luego ya la calidad. Tambien esverdad que mis fabricas eran modernas jajaja. No de cajas",,2021-07-20,0,0
reddit,"Ojala fuera un invent porque iba to ilusionado con ganas y me da un yuyu k me tuve que ir, era raro porque también embotellaban detergente y revistas. Alomejor no me dieron nada y lo pase asi porque yo venia de la ett","Ojala fuera un invent porque iba to ilusionado con ganas y me da un yuyu k me tuve que ir, era raro porque también embotellaban detergente y revistas. Alomejor no me dieron nada y lo pase asi porque yo venia de la ett",,2021-07-20,0,0
reddit,"Nada nada. Da igual de dónde vengas. Te tienen que proteger. Segun entras en planta tu seguridad es su labor. Vamos que te pasa cualquier cosa, vas a un abogado laboral y se les cae el pelo. Es que no lo entiendo de verdad.

Al ingeniero que estuviera ahi le tendrían que quitar la licencia","Nada nada. Da igual de dónde vengas. Te tienen que proteger. Segun entras en planta tu seguridad es su labor. Vamos que te pasa cualquier cosa, vas a un abogado laboral y se les cae el pelo. Es que no lo entiendo de verdad. Al ingeniero que estuviera ahi le tendrían que quitar la licencia",,2021-07-20,0,0
reddit,"Deberia ngl porque estaba a punto de tirarme al suelo y me llevan con el jefe y lo unico que me dice es vete xd, mi madre hasta me ha echado la bronca","Deberia ngl porque estaba a punto de tirarme al suelo y me llevan con el jefe y lo unico que me dice es vete xd, mi madre hasta me ha echado la bronca",,2021-07-20,0,0
reddit,Bufff. Tio búscate algo mejor o estudia algo. Hsy cursos de operario muy bien pagados,Bufff. Tio búscate algo mejor o estudia algo. Hsy cursos de operario muy bien pagados,,2021-07-20,0,0
reddit,"Te ha tocado una mala, dicen por aquí que cuanto mas grande peor pero por lo que he visto yo es al revés. Las empresas grandes tienen servicios propios de prevención y saben lo que se juegan mejor que talleres Pepe, el de las estructuras de aluminio.

Cuanto vale un puto cutter? Eso no es por dinero es dejadez y esos sitios cuanto mas lejos mejor.
Cerca de casa habia una fabrica de tela asfaltica que trataba a los empleados como mierda, comian en un comedor con ratas y los sistemas de seguridad de las maquinas estaban rotos y para que siguieran funcionando los tenían manipulados.

Resultado: hace unos meses un chaval se quedó enganchado a un rollo de tela y la maquina lo aplastó. Ahora tienen que pagar mas de 328k€ de multa y es posible que los dueños sean imputados por homicidio. Habia denuncias previas.

Hay gente que sigue en la puta edad de piedra, unos guantes y un cutter valen menos que una hora de sueldo y si no los das (dejando a un lado la humanidad) lo mínimo te arriesgas a perder media jornada o mas por una baja por un corte o astillas clavadas e infección y lo máximo lo que he puesto arriba.

Algunos empresarios son anormales. Después dicen que tenemos mala productividad.","Te ha tocado una mala, dicen por aquí que cuanto mas grande peor pero por lo que he visto yo es al revés. Las empresas grandes tienen servicios propios de prevención y saben lo que se juegan mejor que talleres Pepe, el de las estructuras de aluminio. Cuanto vale un puto cutter? Eso no es por dinero es dejadez y esos sitios cuanto mas lejos mejor. Cerca de casa habia una fabrica de tela asfaltica que trataba a los empleados como mierda, comian en un comedor con ratas y los sistemas de seguridad de las maquinas estaban rotos y para que siguieran funcionando los tenían manipulados. Resultado: hace unos meses un chaval se quedó enganchado a un rollo de tela y la maquina lo aplastó. Ahora tienen que pagar mas de 328k€ de multa y es posible que los dueños sean imputados por homicidio. Habia denuncias previas. Hay gente que sigue en la puta edad de piedra, unos guantes y un cutter valen menos que una hora de sueldo y si no los das (dejando a un lado la humanidad) lo mínimo te arriesgas a perder media jornada o mas por una baja por un corte o astillas clavadas e infección y lo máximo lo que he puesto arriba. Algunos empresarios son anormales. Después dicen que tenemos mala productividad.",,2021-07-20,0,0
reddit,"Agree, sinceramente queria amazon porque me hablaban muy bien de ella","Agree, sinceramente queria amazon porque me hablaban muy bien de ella",,2021-07-21,0,0
reddit,"Toma esto es anonimo, no es exactamente como una denuncia, pues no al no personarte en una demanda laboral no sacarás nada pero por lo menos pondrás en conocimiento de los inspectores de trabajo la situación y quizás los próximos tengan mejores condiciones. Es el buzón de fraude, está pensado para los que timan a la seguridad social y esto parece más una negligencia pero no pierdes nada por rellenarlo.

Suerte

https://expinterweb.mitramiss.gob.es/buzonfraude/","Toma esto es anonimo, no es exactamente como una denuncia, pues no al no personarte en una demanda laboral no sacarás nada pero por lo menos pondrás en conocimiento de los inspectores de trabajo la situación y quizás los próximos tengan mejores condiciones. Es el buzón de fraude, está pensado para los que timan a la seguridad social y esto parece más una negligencia pero no pierdes nada por rellenarlo. Suerte https://expinterweb.mitramiss.gob.es/buzonfraude/",,2021-07-20,0,0
reddit,"Yo también trabajé en una fábrica (Picnic) pero en Amsterdam, ahí era obligatorio llevar los zapatos, camisetas y guantes específicos en cualquier departamento. Incluso te daban abrigo para la zona que estaba a -20 grados.","Yo también trabajé en una fábrica (Picnic) pero en Amsterdam, ahí era obligatorio llevar los zapatos, camisetas y guantes específicos en cualquier departamento. Incluso te daban abrigo para la zona que estaba a -20 grados.",,2021-07-20,0,0
reddit,"Has hecho muy bien en irte. Estas cosas pasan porque la gente traga con los abusos. Cuando la ETT deje de enviarle gente porque todos los temporales como tú se van, quizás empiecen a recapacitar. 

No hay que tener miedo a decir que algo está mal, es la única manera de mejorar. También es importante conocer tus derechos como trabajador, hay mucha información disponible. Los sindicatos son herramientas muy útiles para saber qué cosas son aceptables y cuáles son denunciables.

En mi opinion, la gente que acepta condiciones laborales de explotación son casi tan culpables como quienes les explotan. Entiendo que todos tenemos que cubrir nuestras necesidades, pero o los trabajadores nos plantamos o acabaremos trabajando 12 horas al día 7 días a la semana si fuera por la patronal.

Como dijo el maestro José Luis Sampedro, ""En mi hambre, mando yo"".","Has hecho muy bien en irte. Estas cosas pasan porque la gente traga con los abusos. Cuando la ETT deje de enviarle gente porque todos los temporales como tú se van, quizás empiecen a recapacitar. No hay que tener miedo a decir que algo está mal, es la única manera de mejorar. También es importante conocer tus derechos como trabajador, hay mucha información disponible. Los sindicatos son herramientas muy útiles para saber qué cosas son aceptables y cuáles son denunciables. En mi opinion, la gente que acepta condiciones laborales de explotación son casi tan culpables como quienes les explotan. Entiendo que todos tenemos que cubrir nuestras necesidades, pero o los trabajadores nos plantamos o acabaremos trabajando 12 horas al día 7 días a la semana si fuera por la patronal. Como dijo el maestro José Luis Sampedro, ""En mi hambre, mando yo"".",,2021-07-20,0,0
reddit,"Comisiones obreras son los únicos capaces de asustar a estas picadoras de carne con nombre de empresa. Ya sé que los sindicatos tienen muy mala fama en internet por anécdotas de corrupción, pero en la vida real no he visto a nadie más capaz de forzar a una empresa a cumplir una ley. Meterse en denuncias y juicios como individuo es una ruina tanto para la cartera como para la salud mental y ellos cuentan con eso para seguir maltratando.","Comisiones obreras son los únicos capaces de asustar a estas picadoras de carne con nombre de empresa. Ya sé que los sindicatos tienen muy mala fama en internet por anécdotas de corrupción, pero en la vida real no he visto a nadie más capaz de forzar a una empresa a cumplir una ley. Meterse en denuncias y juicios como individuo es una ruina tanto para la cartera como para la salud mental y ellos cuentan con eso para seguir maltratando.",,2021-07-20,0,0
reddit,Bienvenido al mundo de las ett dónde cada empresa es peor que la anterior,Bienvenido al mundo de las ett dónde cada empresa es peor que la anterior,,2021-07-20,0,0
reddit,"Lo del cúter normalmente es porque está prohibido llevar este tipo de cosas por si se caen en una caja o se cuelan donde no deberían. Las botas, por curiosidad, eran unas de agua? A mi me dieron una vez unas de agua sin puntera y no veas no sé cómo no me rompí el dedo. Luego lo de los guantes también está muy mal, raro es que tansiquiera se hayan preocupado de que mancharas las cajas y se arriesgaran a tener alguna devolución. Además es obligatorio tapar las heridas en ese tipo de casos con una tirita y luego guantes. En fin, los jefes cuando más dinero tienen mas se alejan de los trabajadores pobres y menos les importan, solo piensan en reducir gastos. Luego lo irónico es que sucede lo contrario, acaban gastando más en encontrar gente nueva, bajas... que haciendo las cosas bien.","Lo del cúter normalmente es porque está prohibido llevar este tipo de cosas por si se caen en una caja o se cuelan donde no deberían. Las botas, por curiosidad, eran unas de agua? A mi me dieron una vez unas de agua sin puntera y no veas no sé cómo no me rompí el dedo. Luego lo de los guantes también está muy mal, raro es que tansiquiera se hayan preocupado de que mancharas las cajas y se arriesgaran a tener alguna devolución. Además es obligatorio tapar las heridas en ese tipo de casos con una tirita y luego guantes. En fin, los jefes cuando más dinero tienen mas se alejan de los trabajadores pobres y menos les importan, solo piensan en reducir gastos. Luego lo irónico es que sucede lo contrario, acaban gastando más en encontrar gente nueva, bajas... que haciendo las cosas bien.",,2021-07-20,0,0
reddit,Unas panam modelo oslo,Unas panam modelo oslo,,2021-07-20,0,0
reddit,"A mí me ha pasado también aunque duré seis meses por pura necesidad.
Yo estaba como encajadora/enmalladora en una fábrica de importación/exportación de cítricos.
Contrato a media jornada pero en realidad trabajaba entre 10 y 14 horas diarias, de lunes a domingo durante dos semanas seguidas, libraba un domingo y vuelta a empezar. Todo esto con 30 minutos de descanso al día.

Como digo, fue pura necesidad porque nos iban a embargar la casa. Pagaban bien...

Pero si no vuelvo a estar en una situación tan precaria...no voy a volver a algo así jamás. Antes me como las bolitas de pelo y polvo de debajo de la cama.

Al empezar pesaba 55kg (soy mujer) y mido 1,65m, cuando acabé estaba en 45kg, puro músculo xD
Ahora me río cuando me acuerdo, pero había días que llegaba a casa y no podía dormir porque cuando cerraba los ojos lo veía todo de color naranja y me entraba la risa rollo panic attack.
Y cuando sonaba el despertador...lloraba.","A mí me ha pasado también aunque duré seis meses por pura necesidad. Yo estaba como encajadora/enmalladora en una fábrica de importación/exportación de cítricos. Contrato a media jornada pero en realidad trabajaba entre 10 y 14 horas diarias, de lunes a domingo durante dos semanas seguidas, libraba un domingo y vuelta a empezar. Todo esto con 30 minutos de descanso al día. Como digo, fue pura necesidad porque nos iban a embargar la casa. Pagaban bien... Pero si no vuelvo a estar en una situación tan precaria...no voy a volver a algo así jamás. Antes me como las bolitas de pelo y polvo de debajo de la cama. Al empezar pesaba 55kg (soy mujer) y mido 1,65m, cuando acabé estaba en 45kg, puro músculo xD Ahora me río cuando me acuerdo, pero había días que llegaba a casa y no podía dormir porque cuando cerraba los ojos lo veía todo de color naranja y me entraba la risa rollo panic attack. Y cuando sonaba el despertador...lloraba.",,2021-07-20,0,0
reddit,"Acostumbrate, es normal. Triste, pero normal.","Acostumbrate, es normal. Triste, pero normal.",,2021-07-20,0,0
reddit,"5 horas?? 😂😂😂😂 

Luego os preguntais que porque España se va a la mierda.",5 horas?? Luego os preguntais que porque España se va a la mierda.,😂😂😂😂,2021-07-20,0,0
reddit,[deleted],[deleted],,2021-07-20,0,0
reddit,Por que estas tan enfadado?,Por que estas tan enfadado?,,2021-07-20,0,0
reddit,[deleted],[deleted],,2021-07-20,0,0
reddit,Solo explico una experiencia personal,Solo explico una experiencia personal,,2021-07-20,0,0
reddit,[deleted],[deleted],,2021-07-20,0,0
reddit,"Jajaj no estoy enfadado, pero bueno respeto tu opinión","Jajaj no estoy enfadado, pero bueno respeto tu opinión",,2021-07-20,0,0
reddit,El que tienes que dejar de llorar eres tú y empezar a exigir tus derechos por ley. Tu discurso es increíblemente conformista y no lleva a nada excepto a la frustración.,El que tienes que dejar de llorar eres tú y empezar a exigir tus derechos por ley. Tu discurso es increíblemente conformista y no lleva a nada excepto a la frustración.,,2021-07-20,0,0
reddit,A esta gente le falta calle bro,A esta gente le falta calle bro,,2021-07-20,0,0
reddit,Denuncia a inspección del trabajo,Denuncia a inspección del trabajo,,2021-07-20,0,0
reddit,Bienvenido al maravilloso mundo del capitalismo...,Bienvenido al maravilloso mundo del capitalismo...,,2021-07-20,0,0
reddit,"Me ocurrió algo parecido los que estaban por fábrica insultando y faltando el respeto a los de ETT condiciones infrahumanas los encargados unos sinvergüenzas los de la ETT me dieron unas botas 2 tallas menos, los pantalones eran una basura y el ritmo de trabajo se rompieron la primera semana niñatas de 20 años y indigentes mentales insultandote y mandandote más que los encargados. En esa fábrica dure un mes y no se la recomiendo ni a mi peor enemigo","Me ocurrió algo parecido los que estaban por fábrica insultando y faltando el respeto a los de ETT condiciones infrahumanas los encargados unos sinvergüenzas los de la ETT me dieron unas botas 2 tallas menos, los pantalones eran una basura y el ritmo de trabajo se rompieron la primera semana niñatas de 20 años y indigentes mentales insultandote y mandandote más que los encargados. En esa fábrica dure un mes y no se la recomiendo ni a mi peor enemigo",,2021-07-20,0,0
reddit,"Es importante denunciar esos casos sobre todo el no dar epis porque es un riesgo para la salud. Luego pasan cosas serias y todos las manos a la cabeza.

Donde curra mi hermano una máquina de guillotina de esas se llevó la mano de una chica. Pues lio porque todos sabían que la máquina funcionaba mal, pero por no bajar la producción, anularon el freno de seguridad. Resultado operaría manca y juicios y líos. 
Si temes represalias, denuncia dentro de dos meses, que ya habrán pasado 10 o 12 por ese infierno y no sabrán qué fuiste tu.","Es importante denunciar esos casos sobre todo el no dar epis porque es un riesgo para la salud. Luego pasan cosas serias y todos las manos a la cabeza. Donde curra mi hermano una máquina de guillotina de esas se llevó la mano de una chica. Pues lio porque todos sabían que la máquina funcionaba mal, pero por no bajar la producción, anularon el freno de seguridad. Resultado operaría manca y juicios y líos. Si temes represalias, denuncia dentro de dos meses, que ya habrán pasado 10 o 12 por ese infierno y no sabrán qué fuiste tu.",,2021-07-21,0,0
reddit,"I’m commenting because I have the same question. How would I donate blood, I have one of the blood types they always want too?","I’m commenting because I have the same question. How would I donate blood, I have one of the blood types they always want too?",,2026-01-20,0,0
reddit,In most hospitals,In most hospitals,,2026-01-20,0,0
reddit,"Thank you! I might as well ask at my centro de salud, I have an appointment today anyway and I’m in Andalucia.","Thank you! I might as well ask at my centro de salud, I have an appointment today anyway and I’m in Andalucia.",,2026-01-20,0,0
reddit,I’m looking up locations now.,I’m looking up locations now.,,2026-01-20,0,0
reddit,"In almost any hospital. You can also look for donation campaigns.

edit: you can check here: [https://www.sanidad.gob.es/profesionales/saludPublica/medicinaTransfusional/dondedonar.htm](https://www.sanidad.gob.es/profesionales/saludPublica/medicinaTransfusional/dondedonar.htm)",In almost any hospital. You can also look for donation campaigns. edit: you can check here: [https://www.sanidad.gob.es/profesionales/saludPublica/medicinaTransfusional/dondedonar.htm](https://www.sanidad.gob.es/profesionales/saludPublica/medicinaTransfusional/dondedonar.htm),,2026-01-20,0,0
reddit,"Giving blood it's always important, thanks for wanting to help. There is going to be a lot of donations this first days giving it a couple weeks later may be even more useful","Giving blood it's always important, thanks for wanting to help. There is going to be a lot of donations this first days giving it a couple weeks later may be even more useful",,2026-01-20,0,0
reddit,"That’s actually a great idea. I think I’ll start doing it periodically. I have the universal donor type. It’s the least I can do. 

This was a reminder for me. I want to bring added value to my host country in general. Any other suggestions, feel free to share.","That’s actually a great idea. I think I’ll start doing it periodically. I have the universal donor type. It’s the least I can do. This was a reminder for me. I want to bring added value to my host country in general. Any other suggestions, feel free to share.",,2026-01-20,0,0
reddit,You can donate in almost any hospital. [Here](https://www.sanidad.gob.es/profesionales/saludPublica/medicinaTransfusional/dondedonar.htm) you can check donation locations.,You can donate in almost any hospital. [Here](https://www.sanidad.gob.es/profesionales/saludPublica/medicinaTransfusional/dondedonar.htm) you can check donation locations.,,2026-01-20,0,0
reddit,Got it! Thanks!,Got it! Thanks!,,2026-01-20,0,0
reddit,"If you're based in Valencia, you can always go to Hospital General. The Transfusion Center for the Valencian Community is there, and they are open Mon to Fri to receive blood donations.","If you're based in Valencia, you can always go to Hospital General. The Transfusion Center for the Valencian Community is there, and they are open Mon to Fri to receive blood donations.",,2026-01-20,0,0
reddit,Awesome! Thanks so much!,Awesome! Thanks so much!,,2026-01-20,0,0
reddit,"Yo aun me acuerdo de ver volver a mi padre de la fábrica molido. Es un trabajo duro y no tan bien pagado cuando tienes en cuenta lo asquerosamente repetitivo que es. Sinceramente verle asi es lo que me motivo a estudiar jajajaja.

Mi padre cambio varias veces y si que es verdad que algunas fabricas tienen jefes hijosdeputa pero hasta donde yo se has tenido la peor suerte posible.",Yo aun me acuerdo de ver volver a mi padre de la fábrica molido. Es un trabajo duro y no tan bien pagado cuando tienes en cuenta lo asquerosamente repetitivo que es. Sinceramente verle asi es lo que me motivo a estudiar jajajaja. Mi padre cambio varias veces y si que es verdad que algunas fabricas tienen jefes hijosdeputa pero hasta donde yo se has tenido la peor suerte posible.,,2021-07-20,0,0
reddit,"Realmente antes si que era la tortura viva, me alegro por ti tio sigue estudiando","Realmente antes si que era la tortura viva, me alegro por ti tio sigue estudiando",,2021-07-20,0,0
reddit,"Es que esa es la puta vida. Sin estudios eres en muchos escenarios un peón reemplazable y te colocan en escenarios de o lo tomas o lo dejas. Y no lo digo como un ataque vaya, sino como la realidad que te toca vivir. Como se ha dicho toda la vida, si no querías un trabajo físico... “haber estudiao”","Es que esa es la puta vida. Sin estudios eres en muchos escenarios un peón reemplazable y te colocan en escenarios de o lo tomas o lo dejas. Y no lo digo como un ataque vaya, sino como la realidad que te toca vivir. Como se ha dicho toda la vida, si no querías un trabajo físico... “haber estudiao”",,2021-07-20,0,0
reddit,"""Lo que te toca"" 

XD

En fin, especie débil","""Lo que te toca"" XD En fin, especie débil",,2023-09-14,0,0
reddit,No es necesario estudiar para trabajo no físico man,No es necesario estudiar para trabajo no físico man,,2021-07-20,0,0
reddit,"Tio, he trabajado en fabricas como ingeniero en practicas, lo que significa que no lo pasaba mal (más aburrimiento que otra cosa), pero me he recorrido fabricas viendo a los operarios trabajar y lo que tu comentas es totalmente ilegal, tu no tienes que llevar nada a la fabrica, tu vas en ropa casual de calle y ellos te tienen que dar todo completamente y cualquier proteccion igual. Planteate  denunciar en el buzon de la consejeria de trabajo de la CCAA donde se encuentre.","Tio, he trabajado en fabricas como ingeniero en practicas, lo que significa que no lo pasaba mal (más aburrimiento que otra cosa), pero me he recorrido fabricas viendo a los operarios trabajar y lo que tu comentas es totalmente ilegal, tu no tienes que llevar nada a la fabrica, tu vas en ropa casual de calle y ellos te tienen que dar todo completamente y cualquier proteccion igual. Planteate denunciar en el buzon de la consejeria de trabajo de la CCAA donde se encuentre.",,2021-07-20,0,0
reddit,Muchas gracias por el consejo me lo pienso seriamente,Muchas gracias por el consejo me lo pienso seriamente,,2021-07-20,0,0
reddit,"Por favor, hazlo, entre todos podemos acabar con esas empresas nefastas.","Por favor, hazlo, entre todos podemos acabar con esas empresas nefastas.",,2021-07-20,0,0
reddit,"Si no lo haces tú, que lo has sufrido, no lo va a hacer nadie y esa empresa va a seguir haciendo con otra gente lo mismo que han hecho contigo.

Para otros que estén en situaciones parecidas: hacer parte de lesiones en hospital (si, como al OP, trabajar os ha supuesto heridas u otras afecciones) y denuncia a la consejería de trabajo con dicho parte de lesiones.","Si no lo haces tú, que lo has sufrido, no lo va a hacer nadie y esa empresa va a seguir haciendo con otra gente lo mismo que han hecho contigo. Para otros que estén en situaciones parecidas: hacer parte de lesiones en hospital (si, como al OP, trabajar os ha supuesto heridas u otras afecciones) y denuncia a la consejería de trabajo con dicho parte de lesiones.",,2021-07-20,0,0
reddit,"Denuncia. No es que te haya tocado una mala fábrica, es que lo que cuentas es ilegal. Denuncia por favor o lo seguirán haciendo.","Denuncia. No es que te haya tocado una mala fábrica, es que lo que cuentas es ilegal. Denuncia por favor o lo seguirán haciendo.",,2021-07-20,0,0
reddit,"Joder, esto suena a explotación del ser humano. 😕 Espero que encuentres otra cosa pronto.","Joder, esto suena a explotación del ser humano. Espero que encuentres otra cosa pronto.",😕,2021-07-20,0,0
reddit,❤️,,❤️,2021-07-20,0,0
reddit,"Hombre claro esas son las mismas empresas que luego se quejan que no encuentran gente buena para trabajar.Lo de cuidar de tus trabajadores para que ellos cuiden de tu empresa a algunos les cuesta entenderlo,hijos de puta vamos.Hiciste muy bien irte que les den por el culo. En fin,animo hermano seguro que encuentres algo mejor.


En mi caso puedo contarte de cuando trabajaba en una empresa 11 horas al dia y en pleno verano tenian el agua guardado bajo llave y si tomabas demasiada agua te taban un toque de atención a y nos hacian limpiar el suelo con el agua que dejaba el aire acondicionado que tenian ellos en la oficina.","Hombre claro esas son las mismas empresas que luego se quejan que no encuentran gente buena para trabajar.Lo de cuidar de tus trabajadores para que ellos cuiden de tu empresa a algunos les cuesta entenderlo,hijos de puta vamos.Hiciste muy bien irte que les den por el culo. En fin,animo hermano seguro que encuentres algo mejor. En mi caso puedo contarte de cuando trabajaba en una empresa 11 horas al dia y en pleno verano tenian el agua guardado bajo llave y si tomabas demasiada agua te taban un toque de atención a y nos hacian limpiar el suelo con el agua que dejaba el aire acondicionado que tenian ellos en la oficina.",,2021-07-20,0,0
reddit,"100% con lo que has dicho, yo iba con ilusión ns por k era mi primer trabajo y me dijieron en la ett que aguantara y no intentara quejarme, me siento pringaillo por no haber aguantao ni 1 dia pero bueno, salario mínimo esfuerzo mínimo","100% con lo que has dicho, yo iba con ilusión ns por k era mi primer trabajo y me dijieron en la ett que aguantara y no intentara quejarme, me siento pringaillo por no haber aguantao ni 1 dia pero bueno, salario mínimo esfuerzo mínimo",,2021-07-20,0,0
reddit,"&gt; me siento pringaillo por no haber aguantao ni 1 dia

Pringaillo es el que se mata por otro tío, apartar la mano cuando te cortas es una reacción que indica que tu sistema nervioso funciona como debería","&gt; me siento pringaillo por no haber aguantao ni 1 dia Pringaillo es el que se mata por otro tío, apartar la mano cuando te cortas es una reacción que indica que tu sistema nervioso funciona como debería",,2021-07-20,0,0
reddit,"Vamos, que los de la ETT sabían perfectamente donde te llevaban y te han hecho creer que si no aguantas es tu culpa.

Denuncia a la empresa tio, esos hijos de puta no pueden seguir abiertos","Vamos, que los de la ETT sabían perfectamente donde te llevaban y te han hecho creer que si no aguantas es tu culpa. Denuncia a la empresa tio, esos hijos de puta no pueden seguir abiertos",,2021-07-20,0,0
reddit,"No te plantees la denuncia, hazlo. No debemos permitir estas cosas, ya no solo por la explotación a la que nos someten, si no por las vidas con las que acaban. 

&amp;#x200B;

De verdad, denúncia.","No te plantees la denuncia, hazlo. No debemos permitir estas cosas, ya no solo por la explotación a la que nos someten, si no por las vidas con las que acaban. &amp;#x200B; De verdad, denúncia.",,2021-07-20,0,0
reddit,"Madre mía dinos qué empresa es, y denúnciala a la Inspección de Prevención de Riesgos Laborales. Son una empresa pirata.","Madre mía dinos qué empresa es, y denúnciala a la Inspección de Prevención de Riesgos Laborales. Son una empresa pirata.",,2021-07-20,0,0
reddit,"En mi experiencia, gran parte de los trabajos como operario en este país están muy lejos de cumplir las leyes de Prevención de Riesgos Laborales.

A mi me han hecho subir a alturas de 3m sin arnés, y con posibilidad de caerme yo, y el objeto al que estaba subido. Se trabaja sin protecciones en muchos de ellos.
En las obras muchas veces no hay ni barandillas de protección. La gente que trabaja construyendo casas individuales muchas veces no utiliza arnés anti-caida (ni cuando están montando tejados). 

Yo he tenido que llevar mis propias botas de seguridad a muchos de ellos porque ""ya hemos hecho el pedido, pero aún no han llegado"", mucho menos ropa de trabajo, que te la dan pasada los seis meses, no vaya a ser que dejes el trabajo y te lleves la camiseta fea con el logo de la empresa.

En este país hay mucha prevención que aplicar aún, para ello se necesitan más inspecciones laborales. En el tiempo que yo he trabajado solo he visto una inspección.
Y aún así no consiguen ver todos los fallos porque desconocen el proceso productivo de la empresa.

Mi consejo es que si ves las cosas muy crudas, dejes el trabajo. Nadie debería arriesgar la vida por ganar un sueldo. El problema es que al haber gente dispuesta a todo por ese mismo sueldo, nunca se mejorarán las condiciones para los demás.

No tienes que salir sangrando de un trabajo para darte cuenta de que las cosas no se hacen bien.

PD: lo del dolor de pies es algo a lo que te acostumbras, irás viendo que no es lo peor que te encuentras.","En mi experiencia, gran parte de los trabajos como operario en este país están muy lejos de cumplir las leyes de Prevención de Riesgos Laborales. A mi me han hecho subir a alturas de 3m sin arnés, y con posibilidad de caerme yo, y el objeto al que estaba subido. Se trabaja sin protecciones en muchos de ellos. En las obras muchas veces no hay ni barandillas de protección. La gente que trabaja construyendo casas individuales muchas veces no utiliza arnés anti-caida (ni cuando están montando tejados). Yo he tenido que llevar mis propias botas de seguridad a muchos de ellos porque ""ya hemos hecho el pedido, pero aún no han llegado"", mucho menos ropa de trabajo, que te la dan pasada los seis meses, no vaya a ser que dejes el trabajo y te lleves la camiseta fea con el logo de la empresa. En este país hay mucha prevención que aplicar aún, para ello se necesitan más inspecciones laborales. En el tiempo que yo he trabajado solo he visto una inspección. Y aún así no consiguen ver todos los fallos porque desconocen el proceso productivo de la empresa. Mi consejo es que si ves las cosas muy crudas, dejes el trabajo. Nadie debería arriesgar la vida por ganar un sueldo. El problema es que al haber gente dispuesta a todo por ese mismo sueldo, nunca se mejorarán las condiciones para los demás. No tienes que salir sangrando de un trabajo para darte cuenta de que las cosas no se hacen bien. PD: lo del dolor de pies es algo a lo que te acostumbras, irás viendo que no es lo peor que te encuentras.",,2021-07-20,0,0
reddit,"Joer tio lo tuyo si k es fuerte, buah t juro k lo de los pies era insoportable, les pedi un 43 y me dieron un 45 y me reventaba todo el pie xd","Joer tio lo tuyo si k es fuerte, buah t juro k lo de los pies era insoportable, les pedi un 43 y me dieron un 45 y me reventaba todo el pie xd",,2021-07-20,0,0
reddit,"Y tuviste suerte que te las dieron grandes y no pequeñas jajajaja

Fuerza compañero, de todo se acaba saliendo","Y tuviste suerte que te las dieron grandes y no pequeñas jajajaja Fuerza compañero, de todo se acaba saliendo",,2021-07-20,0,0
reddit,"Tienes que tener buena paciencia, yo me hubiese ido a los 10 minutos con las condiciones que cuentas.

Yo en mi primer empleo estuve en soporte de internet/adsl. El sueldo muy justito, pero las condiciones bien.","Tienes que tener buena paciencia, yo me hubiese ido a los 10 minutos con las condiciones que cuentas. Yo en mi primer empleo estuve en soporte de internet/adsl. El sueldo muy justito, pero las condiciones bien.",,2021-07-20,0,0
reddit,"Yo trabajé en una fábrica española hace un par de años. Duré 2 horas (lo que duraba la ""introducción"" que en realidad era ponerte a trabajar de gratis a ver qué hacías) porque no me querían dar contrato.

Ahora soy programador y lider de tecnología para una empresa extranjera, tengo mi despachito privado de 30m2, aire acondicionado pal invierno, calefacción pal veranito, neverita y almuerzos pagados y aunque trabaje 10h/dia 6d/semana no lo cambiaría por nada.

Siempre podrás encontrar algo mejor. No desesperes.

Edit: Se que trabajar tanto no es legal en España. Sinceramente me da igual. El 40% de mi tiempo lo paso en internet o durmiendo a puerta cerrada porque he conseguido optimizar el sistema de mi predecesor hasta ese punto.","Yo trabajé en una fábrica española hace un par de años. Duré 2 horas (lo que duraba la ""introducción"" que en realidad era ponerte a trabajar de gratis a ver qué hacías) porque no me querían dar contrato. Ahora soy programador y lider de tecnología para una empresa extranjera, tengo mi despachito privado de 30m2, aire acondicionado pal invierno, calefacción pal veranito, neverita y almuerzos pagados y aunque trabaje 10h/dia 6d/semana no lo cambiaría por nada. Siempre podrás encontrar algo mejor. No desesperes. Edit: Se que trabajar tanto no es legal en España. Sinceramente me da igual. El 40% de mi tiempo lo paso en internet o durmiendo a puerta cerrada porque he conseguido optimizar el sistema de mi predecesor hasta ese punto.",,2021-07-20,0,0
reddit,Me encantan estas historias de éxito en las que uno consigue ganar horas de tiempo al optimizar el proceso de trabajo xD No se lo digas al jefe o te pondrá el doble de trabajo para optimizar!,Me encantan estas historias de éxito en las que uno consigue ganar horas de tiempo al optimizar el proceso de trabajo xD No se lo digas al jefe o te pondrá el doble de trabajo para optimizar!,,2021-07-20,0,0
reddit,Nl hace falta que me lo digas 2 veces xD Mi boca es una tumba,Nl hace falta que me lo digas 2 veces xD Mi boca es una tumba,,2021-07-20,0,0
reddit,"como que aire acondicionado pal invierno calefa pal verano. A ver, esto a mi me lo tienes que explicar a mi más en detalle, que creo que entonces lo he estado haciendo mal toda mi vía ;)","como que aire acondicionado pal invierno calefa pal verano. A ver, esto a mi me lo tienes que explicar a mi más en detalle, que creo que entonces lo he estado haciendo mal toda mi vía ;)",,2021-07-20,0,0
reddit,Fuego al fuego!,Fuego al fuego!,,2021-07-20,0,0
reddit,"me alegro mucho por ti enhorabuena, dreaming teniendo despacho propio","me alegro mucho por ti enhorabuena, dreaming teniendo despacho propio",,2021-07-20,0,0
reddit,60 horas semanales y feliz?  XD,60 horas semanales y feliz? XD,,2021-07-20,0,0
reddit,Dificilmente trabajo mas de 20 asi que sí. El resto del tiempo con estar atento al telefono me va bien.,Dificilmente trabajo mas de 20 asi que sí. El resto del tiempo con estar atento al telefono me va bien.,,2021-07-20,0,0
reddit,Pues te contradices o dejabas a medias la información por alguna razón que desconozco.,Pues te contradices o dejabas a medias la información por alguna razón que desconozco.,,2021-07-20,0,0
reddit,Se ve que no sabes leer hasta el final de un comentario porque bien claro que lo pone en el Edit,Se ve que no sabes leer hasta el final de un comentario porque bien claro que lo pone en el Edit,,2021-07-20,0,0
reddit,"Mi unica experiencia laboral han sido las prácticas del CFGS. Entré en el ayuntamiento de mi pueblo, que es chiquitito, y en el mes y medio que duraron actualicé una parte de la infraestructura informática, instalé nuevas medidas de seguridad, puse en marcha una web de pedir citas previas para los servicios del ayto (por lo del covid), moví uno de los servidores a otro edificio para tener copias de seguridad en caso de catástrofe, etc.

La verdad les caí bien a muchos de los que trabajaban ahí, y especialmente al informático le encantaba que estuviese allí porque soy bastante amañado, por lo que le sacaba bastante trabajo y encima implementabamos tecnologias nuevas/mejorabamos lo que estaba.

El tema es que es un organismo público, y a no ser que tuviese un enchufe importante o llevase 400 años apuntado en el SEPE, no me podían hacer un contrato. A los de arriba que podían hacer algo pa meterme no les importé mucho, y no me han contratado.

Lo peor es que llegó una subvención para modernizar las instalaciones, y aunque yo me presenté, por mi formación/años esperando/yoquesé no fui yo el que entré (eso lo lleva el SEPE de la CCAA, no el Ayto), y según me ha comentado el informático del ayto - con el que me llevo bien - el que han puesto nuevo lleva varios meses y es un incompetente total, no sabe ni hacer cosas básicas de informática. Así va España","Mi unica experiencia laboral han sido las prácticas del CFGS. Entré en el ayuntamiento de mi pueblo, que es chiquitito, y en el mes y medio que duraron actualicé una parte de la infraestructura informática, instalé nuevas medidas de seguridad, puse en marcha una web de pedir citas previas para los servicios del ayto (por lo del covid), moví uno de los servidores a otro edificio para tener copias de seguridad en caso de catástrofe, etc. La verdad les caí bien a muchos de los que trabajaban ahí, y especialmente al informático le encantaba que estuviese allí porque soy bastante amañado, por lo que le sacaba bastante trabajo y encima implementabamos tecnologias nuevas/mejorabamos lo que estaba. El tema es que es un organismo público, y a no ser que tuviese un enchufe importante o llevase 400 años apuntado en el SEPE, no me podían hacer un contrato. A los de arriba que podían hacer algo pa meterme no les importé mucho, y no me han contratado. Lo peor es que llegó una subvención para modernizar las instalaciones, y aunque yo me presenté, por mi formación/años esperando/yoquesé no fui yo el que entré (eso lo lleva el SEPE de la CCAA, no el Ayto), y según me ha comentado el informático del ayto - con el que me llevo bien - el que han puesto nuevo lleva varios meses y es un incompetente total, no sabe ni hacer cosas básicas de informática. Así va España",,2021-07-20,0,0
reddit,"Hola, que tipos de programa usaste? Yo el día 9 empiezo también en el ayuntamiento entre por enchufe literal he de admitirlo porque la mitad de los concejales y una ex-alcaldesa me conocían, si yo vengo de un grado medio de SMR que tipo de tareas haré relacionadas con la seguridad informática?? El secretario de ahí me habló de servidores,contraseñas y antivirus pero no me lo detallo,de hecho estaré yo solo creo o con un compañero de clase. Ahí no hay informáticos en si. Es lo que me comentaron. Necesito algún consejo o lo que sea,tengo la sensación de que me mandaran hacer cosas que no me han enseñado en clase. Hable con una senadora que trabajaba ahí en ese ayuntamiento y me ha dicho que no esté nervioso y que esté tranquilo. 

De seguridad informática solo se hacer 2 o 3 cosas y ya está, tema de gestión de raids, auditar una red wifi y poco más relacionado con seguridad,poco se da de eso en un grado medio. Necesito algo de ayuda porque estaré ahí 3 meses y me comentaron que si lo hago bien me alargarán el contrato. Yo ya les avisé que no soy aquí Edward Snowden pero si hay algo que nose me empeñare en aprender,es lo que me dijo mi instructor de ahí que aquí se viene a aprender.","Hola, que tipos de programa usaste? Yo el día 9 empiezo también en el ayuntamiento entre por enchufe literal he de admitirlo porque la mitad de los concejales y una ex-alcaldesa me conocían, si yo vengo de un grado medio de SMR que tipo de tareas haré relacionadas con la seguridad informática?? El secretario de ahí me habló de servidores,contraseñas y antivirus pero no me lo detallo,de hecho estaré yo solo creo o con un compañero de clase. Ahí no hay informáticos en si. Es lo que me comentaron. Necesito algún consejo o lo que sea,tengo la sensación de que me mandaran hacer cosas que no me han enseñado en clase. Hable con una senadora que trabajaba ahí en ese ayuntamiento y me ha dicho que no esté nervioso y que esté tranquilo. De seguridad informática solo se hacer 2 o 3 cosas y ya está, tema de gestión de raids, auditar una red wifi y poco más relacionado con seguridad,poco se da de eso en un grado medio. Necesito algo de ayuda porque estaré ahí 3 meses y me comentaron que si lo hago bien me alargarán el contrato. Yo ya les avisé que no soy aquí Edward Snowden pero si hay algo que nose me empeñare en aprender,es lo que me dijo mi instructor de ahí que aquí se viene a aprender.",,2024-03-15,0,0
reddit,"Tío lo que te hicieron es una violacion total a las normas de seguridad y derechos del empleado. 

Yo de ti llamaría al inspector de trabajo para denunciar esos hechos ya de cabron por hacerte pasar eso ademas. 

PD: mi primer trabajo fue en una de las empresas de mi padre y trabajé en planta “para no recibir nada de gratis” y me dieron todos los guantes, botas, elementos  y guía para trabajar en la maquinaria. Que vamos, que esos mínimos son dictados por ley!","Tío lo que te hicieron es una violacion total a las normas de seguridad y derechos del empleado. Yo de ti llamaría al inspector de trabajo para denunciar esos hechos ya de cabron por hacerte pasar eso ademas. PD: mi primer trabajo fue en una de las empresas de mi padre y trabajé en planta “para no recibir nada de gratis” y me dieron todos los guantes, botas, elementos y guía para trabajar en la maquinaria. Que vamos, que esos mínimos son dictados por ley!",,2021-07-20,0,0
reddit,"Trabajé por primera vez con mi padre ayudándole en agricultura. Yo estoy haciendo carrera de música y mis primeros trabajos han sido colaboraciones con orquestas sinfónicas, conciertos y sustituciones como profesor.","Trabajé por primera vez con mi padre ayudándole en agricultura. Yo estoy haciendo carrera de música y mis primeros trabajos han sido colaboraciones con orquestas sinfónicas, conciertos y sustituciones como profesor.",,2021-07-20,0,0
reddit,"Hey ya he denunciado de forma telemática, gracias por el apoyo realmente no lo hubiera hecho sin vosotros porque en parte creía que era mi culpa y no podia hacer nada pero la culpa era suya y ahora les caera una inspección y al menos los que estan ahí estaran un poco mejor","Hey ya he denunciado de forma telemática, gracias por el apoyo realmente no lo hubiera hecho sin vosotros porque en parte creía que era mi culpa y no podia hacer nada pero la culpa era suya y ahora les caera una inspección y al menos los que estan ahí estaran un poco mejor",,2021-07-20,0,0
reddit,¡Has hecho bien! Así no has sufrido en vano. Suerte con tu segundo trabajo. Seguro que encontrarás algo mejor.,¡Has hecho bien! Así no has sufrido en vano. Suerte con tu segundo trabajo. Seguro que encontrarás algo mejor.,,2021-07-20,0,0
reddit,"Mi primer trabajo fue de camarera en las fiestas de mi pueblo en plena plaza, entraba a las 10 am y salía a las 4-5 am. Lo mejor era la gente, el aprender como es estar detrás de la barra, a servir una buena caña, la primera fueron 1 cm de cerveza y 20 de espuma. Y con lo que saque pude pagar las tasas para mi diploma universitario.","Mi primer trabajo fue de camarera en las fiestas de mi pueblo en plena plaza, entraba a las 10 am y salía a las 4-5 am. Lo mejor era la gente, el aprender como es estar detrás de la barra, a servir una buena caña, la primera fueron 1 cm de cerveza y 20 de espuma. Y con lo que saque pude pagar las tasas para mi diploma universitario.",,2021-07-20,0,0
reddit,"Denuncia, esto no tiene sentido. Los epis, o la ropa de proteccion, te la tiene que dar la empresa. Al baño puedes ir las veces que sea necesario, faltaría más! Lo que hacían allá era pura explotación.","Denuncia, esto no tiene sentido. Los epis, o la ropa de proteccion, te la tiene que dar la empresa. Al baño puedes ir las veces que sea necesario, faltaría más! Lo que hacían allá era pura explotación.",,2021-07-20,0,0
reddit,"Denunciales YA,
Es totalmente ilegal que el empleador no disponga de los medios adecuados de trabajo al empleado, te tienen que dar todo el equipamiento, uniforme, botas, guantes, casco(de ser necesario), etc...
Ademas, es obligatorio por ley media hora de descanso por cada 6 horas de trabajo y en jornada completa 1 hora de descanso minimo.
Lo de la mascarilla ya es un poco como lo quiera la empresa y los trabajadores, eso nada, pero todo lo demás, ilegal.
Aprovecha que aun tienes las heridas en los pies y denuncia que lo que te dieron, aparte de ser poco, es ineficiente, lo cual, mas ilegal aún.

Ve a la comisaria mas cercana y que te asesorem un poco durante la demuncia (o a un abogado, vale igual)","Denunciales YA, Es totalmente ilegal que el empleador no disponga de los medios adecuados de trabajo al empleado, te tienen que dar todo el equipamiento, uniforme, botas, guantes, casco(de ser necesario), etc... Ademas, es obligatorio por ley media hora de descanso por cada 6 horas de trabajo y en jornada completa 1 hora de descanso minimo. Lo de la mascarilla ya es un poco como lo quiera la empresa y los trabajadores, eso nada, pero todo lo demás, ilegal. Aprovecha que aun tienes las heridas en los pies y denuncia que lo que te dieron, aparte de ser poco, es ineficiente, lo cual, mas ilegal aún. Ve a la comisaria mas cercana y que te asesorem un poco durante la demuncia (o a un abogado, vale igual)",,2021-07-20,0,0
reddit,Perdona? Eran 8h en total y solo 1 descanso de 15m,Perdona? Eran 8h en total y solo 1 descanso de 15m,,2021-07-20,0,0
reddit,"No, ciertamente, fallo mio, quizas me acostumbre a tener jefes de puta madre, mis perdones.

Es, como bien dices, 8 horas de trabajo minimo 15 min de descanso.


Pero lo demas, eso no tengo duda alguna, ilegal.","No, ciertamente, fallo mio, quizas me acostumbre a tener jefes de puta madre, mis perdones. Es, como bien dices, 8 horas de trabajo minimo 15 min de descanso. Pero lo demas, eso no tengo duda alguna, ilegal.",,2021-07-20,0,0
reddit,Que fea experiencia. Yo no resido en España así que no puedo aportar mucho a la conversación.,Que fea experiencia. Yo no resido en España así que no puedo aportar mucho a la conversación.,,2021-07-20,0,0
reddit,"Mi primer trabajo también fue así, 8 horas con la mascarilla y metiendo bollos en una caja y montando palets, el primer día fue duro,ya luego iba a acostumbrándome, de los mejores puestos que me pusieron fue limpiar y elaborar con otra persona la masa. Lo peor para mí fue cuando tenía que estar cerca de un horno y vigilar que la máquina que coge los panes de hamburguesa lo haga bien y no caigan sobre el resto ya que ahí es cuando se lía y tienen que paralizar la línea y ir recogiendo todo el pan mientras los técnicos la reparan la máquina. Dure 322 horas y me salí por mi propia voluntad,les dije que me iba de vacaciones y que después estudiaría y ya está para que no se lo tomarán a malas.

Después me llamaban o me escribían por Wasap si quería ir algún día o finde y ahí acepte hasta que cambiaron de idea y quisieron a que fuera todos los días y era imposible ya que también tenía que ir a clase que el instituto estaba a 30km de donde vivo. Nada a partir de ahí no me volvieron a llamar jajajajaja. 

Lo de las botas también me pasó,las que te suelen dar gratis me destrozaron el pie a los pocos días pero luego las cambie por unas que tenía en casa de electromecánico. Tengo amigos que también entraron en aquellas conmigo a trabajar ahí y aún siguen trabajando 2 años ya,lo bueno que trabajas 2 semanas bien y luego les dices que no puedes ir un tal día y ese día te lo coges libre.

En resumen: el trabajo de ahí es pesado y aburrido  pero pagaban bastante bien. Trabajaba 2 semanas de lunes a viernes y el resto del mes igual me llamaban 3 días y tranquilamente cobraba 1400€

Por lo menos aquí si que dejan ir al baño siempre que venga uno a sustituirte un rato. Recuerdo que las 8 horas que estaba iba 2 veces al baño y 1 a comer,llege a decir que no fui al baño cuando en verdad si fui para descansar un rató hasta que me pillaron y me echaron una pequeña bronca pero nada más. Eso sí la protección me la daban siempre,si me cortaba con un cartón enseguida iban corriendo a por tiritas y guantes,y cuando me tocaba limpiar con manguera las cuchillas de las máquinas siempre me daban guantes de metal típicos que usan los carniceros.","Mi primer trabajo también fue así, 8 horas con la mascarilla y metiendo bollos en una caja y montando palets, el primer día fue duro,ya luego iba a acostumbrándome, de los mejores puestos que me pusieron fue limpiar y elaborar con otra persona la masa. Lo peor para mí fue cuando tenía que estar cerca de un horno y vigilar que la máquina que coge los panes de hamburguesa lo haga bien y no caigan sobre el resto ya que ahí es cuando se lía y tienen que paralizar la línea y ir recogiendo todo el pan mientras los técnicos la reparan la máquina. Dure 322 horas y me salí por mi propia voluntad,les dije que me iba de vacaciones y que después estudiaría y ya está para que no se lo tomarán a malas. Después me llamaban o me escribían por Wasap si quería ir algún día o finde y ahí acepte hasta que cambiaron de idea y quisieron a que fuera todos los días y era imposible ya que también tenía que ir a clase que el instituto estaba a 30km de donde vivo. Nada a partir de ahí no me volvieron a llamar jajajajaja. Lo de las botas también me pasó,las que te suelen dar gratis me destrozaron el pie a los pocos días pero luego las cambie por unas que tenía en casa de electromecánico. Tengo amigos que también entraron en aquellas conmigo a trabajar ahí y aún siguen trabajando 2 años ya,lo bueno que trabajas 2 semanas bien y luego les dices que no puedes ir un tal día y ese día te lo coges libre. En resumen: el trabajo de ahí es pesado y aburrido pero pagaban bastante bien. Trabajaba 2 semanas de lunes a viernes y el resto del mes igual me llamaban 3 días y tranquilamente cobraba 1400€ Por lo menos aquí si que dejan ir al baño siempre que venga uno a sustituirte un rato. Recuerdo que las 8 horas que estaba iba 2 veces al baño y 1 a comer,llege a decir que no fui al baño cuando en verdad si fui para descansar un rató hasta que me pillaron y me echaron una pequeña bronca pero nada más. Eso sí la protección me la daban siempre,si me cortaba con un cartón enseguida iban corriendo a por tiritas y guantes,y cuando me tocaba limpiar con manguera las cuchillas de las máquinas siempre me daban guantes de metal típicos que usan los carniceros.",,2024-03-15,0,0
reddit,"No se si soy muy 3rmundista, pero esto suena a quejas dramatizadas, ¿botas que te hacen sangrar solo por 5h parado? ¿Cortés en los dedos, tienes problemas automotores, o simplemente hiciste todo de tan mala gana que te cortaste por descuidado?
 No se, es un trabajo de fábrica aburrido y repetitivo (algo que nadie quiere, pero si es lo que hay, es lo que hay)

Esta bien si dejaste el trabajo y no es lo tuyo. Yo no podría trabajar en una, la monotonía me volvería loco.","No se si soy muy 3rmundista, pero esto suena a quejas dramatizadas, ¿botas que te hacen sangrar solo por 5h parado? ¿Cortés en los dedos, tienes problemas automotores, o simplemente hiciste todo de tan mala gana que te cortaste por descuidado? No se, es un trabajo de fábrica aburrido y repetitivo (algo que nadie quiere, pero si es lo que hay, es lo que hay) Esta bien si dejaste el trabajo y no es lo tuyo. Yo no podría trabajar en una, la monotonía me volvería loco.",,2021-07-20,0,0
reddit,"He trabajado clasificando cajas de fruta en palets alguna temporada. Solamente llevándolas de la máquina que separa las frutas por calibres a la cámara frigorífica.

De coger las cajas varias horas al día las manos acaban llenas de cortecitos por los bordes afilados del cartón, que poco a poco va haciendo mella. Me imagino que el desgaste de la piel será mucho mayor siendo quien monta esas cajas.","He trabajado clasificando cajas de fruta en palets alguna temporada. Solamente llevándolas de la máquina que separa las frutas por calibres a la cámara frigorífica. De coger las cajas varias horas al día las manos acaban llenas de cortecitos por los bordes afilados del cartón, que poco a poco va haciendo mella. Me imagino que el desgaste de la piel será mucho mayor siendo quien monta esas cajas.",,2021-07-20,0,0
reddit,Bueno casi me da un yuyu y me desmayo en medio de la fábrica y lo único que hicieron es echarme no era cuestión de ai que malo todo,Bueno casi me da un yuyu y me desmayo en medio de la fábrica y lo único que hicieron es echarme no era cuestión de ai que malo todo,,2021-07-20,0,0
reddit,"Ignora al macaco este. Yo estuve en Carrefour despaletizando y abriendo cajas en almacén y me dieron cutter, guantes, botas, chaleco de seguridad... Y es lo mínimo. 

El día que se me olvidaron los guantes llegue con los dedos en carne viva, culpa mía.","Ignora al macaco este. Yo estuve en Carrefour despaletizando y abriendo cajas en almacén y me dieron cutter, guantes, botas, chaleco de seguridad... Y es lo mínimo. El día que se me olvidaron los guantes llegue con los dedos en carne viva, culpa mía.",,2021-07-20,0,0
reddit,"Francamente, me suena a que ha exagerado si no inventado por dramatizar. Te están negativizando, pero me suena todo a drama.","Francamente, me suena a que ha exagerado si no inventado por dramatizar. Te están negativizando, pero me suena todo a drama.",,2021-07-20,0,0
reddit,"Bueno era de esperarse, yo se a que publico le hablo y este publico cree que todos los empresarios son malos y que los empleados no pueden hacer mal. No quiero generalizar porque es de mal gusto, pero es lo que observado. 

No me interesa ir por ningún lado de la balanza solo ser odjetivo en mi observación.","Bueno era de esperarse, yo se a que publico le hablo y este publico cree que todos los empresarios son malos y que los empleados no pueden hacer mal. No quiero generalizar porque es de mal gusto, pero es lo que observado. No me interesa ir por ningún lado de la balanza solo ser odjetivo en mi observación.",,2021-07-20,0,0
reddit,"Lo de las cajas es cierto que sin guantes es un marronazo, quién más quien menos se ha cortado alguna vez con una caja de cartón y sabemos lo fácil que es y lo que jode, como para estar 8h al día sin guantes haciendo cajas.

Dicho esto, tb dice por ahí en un comentario que pidió un 43 de botas y le dieron un 45 y le sangraban los pies. ¿Como? O sea si estuviera haciendo una maratón podría llegar a entenderlo pero estando de pie estático haciendo cajas en una línea con una bota que le viene ancha, y le hace sangre??? Ahí hay algo que se me escapa :/

Así que a mí tb me parece que está exagerando un poco, pese a que me creo perfectamente que haya estado en una fábrica de mierda esclavista, hay muchas así, y más si fué a través de una ETT.","Lo de las cajas es cierto que sin guantes es un marronazo, quién más quien menos se ha cortado alguna vez con una caja de cartón y sabemos lo fácil que es y lo que jode, como para estar 8h al día sin guantes haciendo cajas. Dicho esto, tb dice por ahí en un comentario que pidió un 43 de botas y le dieron un 45 y le sangraban los pies. ¿Como? O sea si estuviera haciendo una maratón podría llegar a entenderlo pero estando de pie estático haciendo cajas en una línea con una bota que le viene ancha, y le hace sangre??? Ahí hay algo que se me escapa :/ Así que a mí tb me parece que está exagerando un poco, pese a que me creo perfectamente que haya estado en una fábrica de mierda esclavista, hay muchas así, y más si fué a través de una ETT.",,2021-07-20,0,0
reddit,"Ha sido un montaje. Es un servicio que muchos padres contratan para que sus hijos reaccionen, estudien, saquen sobres y hagan una carrera que les lleve a un trabajo bien pagado. Es caro, pero te garantizan que el 90% acaba estudiando una STEM.","Ha sido un montaje. Es un servicio que muchos padres contratan para que sus hijos reaccionen, estudien, saquen sobres y hagan una carrera que les lleve a un trabajo bien pagado. Es caro, pero te garantizan que el 90% acaba estudiando una STEM.",,2021-07-20,0,0
reddit,"Chaval, he trabajado en 5 trabajos distintos en más de 8 empresas y te entiendo perfectamente. Llegas nuevo, piensas que hay que aguantar y te da miedo decir algo, pero de lo poco que he aprendido en estos años es que no hay que tragar NI UNA. Denuncia, anima a denunciar y mucha suerte encontrando algo mejor. Y por supuesto, no te sientas ni un poco mal por “haber durado 5h”. Esto es solo culpa de una empresa de explotadores.","Chaval, he trabajado en 5 trabajos distintos en más de 8 empresas y te entiendo perfectamente. Llegas nuevo, piensas que hay que aguantar y te da miedo decir algo, pero de lo poco que he aprendido en estos años es que no hay que tragar NI UNA. Denuncia, anima a denunciar y mucha suerte encontrando algo mejor. Y por supuesto, no te sientas ni un poco mal por “haber durado 5h”. Esto es solo culpa de una empresa de explotadores.",,2021-07-20,0,0
reddit,Has firmado contrato?,Has firmado contrato?,,2021-07-20,0,0
reddit,"12 horas diarias de pie fregando platos y cazuelas a mano en un restaurante. Lo de 12 horas es flexible, porque ya sabemos lo mucho que se respetan los horarios en hostelería y lo mucho que le importa a la gente entrar a la hora de cerrar cuando ya se está recogiendo la cocina. 

El trabajo era una mierda y estaba sin contrato pero sirvió para pagarme la universidad y varios cursos de idiomas. Además de ser una entrada por todo lo alto en la jungla laboral.

Aguanté 5 años (los años de la uni)  y después de eso estuve AÑOS comiendo mierdas porque me negaba a cocinar nada de lo asqueada que estaba de entrar en una cocina.","12 horas diarias de pie fregando platos y cazuelas a mano en un restaurante. Lo de 12 horas es flexible, porque ya sabemos lo mucho que se respetan los horarios en hostelería y lo mucho que le importa a la gente entrar a la hora de cerrar cuando ya se está recogiendo la cocina. El trabajo era una mierda y estaba sin contrato pero sirvió para pagarme la universidad y varios cursos de idiomas. Además de ser una entrada por todo lo alto en la jungla laboral. Aguanté 5 años (los años de la uni) y después de eso estuve AÑOS comiendo mierdas porque me negaba a cocinar nada de lo asqueada que estaba de entrar en una cocina.",,2021-07-20,0,0
reddit,"Mi primera experiencia de empleo en España fue para una ONG captando socios. 5h al día (con unos 20 o 15min de descanso si mal no recuerdo). Todo el rato de pie parando a la gente por la calle para soltarles un discurso aprendido. Había que hacer mínimo un socio al día en los primeros 5 o te echaban (creo que después se reducía a un socio cada dos o tres días). Lo dejé a la semana porque me sentía una auténtica mierda haciendo eso.

De todas formas tu caso es muchísimo peor, merecen una buena denuncia y haces bien en dejarlo, nadie debería tolerar una situación así, triste pensar que hay gente en situaciones tan desesperadas que tratarían de mantenerse en el puesto a pesar de estar poniendo en peligro su salud.","Mi primera experiencia de empleo en España fue para una ONG captando socios. 5h al día (con unos 20 o 15min de descanso si mal no recuerdo). Todo el rato de pie parando a la gente por la calle para soltarles un discurso aprendido. Había que hacer mínimo un socio al día en los primeros 5 o te echaban (creo que después se reducía a un socio cada dos o tres días). Lo dejé a la semana porque me sentía una auténtica mierda haciendo eso. De todas formas tu caso es muchísimo peor, merecen una buena denuncia y haces bien en dejarlo, nadie debería tolerar una situación así, triste pensar que hay gente en situaciones tan desesperadas que tratarían de mantenerse en el puesto a pesar de estar poniendo en peligro su salud.",,2021-07-20,0,0
reddit,"Hostia tio, yo llevo currando en el sector del metal desde los 16 y eso esta todo mal.

Las epis (uniforme, guantes anticorte, botas de punta reforzada, casco, gafas y todo lo que requiera ese puesto) te las tienen que dar. Si estas en linea de produccion entiendo que no puedas parar pero deberia haber descansos designados cada X tiempo, no me acuerdo de las horas fijas asi de cabeza. Ah  y la mascarilla bueno, las naves son espaciosas y en general muy bien ventiladas, asi que si la distancias se respetan y en el comedor/vestuario se respetan turnos creo que ok.

Eso si, vas a acabar cansado, te saldran callos en las manos y hasta que pilles destreza te cortarás aun con guantes. Las botas y todo cerciorate que son de tu talla, al menos a mi nunca me dieron molestia pero a saber.

En caso de duda, convenio colectivo, sindicato y a llamar a inspeccion de trabajo

Mi primera experiencia fue una mierda, embalando piezas en cajas todo el dia xD","Hostia tio, yo llevo currando en el sector del metal desde los 16 y eso esta todo mal. Las epis (uniforme, guantes anticorte, botas de punta reforzada, casco, gafas y todo lo que requiera ese puesto) te las tienen que dar. Si estas en linea de produccion entiendo que no puedas parar pero deberia haber descansos designados cada X tiempo, no me acuerdo de las horas fijas asi de cabeza. Ah y la mascarilla bueno, las naves son espaciosas y en general muy bien ventiladas, asi que si la distancias se respetan y en el comedor/vestuario se respetan turnos creo que ok. Eso si, vas a acabar cansado, te saldran callos en las manos y hasta que pilles destreza te cortarás aun con guantes. Las botas y todo cerciorate que son de tu talla, al menos a mi nunca me dieron molestia pero a saber. En caso de duda, convenio colectivo, sindicato y a llamar a inspeccion de trabajo Mi primera experiencia fue una mierda, embalando piezas en cajas todo el dia xD",,2021-07-20,0,0
reddit,Denúncia a esos hijos de puta. Seguro que encontrarás algo mucho mejor y pronto,Denúncia a esos hijos de puta. Seguro que encontrarás algo mucho mejor y pronto,,2021-07-20,0,0
reddit,Por curiosidad ¿nombre y lugar de la fábrica?,Por curiosidad ¿nombre y lugar de la fábrica?,,2021-07-20,0,0
reddit,"Realmente no, tuviste muy mala suerte. Las fábricas en España suelen tener un sindicato que protege muy bien a los trabajadores, los sueldos están por encima de la media y están obligados a facilitar material de protección. 

Es un trabajo duro y no lo recomiendo más de 1 o 2 años porque te deja lesiones a largo plazo.","Realmente no, tuviste muy mala suerte. Las fábricas en España suelen tener un sindicato que protege muy bien a los trabajadores, los sueldos están por encima de la media y están obligados a facilitar material de protección. Es un trabajo duro y no lo recomiendo más de 1 o 2 años porque te deja lesiones a largo plazo.",,2021-07-22,0,0
reddit,Esto es lo que te da la izquierda,Esto es lo que te da la izquierda,,2021-07-24,0,0
reddit,"Él mio fue burger king una mierda y muy esclavo salia a las 3am y entraba a las 10 am y te pedían un ritmo de trabajo frenético para poder cumplir todos los pedidos en menos de 5 minutos si no lo hacías todo a velocidades vertiginosas te echaban.

Creo que muy poca gente tiene la suerte de tener un buen trabajo a la primera.

Saludos y suerte con todo!!",Él mio fue burger king una mierda y muy esclavo salia a las 3am y entraba a las 10 am y te pedían un ritmo de trabajo frenético para poder cumplir todos los pedidos en menos de 5 minutos si no lo hacías todo a velocidades vertiginosas te echaban. Creo que muy poca gente tiene la suerte de tener un buen trabajo a la primera. Saludos y suerte con todo!!,,2021-08-06,0,0
reddit,"A mi me pasa que me marea que me saquen sangre, no me importa ver la sangre de los demás o que me pongan vacunas... Me va bastante bien tratar de pensar en otras cosas (como tratar de hacer cuentas matemáticas, tratar de tener la mente muy ocupada) y al salir, yo ya estoy bien, no me pasa como a ti, en eso si que no sé cómo ayudarte... Te recomendaría, quizás, que lo hablaras alguna vez con un/a psicologo/a, que quizás te puedan ayudar para ver a que se debe este asco y seguro que te puedan dar algun consejo útil... Muchos ánimos! :)","A mi me pasa que me marea que me saquen sangre, no me importa ver la sangre de los demás o que me pongan vacunas... Me va bastante bien tratar de pensar en otras cosas (como tratar de hacer cuentas matemáticas, tratar de tener la mente muy ocupada) y al salir, yo ya estoy bien, no me pasa como a ti, en eso si que no sé cómo ayudarte... Te recomendaría, quizás, que lo hablaras alguna vez con un/a psicologo/a, que quizás te puedan ayudar para ver a que se debe este asco y seguro que te puedan dar algun consejo útil... Muchos ánimos! :)",,2025-12-29,0,0
reddit,"Creo que lo mejor es que vayas a un psicólogo que te pueda aconsejar mejor, a mí antes me daban miedo las agujas, pero era un caso distinto al tuyo, así que no sabría cómo ayudarte. Pero espero que encuentres una solución y te encuentres mejor!","Creo que lo mejor es que vayas a un psicólogo que te pueda aconsejar mejor, a mí antes me daban miedo las agujas, pero era un caso distinto al tuyo, así que no sabría cómo ayudarte. Pero espero que encuentres una solución y te encuentres mejor!",,2025-12-29,0,0
reddit,"Deberías hacer algunas cuantas sesiones con un psicólogo para que te ayude a controlar tu miedo. Tal vez también puedas intentar practicar mindfulness con vídeos de Youtube. Y esto te parecerá una tontería, pero hay estudios que dicen que jugar al Tetris después de un evento traumático previene los flashbacks intrusivos del mismo...Por probar no se pierde nada! Quizá te ayude en el viaje de vuelta.","Deberías hacer algunas cuantas sesiones con un psicólogo para que te ayude a controlar tu miedo. Tal vez también puedas intentar practicar mindfulness con vídeos de Youtube. Y esto te parecerá una tontería, pero hay estudios que dicen que jugar al Tetris después de un evento traumático previene los flashbacks intrusivos del mismo...Por probar no se pierde nada! Quizá te ayude en el viaje de vuelta.",,2025-12-29,0,0
reddit,"Te doy dos consejos: 

El primero es que cuando entres le digas a la enfermera que a veces te desmayas cuando sacas sangre. Normalmente te tumban en una camilla y te sacan sangre tumbado, y luego te dejan unos minutillos hasta que te recosmpones.

Otro consejo es que antes de salir de casa pongas calor sobre la vena unos minutos, con un paño húmedo o un saquito de semillas si tienes. De esa manera la vena se dilata y la van a encontrar más fácil y más rápido.

No te agobies, que por muy desangradable que sea, al final solo son unos segundos.","Te doy dos consejos: El primero es que cuando entres le digas a la enfermera que a veces te desmayas cuando sacas sangre. Normalmente te tumban en una camilla y te sacan sangre tumbado, y luego te dejan unos minutillos hasta que te recosmpones. Otro consejo es que antes de salir de casa pongas calor sobre la vena unos minutos, con un paño húmedo o un saquito de semillas si tienes. De esa manera la vena se dilata y la van a encontrar más fácil y más rápido. No te agobies, que por muy desangradable que sea, al final solo son unos segundos.",,2025-12-29,0,0
reddit,"Yo me mareo cuando me sacan sangre así que les aviso antes y me tumbo en una camilla durante el proceso... igual les puedes comentar tu situación y que te dejen quedarte allí por un rato después de haber sacado la sangre hasta que te sientas mejor (quizá tener a mano algún snack o algo para picar después te ayuda a pensar en otra cosa?). También ve con tu madre o una amiga o amigo cercano con el que te sientas segura, no te preocupes por la edad o lo que vayan a pensar los demás, a la gente de la clínica no les va a importar mucho y no serás ni la primera ni la última persona que tiene algún problema con este proceso.


 Como comentan por aquí la idea de ir a un psicólogo y que te ayude con el problema sin duda que es lo mejor.","Yo me mareo cuando me sacan sangre así que les aviso antes y me tumbo en una camilla durante el proceso... igual les puedes comentar tu situación y que te dejen quedarte allí por un rato después de haber sacado la sangre hasta que te sientas mejor (quizá tener a mano algún snack o algo para picar después te ayuda a pensar en otra cosa?). También ve con tu madre o una amiga o amigo cercano con el que te sientas segura, no te preocupes por la edad o lo que vayan a pensar los demás, a la gente de la clínica no les va a importar mucho y no serás ni la primera ni la última persona que tiene algún problema con este proceso. Como comentan por aquí la idea de ir a un psicólogo y que te ayude con el problema sin duda que es lo mejor.",,2025-12-29,0,0
reddit,"Aprovecho este post para mencionar que España se encuentra rozando mínimos históricos de donaciones sanguíneas, solamente siendo menores las obtenidas durante el confinamiento por la pandemia de la Covid-19.

Así que todos los que lean este mensaje, sean de la Comunidad de Madrid o de cualquier otra, porfa porfa porfa considerad haceros donantes de sangre, que es un recurso fundamental y cada vez más escaso.","Aprovecho este post para mencionar que España se encuentra rozando mínimos históricos de donaciones sanguíneas, solamente siendo menores las obtenidas durante el confinamiento por la pandemia de la Covid-19. Así que todos los que lean este mensaje, sean de la Comunidad de Madrid o de cualquier otra, porfa porfa porfa considerad haceros donantes de sangre, que es un recurso fundamental y cada vez más escaso.",,2025-07-12,0,0
reddit,I tried to donate but the doctor turned me away because I was speaking English. He said that I need to be fluent in Spanish or can understand the language to be able to donate. The thing was I already donated in there before and I even showed him my donor card. He still declined.,I tried to donate but the doctor turned me away because I was speaking English. He said that I need to be fluent in Spanish or can understand the language to be able to donate. The thing was I already donated in there before and I even showed him my donor card. He still declined.,,2025-07-13,0,0
reddit,That's a shame.,That's a shame.,,2025-07-13,0,0
reddit,"Ya pasé el periodo de cuatro meses después de un tatuaje y ya he hecho la segunda donación del año, ahora en septiembre la próxima.","Ya pasé el periodo de cuatro meses después de un tatuaje y ya he hecho la segunda donación del año, ahora en septiembre la próxima.",,2025-07-14,0,0
reddit,[removed],[removed],,2025-07-12,0,0
reddit,"**English:**
Posts must be directly related to the subreddit’s main topic and purpose. Off-topic content, including unrelated discussions, personal stories that don’t connect to the community theme, or content that belongs in other subreddits will be removed. Before posting, ask yourself: “Does this clearly relate to what this community is about?”

**Spanish:**
Las publicaciones deben estar directamente relacionadas con el tema principal y propósito del subreddit. El contenido fuera de tema, incluyendo discusiones no relacionadas, historias personales que no se conecten con la temática de la comunidad, o contenido que pertenezca a otros subreddits será eliminado. Antes de publicar, pregúntate: “¿Esto se relaciona claramente con lo que trata esta comunidad?“​​​​​​​​​​​​​​​​","**English:** Posts must be directly related to the subreddit’s main topic and purpose. Off-topic content, including unrelated discussions, personal stories that don’t connect to the community theme, or content that belongs in other subreddits will be removed. Before posting, ask yourself: “Does this clearly relate to what this community is about?” **Spanish:** Las publicaciones deben estar directamente relacionadas con el tema principal y propósito del subreddit. El contenido fuera de tema, incluyendo discusiones no relacionadas, historias personales que no se conecten con la temática de la comunidad, o contenido que pertenezca a otros subreddits será eliminado. Antes de publicar, pregúntate: “¿Esto se relaciona claramente con lo que trata esta comunidad?“​​​​​​​​​​​​​​​​",,2025-07-12,0,0
reddit,Me toca ya este mes antes de las vacaciones,Me toca ya este mes antes de las vacaciones,,2025-07-13,0,0
reddit,[removed],[removed],,2025-07-12,0,0
reddit,"**English:**
Posts must be directly related to the subreddit’s main topic and purpose. Off-topic content, including unrelated discussions, personal stories that don’t connect to the community theme, or content that belongs in other subreddits will be removed. Before posting, ask yourself: “Does this clearly relate to what this community is about?”

**Spanish:**
Las publicaciones deben estar directamente relacionadas con el tema principal y propósito del subreddit. El contenido fuera de tema, incluyendo discusiones no relacionadas, historias personales que no se conecten con la temática de la comunidad, o contenido que pertenezca a otros subreddits será eliminado. Antes de publicar, pregúntate: “¿Esto se relaciona claramente con lo que trata esta comunidad?“​​​​​​​​​​​​​​​​","**English:** Posts must be directly related to the subreddit’s main topic and purpose. Off-topic content, including unrelated discussions, personal stories that don’t connect to the community theme, or content that belongs in other subreddits will be removed. Before posting, ask yourself: “Does this clearly relate to what this community is about?” **Spanish:** Las publicaciones deben estar directamente relacionadas con el tema principal y propósito del subreddit. El contenido fuera de tema, incluyendo discusiones no relacionadas, historias personales que no se conecten con la temática de la comunidad, o contenido que pertenezca a otros subreddits será eliminado. Antes de publicar, pregúntate: “¿Esto se relaciona claramente con lo que trata esta comunidad?“​​​​​​​​​​​​​​​​",,2025-07-12,0,0
reddit,"Da un vistazo :

https://www.comunidad.madrid/servicios/salud/donacion-sangre",Da un vistazo : https://www.comunidad.madrid/servicios/salud/donacion-sangre,,2023-09-11,0,0
reddit,[deleted],[deleted],,2023-09-11,0,0
reddit,"Pues ya podrían hacer uso de ella en la propia app, que no tengas que ir a un buscador y escribir esas “exotéricas” cosas.

Es más fácil en google escribir lo que buscas y añadir a la cadena de búsqueda “reddit”","Pues ya podrían hacer uso de ella en la propia app, que no tengas que ir a un buscador y escribir esas “exotéricas” cosas. Es más fácil en google escribir lo que buscas y añadir a la cadena de búsqueda “reddit”",,2023-09-11,0,0
reddit,"Buenos días,   
Creo que lo que indicas es un mito.   
Sin embargo si lo deseas todos los grandes hospitales tienen un lugar donde donar sangre, que termina directamente una vez procesado en el banco de sangre.  
Tienes mucha información en el centro de transfusión.  
[https://www.comunidad.madrid/hospital/centrodetransfusion/](https://www.comunidad.madrid/hospital/centrodetransfusion/)","Buenos días, Creo que lo que indicas es un mito. Sin embargo si lo deseas todos los grandes hospitales tienen un lugar donde donar sangre, que termina directamente una vez procesado en el banco de sangre. Tienes mucha información en el centro de transfusión. [https://www.comunidad.madrid/hospital/centrodetransfusion/](https://www.comunidad.madrid/hospital/centrodetransfusion/)",,2023-09-11,0,0
reddit,"No es un mito... Como explican en su web, ""en sanidad nada es gratis"" (sic). El convenio actual fija que el importe de cada bolsa de sangre que obtiene Cruz Roja sea de 69,75€ en 2021-2025. Ese coste corresponde en un 80% a los costes de personal cualificado y el 20% restante a costes de suministros y material sanitario.

https://www.donarsangre.org/notainformativaconvenio/#:~:text=El%20convenio%20actual%20fija%20que,de%20suministros%20y%20material%20sanitario.","No es un mito... Como explican en su web, ""en sanidad nada es gratis"" (sic). El convenio actual fija que el importe de cada bolsa de sangre que obtiene Cruz Roja sea de 69,75€ en 2021-2025. Ese coste corresponde en un 80% a los costes de personal cualificado y el 20% restante a costes de suministros y material sanitario. https://www.donarsangre.org/notainformativaconvenio/#:~:text=El%20convenio%20actual%20fija%20que,de%20suministros%20y%20material%20sanitario.",,2023-09-11,0,0
reddit,gracias,gracias,,2023-09-11,0,0
reddit,"Añado, si aún tienes dudas. Seguro que están encantados de resolverlas:  
 Teléfono: 91 3017249 Correo electrónico:  [**atencion.donante@salud.madrid.org**](mailto:atencion.donante@salud.madrid.org)","Añado, si aún tienes dudas. Seguro que están encantados de resolverlas: Teléfono: 91 3017249 Correo electrónico: [**atencion.donante@salud.madrid.org**](mailto:atencion.donante@salud.madrid.org)",,2023-09-11,0,0
reddit,Hospitales grandes con banco de sangre como La Paz y Ramón y Cajal.,Hospitales grandes con banco de sangre como La Paz y Ramón y Cajal.,,2023-09-11,0,0
reddit,los hospitales no tienen dias de donacion ?,los hospitales no tienen dias de donacion ?,,2023-09-11,0,0
reddit,Sí pero cerca de casa no hay ningún hospital grande. Antes doné en un puesto de la cruz roja pero no lo quiero repetir,Sí pero cerca de casa no hay ningún hospital grande. Antes doné en un puesto de la cruz roja pero no lo quiero repetir,,2023-09-11,0,0
reddit,"Buenos días, 

en Vl barrio de Valdebernardo tienes un centro de transfusión de sangre, Espero haberte ayudado. Un saludo","Buenos días, en Vl barrio de Valdebernardo tienes un centro de transfusión de sangre, Espero haberte ayudado. Un saludo",,2023-09-12,0,0
reddit,"https://www.comunidad.madrid/servicios/salud/donacion-sangre

Mira bien la parte de puntos móviles.",https://www.comunidad.madrid/servicios/salud/donacion-sangre Mira bien la parte de puntos móviles.,,2023-01-02,0,0
reddit,"También está la opción de donar a la Cruz Roja

https://www.donarsangre.org/donde-donar/",También está la opción de donar a la Cruz Roja https://www.donarsangre.org/donde-donar/,,2023-01-02,0,0
reddit,"Si vas a donar sangre dónala en hospitales, no a la cruz roja. La cruz roja ""vende"" esa sangre que donas a la comunidad por ~80 pavos la bolsa. No es una venta directa, pero básicamente se les paga para hacer extracciones fuera de hospitales y luego la llevan a los hospitales","Si vas a donar sangre dónala en hospitales, no a la cruz roja. La cruz roja ""vende"" esa sangre que donas a la comunidad por ~80 pavos la bolsa. No es una venta directa, pero básicamente se les paga para hacer extracciones fuera de hospitales y luego la llevan a los hospitales",,2023-01-02,0,0
reddit,Sin problema. He donado en la Cruz Roja toda la vida.,Sin problema. He donado en la Cruz Roja toda la vida.,,2023-01-02,0,0
reddit,[removed],[removed],,2023-01-03,0,0
reddit,"Lo acordado es que se les paga el material, el personal y el servicio de extracción en remoto por así decir. No es tan horrible como ""tengo tanta sangre, cuánto me pagas?"" como si fuera un mercado, por eso puse ""vende"" y explique de donde sale el precio. Pero al fin y al cabo, es un pago que se hace para que la sangre donada llegue al mismo sitio. Si donas directamente en el hospital ahorras a la comunidad 70 euros. Para lugares donde no hay acceso rápido a hospitales, es un servicio decente ya que estarían obligados a desplazamientos. Pero si tienes relativo fácil acceso a un hospital, mejor hacerlo ahí que en la cruz roja","Lo acordado es que se les paga el material, el personal y el servicio de extracción en remoto por así decir. No es tan horrible como ""tengo tanta sangre, cuánto me pagas?"" como si fuera un mercado, por eso puse ""vende"" y explique de donde sale el precio. Pero al fin y al cabo, es un pago que se hace para que la sangre donada llegue al mismo sitio. Si donas directamente en el hospital ahorras a la comunidad 70 euros. Para lugares donde no hay acceso rápido a hospitales, es un servicio decente ya que estarían obligados a desplazamientos. Pero si tienes relativo fácil acceso a un hospital, mejor hacerlo ahí que en la cruz roja",,2023-01-03,0,0
reddit,"&gt;  Si donas directamente en el hospital ahorras a la comunidad 70 euros. 

Como si el hospital no tuviera que cubrir casi los mismos costes. La gran diferencia es básicamente el bus. Puede que les ahorres 5 o 10 de diferencia. Y con la diferencia de sueldos entre sanidad y la cruz roja puede que no sea ahorro de ningún tipo.

Tienes que saber cuánto les cuesta en el hospital para hacer la comparativa bien.",&gt; Si donas directamente en el hospital ahorras a la comunidad 70 euros. Como si el hospital no tuviera que cubrir casi los mismos costes. La gran diferencia es básicamente el bus. Puede que les ahorres 5 o 10 de diferencia. Y con la diferencia de sueldos entre sanidad y la cruz roja puede que no sea ahorro de ningún tipo. Tienes que saber cuánto les cuesta en el hospital para hacer la comparativa bien.,,2023-01-03,0,0
reddit,Donar plasma no es difícil tampoco y se puede hacer cada mes. El único inconveniente es que hay que ir al centro de transfusiones de la CAM en Vicálvaro,Donar plasma no es difícil tampoco y se puede hacer cada mes. El único inconveniente es que hay que ir al centro de transfusiones de la CAM en Vicálvaro,,2023-01-02,0,0
reddit,"Os animo a donar sangre. Lo hice hace poco tiempo, y no puedo donar este mes, 0ero en enero volveré a donar. También os animo a registrarse como donante de médula. Ayudemos a nuestra comunidad!","Os animo a donar sangre. Lo hice hace poco tiempo, y no puedo donar este mes, 0ero en enero volveré a donar. También os animo a registrarse como donante de médula. Ayudemos a nuestra comunidad!",,2025-12-14,0,0
reddit,"Muy bien! Lo mismo digo, siempre velar por el prójimo aunque sea con poquito","Muy bien! Lo mismo digo, siempre velar por el prójimo aunque sea con poquito",,2025-12-14,0,0
reddit,sangre de vacunados?,sangre de vacunados?,,2025-12-16,0,0
reddit,"Antemano

Si, la cruz roja cobra 70 pavos por bolsa de sangre que dan, pero eso es por cubrir costes. Basicamnete se les paga los costes de recogida, manipulacion y transporte de la sangre (entiendes que no es exactamente un kebab que lo puede llevar por ahi un glovo...). 

Es mas para que la gente no venga por eso de ""la cruz roja cobra por la sagre"", la cruz roja hace muchas cosas que son una mierda, pero esto no es una de ellas. 

https://maldita.es/malditobulo/20251028/vender-donaciones-sangre-cruz-roja/","Antemano Si, la cruz roja cobra 70 pavos por bolsa de sangre que dan, pero eso es por cubrir costes. Basicamnete se les paga los costes de recogida, manipulacion y transporte de la sangre (entiendes que no es exactamente un kebab que lo puede llevar por ahi un glovo...). Es mas para que la gente no venga por eso de ""la cruz roja cobra por la sagre"", la cruz roja hace muchas cosas que son una mierda, pero esto no es una de ellas. https://maldita.es/malditobulo/20251028/vender-donaciones-sangre-cruz-roja/",,2025-12-16,0,0
reddit,"Pues para ti, yo seguiré donando en los hospitales públicos y 70€ que se ahorra en donaciones (estás mal informado, son 70€, más  el material médico).","Pues para ti, yo seguiré donando en los hospitales públicos y 70€ que se ahorra en donaciones (estás mal informado, son 70€, más el material médico).",,2025-12-16,0,0
reddit,Que paguen 50-100€ ya verás como hacían record de donaciones,Que paguen 50-100€ ya verás como hacían record de donaciones,,2025-12-14,0,0
reddit,Entonces no serían donaciones sino compra-venta de sangre,Entonces no serían donaciones sino compra-venta de sangre,,2025-12-14,0,0
reddit,"en eso la cruz roja es experta, lo q pasa q a ti t dan in bocata y ellos la venden por vaya usted a saber cuanto","en eso la cruz roja es experta, lo q pasa q a ti t dan in bocata y ellos la venden por vaya usted a saber cuanto",,2025-12-15,0,0
reddit,"Hace años era 60 napos la bolsa, que se dice deprisa. No sé si ahora habrán subido precios. Por eso hay que donar en centros de salud y camiones médicos de la comunidad donde uno vive, NUNCA en Cruz Roja.","Hace años era 60 napos la bolsa, que se dice deprisa. No sé si ahora habrán subido precios. Por eso hay que donar en centros de salud y camiones médicos de la comunidad donde uno vive, NUNCA en Cruz Roja.",,2025-12-15,0,0
reddit,"Era eso más el material medico, que en la comunidad de Madrid salía de hospitales públicos.","Era eso más el material medico, que en la comunidad de Madrid salía de hospitales públicos.",,2025-12-16,0,0
reddit,¿por qué no lo harías? Llevo dos decenas de donaciones de sangre,¿por qué no lo harías? Llevo dos decenas de donaciones de sangre,,2025-07-14,0,0
reddit,"Eso es mucho. Debe de ser un orgullo para ti. En mi caso, hasta hace poco que vi una campaña sobre esto no me había planteado hacerlo. Al final lo voy a hacer porque veo que las opiniones de la gente son muy positivas. Gracias!","Eso es mucho. Debe de ser un orgullo para ti. En mi caso, hasta hace poco que vi una campaña sobre esto no me había planteado hacerlo. Al final lo voy a hacer porque veo que las opiniones de la gente son muy positivas. Gracias!",,2025-07-14,0,0
reddit,"Yo empecé a donar cada vez que pasaba el bus por la uni y debo llevar ya unas 10 veces. Es algo relativamente normal, no hay mucho que pensar; es algo que como mucho supone un ligerísimo inconveniente y salva vidas, si puedes donar (te harán varias preguntas antes para asegurarse) te animo a hacerlo","Yo empecé a donar cada vez que pasaba el bus por la uni y debo llevar ya unas 10 veces. Es algo relativamente normal, no hay mucho que pensar; es algo que como mucho supone un ligerísimo inconveniente y salva vidas, si puedes donar (te harán varias preguntas antes para asegurarse) te animo a hacerlo",,2025-07-14,0,0
reddit,"Pues muchas gracias por la información adicional porque sí que lo haré más pronto que tarde. De hecho, ya tengo localizado el hospital donde iré para hacérmelo. De nuevo, gracias por tu aportación!","Pues muchas gracias por la información adicional porque sí que lo haré más pronto que tarde. De hecho, ya tengo localizado el hospital donde iré para hacérmelo. De nuevo, gracias por tu aportación!",,2025-07-16,0,0
reddit,"También son importantes las donaciones de plasma, por si te interesa! Muchas gracias a todos los que donan!","También son importantes las donaciones de plasma, por si te interesa! Muchas gracias a todos los que donan!",,2025-07-15,0,0
reddit,"Por lo que he leído de otra gente aparte de ti, la donación plasma resulta también una aportación interesante. Me lo plantearé, ya que creo que no cuesta tanto esfuerzo hacerlo. Gracias y un saludo !","Por lo que he leído de otra gente aparte de ti, la donación plasma resulta también una aportación interesante. Me lo plantearé, ya que creo que no cuesta tanto esfuerzo hacerlo. Gracias y un saludo !",,2025-07-16,0,0
reddit,Usualmente es quedarte media hora enganchado a una vía de extracción y al terminar te dan una cola o zumo y unas patatas o algo de comer. Está bastante bien,Usualmente es quedarte media hora enganchado a una vía de extracción y al terminar te dan una cola o zumo y unas patatas o algo de comer. Está bastante bien,,2025-07-16,0,0
reddit,"Pues al final me animo y lo voy a hacer. Creo que es una de esas cosas que tienes que hacer una vez en la vida por lo menos. Gracias por tu comentario, que fue motivante, y un saludo !","Pues al final me animo y lo voy a hacer. Creo que es una de esas cosas que tienes que hacer una vez en la vida por lo menos. Gracias por tu comentario, que fue motivante, y un saludo !",,2025-07-16,0,0
reddit,"Una consulta, debes saber tu factor Rx o ellos te sacan y después clasifican?","Una consulta, debes saber tu factor Rx o ellos te sacan y después clasifican?",,2025-07-14,0,0
reddit,"No hace falta, ellos lo hacen y además testean para VIH, alguna hepatitis y del estilo.","No hace falta, ellos lo hacen y además testean para VIH, alguna hepatitis y del estilo.",,2025-07-14,0,0
reddit,Si no lo sabes normalmente lo sacan antes o te lo hacen después,Si no lo sabes normalmente lo sacan antes o te lo hacen después,,2025-07-14,0,0
reddit,"Lo sepas o no da igual, ellos lo comprueban siempre (hacen analíticas de varias cosas en general)","Lo sepas o no da igual, ellos lo comprueban siempre (hacen analíticas de varias cosas en general)",,2025-07-14,0,0
reddit,"Yo no lo haría porque **detesto** y las agujas, y no lo considero algo gratificante.","Yo no lo haría porque **detesto** y las agujas, y no lo considero algo gratificante.",,2025-07-14,0,0
reddit,"¿Y? La sangre no se puede fabricar, también me dan miedo las agujas. Gratificante o no, la gente lo necesita para... ya sabes... no morir","¿Y? La sangre no se puede fabricar, también me dan miedo las agujas. Gratificante o no, la gente lo necesita para... ya sabes... no morir",,2025-07-15,0,0
reddit,"Me da igual, mi sangre no es de tu propiedad.","Me da igual, mi sangre no es de tu propiedad.",,2025-07-15,0,0
reddit,"Ojalá poder tener esto en cuenta si algún día tienes un accidente, pierdes sangre y necesitas una transfusión.","Ojalá poder tener esto en cuenta si algún día tienes un accidente, pierdes sangre y necesitas una transfusión.",,2025-07-15,0,0
reddit,Te has fijado que se llama DONAR sangre? Se hace para ayudar a otros.,Te has fijado que se llama DONAR sangre? Se hace para ayudar a otros.,,2025-07-16,0,0
reddit,Empecé a donar a raíz de la muerte de mi madre. Durante su último mes ingresada no paraba de necesitar 2 o 3 inyecciones de glóbulos rojos diarias. Ahí me di cuenta de la verdadera importancia de donar sangre.,Empecé a donar a raíz de la muerte de mi madre. Durante su último mes ingresada no paraba de necesitar 2 o 3 inyecciones de glóbulos rojos diarias. Ahí me di cuenta de la verdadera importancia de donar sangre.,,2025-07-14,0,0
reddit,Siento mucho lo de tu madre. Te agradezco la información y el haberte parado a escribir en este post. Espero que tengas un buen día,Siento mucho lo de tu madre. Te agradezco la información y el haberte parado a escribir en este post. Espero que tengas un buen día,,2025-07-14,0,0
reddit,"A veces cosas como estas pasan desapercibidas. Quiero que sepas que me pareces un héroe. Seguiré tú ejemplo. Un abrazo, gracias.","A veces cosas como estas pasan desapercibidas. Quiero que sepas que me pareces un héroe. Seguiré tú ejemplo. Un abrazo, gracias.",,2025-07-14,0,0
reddit,No queda otra porque es imposible fabricarla.,No queda otra porque es imposible fabricarla.,,2025-07-14,0,0
reddit,"Muy cierto, supongo que por eso los hospitales en sus campañas parecen tan agradecidos con la gente que se toma su tiempo en hacer una donación de su sangre, plaquetas o lo que sea","Muy cierto, supongo que por eso los hospitales en sus campañas parecen tan agradecidos con la gente que se toma su tiempo en hacer una donación de su sangre, plaquetas o lo que sea",,2025-07-14,0,0
reddit,"En realidad ☝🏻🤓 se ve que en Japón han desarrollado sangre artificial compatible con cualquier grupo (aunque poco más sé al respecto).
Y me imagino que habrá mucho que investigar antes de ir alegremente a utilizarla en la gente",En realidad se ve que en Japón han desarrollado sangre artificial compatible con cualquier grupo (aunque poco más sé al respecto). Y me imagino que habrá mucho que investigar antes de ir alegremente a utilizarla en la gente,☝🏻🤓,2025-07-14,0,0
reddit,Prometedor pero no se puede apostar por ello hasta ver resultados comparables a lo que pretende sustituir.,Prometedor pero no se puede apostar por ello hasta ver resultados comparables a lo que pretende sustituir.,,2025-07-15,0,0
reddit,"Si. Sienta bien espiritualmente, físicamente, y con un poco de suerte te dan un bollito.","Si. Sienta bien espiritualmente, físicamente, y con un poco de suerte te dan un bollito.",,2025-07-14,0,0
reddit,"Jajaja Gracias por tu comentario. Ahora que lo dices, me acuerdo que en la web de un hospital viendo información sobre esto decían que luego te daban algo de comer, pero no sabía a qué se referían. De nuevo, gracias","Jajaja Gracias por tu comentario. Ahora que lo dices, me acuerdo que en la web de un hospital viendo información sobre esto decían que luego te daban algo de comer, pero no sabía a qué se referían. De nuevo, gracias",,2025-07-14,0,0
reddit,"Te dan un bocadillo y un refresco o agua después de donar. Pero es lo de menos: es algo rápido, seguro, que cuesta casi nada y ayuda a mucha gente.","Te dan un bocadillo y un refresco o agua después de donar. Pero es lo de menos: es algo rápido, seguro, que cuesta casi nada y ayuda a mucha gente.",,2025-07-14,0,0
reddit,"Pues me motiva tu comentario a hacerlo. Definitivamente me pasaré por el hospital en cuanto tenga algo de tiempo para empezar a hacerlo. Un saludo, y de nuevo gracias !","Pues me motiva tu comentario a hacerlo. Definitivamente me pasaré por el hospital en cuanto tenga algo de tiempo para empezar a hacerlo. Un saludo, y de nuevo gracias !",,2025-07-16,0,0
reddit,falta la gotita en el donante O+ y receptor B+.,falta la gotita en el donante O+ y receptor B+.,,2025-07-14,0,0
reddit,"Este gráfico es bastante incorrecto, [debería ser así](https://donasangregijon.org/wp-content/uploads/2021/02/compatibilidadgrupos.jpg).

Sin embargo, es bastante fácil recordar la compatibilidad sin necesitar ninguna guía o referencia, y sin tener que entender íntimamente el tema.

Hay tres componentes que se pueden tener (o no tener) en la sangre, en varias combinaciones: el ""A"", el ""B"", y el ""+"". Si eres AB+ tienes los tres, y si eres O– no tienes ninguno (""–"" simplemente significa falta de +, e igualmente ""O"" significa falta de A y B).

Ahora piensalo como si estos tres componentes (A, B, +) fueran tóxicos, pero que su presencia previa en la sangre del recipiente le diera inmunidad. Por ejemplo, sólo puedes recibir el B si tu tipo de sangre ta tiene B, y asimismo con los otros dos componentes.

Por lo tanto, el AB+ es el más tóxico (sólo se puede donar a otros AB+), pero también el que tiene inmunidad total para el recipiente que lo tenga (pueden recibir cualquier tipo de sangre).

A cambio, el O– no contiene ningún componente tóxico, (se puede donar a cualquiera), pero el recipiente que lo tenga no tiene ninguna inmunidad (sólo puede recibir de otros O–).","Este gráfico es bastante incorrecto, [debería ser así](https://donasangregijon.org/wp-content/uploads/2021/02/compatibilidadgrupos.jpg). Sin embargo, es bastante fácil recordar la compatibilidad sin necesitar ninguna guía o referencia, y sin tener que entender íntimamente el tema. Hay tres componentes que se pueden tener (o no tener) en la sangre, en varias combinaciones: el ""A"", el ""B"", y el ""+"". Si eres AB+ tienes los tres, y si eres O– no tienes ninguno (""–"" simplemente significa falta de +, e igualmente ""O"" significa falta de A y B). Ahora piensalo como si estos tres componentes (A, B, +) fueran tóxicos, pero que su presencia previa en la sangre del recipiente le diera inmunidad. Por ejemplo, sólo puedes recibir el B si tu tipo de sangre ta tiene B, y asimismo con los otros dos componentes. Por lo tanto, el AB+ es el más tóxico (sólo se puede donar a otros AB+), pero también el que tiene inmunidad total para el recipiente que lo tenga (pueden recibir cualquier tipo de sangre). A cambio, el O– no contiene ningún componente tóxico, (se puede donar a cualquiera), pero el recipiente que lo tenga no tiene ninguna inmunidad (sólo puede recibir de otros O–).",,2025-07-15,0,0
reddit,"Lo de la toxicidad como ejemplo puede resultar confuso, ya que existe una salvedad en caso de emergencia:

Cualquier grupo Rh - puede recibir sangre de su mismo grupo + en caso de necesitar sangre urgentemente y no haber de la suya. Pero a partir de ese momento, su Rh cambiará a +

Lo mismo ocurre con el grupo 0 y el resto. En caso de urgencia, podría recibir de cualquiera de los otros, pero a partir de ese momento su grupo cambiaría al del donante.","Lo de la toxicidad como ejemplo puede resultar confuso, ya que existe una salvedad en caso de emergencia: Cualquier grupo Rh - puede recibir sangre de su mismo grupo + en caso de necesitar sangre urgentemente y no haber de la suya. Pero a partir de ese momento, su Rh cambiará a + Lo mismo ocurre con el grupo 0 y el resto. En caso de urgencia, podría recibir de cualquiera de los otros, pero a partir de ese momento su grupo cambiaría al del donante.",,2025-07-19,0,0
reddit,A- no puede donar a A+ pero si a B+?,A- no puede donar a A+ pero si a B+?,,2025-07-14,0,0
reddit,jajaja está muy mal todo eso lol,jajaja está muy mal todo eso lol,,2025-07-15,0,0
reddit,Pues es una foto sacada de Internet. Desconocía que estaba incompleta. Supongo que no he tenido mucha puntería eligiendo una buena imágen para el post. Gracias por la información,Pues es una foto sacada de Internet. Desconocía que estaba incompleta. Supongo que no he tenido mucha puntería eligiendo una buena imágen para el post. Gracias por la información,,2025-07-14,0,0
reddit,"Yo he donado varias veces. 

1. Salvas vidas. Hay conspiranoicos que hablan del plasma del mar, pero la única forma de ayudar a alguien que requiere sangre es donando.

2. Pierdes (un poco) el miedo a las agujas. 

3. Es bueno para la salud porque renuevas sangre. 

...y bueno, podemos decir que la cuarta es que meriendas gratis y, a veces, te dan otros detalles: bolígrafos, calendarios, bolas antiestrés...","Yo he donado varias veces. 1. Salvas vidas. Hay conspiranoicos que hablan del plasma del mar, pero la única forma de ayudar a alguien que requiere sangre es donando. 2. Pierdes (un poco) el miedo a las agujas. 3. Es bueno para la salud porque renuevas sangre. ...y bueno, podemos decir que la cuarta es que meriendas gratis y, a veces, te dan otros detalles: bolígrafos, calendarios, bolas antiestrés...",,2025-07-14,0,0
reddit,"Los regalos siempre es un añadido o el tema de comer, pero los tres primeros puntos tendré lo que más en cuenta 😄.  Gracias por tu experiencia, esto me ayuda !","Los regalos siempre es un añadido o el tema de comer, pero los tres primeros puntos tendré lo que más en cuenta . Gracias por tu experiencia, esto me ayuda !",😄,2025-07-14,0,0
reddit,"Yo he donado muchas veces, hasta que me la han dejado de aceptar por estar medicado.

Ve al hospital si puedes y evita la campaña de cruz roja, cruz roja cobra a la sanidad pública por la sangre que tú estás regalando.



Y da igual que tipo seas, da igual la compatibilidad entre tipos, siempre se usa sangre del mismo tipo que del paciente, tendría que ser una situación de emergencia y escasez para usar cualquier otra sangre por compatible que sea","Yo he donado muchas veces, hasta que me la han dejado de aceptar por estar medicado. Ve al hospital si puedes y evita la campaña de cruz roja, cruz roja cobra a la sanidad pública por la sangre que tú estás regalando. Y da igual que tipo seas, da igual la compatibilidad entre tipos, siempre se usa sangre del mismo tipo que del paciente, tendría que ser una situación de emergencia y escasez para usar cualquier otra sangre por compatible que sea",,2025-07-14,0,0
reddit,"Sabes ? Eso que has dicho de la Cruz Roja lo había leído en otro hilo y hay gente que dice que es un secreto a voces, pero parece que es bastante cierto. Tendré en cuenta tu comentario, tengo que decir que pensaba ir directamente a un hospital a hacer una donación y no por otra vía. Gracias !","Sabes ? Eso que has dicho de la Cruz Roja lo había leído en otro hilo y hay gente que dice que es un secreto a voces, pero parece que es bastante cierto. Tendré en cuenta tu comentario, tengo que decir que pensaba ir directamente a un hospital a hacer una donación y no por otra vía. Gracias !",,2025-07-14,0,0
reddit,"Pues claro que cobran a sanidad por la sangre. Esos autobuses y ese personal se tiene que pagar de alguna forma, y el altruismo no paga facturas.","Pues claro que cobran a sanidad por la sangre. Esos autobuses y ese personal se tiene que pagar de alguna forma, y el altruismo no paga facturas.",,2025-07-14,0,0
reddit,"Pues sí, tienes razón.  De todas formas, me viene mejor ir al hospital a hacerlo","Pues sí, tienes razón. De todas formas, me viene mejor ir al hospital a hacerlo",,2025-07-14,0,0
reddit,"En España donar sangre siempre se hace de forma altruista, no te pagan como en otros países. La motivación es que otras personas la pueden necesitar. Aveces hay campañas para que en pocos días se recoja más, pero siempre puedes ir a donar a un hospital universitario, dentro del horario que tengan habilitado.  
La primera vez te hacen el carnet de donante del banco de sangre, así te tienen registrado para otras ocasiones. Después de donar te suelen dar un refrigerio, tipo zumo y galletas o lo que tengan disponible. También te envían a tu casa el resultado de una analítica básica. 

Y menos mal que existen donantes sino moriría la gente que necesita transfusión por pérdida de sangre en intervenciones quirúrgicas, accidentes etc","En España donar sangre siempre se hace de forma altruista, no te pagan como en otros países. La motivación es que otras personas la pueden necesitar. Aveces hay campañas para que en pocos días se recoja más, pero siempre puedes ir a donar a un hospital universitario, dentro del horario que tengan habilitado. La primera vez te hacen el carnet de donante del banco de sangre, así te tienen registrado para otras ocasiones. Después de donar te suelen dar un refrigerio, tipo zumo y galletas o lo que tengan disponible. También te envían a tu casa el resultado de una analítica básica. Y menos mal que existen donantes sino moriría la gente que necesita transfusión por pérdida de sangre en intervenciones quirúrgicas, accidentes etc",,2025-07-14,0,0
reddit,"Pues sí, tienes toda razón. He estado mirando por lugares cerca mío donde poder donar, y me he decantado por ir al hospital directamente a hacerlo, creo que es lo mejor. Un saludo y gracias por tu tiempo, ya que me has resuelto cosas sobre el procedimiento de cómo te lo hacen","Pues sí, tienes toda razón. He estado mirando por lugares cerca mío donde poder donar, y me he decantado por ir al hospital directamente a hacerlo, creo que es lo mejor. Un saludo y gracias por tu tiempo, ya que me has resuelto cosas sobre el procedimiento de cómo te lo hacen",,2025-07-14,0,0
reddit,Ya verás es algo sencillo ¡Mucha suerte!,Ya verás es algo sencillo ¡Mucha suerte!,,2025-07-14,0,0
reddit,Muchas gracias por tus ánimos ! Un saludo,Muchas gracias por tus ánimos ! Un saludo,,2025-07-14,0,0
reddit,"Si te apetece ya me contarás tu experiencia y qué tal te ha ido, y algo más que necesites saber no dudes en preguntarme, gracias a ti y ¡Buenas noches!","Si te apetece ya me contarás tu experiencia y qué tal te ha ido, y algo más que necesites saber no dudes en preguntarme, gracias a ti y ¡Buenas noches!",,2025-07-14,0,0
reddit,"Quise ser donante, pero después de rellenar el formularío, me dijeron que al tener mucho la menstruación y soler tener el hierro un poco bajo, no podía donar.

Y allí acabo mi etapa de donante.","Quise ser donante, pero después de rellenar el formularío, me dijeron que al tener mucho la menstruación y soler tener el hierro un poco bajo, no podía donar. Y allí acabo mi etapa de donante.",,2025-07-14,0,0
reddit,"Al menos, te agradezco el esfuerzo de que hayas intentado hacer una aportación a la sociedad, ya que hay gente que ni se lo plantea. Un saludo y gracias por el comentario","Al menos, te agradezco el esfuerzo de que hayas intentado hacer una aportación a la sociedad, ya que hay gente que ni se lo plantea. Un saludo y gracias por el comentario",,2025-07-16,0,0
reddit,"No Questa nada, y al final, esto salva vidas.","No Questa nada, y al final, esto salva vidas.",,2025-07-16,0,0
reddit,"Pues sí, tienes mucha razón. De nuevo, gracias por tu esfuerzo ! 😀","Pues sí, tienes mucha razón. De nuevo, gracias por tu esfuerzo !",😀,2025-07-18,0,0
reddit,"Dono 3-4 veces al año desde que soy mayor de edad.

Me parece esencial. Tras años donando, estuve ingresado y al compañero de habitación le ponían sangre para que pudiera vivir, y hay que recordar que la sangre “caduca”. Que ese señor y otras muchas personas puedan seguir vivos sólo se consigue con algo que depende de la solidaridad y no de que se tenga más o menos dinero o medios materiales.","Dono 3-4 veces al año desde que soy mayor de edad. Me parece esencial. Tras años donando, estuve ingresado y al compañero de habitación le ponían sangre para que pudiera vivir, y hay que recordar que la sangre “caduca”. Que ese señor y otras muchas personas puedan seguir vivos sólo se consigue con algo que depende de la solidaridad y no de que se tenga más o menos dinero o medios materiales.",,2025-07-14,0,0
reddit,"La verdad es que tu comentario es una motivación para alguien que de momento no ha tenido la oportunidad de donar o no se le había ocurrido la idea de hacerlo, ya que al vivir en tu caso una experiencia cercana en este tema, pues recalcas lo importante que puede llegar a ser cosas como esta. De nuevo, gracias por contar tu experiencia","La verdad es que tu comentario es una motivación para alguien que de momento no ha tenido la oportunidad de donar o no se le había ocurrido la idea de hacerlo, ya que al vivir en tu caso una experiencia cercana en este tema, pues recalcas lo importante que puede llegar a ser cosas como esta. De nuevo, gracias por contar tu experiencia",,2025-07-14,0,0
reddit,Me gustaría hacerlo pero tengo la sospecha de que de hecho necesito sangre JAJSJAJAJJAJA creo que soy anémica,Me gustaría hacerlo pero tengo la sospecha de que de hecho necesito sangre JAJSJAJAJJAJA creo que soy anémica,,2025-07-14,0,0
reddit,"Entonces bajo mi punto de vista, no te la juegues y guarda tu sangre para ti, ya vendrán tiempos mejores para donar.  Espero que te vaya bien el día 😀","Entonces bajo mi punto de vista, no te la juegues y guarda tu sangre para ti, ya vendrán tiempos mejores para donar. Espero que te vaya bien el día",😀,2025-07-14,0,0
reddit,Los anémicos no suelen tener permitido donar,Los anémicos no suelen tener permitido donar,,2025-07-15,0,0
reddit,"No le veo nada malo, ni siquiera duele. Te mareas un poco y ya","No le veo nada malo, ni siquiera duele. Te mareas un poco y ya",,2025-07-14,0,0
reddit,"Pues es bueno saberlo, por si me baja el azúcar o me puedo marear. Gracias!","Pues es bueno saberlo, por si me baja el azúcar o me puedo marear. Gracias!",,2025-07-14,0,0
reddit,Comprate un bocadillo de jamon y una cocacola :p seguro te ayuda mucho. No comas nada antes de sacarte sangre y hazte pruebas por si tienes alguna enfermedad en la sangre. Obviamente no bebas alcohol en unos dias 😅 mi abuelo donaba borracho y emborrachaba a la gente 🤨,Comprate un bocadillo de jamon y una cocacola :p seguro te ayuda mucho. No comas nada antes de sacarte sangre y hazte pruebas por si tienes alguna enfermedad en la sangre. Obviamente no bebas alcohol en unos dias mi abuelo donaba borracho y emborrachaba a la gente,😅 🤨,2025-07-14,0,0
reddit,"Pues vaya con tu abuelo jajaja
Por suerte soy abstemio, no fumo y voy bien de salud. Seguro que puedo pasar las pruebas.  Gracias por tu aportación de nuevo !","Pues vaya con tu abuelo jajaja Por suerte soy abstemio, no fumo y voy bien de salud. Seguro que puedo pasar las pruebas. Gracias por tu aportación de nuevo !",,2025-07-16,0,0
reddit,Seguro que si ^^ ya verás lo bien q te sientes despues :D,Seguro que si ^^ ya verás lo bien q te sientes despues :D,,2025-07-17,0,0
reddit,"Piensa que ayudarás a salvarle la vida a las personas, eso es heavy si le das un par de vueltas. A mi me da ganas de llorar jaja (de alegría)","Piensa que ayudarás a salvarle la vida a las personas, eso es heavy si le das un par de vueltas. A mi me da ganas de llorar jaja (de alegría)",,2025-07-17,0,0
reddit,"No te calientes tanto la cabeza. Acércate cuando veas que están pidiendo sangre cerca de ti y pregunta tus dudas y que te digan si puedes donar. Prueba una vez y ves qué tal. La mayoría de personas no tenemos problemas. No te cuesta nada, es literalmente perder un ratito. A menos que tengas algún problema médico no te va a afectar en absoluto. Es más, yo tengo endometriosis y, aunque solo he donado una vez por circunstancias , ni me enteré, la verdad. Es algo que da más miedo de lo que realmente es.","No te calientes tanto la cabeza. Acércate cuando veas que están pidiendo sangre cerca de ti y pregunta tus dudas y que te digan si puedes donar. Prueba una vez y ves qué tal. La mayoría de personas no tenemos problemas. No te cuesta nada, es literalmente perder un ratito. A menos que tengas algún problema médico no te va a afectar en absoluto. Es más, yo tengo endometriosis y, aunque solo he donado una vez por circunstancias , ni me enteré, la verdad. Es algo que da más miedo de lo que realmente es.",,2025-07-14,0,0
reddit,"Pues gracias por el comentario, me anima mucho. Tengo pensado ir este fin de semana a un hospital cerca de donde vivo que tiene servicio de donaciones de sangre y voy a ver qué tal la experiencia. De nuevo, gracias por tu tiempo en escribir esto 😀","Pues gracias por el comentario, me anima mucho. Tengo pensado ir este fin de semana a un hospital cerca de donde vivo que tiene servicio de donaciones de sangre y voy a ver qué tal la experiencia. De nuevo, gracias por tu tiempo en escribir esto",😀,2025-07-14,0,0
reddit,No hay de qué! Espero actualización eh 😀,No hay de qué! Espero actualización eh,😀,2025-07-15,0,0
reddit,Es lo poco que hago regularmente que me hace sentirme bien,Es lo poco que hago regularmente que me hace sentirme bien,,2025-07-14,0,0
reddit,"Por lo que veo, a mucha gente le hace sentir orgullo una vez que donó al saber que hizo algo bueno por el mundo. Gracias por tu comentario, es motivante","Por lo que veo, a mucha gente le hace sentir orgullo una vez que donó al saber que hizo algo bueno por el mundo. Gracias por tu comentario, es motivante",,2025-07-14,0,0
reddit,"Aparte de la acción altruista, donar sangre o plasma puede ser una manera de [reducir la concentración de químicos eternos en tu organismo](https://pmc.ncbi.nlm.nih.gov/articles/PMC8994130/)","Aparte de la acción altruista, donar sangre o plasma puede ser una manera de [reducir la concentración de químicos eternos en tu organismo](https://pmc.ncbi.nlm.nih.gov/articles/PMC8994130/)",,2025-07-14,0,0
reddit,"Esa información la pude leer, y me pareció muy interesante. Desde luego es un detalle a tener en cuenta. Gracias por tu tiempo en buscar la info y postearla aquí 😀","Esa información la pude leer, y me pareció muy interesante. Desde luego es un detalle a tener en cuenta. Gracias por tu tiempo en buscar la info y postearla aquí",😀,2025-07-14,0,0
reddit,"Done hasta que ya no pude, creo que no es altruista, es colaborativo. Si todos donamos todos tendremos sangre cuando haga falta, ya sean accidentes, operaciones u conversiones espontaneas a vampiros, siempre es útil.","Done hasta que ya no pude, creo que no es altruista, es colaborativo. Si todos donamos todos tendremos sangre cuando haga falta, ya sean accidentes, operaciones u conversiones espontaneas a vampiros, siempre es útil.",,2025-07-14,0,0
reddit,Tienes mucha razón. Creo que los que habéis donado tenéis que estar orgullosos de vosotros mismos por vuestra dedicación. Gracias por tu comentario,Tienes mucha razón. Creo que los que habéis donado tenéis que estar orgullosos de vosotros mismos por vuestra dedicación. Gracias por tu comentario,,2025-07-14,0,0
reddit,"Por que iba a estar mal donar sangre? Tengo pensado hacerlo, incluso a veces te dan un bocata jamón. Salvas a alguien y te llevas un bocata win win","Por que iba a estar mal donar sangre? Tengo pensado hacerlo, incluso a veces te dan un bocata jamón. Salvas a alguien y te llevas un bocata win win",,2025-07-14,0,0
reddit,"Pues sí, reconozco que todo son ventajas visto de esa forma 😄","Pues sí, reconozco que todo son ventajas visto de esa forma",😄,2025-07-14,0,0
reddit,"Yo he donado dos veces, doné el año pasado el día siguiente de hacer los 18 años y medio año más tarde, este verano seguramente vuelva a ir.

Dispara tus preguntas.

Vas a la sala de donaciones, rellenas un formulario, te hacen pasar a una salita donde entregas el formulario y se aseguran que no estás donando en contra de tu voluntad y verifican tu historial médico (ninguna enfermedad ni nada) y te dejan pasar a la zona de donación.

Te estiras, te viene un enfermero/a, preparan la bolsa de sangre y todo y te pinchan con cuidado en un brazo. De ahí simplemente te van preguntando cada 2 o 3 minutos si vas bien (sé sincero, la primera vez me mareé y no llené la bolsa y eso es normal y está bien). 

Mientras te estás sacando la sangre simplemente tienes que mover un poco la mano cada un rato y con el otro brazo mirar el móvil o algo, es bastante aburrido.

Cuando esté la bolsa llena vendrá el enfermero/a y te quitará la aguja con cuidado. Luego te hacen pasar a una sala con bebidas y comida donde puedes coger lo que quieras.

La verdad es que es mucho más aburrido de lo que piensa la gente. Vas ahí, llenas un formulario, te pinchan, te pasas 20-30 minutos tumbado, te quitan la aguja y te dan de comer.

En mí limitada experiencia el personal médico es muy cuidadoso contigo y de hacerlo bien.

Quizá la experiencia es diferente para otra gente, siempre he donado en el hospital clínico de Barcelona, no sé cómo será en otros lugares.","Yo he donado dos veces, doné el año pasado el día siguiente de hacer los 18 años y medio año más tarde, este verano seguramente vuelva a ir. Dispara tus preguntas. Vas a la sala de donaciones, rellenas un formulario, te hacen pasar a una salita donde entregas el formulario y se aseguran que no estás donando en contra de tu voluntad y verifican tu historial médico (ninguna enfermedad ni nada) y te dejan pasar a la zona de donación. Te estiras, te viene un enfermero/a, preparan la bolsa de sangre y todo y te pinchan con cuidado en un brazo. De ahí simplemente te van preguntando cada 2 o 3 minutos si vas bien (sé sincero, la primera vez me mareé y no llené la bolsa y eso es normal y está bien). Mientras te estás sacando la sangre simplemente tienes que mover un poco la mano cada un rato y con el otro brazo mirar el móvil o algo, es bastante aburrido. Cuando esté la bolsa llena vendrá el enfermero/a y te quitará la aguja con cuidado. Luego te hacen pasar a una sala con bebidas y comida donde puedes coger lo que quieras. La verdad es que es mucho más aburrido de lo que piensa la gente. Vas ahí, llenas un formulario, te pinchan, te pasas 20-30 minutos tumbado, te quitan la aguja y te dan de comer. En mí limitada experiencia el personal médico es muy cuidadoso contigo y de hacerlo bien. Quizá la experiencia es diferente para otra gente, siempre he donado en el hospital clínico de Barcelona, no sé cómo será en otros lugares.",,2025-07-14,0,0
reddit,"Hola ! Pues la verdad es que no tengo preguntas porque me has explicado todo muy bien. De hecho, una de las preguntas que tenía en mente era cuanto duraba el proceso.  Pero ya me lo has explicado en tu escrito. Tengo también entendido por lo que dicen otros que te Dan unos análisis de tu sangre después de hacer la donación, aunque no sé si dependerá eso del hospital al que vayas a donar. La verdad es que te agradezco toda la información que me has dado. Me aclaraste muchas dudas y te lo agradezco, que tengas un buen día !","Hola ! Pues la verdad es que no tengo preguntas porque me has explicado todo muy bien. De hecho, una de las preguntas que tenía en mente era cuanto duraba el proceso. Pero ya me lo has explicado en tu escrito. Tengo también entendido por lo que dicen otros que te Dan unos análisis de tu sangre después de hacer la donación, aunque no sé si dependerá eso del hospital al que vayas a donar. La verdad es que te agradezco toda la información que me has dado. Me aclaraste muchas dudas y te lo agradezco, que tengas un buen día !",,2025-07-18,0,0
reddit,"Hasta donde tengo entendido el análisis te lo hacen siempre (a mí me lo han hecho las dos veces), es más bien para que no tengas una enfermedad sin diagnosticar o para asegurarse de que no hayas mentido. Solo miran si tienes enfermedades, no te miran nada más.

Buen día : )

Edit: Por cierto, depende de la persona podría ser que tardaras más rato. Esto depende de un millón de factores. De si estás nervioso, de tu edad, condición física, si hacía calor antes de entrar... Pero para la mayoría de gente 40 minutos es el máximo rato que te van a estar sacando sangre.","Hasta donde tengo entendido el análisis te lo hacen siempre (a mí me lo han hecho las dos veces), es más bien para que no tengas una enfermedad sin diagnosticar o para asegurarse de que no hayas mentido. Solo miran si tienes enfermedades, no te miran nada más. Buen día : ) Edit: Por cierto, depende de la persona podría ser que tardaras más rato. Esto depende de un millón de factores. De si estás nervioso, de tu edad, condición física, si hacía calor antes de entrar... Pero para la mayoría de gente 40 minutos es el máximo rato que te van a estar sacando sangre.",,2025-07-18,0,0
reddit,"Pues muchas gracias de nuevo por la información.  Es bueno saber los detalles de cómo es algo nuevo antes de hacerlo por primera vez para saber cómo es el proceso y lo que te espera. De nuevo, gracias por tu tiempo escribiendo y que pases un buen día 🙂","Pues muchas gracias de nuevo por la información. Es bueno saber los detalles de cómo es algo nuevo antes de hacerlo por primera vez para saber cómo es el proceso y lo que te espera. De nuevo, gracias por tu tiempo escribiendo y que pases un buen día",🙂,2025-07-19,0,0
reddit,"Empecé a donar en la universidad.

Vi a los de cruz roja hablando con los porretas de la puerta que la gente ignoraba y me dio algo de pena supongo. 

Diría que he ido cada 3 meses a donar. 

Has de tomar algo antes pero te dan un bocata y un refresco luego. 

A veces hay jovenes que van en grupo y tardan demasiado/se quedan los sitios de descanso breve post donación pero intentan regular esto para que no sea un desmadre.",Empecé a donar en la universidad. Vi a los de cruz roja hablando con los porretas de la puerta que la gente ignoraba y me dio algo de pena supongo. Diría que he ido cada 3 meses a donar. Has de tomar algo antes pero te dan un bocata y un refresco luego. A veces hay jovenes que van en grupo y tardan demasiado/se quedan los sitios de descanso breve post donación pero intentan regular esto para que no sea un desmadre.,,2025-07-14,0,0
reddit,"Gracias por la información, fue muy útil. En mi caso, no tuve la oportunidad de hacer eso en mi universidad, pero nunca es tarde para empezar. De nuevo gracias y un saludo","Gracias por la información, fue muy útil. En mi caso, no tuve la oportunidad de hacer eso en mi universidad, pero nunca es tarde para empezar. De nuevo gracias y un saludo",,2025-07-14,0,0
reddit,"Yo dono desde hace unos doce años, de forma intermitente. No me cuesta nada y literalmente salvas vidas.","Yo dono desde hace unos doce años, de forma intermitente. No me cuesta nada y literalmente salvas vidas.",,2025-07-14,0,0
reddit,"Eso es mucho tiempo. Debes de estar orgulloso de ti mismo, yo lo estaría. Gracias por tu comentario en el hilo y un saludo !","Eso es mucho tiempo. Debes de estar orgulloso de ti mismo, yo lo estaría. Gracias por tu comentario en el hilo y un saludo !",,2025-07-14,0,0
reddit,"Yo intento donar lo máximo posible, para mantener el suministro se necesitan muchas donaciones al día, es muy gratificante porque haces un servicio a las sociedad que puede ser necesario en caso de emergencia. Si te gusta el tema te recomendaría hacerte donante de médula, no cuesta nada y puedes salvar una vida","Yo intento donar lo máximo posible, para mantener el suministro se necesitan muchas donaciones al día, es muy gratificante porque haces un servicio a las sociedad que puede ser necesario en caso de emergencia. Si te gusta el tema te recomendaría hacerte donante de médula, no cuesta nada y puedes salvar una vida",,2025-07-14,0,0
reddit,"Muchas gracias por tu comentario. Lo voy a tener en cuenta lo que me has dicho de la médula. De momento, como soy novato en esto me presentaré al de sangre pero ya he visto otra gente hablando sobre donación de médula también y es interesante. Gracias por tu tiempo y un saludo  !","Muchas gracias por tu comentario. Lo voy a tener en cuenta lo que me has dicho de la médula. De momento, como soy novato en esto me presentaré al de sangre pero ya he visto otra gente hablando sobre donación de médula también y es interesante. Gracias por tu tiempo y un saludo !",,2025-07-14,0,0
reddit,"Yo lo hago con frecuencia. No se puede sintetizar, y cualquier día puedes necesitarla tú.","Yo lo hago con frecuencia. No se puede sintetizar, y cualquier día puedes necesitarla tú.",,2025-07-14,0,0
reddit,"Eso es muy cierto. Siendo honestos, es una gran verdad la que has dicho en tu última frase","Eso es muy cierto. Siendo honestos, es una gran verdad la que has dicho en tu última frase",,2025-07-14,0,0
reddit,"Siempre que puedo dono, y mi esposa también. Ella es 0-  y normalmente la sangre que dona se usa en uno o dos días por la demanda, es muy importante donar.","Siempre que puedo dono, y mi esposa también. Ella es 0- y normalmente la sangre que dona se usa en uno o dos días por la demanda, es muy importante donar.",,2025-07-14,0,0
reddit,"Reconozco que saber qué tipo de sangre tienes así como tus posibilidades para donar, es realmente importante. En mi caso desconozco la mía, así que será bueno saberlo. Gracias por tu comentario y un saludo a ti y a tu esposa","Reconozco que saber qué tipo de sangre tienes así como tus posibilidades para donar, es realmente importante. En mi caso desconozco la mía, así que será bueno saberlo. Gracias por tu comentario y un saludo a ti y a tu esposa",,2025-07-14,0,0
reddit,"Dono plasma cada 15 días.
Anímate",Dono plasma cada 15 días. Anímate,,2025-07-14,0,0
reddit,Eso haré ! Ahora que empiezo las vacaciones me animaré a empezar a hacerlo en el hospital de mi ciudad. Gracias por el comentario y un saludo !,Eso haré ! Ahora que empiezo las vacaciones me animaré a empezar a hacerlo en el hospital de mi ciudad. Gracias por el comentario y un saludo !,,2025-07-16,0,0
reddit,Leí por ahí que al donar sangre te limpias de microplásticos y otras mierdas como lo del teflón de las sartenes que vamos ingiriendo. Una motivación extra jeje,Leí por ahí que al donar sangre te limpias de microplásticos y otras mierdas como lo del teflón de las sartenes que vamos ingiriendo. Una motivación extra jeje,,2025-07-18,0,0
reddit,Sí que he leído por ahí que te limpias algo la sangre después de hacer una donación. No sé qué porcentaje te limpiará pero es interesante saberlo y un añadido. Gracias por el comentario y un saludo!,Sí que he leído por ahí que te limpias algo la sangre después de hacer una donación. No sé qué porcentaje te limpiará pero es interesante saberlo y un añadido. Gracias por el comentario y un saludo!,,2025-07-18,0,0
reddit,"Salvo que tengas problemas médicos, pánico a las agujas o algo semejante, donar sangre es bueno para ti además de un acto solidario. Una búsqueda de unos segundos y das con cosas como esta: https://www.eldiario.es/consumoclaro/tu-mejor-yo/ventajas-salud-donar-sangre-no-conocias_1_9594235.html","Salvo que tengas problemas médicos, pánico a las agujas o algo semejante, donar sangre es bueno para ti además de un acto solidario. Una búsqueda de unos segundos y das con cosas como esta: https://www.eldiario.es/consumoclaro/tu-mejor-yo/ventajas-salud-donar-sangre-no-conocias_1_9594235.html",,2025-07-14,0,0
reddit,"Te agradezco la información y el posteo del link para conocer más. Ahora le echaré un vistazo. Por suerte, no tengo problemas médicos generales así que no creo que me encuentre ninguna traba para poder donar. De nuevo, gracias","Te agradezco la información y el posteo del link para conocer más. Ahora le echaré un vistazo. Por suerte, no tengo problemas médicos generales así que no creo que me encuentre ninguna traba para poder donar. De nuevo, gracias",,2025-07-14,0,0
reddit,"0 problemas. Doné en un instituto cuando vinieron los del hospital y las enfermeras pilotaban muchísimo. Prácticamente ni te das cuenta, una ligera molestia. Y te dan descuentos para el cine 😁","0 problemas. Doné en un instituto cuando vinieron los del hospital y las enfermeras pilotaban muchísimo. Prácticamente ni te das cuenta, una ligera molestia. Y te dan descuentos para el cine",😁,2025-07-14,0,0
reddit,"Jajajaja Me conformo con que no me hagan mucho daño a la hora de pincharme 😂 Pero lo de las entradas de cine en un caso hipotético que las sigan repartiendo siempre es un añadido, es cierto","Jajajaja Me conformo con que no me hagan mucho daño a la hora de pincharme Pero lo de las entradas de cine en un caso hipotético que las sigan repartiendo siempre es un añadido, es cierto",😂,2025-07-14,0,0
reddit,"Qué va, casi ni te enteras!! Y te lo dice alguien que le tiene panico a las agujas jajaja, pero todo sea por ayudar. Soy O- con lo cual es un plus porque mi sangre le vale a todo el mundo 😌","Qué va, casi ni te enteras!! Y te lo dice alguien que le tiene panico a las agujas jajaja, pero todo sea por ayudar. Soy O- con lo cual es un plus porque mi sangre le vale a todo el mundo",😌,2025-07-14,0,0
reddit,"Pues es muy interesante. A decir verdad, no sé cuál es el tipo de sangre que tengo yo así que será interesante saberlo a la hora de hacer mis donaciones. No tengo miedo a las agujas en mi caso, pero es bueno saberlo. De nuevo, gracias por tu ayuda a mi y al mundo 😄","Pues es muy interesante. A decir verdad, no sé cuál es el tipo de sangre que tengo yo así que será interesante saberlo a la hora de hacer mis donaciones. No tengo miedo a las agujas en mi caso, pero es bueno saberlo. De nuevo, gracias por tu ayuda a mi y al mundo",😄,2025-07-14,0,0
reddit,"Siempre me alegra ver que más gente se apunta a donar sangre, pero ojalá en España se incentivara más.

Aunque el modelo actual se basa en el altruismo y está muy bien, desgraciadamente la mayor parte de la sociedad no funciona así. Hay estudios que respaldan el hecho de que incentivos como descuentos, vales culturales o una pequeña compensación económica augmenta significativamente el número de donaciones sin comprometer la seguridad del proceso ni el compromiso de los donantes que ya donan sangre de forma altruista.

Y tampoco se trata de convertir la sangre en un negocio, sino de reconocer que valorar el tiempo y el esfuerzo de las personas donantes es muy efectivo, tanto para captar nuevos donantes, como para que vuelvan aquellos que ya donaron.","Siempre me alegra ver que más gente se apunta a donar sangre, pero ojalá en España se incentivara más. Aunque el modelo actual se basa en el altruismo y está muy bien, desgraciadamente la mayor parte de la sociedad no funciona así. Hay estudios que respaldan el hecho de que incentivos como descuentos, vales culturales o una pequeña compensación económica augmenta significativamente el número de donaciones sin comprometer la seguridad del proceso ni el compromiso de los donantes que ya donan sangre de forma altruista. Y tampoco se trata de convertir la sangre en un negocio, sino de reconocer que valorar el tiempo y el esfuerzo de las personas donantes es muy efectivo, tanto para captar nuevos donantes, como para que vuelvan aquellos que ya donaron.",,2025-07-14,0,0
reddit,"Creo que como tú dices es importante valorar el esfuerzo que hace la gente para poder sacar tiempo y esfuerzo y salir a donar. Además, he leído por aquí a gente que tiene miedo a las agujas y aún así hace el esfuerzo de ir a donar. Sea como sea, el reconocimiento a esa gente aunque sea por Internet como nosotros me parece lo mínimo, la verdad. Gracias por el comentario y un saludo","Creo que como tú dices es importante valorar el esfuerzo que hace la gente para poder sacar tiempo y esfuerzo y salir a donar. Además, he leído por aquí a gente que tiene miedo a las agujas y aún así hace el esfuerzo de ir a donar. Sea como sea, el reconocimiento a esa gente aunque sea por Internet como nosotros me parece lo mínimo, la verdad. Gracias por el comentario y un saludo",,2025-07-16,0,0
reddit,"España es uno de los países del mundo donde más donaciones de sangre se hacen, y de hecho, también transplantes. No hace falta dar ningún incentivo, ya te dan algo de comer y a veces tienen descuentillos en cine o eventos.

De hecho, si pagasen por las donaciones, posiblemente me costaría más ir.","España es uno de los países del mundo donde más donaciones de sangre se hacen, y de hecho, también transplantes. No hace falta dar ningún incentivo, ya te dan algo de comer y a veces tienen descuentillos en cine o eventos. De hecho, si pagasen por las donaciones, posiblemente me costaría más ir.",,2025-07-15,0,0
reddit,"Dono regularmente. Es muy facil donar aquí en España. Siempre quería donarla en mi país también pero necesitaba ir al algunos sitios muy especificos y horas muy especificas. Estoy donante de medula también hace mucho años (he hecho en mi país). 

Porqué hago? No sé. No estoy segura si están usando mi sangre tampoco porque es un tipo muy común. 

La gente trabajando ahí son muy amables. Luego dan refrescos y frutos secos jejejej. Y donde estoy, dan billetes de cinema con descuento.","Dono regularmente. Es muy facil donar aquí en España. Siempre quería donarla en mi país también pero necesitaba ir al algunos sitios muy especificos y horas muy especificas. Estoy donante de medula también hace mucho años (he hecho en mi país). Porqué hago? No sé. No estoy segura si están usando mi sangre tampoco porque es un tipo muy común. La gente trabajando ahí son muy amables. Luego dan refrescos y frutos secos jejejej. Y donde estoy, dan billetes de cinema con descuento.",,2025-07-14,0,0
reddit,"Gracias por tu comentario. Ha sido interesantes leerte. No sé si seguirán dando billetes para el cine, pero es un buen añadido 😀 Tengamos fé en que las donaciones lleguen a un buen sitio. Gracias por tu tiempo escribiendo aquí","Gracias por tu comentario. Ha sido interesantes leerte. No sé si seguirán dando billetes para el cine, pero es un buen añadido Tengamos fé en que las donaciones lleguen a un buen sitio. Gracias por tu tiempo escribiendo aquí",😀,2025-07-14,0,0
reddit,"Una galletita y un juguito y pa casa

Pd: no donen sangre despues de un turno de 36 hrs, van a estar bien mareados, yo hice esa mamada y para rematar la ultima vez que habia comido es la noche anterior al dia de la donación, quede echo mierda y cai a dormir al llegar a casa","Una galletita y un juguito y pa casa Pd: no donen sangre despues de un turno de 36 hrs, van a estar bien mareados, yo hice esa mamada y para rematar la ultima vez que habia comido es la noche anterior al dia de la donación, quede echo mierda y cai a dormir al llegar a casa",,2025-07-14,0,0
reddit,"Gracias por escribir. Por lo que leído, hay personas que le Dan mareos después de hacer una donación. Creo que por eso iré a donar después de comer algo, así que evitaré los posibles efectos de un mareo. Gracias por tu tiempo escribiendo","Gracias por escribir. Por lo que leído, hay personas que le Dan mareos después de hacer una donación. Creo que por eso iré a donar después de comer algo, así que evitaré los posibles efectos de un mareo. Gracias por tu tiempo escribiendo",,2025-07-14,0,0
reddit,"&gt;Opiniones sobre donar sangre de forma altruista

Es que en España no hay otra forma de donar sangre. Si lo haces será siempre de forma altruista y para ayudar a los demás porque no está remunerado. Y esto es así por ley. Lo que  sí te darán será alguna bebida azucarada y algún dulce o algo así, básicamente para que repongas glucosa y líquidos tras la donación.

En cuanto a las opiniones, qué es exactamente lo que quieres saber? 

La experiencia, pues nada que no te puedas imaginar. Vas al sitio de la donación, te verá un médico, te hará algunas preguntas acerca de tu estado de salud general, peso, etc. Te tomarán la tensión y te medirán la glucosa y si todo está bien, pasarás a una camilla. Te pincharán con una aguja relativamente gruesa para que el flujo de sangre sea correcto, te sacarán como 1/2 L o así, y después te darán algo con azúcar para que te repongas y te quedas allí un ratito hasta estar seguro de que no te va a dar una pájara.

En cuanto a los motivos, creo que eso ya está respondido. No sé si hay algo más que necesites saber.","&gt;Opiniones sobre donar sangre de forma altruista Es que en España no hay otra forma de donar sangre. Si lo haces será siempre de forma altruista y para ayudar a los demás porque no está remunerado. Y esto es así por ley. Lo que sí te darán será alguna bebida azucarada y algún dulce o algo así, básicamente para que repongas glucosa y líquidos tras la donación. En cuanto a las opiniones, qué es exactamente lo que quieres saber? La experiencia, pues nada que no te puedas imaginar. Vas al sitio de la donación, te verá un médico, te hará algunas preguntas acerca de tu estado de salud general, peso, etc. Te tomarán la tensión y te medirán la glucosa y si todo está bien, pasarás a una camilla. Te pincharán con una aguja relativamente gruesa para que el flujo de sangre sea correcto, te sacarán como 1/2 L o así, y después te darán algo con azúcar para que te repongas y te quedas allí un ratito hasta estar seguro de que no te va a dar una pájara. En cuanto a los motivos, creo que eso ya está respondido. No sé si hay algo más que necesites saber.",,2025-07-14,0,0
reddit,"Lo primero de todo, pues gracias por escribir de forma tan detallada la experiencia y lo que te hacen. En términos generales esto es lo que buscaba en cuanto a información; saber cuanto tiempo estabas allí, algún consejo sobre si ir en ayunas o después de comer, El protocolo general antes de pincharte... en realidad, has respondido a prácticamente todo lo que tenía en mente, así que gracias por tu tiempo escribiendome","Lo primero de todo, pues gracias por escribir de forma tan detallada la experiencia y lo que te hacen. En términos generales esto es lo que buscaba en cuanto a información; saber cuanto tiempo estabas allí, algún consejo sobre si ir en ayunas o después de comer, El protocolo general antes de pincharte... en realidad, has respondido a prácticamente todo lo que tenía en mente, así que gracias por tu tiempo escribiendome",,2025-07-14,0,0
reddit,"No vayas en ayunas ni hagas deporte ese día, ni antes ni después. Tampoco hace falta que vayas justo después de comer, mientras no estés en ayunas, cualquier hora sirve. No tomes alcohol ese día. Si consumes algún tipo de droga o medicación habitualmente, según lo que sea es muy probable que te echen p'atrás. Si es algo ""suave"" y ocasional, ese día no es buen día para hacerlo. Si pesas muy poco también te dirán que no, y si eres mujer y tienes la regla, espérate a terminarla.

En cuanto a posibles enfermedades infecciosas, si sabes que tienes alguna es obvio y creo que sabes que no debes donar. En cualquier caso tu sangre se analizará al llegar al depósito y si aparece algo se descartará. En ese caso también contactarían contigo para informarte de lo que hayan encontrado.

Cuando termines, independientemente de lo que te den ellos, hidrátate bien (sobre todo, pero no solo, ahora en verano), y si te quieres pegar un pequeño homenaje con la comida (sin que se te vaya de las manos y sin alcohol), es buen día para hacerlo sin remordimientos.","No vayas en ayunas ni hagas deporte ese día, ni antes ni después. Tampoco hace falta que vayas justo después de comer, mientras no estés en ayunas, cualquier hora sirve. No tomes alcohol ese día. Si consumes algún tipo de droga o medicación habitualmente, según lo que sea es muy probable que te echen p'atrás. Si es algo ""suave"" y ocasional, ese día no es buen día para hacerlo. Si pesas muy poco también te dirán que no, y si eres mujer y tienes la regla, espérate a terminarla. En cuanto a posibles enfermedades infecciosas, si sabes que tienes alguna es obvio y creo que sabes que no debes donar. En cualquier caso tu sangre se analizará al llegar al depósito y si aparece algo se descartará. En ese caso también contactarían contigo para informarte de lo que hayan encontrado. Cuando termines, independientemente de lo que te den ellos, hidrátate bien (sobre todo, pero no solo, ahora en verano), y si te quieres pegar un pequeño homenaje con la comida (sin que se te vaya de las manos y sin alcohol), es buen día para hacerlo sin remordimientos.",,2025-07-14,0,0
reddit,"Pues de nuevo, gracias por tu texto ya que eres de los que más me ha resuelto las dudas y probablemente se la has resulto también a alguien que estuviera leyendo y en mi misma situación. Gracias por el escrito, así lo tengo todo más claro","Pues de nuevo, gracias por tu texto ya que eres de los que más me ha resuelto las dudas y probablemente se la has resulto también a alguien que estuviera leyendo y en mi misma situación. Gracias por el escrito, así lo tengo todo más claro",,2025-07-14,0,0
reddit,No hay de qué. Gracias a ti por plantearte donar.,No hay de qué. Gracias a ti por plantearte donar.,,2025-07-14,0,0
reddit,"Yo lo he hecho muchas veces, es muy sencillo y no se tarda nada y encima te invitan a algo, te animo a que lo hagas, es muy poco esfuerzo para el bien que haces.","Yo lo he hecho muchas veces, es muy sencillo y no se tarda nada y encima te invitan a algo, te animo a que lo hagas, es muy poco esfuerzo para el bien que haces.",,2025-07-14,0,0
reddit,"Pues muchas gracias ! Tendo decidido que lo voy a hacer, preferiblemente lo haré en fin de semana que es cuando tengo tiempo. Más o menos cuánto es la duración de la donación según tu experiencia ? Creo que leí a otro compañero que decía que era unos 30 minutos  a una hora. Gracias por tu tiempo escribiendo y un saludo","Pues muchas gracias ! Tendo decidido que lo voy a hacer, preferiblemente lo haré en fin de semana que es cuando tengo tiempo. Más o menos cuánto es la duración de la donación según tu experiencia ? Creo que leí a otro compañero que decía que era unos 30 minutos a una hora. Gracias por tu tiempo escribiendo y un saludo",,2025-07-14,0,0
reddit,"Sobre todo, lo importante es no donarlo a la cruz roja. Cogen tu sangre que has donado y la venden a los hospitales. Mejor dona en un hospital de verdad.","Sobre todo, lo importante es no donarlo a la cruz roja. Cogen tu sangre que has donado y la venden a los hospitales. Mejor dona en un hospital de verdad.",,2025-07-14,0,0
reddit,"Justamente, esa es mi idea. Ir a un hospital. He leído bastantes comentarios negativos sobre la Cruz Roja, así que supongo que la opción del Hospital es lo más seguro. Gracias por la información, la verdad es que me fue útil !","Justamente, esa es mi idea. Ir a un hospital. He leído bastantes comentarios negativos sobre la Cruz Roja, así que supongo que la opción del Hospital es lo más seguro. Gracias por la información, la verdad es que me fue útil !",,2025-07-14,0,0
reddit,"Es una muy buena idea hacerlo, y, es más, sugeriría también presentarse para estar disponible como donante de médula. Yo lo hice después de que una de mis compañeras de la uni falleciera por leucemia, cuya solución es, precisamente, el transplante de médula ósea.","Es una muy buena idea hacerlo, y, es más, sugeriría también presentarse para estar disponible como donante de médula. Yo lo hice después de que una de mis compañeras de la uni falleciera por leucemia, cuya solución es, precisamente, el transplante de médula ósea.",,2025-07-14,0,0
reddit,"Vaya, lo siento de tu compañera, sinceramente. Veo a bastante gente diciendo que fue o es donante de médula en los comentarios. De momento tengo pensado presentarme a donar sangre y plasma, y lo de la médula me lo pensaré para el futuro. Gracias y un saludo !","Vaya, lo siento de tu compañera, sinceramente. Veo a bastante gente diciendo que fue o es donante de médula en los comentarios. De momento tengo pensado presentarme a donar sangre y plasma, y lo de la médula me lo pensaré para el futuro. Gracias y un saludo !",,2025-07-16,0,0
reddit,"Ya que A- no es de los tipos más comunes ni de los que más tipo de sangre puede recibir, aporto mi granito de arena donando mi sangre.","Ya que A- no es de los tipos más comunes ni de los que más tipo de sangre puede recibir, aporto mi granito de arena donando mi sangre.",,2025-07-14,0,0
reddit,Seguro que alguien en el futuro que reciba tu sangre te lo agradece aunque tú no lo conozcas al ser tu sangre de las poco comunes.  Gracias por escribir por aquí !,Seguro que alguien en el futuro que reciba tu sangre te lo agradece aunque tú no lo conozcas al ser tu sangre de las poco comunes. Gracias por escribir por aquí !,,2025-07-14,0,0
reddit,"La sangre es vida. Donar sangre es donar vida. Si estás sano, ni te lo pienses. Puede que el día de mañana necesites una transfusión de alguien que previamente donó de manera altruista. Es de esas cosas que te reconcilian con la humanidad 😊","La sangre es vida. Donar sangre es donar vida. Si estás sano, ni te lo pienses. Puede que el día de mañana necesites una transfusión de alguien que previamente donó de manera altruista. Es de esas cosas que te reconcilian con la humanidad",😊,2025-07-14,0,0
reddit,"Pues sí, tienes razón.  A decir verdad, que haya tanta gente en este hilo que ha donado o está donando actualmente te hace recuperar un poco la esperanza en la humanidad al ver cómo se mueve la gente. Gracias por tu comentario !","Pues sí, tienes razón. A decir verdad, que haya tanta gente en este hilo que ha donado o está donando actualmente te hace recuperar un poco la esperanza en la humanidad al ver cómo se mueve la gente. Gracias por tu comentario !",,2025-07-16,0,0
reddit,"Sienta muy bien, yo dono en Málaga frecuentemente desde hace unos tres años, y el personal del centro de donaciones es muy agradable y profesional. Te dan dulces gratis tras donar, y sabes que estás ayudando mucho a alguien sin esperar nada a cambio, solo costándote un poco de tiempo. 

A mí me alegra el día cada vez que voy el poder hacer ese gesto!!","Sienta muy bien, yo dono en Málaga frecuentemente desde hace unos tres años, y el personal del centro de donaciones es muy agradable y profesional. Te dan dulces gratis tras donar, y sabes que estás ayudando mucho a alguien sin esperar nada a cambio, solo costándote un poco de tiempo. A mí me alegra el día cada vez que voy el poder hacer ese gesto!!",,2025-07-14,0,0
reddit,"Pues me alegro por ti. Debes de sentirte orgulloso por tu labor, yo lo estaría, la verdad. Además, tres años es mucho tiempo donando. Gracias por contar tu experiencia!","Pues me alegro por ti. Debes de sentirte orgulloso por tu labor, yo lo estaría, la verdad. Además, tres años es mucho tiempo donando. Gracias por contar tu experiencia!",,2025-07-14,0,0
reddit,Graciaas :) Te aconsejo que lo pruebes a ver que tal te sienta a ti!!,Graciaas :) Te aconsejo que lo pruebes a ver que tal te sienta a ti!!,,2025-07-15,0,0
reddit,"Muchas gracias ! Eso haré, ya que creo que es una de esas cosas que al menos tiene que probar a hacer una vez en la vida 😀","Muchas gracias ! Eso haré, ya que creo que es una de esas cosas que al menos tiene que probar a hacer una vez en la vida",😀,2025-07-16,0,0
reddit,"Es una las mejores sensaciones que he tenido en la vida 😊 llevo unas donaciones desde 2023, y es mi manera de aportar a la sociedad española (más alla de pagar impuestos 😆)

Un poco de contexto, nací en Filipinas y me mudé a España en 2022 tras casarme con mi marido. Me daba vergüenza beneficiarme de la seguridad social sin haber hecho cotizaciones (antes de encontrar trabajo), y decidí donar sangre.

https://preview.redd.it/2ctlfvc3swcf1.jpeg?width=1170&amp;format=pjpg&amp;auto=webp&amp;s=694e10551966156d9e3aa012bf3edcf94d67d6bb","Es una las mejores sensaciones que he tenido en la vida llevo unas donaciones desde 2023, y es mi manera de aportar a la sociedad española (más alla de pagar impuestos ) Un poco de contexto, nací en Filipinas y me mudé a España en 2022 tras casarme con mi marido. Me daba vergüenza beneficiarme de la seguridad social sin haber hecho cotizaciones (antes de encontrar trabajo), y decidí donar sangre. https://preview.redd.it/2ctlfvc3swcf1.jpeg?width=1170&amp;format=pjpg&amp;auto=webp&amp;s=694e10551966156d9e3aa012bf3edcf94d67d6bb",😊 😆,2025-07-14,0,0
reddit,"Hola! Pues es muy bonito detalle de tu parte ! Yo creo que eso te tiene que hacer crecer mucho la autoestima, la labor que estás haciendo por la sociedad. Gracias por tu escrito, que es motivador, y un saludo !","Hola! Pues es muy bonito detalle de tu parte ! Yo creo que eso te tiene que hacer crecer mucho la autoestima, la labor que estás haciendo por la sociedad. Gracias por tu escrito, que es motivador, y un saludo !",,2025-07-16,0,0
reddit,"Donar sangre es siempre altruista y es siempre por ayudar a otros.

  
O me estoy perdiendo de algo?

(yo personalmente llevo 20 años donando cada seis meses)",Donar sangre es siempre altruista y es siempre por ayudar a otros. O me estoy perdiendo de algo? (yo personalmente llevo 20 años donando cada seis meses),,2025-07-14,0,0
reddit,"Tienes que estar muy orgulloso de ti. Seguramente la cantidad de gente que hayas podido ayudar gracias a tus donaciones después de tanto tiempo tiene que ser alta. Es motivante, así que te doy las gracias","Tienes que estar muy orgulloso de ti. Seguramente la cantidad de gente que hayas podido ayudar gracias a tus donaciones después de tanto tiempo tiene que ser alta. Es motivante, así que te doy las gracias",,2025-07-16,0,0
reddit,"Hola, yo hace poco que empecé a donar y la experiencia siempre ha sido buena. El trato ha sido excelente siempre y la gente con la que coincides es muy amable. Desde luego, si puedes, lo recomiendo del todo. Además te hacen una analítica cada vez que vas, por lo que también tienes eso sin tener que ir con cita.","Hola, yo hace poco que empecé a donar y la experiencia siempre ha sido buena. El trato ha sido excelente siempre y la gente con la que coincides es muy amable. Desde luego, si puedes, lo recomiendo del todo. Además te hacen una analítica cada vez que vas, por lo que también tienes eso sin tener que ir con cita.",,2025-07-14,0,0
reddit,"Lo de la analítica me llama la atención porque es algo bueno y está bien saberlo. Gracias por tu donación, desde luego. Un saludo y que vaya bien el día !","Lo de la analítica me llama la atención porque es algo bueno y está bien saberlo. Gracias por tu donación, desde luego. Un saludo y que vaya bien el día !",,2025-07-16,0,0
reddit,"Hasta ahora solo he donado dos veces ya que este año es cuando he alcanzado la mayoria de edad. De momento todo genial, los encargados muy amables, y sin complicacion alguna, no veo que razones habria para no donar sangre.","Hasta ahora solo he donado dos veces ya que este año es cuando he alcanzado la mayoria de edad. De momento todo genial, los encargados muy amables, y sin complicacion alguna, no veo que razones habria para no donar sangre.",,2025-07-14,0,0
reddit,"Pues lo haré ! Realmente creo que es algo que merece la pena hacer, aunque sea una vez en la vida. Muchas gracias por tu comentario !","Pues lo haré ! Realmente creo que es algo que merece la pena hacer, aunque sea una vez en la vida. Muchas gracias por tu comentario !",,2025-07-16,0,0
reddit,"Gracias a ti, muchisma suerte, ojala te vaya genial","Gracias a ti, muchisma suerte, ojala te vaya genial",,2025-07-16,0,0
reddit,Muchas gracias. Seguro que sí que lo es y va bien 😄,Muchas gracias. Seguro que sí que lo es y va bien,😄,2025-07-16,0,0
reddit,"No fui donante hasta hace unos 5-6 años, porque tenía una tremenda fobia a las agujas. Lo superé, y no podría estar más orgullosa. Si estás sano y quieres ayudar, no lo dudes!","No fui donante hasta hace unos 5-6 años, porque tenía una tremenda fobia a las agujas. Lo superé, y no podría estar más orgullosa. Si estás sano y quieres ayudar, no lo dudes!",,2025-07-14,0,0
reddit,"Sin duda, debes de estar muy orgullosa con cómo eres y lo que has conseguido. No todo el mundo supera su miedo a las agujas. Creo que es de mucho valor ! Gracias por tu aportación y un saludo 😊","Sin duda, debes de estar muy orgullosa con cómo eres y lo que has conseguido. No todo el mundo supera su miedo a las agujas. Creo que es de mucho valor ! Gracias por tu aportación y un saludo",😊,2025-07-16,0,0
reddit,"Yo en su momento lo hice bastante, la verdad tengo que volver a hacerlo, nunca hubo ningún problema, tengo buenas venas, más allá de algún mareo, ahora voy después de tomarme un café suave, quizás no te lo recomienden pero siempre se lo digo en el centro para que sepan porque tengo la tensión un pelín más alta, me sirve para no marearme, estás un rato ahí y al menos donde vivo te dan un par de zumos y cositas así, uno de los efectos secundarios positivos de donar sangre es que luego cuando te toca analítica te hace hasta gracia de lo rápido que es jajajaja.

En cuanto al ""momento aguja"" molesta un poquito al ponértela porque es algo gruesa pero una vez puesta no se nota mucho, además la gente que trabaja en los centros tiene mucha experiencia.","Yo en su momento lo hice bastante, la verdad tengo que volver a hacerlo, nunca hubo ningún problema, tengo buenas venas, más allá de algún mareo, ahora voy después de tomarme un café suave, quizás no te lo recomienden pero siempre se lo digo en el centro para que sepan porque tengo la tensión un pelín más alta, me sirve para no marearme, estás un rato ahí y al menos donde vivo te dan un par de zumos y cositas así, uno de los efectos secundarios positivos de donar sangre es que luego cuando te toca analítica te hace hasta gracia de lo rápido que es jajajaja. En cuanto al ""momento aguja"" molesta un poquito al ponértela porque es algo gruesa pero una vez puesta no se nota mucho, además la gente que trabaja en los centros tiene mucha experiencia.",,2025-07-14,0,0
reddit,"Hola ! Pues gracias por tu escrito. Me anima a hacerlo yo también, ya que veo que aquí la gente ha tenido experiencias positivas haciendo cosas como esta. Quien sabe, puede que incluso este hilos y sus respuestas motive a alguien más a donar aparte de mi. Un saludo y gracias !","Hola ! Pues gracias por tu escrito. Me anima a hacerlo yo también, ya que veo que aquí la gente ha tenido experiencias positivas haciendo cosas como esta. Quien sabe, puede que incluso este hilos y sus respuestas motive a alguien más a donar aparte de mi. Un saludo y gracias !",,2025-07-16,0,0
reddit,"La verdad es algo que me alegra hacer, nunca sabes a quien vas a salvar al final pero sabes que vas a aportar un salvavidas con la donación de sangre. 
Además, en mi caso, me es muy conveniente ya que poseo una cantidad de globulos rojos bastante elevada de la media, encima luego no me siento tan decaido cuando termino la sesión, es más hasta nos tratan bien dejandonos beber zumos y comer cosas. Me lo paso genial bebiendo siempre un Lacao jejeje.","La verdad es algo que me alegra hacer, nunca sabes a quien vas a salvar al final pero sabes que vas a aportar un salvavidas con la donación de sangre. Además, en mi caso, me es muy conveniente ya que poseo una cantidad de globulos rojos bastante elevada de la media, encima luego no me siento tan decaido cuando termino la sesión, es más hasta nos tratan bien dejandonos beber zumos y comer cosas. Me lo paso genial bebiendo siempre un Lacao jejeje.",,2025-07-14,0,0
reddit,"Muchas gracias por tu comentario. La gente que ha tenido buenas experiencias me motiva a hacerlo, así que te agradezco tu aporte. Un saludo y que te vaya bien, gracias por tu aportación","Muchas gracias por tu comentario. La gente que ha tenido buenas experiencias me motiva a hacerlo, así que te agradezco tu aporte. Un saludo y que te vaya bien, gracias por tu aportación",,2025-07-16,0,0
reddit,"Soy una persona con problemas de salud por lo que no dono, pero me parece muy bonito lo que estoy leyendo. Nunca he necesitado sangre pero gracias a todos los que donan. Me hace sentir que hay gente buena a la que le importan los enfermos. Mucha gente no trata bien a los que están mal de salud, ver que hay extraños que donan parte de su sangre me da un poco de sentimiento.","Soy una persona con problemas de salud por lo que no dono, pero me parece muy bonito lo que estoy leyendo. Nunca he necesitado sangre pero gracias a todos los que donan. Me hace sentir que hay gente buena a la que le importan los enfermos. Mucha gente no trata bien a los que están mal de salud, ver que hay extraños que donan parte de su sangre me da un poco de sentimiento.",,2025-07-15,0,0
reddit,"Gracias por tu comentario. No sé qué problemas de salud tienes, pero espero que te encuentres bien. Y si no, espero que te mejores dentro de poco. Fue un comentario bonito el tuyo y te lo agradezco. Muchas gracias y cuídate! 😀","Gracias por tu comentario. No sé qué problemas de salud tienes, pero espero que te encuentres bien. Y si no, espero que te mejores dentro de poco. Fue un comentario bonito el tuyo y te lo agradezco. Muchas gracias y cuídate!",😀,2025-07-16,0,0
reddit,Mejor cosa que puedes hacer gratis a ayudar alguien sin esperar nada a cambio.... Encima tiene sus beneficios a ti también renovando tu sangre.... No la dudes....,Mejor cosa que puedes hacer gratis a ayudar alguien sin esperar nada a cambio.... Encima tiene sus beneficios a ti también renovando tu sangre.... No la dudes....,,2025-07-15,0,0
reddit,Muchas gracias.  Tengo pensado en los próximos días ir a donar teniendo en cuenta la cantidad de comentarios positivos que estoy escuchando del tema. Gracias por tu apoyo y un saludo !,Muchas gracias. Tengo pensado en los próximos días ir a donar teniendo en cuenta la cantidad de comentarios positivos que estoy escuchando del tema. Gracias por tu apoyo y un saludo !,,2025-07-16,0,0
reddit,"Desde que tengo 18 doné sangre (siempre que me acuerdo, para ser justos) en el hospital de mi ciudad. Son gestos altruistas que no cuestan absolutamente nada y puede, literalmente, significar la supervivencia de otra persona. Además, las enfermeras que lo realizan son de las personas más amables y graciosas que me he encontrado nunca. Ánimo!","Desde que tengo 18 doné sangre (siempre que me acuerdo, para ser justos) en el hospital de mi ciudad. Son gestos altruistas que no cuestan absolutamente nada y puede, literalmente, significar la supervivencia de otra persona. Además, las enfermeras que lo realizan son de las personas más amables y graciosas que me he encontrado nunca. Ánimo!",,2025-07-15,0,0
reddit,"Pues muchas gracias por tu comentario. No sé cuanto tiempo llevas donando pero tiene que ser todo un orgullo para ti, seguro que ayudaste a mucha gente aunque nunca sepamos quiénes son. Gracias por tu comentario, fue una motivación","Pues muchas gracias por tu comentario. No sé cuanto tiempo llevas donando pero tiene que ser todo un orgullo para ti, seguro que ayudaste a mucha gente aunque nunca sepamos quiénes son. Gracias por tu comentario, fue una motivación",,2025-07-16,0,0
reddit,"Yo done sangre porque a mí mamá la van a operar y le solicitaban voluntarios, cabe aclarar que odio las agujas. Todo salió muy bien y me dieron un sándwich y un jugo, te sientes bien contigo mismo y sabes que estás ayudando.
Pienso donar más constantemente.","Yo done sangre porque a mí mamá la van a operar y le solicitaban voluntarios, cabe aclarar que odio las agujas. Todo salió muy bien y me dieron un sándwich y un jugo, te sientes bien contigo mismo y sabes que estás ayudando. Pienso donar más constantemente.",,2025-07-15,0,0
reddit,Me parece genial y me ha gustado tu historia. Creo que tienes que sentirte orgulloso que aunque odies las agujas hagas ese gesto por la gente. Yo en tu lugar estaría orgulloso.  Gracias por tu comentario,Me parece genial y me ha gustado tu historia. Creo que tienes que sentirte orgulloso que aunque odies las agujas hagas ese gesto por la gente. Yo en tu lugar estaría orgulloso. Gracias por tu comentario,,2025-07-16,0,0
reddit,"En la universidad y cuando tuve un familiar ingresado donaba con asiduidad. Es rápid, indoloro te daban un bocadillo/galletas y un zumo.

No encontrarás una forma más fácil de ayudar.","En la universidad y cuando tuve un familiar ingresado donaba con asiduidad. Es rápid, indoloro te daban un bocadillo/galletas y un zumo. No encontrarás una forma más fácil de ayudar.",,2025-07-15,0,0
reddit,Muchas gracias! Me anima tu comentario a hacerlo. Espero que tengas un buen día y gracias por pararte a escribir por aquí :),Muchas gracias! Me anima tu comentario a hacerlo. Espero que tengas un buen día y gracias por pararte a escribir por aquí :),,2025-07-16,0,0
reddit,"Llevo desde los 18 donando (32F) y no Tengo nada malo que decir. Si li haces por forma altruista y porque quieres, adelante.
Incluso si te genera alguna duda te diría que pruebes a hacerlo para tener tu propia opinión.","Llevo desde los 18 donando (32F) y no Tengo nada malo que decir. Si li haces por forma altruista y porque quieres, adelante. Incluso si te genera alguna duda te diría que pruebes a hacerlo para tener tu propia opinión.",,2025-07-15,0,0
reddit,"Me llama mucho la atención la cantidad de años que llevas donando. Debe de ser todo un orgullo para ti! Seguro que has ayudado a mucha gente desde entonces. Gracias por tu comentario, fue motivante. Y un saludo !","Me llama mucho la atención la cantidad de años que llevas donando. Debe de ser todo un orgullo para ti! Seguro que has ayudado a mucha gente desde entonces. Gracias por tu comentario, fue motivante. Y un saludo !",,2025-07-16,0,0
reddit,"No te creas, tampoco soy muy constante, lo máximo que puedo hacer es uno cada 4 meses y a veces tardo más. Otras veces me han rechazado la donación por anemia, porque me he mareado, lo que fuera...
Llevo muchos años haciéndolo de vez en cuando (que mejor eso que nada, supongo!)
Si te animas cuentanos que te ha parecido, animo!!!","No te creas, tampoco soy muy constante, lo máximo que puedo hacer es uno cada 4 meses y a veces tardo más. Otras veces me han rechazado la donación por anemia, porque me he mareado, lo que fuera... Llevo muchos años haciéndolo de vez en cuando (que mejor eso que nada, supongo!) Si te animas cuentanos que te ha parecido, animo!!!",,2025-07-16,0,0
reddit,Siempre que voy al hospital a visitar un familiar voy a donar sangre. No cuesta nada y encima te dan galletas y zumo para desayunar 😁,Siempre que voy al hospital a visitar un familiar voy a donar sangre. No cuesta nada y encima te dan galletas y zumo para desayunar,😁,2025-07-16,0,0
reddit,"Y como tip, si se te pone morado el trozo del pinchazo comprate 'afterbite' o cualquier producto con arnica para que se vaya rapido.","Y como tip, si se te pone morado el trozo del pinchazo comprate 'afterbite' o cualquier producto con arnica para que se vaya rapido.",,2025-07-16,0,0
reddit,"Ey, muchas gracias por el comentario.  No sabía de la existencia del ""afterbite"" que hablas. Lo tendré en cuenta cuando me toque hacer la donación y me pinchen. Gracias y un saludo !","Ey, muchas gracias por el comentario. No sabía de la existencia del ""afterbite"" que hablas. Lo tendré en cuenta cuando me toque hacer la donación y me pinchen. Gracias y un saludo !",,2025-07-16,0,0
reddit,"Yo empecé por tres motivos, saber mí tipo de sangre, altruismo, y reservas muy muy bajas en mi comunidad (al punto de tener que posponer operaciones), soy universal así que dono cada vez que puedo (pospuse una cita pa un tatuaje para ir a donar por ejemplo), si le tienes miedo a las agujas mira a otro lado y ya lo tienes solucionado y si notas que sientes la vía por dentro del brazo pide una pelotita anti estrés que ayuda bastante. 

Es algo importante y que no cuesta nada y también está la posibilidad de hacerse donante de médula por si te interesase.","Yo empecé por tres motivos, saber mí tipo de sangre, altruismo, y reservas muy muy bajas en mi comunidad (al punto de tener que posponer operaciones), soy universal así que dono cada vez que puedo (pospuse una cita pa un tatuaje para ir a donar por ejemplo), si le tienes miedo a las agujas mira a otro lado y ya lo tienes solucionado y si notas que sientes la vía por dentro del brazo pide una pelotita anti estrés que ayuda bastante. Es algo importante y que no cuesta nada y también está la posibilidad de hacerse donante de médula por si te interesase.",,2025-07-16,0,0
reddit,"Comentarios como el tuyo me animan a hacerlo definitivamente. Gracias por la información que me has dado, así sé que debo de hacer en caso de ponerme nervioso en esa situación.  Gracias por tu escrito y un saludo !","Comentarios como el tuyo me animan a hacerlo definitivamente. Gracias por la información que me has dado, así sé que debo de hacer en caso de ponerme nervioso en esa situación. Gracias por tu escrito y un saludo !",,2025-07-16,0,0
reddit,"Yo dono sangre, porque creo que es una contribución que puedo hacer y solo me influye 20 minutos de mi tiempo.

Además, con mis hermanos, iniciamos un pique sano, de donaciones de Sangre, así, hay cierto aliciente, y dan detallitos muy interesantes, el año pasado, era una bolsa para que no se moje el móvil.

Y por salud, no se el motivo real, pero siento menos dolores de cabeza, sobre todo lo relacionaria con nerviosismo.

Y que estás donando una parte de tu cuerpo que se va regenerando, y tiene un uso.

Y por último, facilita el trámite de donar médula, ya que en la misma donación, pueden revisar (si quieres) y registrarte como posible donante.","Yo dono sangre, porque creo que es una contribución que puedo hacer y solo me influye 20 minutos de mi tiempo. Además, con mis hermanos, iniciamos un pique sano, de donaciones de Sangre, así, hay cierto aliciente, y dan detallitos muy interesantes, el año pasado, era una bolsa para que no se moje el móvil. Y por salud, no se el motivo real, pero siento menos dolores de cabeza, sobre todo lo relacionaria con nerviosismo. Y que estás donando una parte de tu cuerpo que se va regenerando, y tiene un uso. Y por último, facilita el trámite de donar médula, ya que en la misma donación, pueden revisar (si quieres) y registrarte como posible donante.",,2025-07-16,0,0
reddit,"Hola, gracias por tu aportación y tu comentario. Es motivante saber que hay gente por allí que hace donaciones como es el caso de tu familia.  Gracias por tu escrito y por tu información!","Hola, gracias por tu aportación y tu comentario. Es motivante saber que hay gente por allí que hace donaciones como es el caso de tu familia. Gracias por tu escrito y por tu información!",,2025-07-16,0,0
reddit,"Gracias a ti, creo que este hilo ha sido una campaña más efectiva para animar a la donación de sangre, y plasma, que un cartel en mitad de la calle más transcurrida de las principales ciudades. 

Ya que la gente está expresando buenas intenciones, y puras ventajas. 

Y ya de paso desmontar las prácticas (privatizadas, creo que solo lo hacen en ""la tierra de la Libertad"", Madrid), de cobrar dinero público por recoger sangre, en Valencia, Castellón y Alicante, esta el centro de Transfusión y su servicio itinerante y son profesionales como la copa de un pino.","Gracias a ti, creo que este hilo ha sido una campaña más efectiva para animar a la donación de sangre, y plasma, que un cartel en mitad de la calle más transcurrida de las principales ciudades. Ya que la gente está expresando buenas intenciones, y puras ventajas. Y ya de paso desmontar las prácticas (privatizadas, creo que solo lo hacen en ""la tierra de la Libertad"", Madrid), de cobrar dinero público por recoger sangre, en Valencia, Castellón y Alicante, esta el centro de Transfusión y su servicio itinerante y son profesionales como la copa de un pino.",,2025-07-18,0,0
reddit,"Realmente, llevo pensando en eso desde ayer.  Me sorprende la buena acogida que ha tenido esta publicación de Reddit. También es cierto, que como contesto a la gente quizás eso ha movido el algoritmo de Reddit y por eso se lo ha mostrado a mucha más gente. Y pienso lo mismo que tú; venía de forma genuina a preguntar por opiniones antes de empezar a buscar centros de donación y al final mucha más gente se ha unido a contar su experiencia. Nunca sabremos si esto motivó a alguien más aparte de mi a donar con la cantidad de gente que hay aquí pero la lógica me dice que así ha sido. Gracias por tu comentario, de nuevo  😀","Realmente, llevo pensando en eso desde ayer. Me sorprende la buena acogida que ha tenido esta publicación de Reddit. También es cierto, que como contesto a la gente quizás eso ha movido el algoritmo de Reddit y por eso se lo ha mostrado a mucha más gente. Y pienso lo mismo que tú; venía de forma genuina a preguntar por opiniones antes de empezar a buscar centros de donación y al final mucha más gente se ha unido a contar su experiencia. Nunca sabremos si esto motivó a alguien más aparte de mi a donar con la cantidad de gente que hay aquí pero la lógica me dice que así ha sido. Gracias por tu comentario, de nuevo",😀,2025-07-18,0,0
reddit,"Si me permites un consejo, si tienes tendencia a tener la tensión un poco baja, y ahora con el calor que está haciendo, más vale que el refresco lo tomes antes o durante la donación, porque si esperas a después es posible que te marees. Nones grave, porque estarás sentado y no te vas a caer, pero no es agradable sentirse así.","Si me permites un consejo, si tienes tendencia a tener la tensión un poco baja, y ahora con el calor que está haciendo, más vale que el refresco lo tomes antes o durante la donación, porque si esperas a después es posible que te marees. Nones grave, porque estarás sentado y no te vas a caer, pero no es agradable sentirse así.",,2025-07-16,0,0
reddit,"Pues te agradezco mucho esta información porque sí que es cierto que tiendo a ser un poco hipotenso y este consejo me puede ayudar bastante, así que lo tendré en cuenta. Gracias de nuevo y que te vaya bien el día !","Pues te agradezco mucho esta información porque sí que es cierto que tiendo a ser un poco hipotenso y este consejo me puede ayudar bastante, así que lo tendré en cuenta. Gracias de nuevo y que te vaya bien el día !",,2025-07-16,0,0
reddit,"Yo hubo un periodo de mi vida que donaba bastante, hasta que vi que se le vendía sangre a centros privados. Eso me cabreó muchísimo. Si van a sacar dinero de mi cuerpo, que compartan.","Yo hubo un periodo de mi vida que donaba bastante, hasta que vi que se le vendía sangre a centros privados. Eso me cabreó muchísimo. Si van a sacar dinero de mi cuerpo, que compartan.",,2025-07-17,0,0
reddit,"Entiendo tu punto de vista, de hecho hay gente que ha opinado lo mismo  ( que se vende la sangre ). Por lo que comentan otros si vas directamente a la planta de los hospitales a hacer donaciones directamente al no haber intermediarios en esto nadie vende nada. Que es mi idea al ser un novato, y por lo que me recomienda la gente, ir a un hospital y hacer allí la donación. Gracias por tu punto de vista, el comentario y un saludo !","Entiendo tu punto de vista, de hecho hay gente que ha opinado lo mismo ( que se vende la sangre ). Por lo que comentan otros si vas directamente a la planta de los hospitales a hacer donaciones directamente al no haber intermediarios en esto nadie vende nada. Que es mi idea al ser un novato, y por lo que me recomienda la gente, ir a un hospital y hacer allí la donación. Gracias por tu punto de vista, el comentario y un saludo !",,2025-07-18,0,0
reddit,"Donar sangre, si es en un hospital público mejor, la sangre no se venderá. 

Aunque el proceso es más lento, si tienes tiempo puedes informarte sobre la donación de plasma, también muy necesario. 

Y ya para los más generosos también está la donación de médula, de esta os comparto un vídeo donde te explican cómo funciona.

https://youtu.be/QlsTCSCHCPs

Resumiendo, donar vida siempre es bien. 🫶","Donar sangre, si es en un hospital público mejor, la sangre no se venderá. Aunque el proceso es más lento, si tienes tiempo puedes informarte sobre la donación de plasma, también muy necesario. Y ya para los más generosos también está la donación de médula, de esta os comparto un vídeo donde te explican cómo funciona. https://youtu.be/QlsTCSCHCPs Resumiendo, donar vida siempre es bien.",🫶,2025-07-17,0,0
reddit,"Gracias por la información aportada, así como el vídeo de YouTube. Me lo guardo en favoritos para verlo más tarde. En mi caso, he decidido que voy a ir a donar sangre al hospital de mi ciudad directamente. Gracias por tu comentario y un saludo!","Gracias por la información aportada, así como el vídeo de YouTube. Me lo guardo en favoritos para verlo más tarde. En mi caso, he decidido que voy a ir a donar sangre al hospital de mi ciudad directamente. Gracias por tu comentario y un saludo!",,2025-07-18,0,0
reddit,"Bueno, aunque yo sea del tipo ""menos util"" (AB+), me han dicho que el plasma es el mejor de todos por no tener ningún de los anticuerpos (o algo así - ya que podemos recibir todos los tipos). Entonces siempre que puedo, hago mi donación, aunque sepa que no se va aprovechar mucho.

Lo hago desde joven, y siempre me ha sentado bien, sabiendo que algo se aprovecha. Al menos tres veces al año estoy ahí.","Bueno, aunque yo sea del tipo ""menos util"" (AB+), me han dicho que el plasma es el mejor de todos por no tener ningún de los anticuerpos (o algo así - ya que podemos recibir todos los tipos). Entonces siempre que puedo, hago mi donación, aunque sepa que no se va aprovechar mucho. Lo hago desde joven, y siempre me ha sentado bien, sabiendo que algo se aprovecha. Al menos tres veces al año estoy ahí.",,2025-07-17,0,0
reddit,"Desde mi punto de vista, cualquier cosa que aporte una persona tenga la sangre que tenga me parece que ya es muy útil. Quien sabe si hay alguien en el mundo que recibió tu donación y te lo está agradeciendo aunque tú no seas consciente de ello. No hay que infravalorar los actos, en otras palabras. Gracias por tu escrito y que te vaya bien el día !","Desde mi punto de vista, cualquier cosa que aporte una persona tenga la sangre que tenga me parece que ya es muy útil. Quien sabe si hay alguien en el mundo que recibió tu donación y te lo está agradeciendo aunque tú no seas consciente de ello. No hay que infravalorar los actos, en otras palabras. Gracias por tu escrito y que te vaya bien el día !",,2025-07-18,0,0
reddit,"Si, yo dono desde que tengo 18 años, pero como mi sangre es AB+ prefiero donar plasma que es más útil para mi factor (en sangre soy receptor universal pero solo puedo donar a mi mismo factor, en cambio en plasma soy donante universal).
No veo por qué no lo harías, es un acto de amor al prójimo que solo te cuesta 30 min de tu vida pero puede salvar la vida de otro!","Si, yo dono desde que tengo 18 años, pero como mi sangre es AB+ prefiero donar plasma que es más útil para mi factor (en sangre soy receptor universal pero solo puedo donar a mi mismo factor, en cambio en plasma soy donante universal). No veo por qué no lo harías, es un acto de amor al prójimo que solo te cuesta 30 min de tu vida pero puede salvar la vida de otro!",,2025-07-17,0,0
reddit,"Sea plasma o sangre, creo que es muy útil lo que haces. No sé qué edad tienes, pero si llevas desde los 18 años llevas tiempo y deberías de estar muy orgulloso por tus actos desde mi punto de vista. Gracias por tu comentario y que tengas un buen día !","Sea plasma o sangre, creo que es muy útil lo que haces. No sé qué edad tienes, pero si llevas desde los 18 años llevas tiempo y deberías de estar muy orgulloso por tus actos desde mi punto de vista. Gracias por tu comentario y que tengas un buen día !",,2025-07-18,0,0
reddit,"Voy camino de las 50 ya, llevo desde los 18 donando regularmente. Es de las maneras más sencillas de colaboración social, y no te cuesta prácticamente nada.","Voy camino de las 50 ya, llevo desde los 18 donando regularmente. Es de las maneras más sencillas de colaboración social, y no te cuesta prácticamente nada.",,2025-07-17,0,0
reddit,"Esos son muchas veces donadas. Debes de estar orgulloso de ti mismo, ciertamente. Yo lo estaría en tu lugar. Gracias por tu comentario y un saludo !","Esos son muchas veces donadas. Debes de estar orgulloso de ti mismo, ciertamente. Yo lo estaría en tu lugar. Gracias por tu comentario y un saludo !",,2025-07-18,0,0
reddit,"Una cosa que no entiendo de los sitios de donaciones es porque ponen toda esa bollería industrial y dulces y cocacola a punta pala, de hecho te dicen que te bebas una cocacola antes de donar. 
Unos sándwiches normales de toda la vida De Dios creo que es mejor que esa basura que tienen.","Una cosa que no entiendo de los sitios de donaciones es porque ponen toda esa bollería industrial y dulces y cocacola a punta pala, de hecho te dicen que te bebas una cocacola antes de donar. Unos sándwiches normales de toda la vida De Dios creo que es mejor que esa basura que tienen.",,2025-07-17,0,0
reddit,"Supongo que eso será para que el azúcar en sangre te vuelva a subir ya que quizás te pueda bajar después de la donación. También te digo, que lo comento desde el desconocimiento, es sólo una idea. Gracias por el escrito y un saludo !","Supongo que eso será para que el azúcar en sangre te vuelva a subir ya que quizás te pueda bajar después de la donación. También te digo, que lo comento desde el desconocimiento, es sólo una idea. Gracias por el escrito y un saludo !",,2025-07-18,0,0
reddit,Un sándwich mismamente también te sube el azúcar en sangre si tengo que comer esa basura de bollería y joder mi salud encima que dono sangre para restaurar la salud de otras personas no tiene sentido.,Un sándwich mismamente también te sube el azúcar en sangre si tengo que comer esa basura de bollería y joder mi salud encima que dono sangre para restaurar la salud de otras personas no tiene sentido.,,2025-07-31,0,0
reddit,Los que tenemos AB+ nuestra sangre solo vale para los de AB+ y para los demás no y la de los demás nos valen todas,Los que tenemos AB+ nuestra sangre solo vale para los de AB+ y para los demás no y la de los demás nos valen todas,,2025-07-17,0,0
reddit,"Es bueno saber esa información para que la gente tenga algo de conocimiento, como es mi caso. Gracias por tu comentario y un saludo !","Es bueno saber esa información para que la gente tenga algo de conocimiento, como es mi caso. Gracias por tu comentario y un saludo !",,2025-07-18,0,0
reddit,"Llevaré un par de años ya que dono unas 3 veces al año. Lo único de lo que me arrepiento es no haber empezado a hacerlo nada más cumplir los 18 en vez haber esperado hasta ahora.

No sé, la sensación de que por estar sentado un ratillo esté salvando vidas me parece increíble. Y además...el bocadillo siempre se agradece.","Llevaré un par de años ya que dono unas 3 veces al año. Lo único de lo que me arrepiento es no haber empezado a hacerlo nada más cumplir los 18 en vez haber esperado hasta ahora. No sé, la sensación de que por estar sentado un ratillo esté salvando vidas me parece increíble. Y además...el bocadillo siempre se agradece.",,2025-07-17,0,0
reddit,"Algo de comida después de hacer un buen acto nunca viene mal 😀 . Aparte de hacer algo bueno, por supuesto. Gracias por el comentario y un saludo","Algo de comida después de hacer un buen acto nunca viene mal . Aparte de hacer algo bueno, por supuesto. Gracias por el comentario y un saludo",😀,2025-07-18,0,0
reddit,"Sí lo he hecho, es fácil y casi no duele. Solo notas un pinchacito de nada al principio, luego nada. Te tumbas ahí 15 minutos, como si te quieres dormir, y ya estaría.


Lo ""malo"" es que ese día te encontrarás más débil de lo habitual, pero con descansar un poco y beber agua en lugar de ir a hacer deporte es suficiente.","Sí lo he hecho, es fácil y casi no duele. Solo notas un pinchacito de nada al principio, luego nada. Te tumbas ahí 15 minutos, como si te quieres dormir, y ya estaría. Lo ""malo"" es que ese día te encontrarás más débil de lo habitual, pero con descansar un poco y beber agua en lugar de ir a hacer deporte es suficiente.",,2025-07-18,0,0
reddit,"Pues muchas gracias por tu comentario, ya que es reconfortante saber que el proceso es bien sencillo y nada del otro mundo. Es bueno escuchar opiniones de otra gente. Gracias por tu escrito y un saludo !","Pues muchas gracias por tu comentario, ya que es reconfortante saber que el proceso es bien sencillo y nada del otro mundo. Es bueno escuchar opiniones de otra gente. Gracias por tu escrito y un saludo !",,2025-07-18,0,0
reddit,Es el glitch de comida gratis.,Es el glitch de comida gratis.,,2025-07-18,0,0
reddit,Y de regalos en ocasiones puntuales. Hay gente que en algún comentario han dicho que le regalaron hasta entradas de cine :D,Y de regalos en ocasiones puntuales. Hay gente que en algún comentario han dicho que le regalaron hasta entradas de cine :D,,2025-07-18,0,0
reddit,Ostia! Un upgrade del glitch! Anotado!,Ostia! Un upgrade del glitch! Anotado!,,2025-07-19,0,0
reddit,"No hay otra forma de donación que no sea altruista. En realidad, es un acto sencillo e inocuo que salva vidas (literalmente).

Hay muchos mitos acerca de las donaciones. En términos generales la sangre se guarda, analiza, procesa para separarla en fases y componentes, se pone en cuarentena, se congela, y se va liberando según la demanda. Pasan varios días, necesarios, para poner a disposición de un paciente esa sangre.

Tanto centros públicos como privados pueden usar sangre de los bancos de tejidos y naturalmente eso tiene un coste económico, porque congelar cosas a 80° bajo cero y hacer múltiples pruebas de laboratorio tienen un coste. Los sistemas públicos de salud que gestionan su propio banco ahorran dinero.

De hecho, ciertos componentes de la sangre donada se entregan a farmacéuticas para fabricar medicamentos que no pueden ser fabricados de otra forma.

Y, respecto a conocer o no tu grupo sanguíneo, es irrelevante porque se comprueba cada vez que una persona dona, y requiere una transfusión, tanto del donante como del receptor.

Como observación final, si tienes venas ""complicadas"" yo creo que es mejor no donar. No merece la pena pasar el mal rato y conviene guardar esas venas imposibles para momentos de una necesidad propia mayor, como una cirugía.","No hay otra forma de donación que no sea altruista. En realidad, es un acto sencillo e inocuo que salva vidas (literalmente). Hay muchos mitos acerca de las donaciones. En términos generales la sangre se guarda, analiza, procesa para separarla en fases y componentes, se pone en cuarentena, se congela, y se va liberando según la demanda. Pasan varios días, necesarios, para poner a disposición de un paciente esa sangre. Tanto centros públicos como privados pueden usar sangre de los bancos de tejidos y naturalmente eso tiene un coste económico, porque congelar cosas a 80° bajo cero y hacer múltiples pruebas de laboratorio tienen un coste. Los sistemas públicos de salud que gestionan su propio banco ahorran dinero. De hecho, ciertos componentes de la sangre donada se entregan a farmacéuticas para fabricar medicamentos que no pueden ser fabricados de otra forma. Y, respecto a conocer o no tu grupo sanguíneo, es irrelevante porque se comprueba cada vez que una persona dona, y requiere una transfusión, tanto del donante como del receptor. Como observación final, si tienes venas ""complicadas"" yo creo que es mejor no donar. No merece la pena pasar el mal rato y conviene guardar esas venas imposibles para momentos de una necesidad propia mayor, como una cirugía.",,2025-07-18,0,0
reddit,Hola ! Gracias por tu comentario extenso contando tu punto de vista y lo que sabes sobre el tema. Me ha parecido muy interesante. Espero que tengas un buen día y gracias por tu tiempo escribiendo!,Hola ! Gracias por tu comentario extenso contando tu punto de vista y lo que sabes sobre el tema. Me ha parecido muy interesante. Espero que tengas un buen día y gracias por tu tiempo escribiendo!,,2025-07-18,0,0
reddit,"Tengo 18 años y doné por primera vez el mes pasado y me sentí muy agradecida, aunque creo que va de persona a persona, me siento bien, siempre he soñado con ayudar en todo lo que pueda, sobre todo porque puedo donar a cualquier tipo de sangre (soy O-), ¡me siento bien sabiendo que estoy ayudando a salvar vidas!","Tengo 18 años y doné por primera vez el mes pasado y me sentí muy agradecida, aunque creo que va de persona a persona, me siento bien, siempre he soñado con ayudar en todo lo que pueda, sobre todo porque puedo donar a cualquier tipo de sangre (soy O-), ¡me siento bien sabiendo que estoy ayudando a salvar vidas!",,2025-10-18,0,0
reddit,"Gracias por tu comentario. Es bonito saber que estás ayudando a otras personas con tus actos, cierto? Yo estaría orgulloso de mí mismo si fuera tú, así que enhorabuena  :)","Gracias por tu comentario. Es bonito saber que estás ayudando a otras personas con tus actos, cierto? Yo estaría orgulloso de mí mismo si fuera tú, así que enhorabuena :)",,2025-10-18,0,0
reddit,"Además de todo lo que han dicho por aquí, es la única manera de reducir tus niveles de PFAS en sangre.

https://jamanetwork.com/journals/jamanetworkopen/fullarticle/2790905","Además de todo lo que han dicho por aquí, es la única manera de reducir tus niveles de PFAS en sangre. https://jamanetwork.com/journals/jamanetworkopen/fullarticle/2790905",,2025-07-14,0,0
reddit,Me leído la información después de traducirla y  la he encontrado muy interesante. Gracias por compartirla ! Seguro que mucha gente desconocía este pequeño gran detalle sobre las donaciones,Me leído la información después de traducirla y la he encontrado muy interesante. Gracias por compartirla ! Seguro que mucha gente desconocía este pequeño gran detalle sobre las donaciones,,2025-07-14,0,0
reddit,Si te interesa el tema aqui hay un video muy bueno sobre ello https://youtu.be/xRjqSoiH-jA?si=sjnVr1hA0LasHrku,Si te interesa el tema aqui hay un video muy bueno sobre ello https://youtu.be/xRjqSoiH-jA?si=sjnVr1hA0LasHrku,,2025-07-14,0,0
reddit,"Voy a ponerlo en vídeo favoritos y me lo veré más tarde. En los ratos libres estudio medicina como entretenimiento y este tipo de vídeos sean se la misma índole que estudio o no me parece interesante conocerlos para saber otros puntos de vista. De nuevo, gracias","Voy a ponerlo en vídeo favoritos y me lo veré más tarde. En los ratos libres estudio medicina como entretenimiento y este tipo de vídeos sean se la misma índole que estudio o no me parece interesante conocerlos para saber otros puntos de vista. De nuevo, gracias",,2025-07-14,0,0
reddit,"Ehh... La imagen está mal.
 
Podrías quitarla 😰

Esto podría costar vidas",Ehh... La imagen está mal. Podrías quitarla Esto podría costar vidas,😰,2025-07-14,0,0
reddit,No va a costar vidas. Los médicos saben la verdadera tabla y las verdaderas equivalencias y no van a hacer caso a nadie que venga al hospital con información de internet diciendo que a su familiar le pueden poner X tipo de sangre cuando no es así.,No va a costar vidas. Los médicos saben la verdadera tabla y las verdaderas equivalencias y no van a hacer caso a nadie que venga al hospital con información de internet diciendo que a su familiar le pueden poner X tipo de sangre cuando no es así.,,2025-07-14,0,0
reddit,"A ver claro que los médicos se lo saben, pero imagina que algún pringao encuentra esta tabla en una situación de emergencia sin posibilidad de atención sanitaria, pero con acceso a sangre. 
 
Este no es el tipo de información que convenga tener mal online. Es hasta cierto punto peligroso que una tabla como esta corretee por Internet.","A ver claro que los médicos se lo saben, pero imagina que algún pringao encuentra esta tabla en una situación de emergencia sin posibilidad de atención sanitaria, pero con acceso a sangre. Este no es el tipo de información que convenga tener mal online. Es hasta cierto punto peligroso que una tabla como esta corretee por Internet.",,2025-07-14,0,0
reddit,"Pues creo que no puedo editarlo 😓 . Lo siento, lo he intentado pero como ha pasado 24 horas creo que ya no puedo editar la imágen. Espero que la imagen no de problemas en el futuro.","Pues creo que no puedo editarlo . Lo siento, lo he intentado pero como ha pasado 24 horas creo que ya no puedo editar la imágen. Espero que la imagen no de problemas en el futuro.",😓,2025-07-16,0,0
reddit,"No te cuesta nada, es de perro no Donat si hasta vienen a la facu","No te cuesta nada, es de perro no Donat si hasta vienen a la facu",,2025-07-14,0,0
reddit,"En mi caso, cuando estuve en la universidad no tuve la oportunidad.  Pero ahora lo voy a intentar, nunca es tarde para hacer algo bueno. Gracias por el comentario y que te vaya bien 😀","En mi caso, cuando estuve en la universidad no tuve la oportunidad. Pero ahora lo voy a intentar, nunca es tarde para hacer algo bueno. Gracias por el comentario y que te vaya bien",😀,2025-07-14,0,0
reddit,"Me parece fatal y no lo haria nunca, yo quiero un zumito","Me parece fatal y no lo haria nunca, yo quiero un zumito",,2025-07-14,0,0
reddit,"Bueno, hay gente para todos los gustos, supongo 😀 Al menos te gustan Los zumos jajaja","Bueno, hay gente para todos los gustos, supongo Al menos te gustan Los zumos jajaja",😀,2025-07-14,0,0
reddit,Si tengo ab+ vale la pena? Porque se puede recibir de todos pero cuando donas solo le puedes donar a otros ab+,Si tengo ab+ vale la pena? Porque se puede recibir de todos pero cuando donas solo le puedes donar a otros ab+,,2025-07-14,0,0
reddit,"Sin ninguna duda merece la pena. Por mucho que a los AB+ les valga el resto de grupos, si yo por ejemplo te pongo una bolsa 0+ eso supone ""quitarle"" una bolsa de sangre a alguien 0+ que la pueda necesitar y que no tiene esa suerte de que le valen de el resto de grupos.

Mientras más donaciones haya de TODOS los grupos mucho mejor, ninguna donación sobra. Todas son igualmente importantes.","Sin ninguna duda merece la pena. Por mucho que a los AB+ les valga el resto de grupos, si yo por ejemplo te pongo una bolsa 0+ eso supone ""quitarle"" una bolsa de sangre a alguien 0+ que la pueda necesitar y que no tiene esa suerte de que le valen de el resto de grupos. Mientras más donaciones haya de TODOS los grupos mucho mejor, ninguna donación sobra. Todas son igualmente importantes.",,2025-07-15,0,0
reddit,"Desde el conocimiento, pero yo creo que sí que merece la pena. La gente que tiene una sangre AB+, seguramente agradezcan las donaciones venga de donde venga. No creo que haya se poner en menos valor tu tipo de sangre frente a otras porque nunca sabremos si aportará menos o más ayuda a una persona que la puede necesitar. Esa es mi opinión","Desde el conocimiento, pero yo creo que sí que merece la pena. La gente que tiene una sangre AB+, seguramente agradezcan las donaciones venga de donde venga. No creo que haya se poner en menos valor tu tipo de sangre frente a otras porque nunca sabremos si aportará menos o más ayuda a una persona que la puede necesitar. Esa es mi opinión",,2025-07-16,0,0
reddit,"En España creo que se dona bastante, al menos órganos, así que sangre incluso mejor porque no necesitas morirte XD

¡Donar plasma también ayuda!","En España creo que se dona bastante, al menos órganos, así que sangre incluso mejor porque no necesitas morirte XD ¡Donar plasma también ayuda!",,2025-07-14,0,0
reddit,"La verdad es que mucha gente me dice de donar plasma. Me lo voy a apuntar eso de ir a donar plasma algún día, ya que parece interesante. Gracias por El comentario !","La verdad es que mucha gente me dice de donar plasma. Me lo voy a apuntar eso de ir a donar plasma algún día, ya que parece interesante. Gracias por El comentario !",,2025-07-16,0,0
reddit,Celebré mi 18 cumpleaños donando sangre. Y lo hago siempre que puedo. Es importantisimo y el esfuerzo es mínimo.,Celebré mi 18 cumpleaños donando sangre. Y lo hago siempre que puedo. Es importantisimo y el esfuerzo es mínimo.,,2025-07-14,0,0
reddit,Esa es una gran forma de cumplir que eres mayor de edad. Puedes estar orgullos@ de ti misma 😀 Gracias por el comentario y un saludo !,Esa es una gran forma de cumplir que eres mayor de edad. Puedes estar orgullos@ de ti misma Gracias por el comentario y un saludo !,😀,2025-07-16,0,0
reddit,Le tengo un pánico a las agujas que me hace casi que imposible el donar sangre…,Le tengo un pánico a las agujas que me hace casi que imposible el donar sangre…,,2025-07-14,0,0
reddit,"Lo veo normal. Tengo algún conocido que también se lo tienen y lo pasa realmente mal en inspecciones médicas. Tal vez algún día se te pase, por tu bien más que por la donación. Un saludo !","Lo veo normal. Tengo algún conocido que también se lo tienen y lo pasa realmente mal en inspecciones médicas. Tal vez algún día se te pase, por tu bien más que por la donación. Un saludo !",,2025-07-16,0,0
reddit,"Es recomendable, sobre todo si estas en la uni dona cuando este el bus por tu campus, pues a veces cae dinero para la facultad que mas dona. Yo estaría encantado de donar pero como soy hipotenso, como que  mejor no donar no sea que después me desmaye me reviente la cabeza y en vez de donar gaste 3 bolsas","Es recomendable, sobre todo si estas en la uni dona cuando este el bus por tu campus, pues a veces cae dinero para la facultad que mas dona. Yo estaría encantado de donar pero como soy hipotenso, como que mejor no donar no sea que después me desmaye me reviente la cabeza y en vez de donar gaste 3 bolsas",,2025-07-14,0,0
reddit,"En mi caso, al final he optado por ir directamente al hospital a hacer la donación. En el campus de mi ciudad nunca vi esos movimientos, así que mejor voy directamente a donde sé que más será de ayuda. Gracias por tu comentario !","En mi caso, al final he optado por ir directamente al hospital a hacer la donación. En el campus de mi ciudad nunca vi esos movimientos, así que mejor voy directamente a donde sé que más será de ayuda. Gracias por tu comentario !",,2025-07-16,0,0
reddit,"Pues lo normal, si tengo la opción de ayudar a otros y no me cuesta más que cinco minutos pq no lo iba a hacer?","Pues lo normal, si tengo la opción de ayudar a otros y no me cuesta más que cinco minutos pq no lo iba a hacer?",,2025-07-14,0,0
reddit,Pues tienes razón. Es la idea que se me pasó por la mente cuando decidí mirar cómo se podía hacer esto de las donaciones. Gracias y un saludo,Pues tienes razón. Es la idea que se me pasó por la mente cuando decidí mirar cómo se podía hacer esto de las donaciones. Gracias y un saludo,,2025-07-16,0,0
reddit,Cuando era pequeña tuve un accidente... Por varios motivos tarde mucho en llegar al hospital. Perdí tanta sangre que tenía convulsiones... Necesité varias trasfusiones. Por poco no lo cuento. Hoy día estoy aquí gracias a que otras personas donaron sangre.,Cuando era pequeña tuve un accidente... Por varios motivos tarde mucho en llegar al hospital. Perdí tanta sangre que tenía convulsiones... Necesité varias trasfusiones. Por poco no lo cuento. Hoy día estoy aquí gracias a que otras personas donaron sangre.,,2025-07-15,0,0
reddit,"Tu comentario es una motivación, a mi me ayuda a saber que hay ciertas personas que se ayudaron gracias a todo esto de donar. Gracias por tu comentario, en serio","Tu comentario es una motivación, a mi me ayuda a saber que hay ciertas personas que se ayudaron gracias a todo esto de donar. Gracias por tu comentario, en serio",,2025-07-16,0,0
reddit,"Ser el eslabón más importante y el menos beneficiado no me parece justo. Acá todos cobran, enfermeras, hospitales, buses medicalizados, campaña, bancos de sangre... Todos cobran pero yo que soy la materia prima, yo que también tengo buena fé como supuestamente todos, yo no tengo derecho a cobrar como el autobusero sin Ir más lejos o el laboratorio que suministra viales y también cobra. Todos menos yo. . .pos va a ser que no. Por cierto soy rh 0- y no está el horno pa bollos.","Ser el eslabón más importante y el menos beneficiado no me parece justo. Acá todos cobran, enfermeras, hospitales, buses medicalizados, campaña, bancos de sangre... Todos cobran pero yo que soy la materia prima, yo que también tengo buena fé como supuestamente todos, yo no tengo derecho a cobrar como el autobusero sin Ir más lejos o el laboratorio que suministra viales y también cobra. Todos menos yo. . .pos va a ser que no. Por cierto soy rh 0- y no está el horno pa bollos.",,2025-07-15,0,0
reddit,"Entiendo tu comentario. No sé si en algún lugar alguien te aportará algo económicamente por donar, como soy novato en esto no lo sé aunque hay gente que comenta que ha recibido regalos por hacer donaciones. De nuevo, gracias por tu comentario","Entiendo tu comentario. No sé si en algún lugar alguien te aportará algo económicamente por donar, como soy novato en esto no lo sé aunque hay gente que comenta que ha recibido regalos por hacer donaciones. De nuevo, gracias por tu comentario",,2025-07-16,0,0
reddit,Los enfermeros no cobran regalos los laboratorios tampoco y las agencias de publicidad que hacen los anuncios tampoco el único que regala soy yo.,Los enfermeros no cobran regalos los laboratorios tampoco y las agencias de publicidad que hacen los anuncios tampoco el único que regala soy yo.,,2025-07-17,0,0
reddit,Qué manera más rastrera de verlo,Qué manera más rastrera de verlo,,2025-07-17,0,0
reddit,Exacto es rastrero que todos se beneficien y a mí me den caramelos y pegatinas. 😙,Exacto es rastrero que todos se beneficien y a mí me den caramelos y pegatinas.,😙,2025-07-17,0,0
reddit,"Yo lo he hecho varias veces porque soy O+ y mi sangre puede ayudar a bastante gente. Lo importante es que dones en un centro salud/centro de transfusiones/hospital porque los de cruz roja venden tu sangre a la seguridad social sin darte a ti ninguna parte de ese dinero, mientras que si vas a uno de esos centros le saldrá gratis al Estado.

Además, esto ya es basado en experiencia personal, me parecen mejor las enfermeras de los centros de donaciones que las de la cruz roja (mi primera vez fue en cruz roja, después me enteré de cómo funcionaba el tinglado y no volví a donarles a ellos más).","Yo lo he hecho varias veces porque soy O+ y mi sangre puede ayudar a bastante gente. Lo importante es que dones en un centro salud/centro de transfusiones/hospital porque los de cruz roja venden tu sangre a la seguridad social sin darte a ti ninguna parte de ese dinero, mientras que si vas a uno de esos centros le saldrá gratis al Estado. Además, esto ya es basado en experiencia personal, me parecen mejor las enfermeras de los centros de donaciones que las de la cruz roja (mi primera vez fue en cruz roja, después me enteré de cómo funcionaba el tinglado y no volví a donarles a ellos más).",,2025-07-15,0,0
reddit,"Gracias por tu comentario. Después de leer varios comentarios diciéndome lo mismo, tengo decidido que empezaré a donar directamente en el hospital de mi ciudad, me parece lo más seguro y directo en este caso. Gracias por tu escrito y que te vaya bien el día !","Gracias por tu comentario. Después de leer varios comentarios diciéndome lo mismo, tengo decidido que empezaré a donar directamente en el hospital de mi ciudad, me parece lo más seguro y directo en este caso. Gracias por tu escrito y que te vaya bien el día !",,2025-07-16,0,0
reddit,A mí me gustaría pero no puedo por medicación 🥲,A mí me gustaría pero no puedo por medicación,🥲,2025-07-15,0,0
reddit,"Quizás algún día puedas hacerlo. Si no, no te sientas mal. Ya me ayudas con tu comentario para hacerme más popular el hilo y ver opiniones de otra gente. Gracias por escribir y que te vaya bien el día :)","Quizás algún día puedas hacerlo. Si no, no te sientas mal. Ya me ayudas con tu comentario para hacerme más popular el hilo y ver opiniones de otra gente. Gracias por escribir y que te vaya bien el día :)",,2025-07-16,0,0
reddit,"yo donaba sangre periódicamente, pero dado que en mis vacaciones pasadas el barco estuvo en un puerto de república dominicana. me prohibieron donar sangre al menos por un año.","yo donaba sangre periódicamente, pero dado que en mis vacaciones pasadas el barco estuvo en un puerto de república dominicana. me prohibieron donar sangre al menos por un año.",,2025-07-15,0,0
reddit,"Ya he leído en algún otro lugar que depende de que viajes hayas hecho no puedes donar durante un tiempo. Es bueno saberlo, gracias por tu comentario !","Ya he leído en algún otro lugar que depende de que viajes hayas hecho no puedes donar durante un tiempo. Es bueno saberlo, gracias por tu comentario !",,2025-07-16,0,0
reddit,"Tipo eléctrico: O-
Tipo hielo: AB+",Tipo eléctrico: O- Tipo hielo: AB+,,2025-07-15,0,0
reddit,"Yo soy donante y lo hago ocasionalmente, pero solo en hospitales de la comunidad,  antes lo hacía en autobuses de la cruz roja hasta que me enteré que el material lo ponía la comunidad autónoma y está les pagaba a la cruz roja 61€..  desde entonces no quiero saber nada de estos que hacen negocio con el altruismo de los ciudadanos.","Yo soy donante y lo hago ocasionalmente, pero solo en hospitales de la comunidad, antes lo hacía en autobuses de la cruz roja hasta que me enteré que el material lo ponía la comunidad autónoma y está les pagaba a la cruz roja 61€.. desde entonces no quiero saber nada de estos que hacen negocio con el altruismo de los ciudadanos.",,2025-07-15,0,0
reddit,"Hola ! Por lo que comentas tú y otra gente es mejor evitar si tienes posibilidades la Cruz Roja. En mi caso, he decidido ir directamente al hospital a donar, así que está información me ayuda. Gracias y un saludo para ti !","Hola ! Por lo que comentas tú y otra gente es mejor evitar si tienes posibilidades la Cruz Roja. En mi caso, he decidido ir directamente al hospital a donar, así que está información me ayuda. Gracias y un saludo para ti !",,2025-07-16,0,0
reddit,"Yo antes donaba sangre, pero durante la pandemia me dejaron tirado dos veces (había que ir ""con cita"") y, teniendo en cuenta que a mí me cuesta gasolina ir a donar, me jodió bastante.
Desde entonces no he vuelto y mientras no tenga medios cerca de casa para donar, no lo haré, o por lo menos que me paguen la gasolina.","Yo antes donaba sangre, pero durante la pandemia me dejaron tirado dos veces (había que ir ""con cita"") y, teniendo en cuenta que a mí me cuesta gasolina ir a donar, me jodió bastante. Desde entonces no he vuelto y mientras no tenga medios cerca de casa para donar, no lo haré, o por lo menos que me paguen la gasolina.",,2025-07-16,0,0
reddit,"Hola, siento mucho lo que comentas que te pasó. De todas formas te doy las gracias por haber donado en el tiempo que estuviste o te dejaron y por haberme dejado aquí tu experiencia. Que te vaya bien y un saludo !","Hola, siento mucho lo que comentas que te pasó. De todas formas te doy las gracias por haber donado en el tiempo que estuviste o te dejaron y por haberme dejado aquí tu experiencia. Que te vaya bien y un saludo !",,2025-07-16,0,0
reddit,"Gracias. No quiero desincentivar la donación, pero si advertir que a algunas personas nos ""cuesta"" ir a donar, y que vale que la donación sea a cambio de nada pero al menos deberían compensar los gastos de desplazamiento","Gracias. No quiero desincentivar la donación, pero si advertir que a algunas personas nos ""cuesta"" ir a donar, y que vale que la donación sea a cambio de nada pero al menos deberían compensar los gastos de desplazamiento",,2025-07-16,0,0
reddit,"Sí, tienes razón. Además que mínimo que se os tenga en consideración o se os tenga un tipo de reconocimiento ya que hacéis esto por voluntad propia. Tal vez con el tiempo, esto cambie","Sí, tienes razón. Además que mínimo que se os tenga en consideración o se os tenga un tipo de reconocimiento ya que hacéis esto por voluntad propia. Tal vez con el tiempo, esto cambie",,2025-07-16,0,0
reddit,Yo deberia hacerlo soy o- pero tengo panico a las agujas,Yo deberia hacerlo soy o- pero tengo panico a las agujas,,2025-07-16,0,0
reddit,"Tranquilo, compañero. Yo también tengo un compañero de trabajo que no puede ni ver las agujas.  Pero bueno, tal vez ese día se te pase ese miedo. Más por ti que por el asunto de las donaciones. Un saludo !","Tranquilo, compañero. Yo también tengo un compañero de trabajo que no puede ni ver las agujas. Pero bueno, tal vez ese día se te pase ese miedo. Más por ti que por el asunto de las donaciones. Un saludo !",,2025-07-16,0,0
reddit,"Si corriera sangre por mis venas, donaba..... 

![gif](giphy|8YsjVmpIpEjNKlrL3D)","Si corriera sangre por mis venas, donaba..... ![gif](giphy|8YsjVmpIpEjNKlrL3D)",,2025-07-16,0,0
reddit,"Yo dono sangre cada 6 meses, si lo haces que sea porque quieres de verdad no para luego subirlo a las redes cual influencer con falta de ego y necesitado de halagos","Yo dono sangre cada 6 meses, si lo haces que sea porque quieres de verdad no para luego subirlo a las redes cual influencer con falta de ego y necesitado de halagos",,2025-07-16,0,0
reddit,"No es mi intención hacerme eco de ello, aunque a alguna persona de por aquí me ha comentado que le de un toque cuando haya hecho la donación para saber qué tal ha ido mi experiencia y tal. Además, apenas tengo redes sociales para expandirlo 😅😄 Gracias por el comentario y un saludo !","No es mi intención hacerme eco de ello, aunque a alguna persona de por aquí me ha comentado que le de un toque cuando haya hecho la donación para saber qué tal ha ido mi experiencia y tal. Además, apenas tengo redes sociales para expandirlo Gracias por el comentario y un saludo !",😅😄,2025-07-18,0,0
reddit,"Llevo donando sangre más de 10 años, con el único objetivo de ayudar. Un pequeño gesto muy útil para mucha gente.","Llevo donando sangre más de 10 años, con el único objetivo de ayudar. Un pequeño gesto muy útil para mucha gente.",,2025-07-17,0,0
reddit,"Tienes razón y como he dicho en algún otro comentario los que lleváis haciendo esto tiempo tenéis que sentir bastante orgullo dentro de vosotros  por hacer eso. Al menos, tenéis mi reconocimiento por vuestro acto. Gracias por el comentario y un saludo !","Tienes razón y como he dicho en algún otro comentario los que lleváis haciendo esto tiempo tenéis que sentir bastante orgullo dentro de vosotros por hacer eso. Al menos, tenéis mi reconocimiento por vuestro acto. Gracias por el comentario y un saludo !",,2025-07-18,0,0
reddit,Los AB. Somos la Burger 😎😎,Los AB. Somos la Burger,😎😎,2025-07-17,0,0
reddit,Es que la sangre en euros se da de forma altruista,Es que la sangre en euros se da de forma altruista,,2025-07-17,0,0
reddit,"Yo he donado sangre dos veces y podría hacerlo de nuevo sí me lo pidieran, pero de manera desinteresada no, porque no la pasé bien en ninguna de las dos veces que lo hice y no tengo necesidad de hacerlo más veces sólo por donar y ya está, pero sí me lo pidieran para algún familiar o amigo, sin problemas lo haría. Sé que suena un tanto egoísta de mi parte, pero no quiero pasarla mal porque sí","Yo he donado sangre dos veces y podría hacerlo de nuevo sí me lo pidieran, pero de manera desinteresada no, porque no la pasé bien en ninguna de las dos veces que lo hice y no tengo necesidad de hacerlo más veces sólo por donar y ya está, pero sí me lo pidieran para algún familiar o amigo, sin problemas lo haría. Sé que suena un tanto egoísta de mi parte, pero no quiero pasarla mal porque sí",,2025-07-17,0,0
reddit,"Cada uno tiene su experiencia y no tiene por qué ser la misma. No creo que seas egoísta por eso, simplemente sabes tus preferencias y preferías no hacerlo. De todas formas te doy las gracias por contar tu experiencia y así saber diferentes puntos de vista","Cada uno tiene su experiencia y no tiene por qué ser la misma. No creo que seas egoísta por eso, simplemente sabes tus preferencias y preferías no hacerlo. De todas formas te doy las gracias por contar tu experiencia y así saber diferentes puntos de vista",,2025-07-18,0,0
