tweet_id,created_at,text,lang,retweet_count,reply_count,like_count,quote_count,author_id,author_username,author_name,author_location,place_full_name,place_country,place_country_code,place_type,reply_to_tweet_id,_origen,fuente,text_clean,emojis,fecha,likes,respuestas
2029146177522831608,2026-03-04 10:45:23+00:00,"Donación de sangre @LevanteUD

🗓️ Jueves #5marzo 
⏰ 9:30-14:00 ⏰16:00 a 20:30h
📍 Palco VIP - Ciutat de València

🎁 Entrarás en el sorteo de: 250 entradas para el Levante UD-Girona CF y 6 Experiencias VIP en la Sala Túnel.

¡Te esperamos! 🐸💙❤️ https://t.co/BXnbfg2c4L",es,0,0,0,0,98612851,GVAdonasang,GVA Dona Sang,Comunitat Valenciana,,,,,,twitter_donacion_sangre_es.csv,twitter,Donación de sangre @LevanteUD Jueves #5marzo ⏰ 9:30-14:00 ⏰16:00 a 20:30h Palco VIP - Ciutat de València Entrarás en el sorteo de: 250 entradas para el Levante UD-Girona CF y 6 Experiencias VIP en la Sala Túnel. ¡Te esperamos! https://t.co/BXnbfg2c4L,🗓️ 📍 🎁 🐸💙❤️,2026-03-04,0,0
2029142615556239657,2026-03-04 10:31:13+00:00,"❤️ Ser solidario está en tu mano. ¡Ven a donar sangre!
Te esperamos en:
📍 CPEIPS Salesianos – Las Palmas de Gran Canaria
🗓 5 al 6 de marzo
⏰ 14:45 a 20:00 h.

#DonaSangre #RegalaVida
ℹ️ https://t.co/ipllnNdgP3 | ☎️ 900 234 061 https://t.co/zlQnW6yc4r",es,0,0,0,0,174643603,ichhCanarias,donarsangreCanarias,Islas Canarias,,,,,,twitter_donacion_sangre_es.csv,twitter,Ser solidario está en tu mano. ¡Ven a donar sangre! Te esperamos en: CPEIPS Salesianos – Las Palmas de Gran Canaria 5 al 6 de marzo ⏰ 14:45 a 20:00 h. #DonaSangre #RegalaVida ℹ https://t.co/ipllnNdgP3 | 900 234 061 https://t.co/zlQnW6yc4r,❤️ 📍 🗓 ️ ☎️,2026-03-04,0,0
2029135762302673405,2026-03-04 10:03:59+00:00,"La primavera empieza en ti. Dona sangre, dona vida. 🌱🩸

Marzo es renacer: vuelven la luz, las flores… y las ganas de empezar de nuevo.
Donar sangre es ese impulso de vida que permite que otras vidas sigan creciendo.

¿Te sumas este mes?
ℹ https://t.co/ZpQR7LZ2ey https://t.co/drrfGHveco",es,0,0,0,0,2375267563,donaasturias,Donaasturias · Donación de Sangre Asturias,Asturias,,,,,,twitter_donacion_sangre_es.csv,twitter,"La primavera empieza en ti. Dona sangre, dona vida. Marzo es renacer: vuelven la luz, las flores… y las ganas de empezar de nuevo. Donar sangre es ese impulso de vida que permite que otras vidas sigan creciendo. ¿Te sumas este mes? ℹ https://t.co/ZpQR7LZ2ey https://t.co/drrfGHveco",🌱🩸,2026-03-04,0,0
2029133876031869327,2026-03-04 09:56:30+00:00,"@Radio_Formula Nada más se andan envenenando, pues los tatuajes tiene plomo que se va a la sangre y dicen que por mucho tiempo lo que genera problemas de riñones y de hígado  por eso muchas veces no pueden donar sangre",es,0,1,0,0,1759987152970977281,Manriquela7q,Mandrea,,,,,,,twitter_donacion_sangre_es.csv,twitter,"@Radio_Formula Nada más se andan envenenando, pues los tatuajes tiene plomo que se va a la sangre y dicen que por mucho tiempo lo que genera problemas de riñones y de hígado por eso muchas veces no pueden donar sangre",,2026-03-04,0,1
2029131838996849093,2026-03-04 09:48:24+00:00,Desde Salud impulsan la donación de sangre en los hospitales nacionales y SAMIC https://t.co/WRdHjaWHeQ,es,0,0,0,0,748872794318987264,Inforbanodiario,INFORBANO,,,,,,,twitter_donacion_sangre_es.csv,twitter,Desde Salud impulsan la donación de sangre en los hospitales nacionales y SAMIC https://t.co/WRdHjaWHeQ,,2026-03-04,0,0
2029122208375750703,2026-03-04 09:10:08+00:00,"#Victoria Realizan intensas campañas de donación de sangre en Tamaulipas - https://t.co/i6iPr2H5h0
#OptimusInformativo #Noticias #País #México #Tamaulipas #CdVictoria https://t.co/r4NYtttBrq",es,0,0,0,0,216564258,optimusinforma,optimus informativo,"Matamoros, Tamaulipas , Mex",,,,,,twitter_donacion_sangre_es.csv,twitter,#Victoria Realizan intensas campañas de donación de sangre en Tamaulipas - https://t.co/i6iPr2H5h0 #OptimusInformativo #Noticias #País #México #Tamaulipas #CdVictoria https://t.co/r4NYtttBrq,,2026-03-04,0,0
2029120270024286336,2026-03-04 09:02:26+00:00,"El aparcamiento es gratuito en los puntos fijos de Sevilla capital.
https://t.co/cs93sL4fHn",es,0,0,0,0,491567289,AIONSur,AION SUR,Andalucía,,,,,,twitter_donacion_sangre_es.csv,twitter,El aparcamiento es gratuito en los puntos fijos de Sevilla capital. https://t.co/cs93sL4fHn,,2026-03-04,0,0
2029120191758532907,2026-03-04 09:02:07+00:00,"𝗔𝗖𝗧𝗨𝗔𝗟𝗜𝗗𝗔𝗗 |
El próximo viernes 6 de marzo, coincidiendo con el Besamanos a Ntro. Padre Jesús Cautivo, tendrá lugar la campaña de donación de sangre, organizada por la Vocalía de Acción Social. 

🗓️ 6 de marzo.
📌Espacio ciudadano ""Los Alambres""
🕔 17:00 a 21:00. https://t.co/Dzp2EJ5vng",es,5,0,15,0,287583538,hdadstagenoveva,Santa Genoveva,"Sevilla, España",,,,,,twitter_donacion_sangre_es.csv,twitter,"| El próximo viernes 6 de marzo, coincidiendo con el Besamanos a Ntro. Padre Jesús Cautivo, tendrá lugar la campaña de donación de sangre, organizada por la Vocalía de Acción Social. 6 de marzo. Espacio ciudadano ""Los Alambres"" 17:00 a 21:00. https://t.co/Dzp2EJ5vng",𝗔𝗖𝗧𝗨𝗔𝗟𝗜𝗗𝗔𝗗 🗓️ 📌 🕔,2026-03-04,15,0
2029119046155751514,2026-03-04 08:57:34+00:00,"LA HERMANDAD VISITA OSSA de MONTIEL.

Donación de sangre en OSSA de MONTIEL el jueves 5 de marzo, de 17:30 a 20:30 horas en CENTRO de SALUD.

Gracias DONANTE, TÚ lo haces posible...
@SanidadCLM 
@ossademontiel https://t.co/gkd78Ic3aZ",es,0,0,1,0,756083397781577728,DonanteAlbacete,Hermandad de Donantes de Sangre Albacete,"Albacete, España",,,,,,twitter_donacion_sangre_es.csv,twitter,"LA HERMANDAD VISITA OSSA de MONTIEL. Donación de sangre en OSSA de MONTIEL el jueves 5 de marzo, de 17:30 a 20:30 horas en CENTRO de SALUD. Gracias DONANTE, TÚ lo haces posible... @SanidadCLM @ossademontiel https://t.co/gkd78Ic3aZ",,2026-03-04,1,0
2029115031632167141,2026-03-04 08:41:37+00:00,@USEmbassyMEX @CruzRoja_MX Será usada para la guerra? Es extraño que la embajada de usa invite a donar sangre.,es,0,0,0,0,2382969312,celmoveplan,Núcleo = origen.,De jupiter pero voy a Marte.,,,,,,twitter_donacion_sangre_es.csv,twitter,@USEmbassyMEX @CruzRoja_MX Será usada para la guerra? Es extraño que la embajada de usa invite a donar sangre.,,2026-03-04,0,0
2029114966117134522,2026-03-04 08:41:21+00:00,"El Ayuntamiento de Antigua desde la concejalía de Sanidad recuerda que mañana jueves 5 y el viernes 6 de marzo, la unidad móvil de donación de sangre atenderá en horario de mañana de 09:00 a 13:30 horas en el Centro de Juventud de Antigua. https://t.co/sXchUkYUVC",es,0,0,0,0,1395640698095947777,ayto_antigua,Ayuntamiento de Antigua,"Antigua, Fuerteventura",,,,,,twitter_donacion_sangre_es.csv,twitter,"El Ayuntamiento de Antigua desde la concejalía de Sanidad recuerda que mañana jueves 5 y el viernes 6 de marzo, la unidad móvil de donación de sangre atenderá en horario de mañana de 09:00 a 13:30 horas en el Centro de Juventud de Antigua. https://t.co/sXchUkYUVC",,2026-03-04,0,0
2029113437213663660,2026-03-04 08:35:17+00:00,"¡Te recordamos! 🔔

🩸 Este próximo jueves, 5 de marzo, Campaña de Donación de Sangre en Tomares.

📍 Ayuntamiento (Calle de la Fuente, 10)
🕔 17:00 a 21:00 h

Donar sangre es un acto sencillo que salva vidas. https://t.co/V49Wi7yFvb",es,1,0,1,0,313838555,Tomares_es,Ayuntamiento de Tomares,Tomares (Sevilla),,,,,,twitter_donacion_sangre_es.csv,twitter,"¡Te recordamos! Este próximo jueves, 5 de marzo, Campaña de Donación de Sangre en Tomares. Ayuntamiento (Calle de la Fuente, 10) 17:00 a 21:00 h Donar sangre es un acto sencillo que salva vidas. https://t.co/V49Wi7yFvb",🔔 🩸 📍 🕔,2026-03-04,1,0
2029111358571126844,2026-03-04 08:27:01+00:00,"Dona Sangre en #Alicante
📌Centro de Transfusión 

Puedes hacer donación de sangre convencional o #aféresis [la donación de #plaquetas o #plasma necesita cita previa, llama☎️965 169710 y solicítala]
[Carretera Nacional, 332]

De lunes a viernes 🕣8.30-21.00
Sábados🕞8.30-14.00 https://t.co/dOFkQTOLah",es,0,0,0,0,98612851,GVAdonasang,GVA Dona Sang,Comunitat Valenciana,,,,,,twitter_donacion_sangre_es.csv,twitter,"Dona Sangre en #Alicante Centro de Transfusión Puedes hacer donación de sangre convencional o #aféresis [la donación de #plaquetas o #plasma necesita cita previa, llama 965 169710 y solicítala] [Carretera Nacional, 332] De lunes a viernes 8.30-21.00 Sábados 8.30-14.00 https://t.co/dOFkQTOLah",📌 ☎️ 🕣 🕞,2026-03-04,0,0
2029108291293327748,2026-03-04 08:14:50+00:00,"Donar sangre es un gesto pequeño que puede salvar muchas vidas. Hoy más que nunca, nuestros hospitales necesitan de la solidaridad de pueblos como el nuestro. Si estás bien de salud, acércate a donar. Entre todos, nos cuidamos . https://t.co/DTqj0kJs6T",es,0,0,0,0,400049325,donantesangreSA,DONA SANGRE SALAMANCA,Salamanca,,,,,,twitter_donacion_sangre_es.csv,twitter,"Donar sangre es un gesto pequeño que puede salvar muchas vidas. Hoy más que nunca, nuestros hospitales necesitan de la solidaridad de pueblos como el nuestro. Si estás bien de salud, acércate a donar. Entre todos, nos cuidamos . https://t.co/DTqj0kJs6T",,2026-03-04,0,0
2029107074643218589,2026-03-04 08:10:00+00:00,"A DIARIO PUEDES #DONARSANGRE Y REGISTRARTE COMO #DONANTEDEMÉDULA EN RT🙏❤️💉💪
@ciudadjerez @LasCosasDeJerez @cadizhoy @ondapasioncom @AytoSanlucar @SanlucarALdia @ElPuerto @PuertoRealHoy @SaludLocalCadiz @HUPMCadiz @FCC_UCA
#DONASANGRE #DONAMÉDULA #SALVAVIDAS #REGALALATIDOS https://t.co/YRctgg49XJ",es,0,0,3,0,2858704517,ApoLeuJerez,ApoLeu Jerez,Jerez de la Frontera (Cádiz),,,,,,twitter_donacion_sangre_es.csv,twitter,A DIARIO PUEDES #DONARSANGRE Y REGISTRARTE COMO #DONANTEDEMÉDULA EN RT @ciudadjerez @LasCosasDeJerez @cadizhoy @ondapasioncom @AytoSanlucar @SanlucarALdia @ElPuerto @PuertoRealHoy @SaludLocalCadiz @HUPMCadiz @FCC_UCA #DONASANGRE #DONAMÉDULA #SALVAVIDAS #REGALALATIDOS https://t.co/YRctgg49XJ,🙏❤️💉💪,2026-03-04,3,0
2029105061817925997,2026-03-04 08:02:00+00:00,"MIÉRCOLES 4 DE MARZO PUEDE #DONARSANGRE Y REGISTRARSE COMO #DONANTEDEMÉDULA
@ApoLeu EN ❤️💉💪〽️🌡🧡 RT🙏

#CÁDIZ
@AyuntaCadiz @Cadiz_Fundacion @PacoLuy @CadistasEA @SaludLocalCadiz @HUPMCadiz
@portaldecadiz @cadizhoy @vivacadiz @Cadiz_CF @portalcadista @Cajasol @CSocialUCA https://t.co/c1z3GB0OT0",es,1,0,3,0,2858704517,ApoLeuJerez,ApoLeu Jerez,Jerez de la Frontera (Cádiz),,,,,,twitter_donacion_sangre_es.csv,twitter,MIÉRCOLES 4 DE MARZO PUEDE #DONARSANGRE Y REGISTRARSE COMO #DONANTEDEMÉDULA @ApoLeu EN RT #CÁDIZ @AyuntaCadiz @Cadiz_Fundacion @PacoLuy @CadistasEA @SaludLocalCadiz @HUPMCadiz @portaldecadiz @cadizhoy @vivacadiz @Cadiz_CF @portalcadista @Cajasol @CSocialUCA https://t.co/c1z3GB0OT0,❤️💉💪〽️🌡🧡 🙏,2026-03-04,3,0
2029104811082432770,2026-03-04 08:01:00+00:00,"MIÉRCOLES 4 DE MARZO PUEDE #DONARSANGRE Y REGISTRARSE COMO #DONANTEDEMÉDULA
@ApoLeu EN ❤️💉💪〽️🌡🧡 RT🙏

#ALGECIRAS
@aytoalgeciras @minutoes @JuntaCG @AlgecirasInfo @algecirasmgusta @diarioalgeciras 
@EstrellaBLopez 

#DONASANGRE #DONAMÉDULA #SALVAVIDAS #REGALALATIDOS https://t.co/iaI3LR7aqY",es,1,0,3,0,2858704517,ApoLeuJerez,ApoLeu Jerez,Jerez de la Frontera (Cádiz),,,,,,twitter_donacion_sangre_es.csv,twitter,MIÉRCOLES 4 DE MARZO PUEDE #DONARSANGRE Y REGISTRARSE COMO #DONANTEDEMÉDULA @ApoLeu EN RT #ALGECIRAS @aytoalgeciras @minutoes @JuntaCG @AlgecirasInfo @algecirasmgusta @diarioalgeciras @EstrellaBLopez #DONASANGRE #DONAMÉDULA #SALVAVIDAS #REGALALATIDOS https://t.co/iaI3LR7aqY,❤️💉💪〽️🌡🧡 🙏,2026-03-04,3,0
2029104561030672720,2026-03-04 08:00:00+00:00,"🩸 ¿Quieres donar sangre pero no sabes dónde🤔?
➡️¡En #LaRioja lo tienes muy fácil😉!
🏥Hospital San Pedro de #Logroño. De lunes a viernes de 8 a 20h y sábados de 9 a 14h.
🚍Unidad móvil. Puedes consultar su ubicación y horarios aquí: ➡️ https://t.co/o2TRSL5AQu https://t.co/7GWMFvI7Iw",es,1,0,1,0,875315547738701825,bsangrelarioja,Banco de Sangre de La Rioja,"La Rioja, España",,,,,,twitter_donacion_sangre_es.csv,twitter,¿Quieres donar sangre pero no sabes dónde ? ¡En #LaRioja lo tienes muy fácil ! Hospital San Pedro de #Logroño. De lunes a viernes de 8 a 20h y sábados de 9 a 14h. Unidad móvil. Puedes consultar su ubicación y horarios aquí: https://t.co/o2TRSL5AQu https://t.co/7GWMFvI7Iw,🩸 🤔 ➡️ 😉 🏥 🚍 ➡️,2026-03-04,1,0
2029104560372105569,2026-03-04 08:00:00+00:00,"A DIARIO PUEDES #DONARSANGRE Y REGISTRARTE COMO #DONANTEDEMÉDULA EN RT🙏❤️💉💪
@ciudadjerez @LasCosasDeJerez @cadizhoy @ondapasioncom @AytoSanlucar @SanlucarALdia @ElPuerto @PuertoRealHoy @SaludLocalCadiz @HUPMCadiz @FCC_UCA
#DONASANGRE #DONAMÉDULA #SALVAVIDAS #REGALALATIDOS https://t.co/uWuttTYtaq",es,0,0,2,0,2858704517,ApoLeuJerez,ApoLeu Jerez,Jerez de la Frontera (Cádiz),,,,,,twitter_donacion_sangre_es.csv,twitter,A DIARIO PUEDES #DONARSANGRE Y REGISTRARTE COMO #DONANTEDEMÉDULA EN RT @ciudadjerez @LasCosasDeJerez @cadizhoy @ondapasioncom @AytoSanlucar @SanlucarALdia @ElPuerto @PuertoRealHoy @SaludLocalCadiz @HUPMCadiz @FCC_UCA #DONASANGRE #DONAMÉDULA #SALVAVIDAS #REGALALATIDOS https://t.co/uWuttTYtaq,🙏❤️💉💪,2026-03-04,2,0
2029104560292192620,2026-03-04 08:00:00+00:00,"🗓️Hoy puedes donar sangre en:
🏥#HospitalSanPedro, de 8 a 20h.
🚌#Azofra, de 17:30 a 18:30h.
🚌#Alesanco, de 19 a 21h.

✅Dona sangre si te encuentras bien de salud y tienes entre 18 y 65 años
☎️941298494 https://t.co/8AfawVnYTV",es,0,0,0,0,875315547738701825,bsangrelarioja,Banco de Sangre de La Rioja,"La Rioja, España",,,,,,twitter_donacion_sangre_es.csv,twitter,"Hoy puedes donar sangre en: #HospitalSanPedro, de 8 a 20h. #Azofra, de 17:30 a 18:30h. #Alesanco, de 19 a 21h. Dona sangre si te encuentras bien de salud y tienes entre 18 y 65 años 941298494 https://t.co/8AfawVnYTV",🗓️ 🏥 🚌 🚌 ✅ ☎️,2026-03-04,0,0
2029104558350450783,2026-03-04 08:00:00+00:00,"🗓️Hoy puedes donar sangre en:
🏥#HospitalSanPedro, de 8 a 20h.
🚌#Azofra, de 17:30 a 18:30h.
🚌#Alesanco, de 19 a 21h.

✅Dona sangre si te encuentras bien de salud y tienes entre 18 y 65 años
☎️941298494 https://t.co/FIZCKOQHqC",es,0,0,0,0,875315547738701825,bsangrelarioja,Banco de Sangre de La Rioja,"La Rioja, España",,,,,,twitter_donacion_sangre_es.csv,twitter,"Hoy puedes donar sangre en: #HospitalSanPedro, de 8 a 20h. #Azofra, de 17:30 a 18:30h. #Alesanco, de 19 a 21h. Dona sangre si te encuentras bien de salud y tienes entre 18 y 65 años 941298494 https://t.co/FIZCKOQHqC",🗓️ 🏥 🚌 🚌 ✅ ☎️,2026-03-04,0,0
2029102388204765393,2026-03-04 07:51:22+00:00,"#BuenosDías y feliz miércoles, hoy puedes ayudar a seguir viviendo a 3 personas , es fácil, no duele y salva vidas.
ℹ️Requisitos: 18-65 años, &gt;50kg y estar bien de salud 🫶
🩸Te esperamos esta mañana para #DonarSangre 👇
📍 𝗜𝗘𝗦 𝗕𝗲𝗻 𝗔𝗿𝗮𝗯𝗶́ #Cartagena
⏰de 9:30 a 14h 👇 https://t.co/UCni8Rebs9",es,1,0,3,0,294785635,DonarSangreMU,🩸CENTRO REGIONAL DE HEMODONACIÓN 🅰️🅱️🅾️🆎,"Ronda de Garay, 30003 Murcia",,,,,,twitter_donacion_sangre_es.csv,twitter,"#BuenosDías y feliz miércoles, hoy puedes ayudar a seguir viviendo a 3 personas , es fácil, no duele y salva vidas. ℹ Requisitos: 18-65 años, &gt;50kg y estar bien de salud Te esperamos esta mañana para #DonarSangre ́ #Cartagena ⏰de 9:30 a 14h https://t.co/UCni8Rebs9",️ 🫶 🩸 👇 📍 𝗜𝗘𝗦 𝗕𝗲𝗻 𝗔𝗿𝗮𝗯𝗶 👇,2026-03-04,3,0
2029099524887548285,2026-03-04 07:40:00+00:00,"RT/ #Bormujos se moviliza para salvar vidas: nueva jornada de donación de sangre este 6 de marzo

https://t.co/GG1sXKAKb6

@AytoBormujos @Lolaromerolope1 @setebecerra @PedroHinojosaR2 @CelinaBormujos @donantessevilla

#DonarSangre #Solidaridad #Aljarafeymás #BormujosParaTodos",es,0,0,1,0,1344337895797235713,Aljarafeymas,Aljarafe y más,Aljarafe - Sevilla,,,,,,twitter_donacion_sangre_es.csv,twitter,RT/ #Bormujos se moviliza para salvar vidas: nueva jornada de donación de sangre este 6 de marzo https://t.co/GG1sXKAKb6 @AytoBormujos @Lolaromerolope1 @setebecerra @PedroHinojosaR2 @CelinaBormujos @donantessevilla #DonarSangre #Solidaridad #Aljarafeymás #BormujosParaTodos,,2026-03-04,1,0
2029099400325103704,2026-03-04 07:39:30+00:00,"#BuenosDias y feliz miércoles solidario, seguimos con la campaña de donación de #sangre y #médula en la
@UMU 🫶
❤️Cita ineludible con la solidaridad, diez minutos de tu tiempo, una VIDA para otros
Te esperamos HOY en👇
📍 @EconomicasUMU @DelEconomicas 🫶
⏰de 9:30 a 16 a 20:30h https://t.co/eXXid4hndX",es,6,0,5,0,294785635,DonarSangreMU,🩸CENTRO REGIONAL DE HEMODONACIÓN 🅰️🅱️🅾️🆎,"Ronda de Garay, 30003 Murcia",,,,,,twitter_donacion_sangre_es.csv,twitter,"#BuenosDias y feliz miércoles solidario, seguimos con la campaña de donación de #sangre y #médula en la @UMU Cita ineludible con la solidaridad, diez minutos de tu tiempo, una VIDA para otros Te esperamos HOY en @EconomicasUMU @DelEconomicas ⏰de 9:30 a 16 a 20:30h https://t.co/eXXid4hndX",🫶 ❤️ 👇 📍 🫶,2026-03-04,5,0
2029063669984669768,2026-03-04 05:17:31+00:00,@CuarteDeMenta depende del tipo de estudio. Para donar sangre por ejemplo podes tomar café o té con azucar y fruta pero no sé si podes comer harinas. Lacteos se que no podes consumir.  La proxima vez acercate a preguntar por las dudas :d,es,0,0,0,0,1454909269887889412,DUR4ZN1LL0,DUR4ZN1LL0 | OLA 🇦🇷,Blockchain,,,,,,twitter_donacion_sangre_es.csv,twitter,@CuarteDeMenta depende del tipo de estudio. Para donar sangre por ejemplo podes tomar café o té con azucar y fruta pero no sé si podes comer harinas. Lacteos se que no podes consumir. La proxima vez acercate a preguntar por las dudas :d,,2026-03-04,0,0
2029060144437305818,2026-03-04 05:03:31+00:00,el día de mí cumple tengo que ir a donar sangre pq es mi deber como cero negativo mentira me quiero morir,es,0,0,1,0,1628191562331987969,bbhzreal,KUKOSHI DEFENSORA D OMEGAS EN PELIGRO DE EXTINCIÓN,20,,,,,,twitter_donacion_sangre_es.csv,twitter,el día de mí cumple tengo que ir a donar sangre pq es mi deber como cero negativo mentira me quiero morir,,2026-03-04,1,0
2029057517901496837,2026-03-04 04:53:04+00:00,"🩸 Se hace un llamado a la ciudadanía para apoyar con donación de sangre para María del Carmen García Ipiña, quien se encuentra en el:

🏥 Hospital General de Zona No. 1 “Lic. Ignacio García Téllez” (IMSS)
📍 San Luis Potosí, SLP

La donación es fundamental para su atención https://t.co/zh8vbU7bLM",es,1,0,1,0,168693277,Planoinforma,Plano Informativo,"San Luis Potosí, México",,,,,,twitter_donacion_sangre_es.csv,twitter,"Se hace un llamado a la ciudadanía para apoyar con donación de sangre para María del Carmen García Ipiña, quien se encuentra en el: Hospital General de Zona No. 1 “Lic. Ignacio García Téllez” (IMSS) San Luis Potosí, SLP La donación es fundamental para su atención https://t.co/zh8vbU7bLM",🩸 🏥 📍,2026-03-04,1,0
2029056780714582420,2026-03-04 04:50:09+00:00,les juro que en otra vida estoy cumpliendo mi sueño de donar sangre,es,0,0,0,0,1267465814149607425,pixxeles_,777♱,aquí here,,,,,,twitter_donacion_sangre_es.csv,twitter,les juro que en otra vida estoy cumpliendo mi sueño de donar sangre,,2026-03-04,0,0
2029052868519665789,2026-03-04 04:34:36+00:00,donar sangre 😔 pero nunca me atrevo pq me da miedo al final JAJAJAKAK https://t.co/nU92c2nW2c,es,0,0,0,0,1738174318712926208,nxswttvenum,liana ୨୧,☆,,,,,,twitter_donacion_sangre_es.csv,twitter,donar sangre pero nunca me atrevo pq me da miedo al final JAJAJAKAK https://t.co/nU92c2nW2c,😔,2026-03-04,0,0
2029042343542706358,2026-03-04 03:52:47+00:00,"Aventura de hoy: fui a donar sangre con mi director y un maestro, terminé casi desmayada https://t.co/dZoUoYFb3Z",es,0,0,0,0,1502148347544539136,danielaa29a,⚡️,,,,,,,twitter_donacion_sangre_es.csv,twitter,"Aventura de hoy: fui a donar sangre con mi director y un maestro, terminé casi desmayada https://t.co/dZoUoYFb3Z",,2026-03-04,0,0
2029033437076582878,2026-03-04 03:17:23+00:00,"📌  Impulsa gobierno de Tamaulipas campañas de donación de sangre
✍🏿  Ciudad Victoria, Tamps.– La única fuente de obtención y disposición de sangre es a través de la donación...
[ Leer Más ]  👇🏿👇🏿👇🏿
https://t.co/fyjBK2WKEo https://t.co/FGcdlEu07F",es,0,0,0,0,997639460,gruponoticiaspc,Noticiaspc,,,,,,,twitter_donacion_sangre_es.csv,twitter,"Impulsa gobierno de Tamaulipas campañas de donación de sangre Ciudad Victoria, Tamps.– La única fuente de obtención y disposición de sangre es a través de la donación... [ Leer Más ] https://t.co/fyjBK2WKEo https://t.co/FGcdlEu07F",📌 ✍🏿 👇🏿👇🏿👇🏿,2026-03-04,0,0
2029015747134144903,2026-03-04 02:07:06+00:00,Tamaulipas intensifica campañas de donación de sangre junto al Banco de Sangre y la UAT. Donar salva vidas infórmate y participa: https://t.co/VFQneJxGSj #TeamNoticias #gobtam #GobiernoDeTamaulipas #DonaciónDeSangre #Tamaulipas #Salud https://t.co/SGh0L0IecF,es,0,0,0,0,1705238469478342656,team_noticias,TeamNoticias,,,,,,,twitter_donacion_sangre_es.csv,twitter,Tamaulipas intensifica campañas de donación de sangre junto al Banco de Sangre y la UAT. Donar salva vidas infórmate y participa: https://t.co/VFQneJxGSj #TeamNoticias #gobtam #GobiernoDeTamaulipas #DonaciónDeSangre #Tamaulipas #Salud https://t.co/SGh0L0IecF,,2026-03-04,0,0
2029006525667185068,2026-03-04 01:30:27+00:00,"#Tamaulipas |🔴la Secretaría de Salud, a través del Banco de Sangre, realiza campañas intensivas de donación para la extracción de este tejido.

LA NOTA👇
#CdVictoria #Tampico #CdMadero #Altamira #Matamoros #Reynosa #NuevoLaredo #RioBravo #ValleHermoso https://t.co/UmISZ78Gen",es,0,0,0,0,2908505805,MuroPoliticoMX,Muro Político,México,,,,,,twitter_donacion_sangre_es.csv,twitter,"#Tamaulipas | la Secretaría de Salud, a través del Banco de Sangre, realiza campañas intensivas de donación para la extracción de este tejido. LA NOTA #CdVictoria #Tampico #CdMadero #Altamira #Matamoros #Reynosa #NuevoLaredo #RioBravo #ValleHermoso https://t.co/UmISZ78Gen",🔴 👇,2026-03-04,0,0
2029005036265554135,2026-03-04 01:24:32+00:00,"SUELTENME, YA NO QUIERO DONAR SUBS Y ME OBLIGAN MINIMO 5 POR STREAM😭😭 https://t.co/x7xkxGrYVW",es,0,3,8,0,1023736264380637189,bea28louis,bea 𓂀,333 chile,,,,,,twitter_donacion_sangre_es.csv,twitter,"SUELTENME, YA NO QUIERO DONAR SUBS Y ME OBLIGAN MINIMO 5 POR STREAM https://t.co/x7xkxGrYVW",😭😭,2026-03-04,8,3
2029003606733590970,2026-03-04 01:18:51+00:00,"Impulsa gobierno de Tamaulipas campañas de donación de sangre
https://t.co/6t7zKtep5h",es,0,0,0,0,311786734,elgraficotamps,Periódico El Gráfico,Mexico,,,,,,twitter_donacion_sangre_es.csv,twitter,Impulsa gobierno de Tamaulipas campañas de donación de sangre https://t.co/6t7zKtep5h,,2026-03-04,0,0
2028998868827062499,2026-03-04 01:00:01+00:00,"Tú al igual que nuestro ministro consejero Mark Johnson y la comunidad de la Embajada de Estados Unidos en México, únete a la campaña para donar sangre con la @CruzRoja_MX. 
¡Juntos salvemos vidas en 🇲🇽! https://t.co/Gc1t3F56cV",es,94,17,449,3,52528982,USEmbassyMEX,Embajada de EE.UU. en México,Mexico City,,,,,,twitter_donacion_sangre_es.csv,twitter,"Tú al igual que nuestro ministro consejero Mark Johnson y la comunidad de la Embajada de Estados Unidos en México, únete a la campaña para donar sangre con la @CruzRoja_MX. ¡Juntos salvemos vidas en ! https://t.co/Gc1t3F56cV",🇲🇽,2026-03-04,449,17
2028996997319954618,2026-03-04 00:52:35+00:00,Tamaulipas impulsa campañas masivas de donación de sangre https://t.co/CAhFFL6eRv,es,0,0,0,0,1544040983217655808,HoyTamaulipas1,Hoy Tamaulipas,,,,,,,twitter_donacion_sangre_es.csv,twitter,Tamaulipas impulsa campañas masivas de donación de sangre https://t.co/CAhFFL6eRv,,2026-03-04,0,0
2028995908252447037,2026-03-04 00:48:16+00:00,"Impulsa gobierno de Tamaulipas campañas de donación de sangre 
- A través del Banco de Sangre y en coordinación con instituciones como la UAT.

La única fuente de ...
📰 #ManuelGmarttz #News
🌐 Todos los detalles: ⬇️ ⬇️ ⬇️ https://t.co/6oeqN3ikph",es,0,0,0,0,144208374,ManuelGmarttz,Manuel Gmarttz,México,,,,,,twitter_donacion_sangre_es.csv,twitter,Impulsa gobierno de Tamaulipas campañas de donación de sangre - A través del Banco de Sangre y en coordinación con instituciones como la UAT. La única fuente de ... #ManuelGmarttz #News Todos los detalles: https://t.co/6oeqN3ikph,📰 🌐 ⬇️ ⬇️ ⬇️,2026-03-04,0,0
2028990184423866664,2026-03-04 00:25:31+00:00,Planes tranquilos de martes en la tarde: llevar a @mariaefe___  a donar sangre por primera vez✅✅✅,es,0,1,1,0,1550923449002037248,paulaabarhe,Paula,,,,,,,twitter_donacion_sangre_es.csv,twitter,Planes tranquilos de martes en la tarde: llevar a @mariaefe___ a donar sangre por primera vez,✅✅✅,2026-03-04,1,1
2028983389236166782,2026-03-03 23:58:31+00:00,@DefensorSp aprovechen que andan por ahi y pidan donación de sangre en el clínicas,es,0,0,0,0,2188967887,Nachoms01,Nacho,,,,,,,twitter_donacion_sangre_es.csv,twitter,@DefensorSp aprovechen que andan por ahi y pidan donación de sangre en el clínicas,,2026-03-03,0,0
2028978066635071629,2026-03-03 23:37:22+00:00,"@jambo_sinlambo @imperio_nita +desgracias somos los primeros en donar sangre ( ADAMUZ), se hacen donaciones masivas sin mirar a quién se hace (DANA). Y no se movilizs solamente las capitales y ciudades también pueblos y aldeas. Un yankee se la suda tener homeless en sus calles por mucho que sea su vecino",es,0,1,3,0,1350309439,DishonourOnUCow,Smirnoff,En algún sitio de Extremadura,,,,,,twitter_donacion_sangre_es.csv,twitter,"@jambo_sinlambo @imperio_nita +desgracias somos los primeros en donar sangre ( ADAMUZ), se hacen donaciones masivas sin mirar a quién se hace (DANA). Y no se movilizs solamente las capitales y ciudades también pueblos y aldeas. Un yankee se la suda tener homeless en sus calles por mucho que sea su vecino",,2026-03-03,3,1
2028976928053448826,2026-03-03 23:32:50+00:00,*Impulsa gobierno de Tamaulipas campañas de donación de sangre https://t.co/ibpalYywZ4 https://t.co/2CRNb8IoLU,es,0,0,0,0,716368504480333824,EleeseNoticias,eleese Noticias,,,,,,,twitter_donacion_sangre_es.csv,twitter,*Impulsa gobierno de Tamaulipas campañas de donación de sangre https://t.co/ibpalYywZ4 https://t.co/2CRNb8IoLU,,2026-03-03,0,0
2028969465111540070,2026-03-03 23:03:11+00:00,"Impulsa gobierno de Tamaulipas campañas de donación de sangre
#Tamaulipas #ElMante #Tampico #cdvictoria #Altamira #ciudadmadero #Reynosa #Matamoros #Xicotencatl #NLD #RioBravo #ValleHermoso #NuevoLaredo #Dallas #SanAntonio #NuevoLeon #UANL
⬇Enlace
https://t.co/afL2RQnqRN https://t.co/r7zZZnCDu4",es,0,0,0,0,955224091220414464,TvAstronoticias,Astronoticias,,,,,,,twitter_donacion_sangre_es.csv,twitter,Impulsa gobierno de Tamaulipas campañas de donación de sangre #Tamaulipas #ElMante #Tampico #cdvictoria #Altamira #ciudadmadero #Reynosa #Matamoros #Xicotencatl #NLD #RioBravo #ValleHermoso #NuevoLaredo #Dallas #SanAntonio #NuevoLeon #UANL Enlace https://t.co/afL2RQnqRN https://t.co/r7zZZnCDu4,⬇,2026-03-03,0,0
2028964930238501207,2026-03-03 22:45:10+00:00,"Impulsa gobierno de Tamaulipas campañas de donación de sangre  
https://t.co/ToX0AJhG3W",es,0,0,0,0,705519242435649538,cdtamaulipas,@CronicaDigital.Mx,México,,,,,,twitter_donacion_sangre_es.csv,twitter,Impulsa gobierno de Tamaulipas campañas de donación de sangre https://t.co/ToX0AJhG3W,,2026-03-03,0,0
2028960781367210041,2026-03-03 22:28:41+00:00,"Solicitan con urgencia donante de sangre A+ para paciente ingresado en hospital traumatológico de Azua.

Wellington Ramíreza necesita donación de sangre para una intervención quirúrgica que le será practicada este martes en el Hospital Traumatológico de Azua, tras este https://t.co/8onfJwnXJw",es,11,0,1,1,87690452,elnuevodiariord,El Nuevo Diario,Republica Dominicana,,,,,,twitter_donacion_sangre_es.csv,twitter,"Solicitan con urgencia donante de sangre A+ para paciente ingresado en hospital traumatológico de Azua. Wellington Ramíreza necesita donación de sangre para una intervención quirúrgica que le será practicada este martes en el Hospital Traumatológico de Azua, tras este https://t.co/8onfJwnXJw",,2026-03-03,1,0
2028956458511937947,2026-03-03 22:11:30+00:00,"#Tamaulipas #CiudadVictoria
Impulsa gobierno de Tamaulipas campañas de donación de sangre https://t.co/YwAQIVvZP2",es,0,0,0,0,1168626912786337792,LaTalacha,La Talacha Noreste,Noreste de México,,,,,,twitter_donacion_sangre_es.csv,twitter,#Tamaulipas #CiudadVictoria Impulsa gobierno de Tamaulipas campañas de donación de sangre https://t.co/YwAQIVvZP2,,2026-03-03,0,0
2028956193842929761,2026-03-03 22:10:27+00:00,"💉🩸La Universidad Pablo de Olavide inicia este martes una nueva campaña de donación de sangre ⁦@pablodeolavide⁩ 
Más información ⤵️ https://t.co/gl2kaumqfI",es,0,0,0,0,96057706,elpespunte,El Pespunte,,,,,,,twitter_donacion_sangre_es.csv,twitter,La Universidad Pablo de Olavide inicia este martes una nueva campaña de donación de sangre ⁦@pablodeolavide⁩ Más información https://t.co/gl2kaumqfI,💉🩸 ⤵️,2026-03-03,0,0
2028955219334193509,2026-03-03 22:06:35+00:00,"Me molesta que me digan ""No eres mi tipo"" 
Ps si te quiero echar un paliacate, 
no donar sangre mija",es,0,0,0,0,1778635813368049664,Valdoretif26,Valdo Retif 🥷,Ciudad Del Carmen ,,,,,,twitter_donacion_sangre_es.csv,twitter,"Me molesta que me digan ""No eres mi tipo"" Ps si te quiero echar un paliacate, no donar sangre mija",,2026-03-03,0,0
2028948159112646923,2026-03-03 21:38:31+00:00,"Yo no puedo hacerlo porque tuve hepatitis, pero hay que ayudar a donar sangre. @G_Arriaga https://t.co/HxH7jOom4y",es,0,0,0,0,182946690,Rizomg,Rizo,,,,,,,twitter_donacion_sangre_es.csv,twitter,"Yo no puedo hacerlo porque tuve hepatitis, pero hay que ayudar a donar sangre. @G_Arriaga https://t.co/HxH7jOom4y",,2026-03-03,0,0
2028944443194143219,2026-03-03 21:23:45+00:00,"Durante marzo, al donar sangre en cualquiera de nuestros centros, participas en el sorteo de 2 boletas VIP para el concierto de Chayanne.

Desliza para conocer las bases del sorteo y cuéntanos en los comentarios qué canción te gustaría escuchar en vivo.

#ReferenciaBancodeSangre https://t.co/xgtziGJ23o",es,0,0,0,0,316616882,R_BancoDeSangre,Referencia B. Sangre,República Dominicana,,,,,,twitter_donacion_sangre_es.csv,twitter,"Durante marzo, al donar sangre en cualquiera de nuestros centros, participas en el sorteo de 2 boletas VIP para el concierto de Chayanne. Desliza para conocer las bases del sorteo y cuéntanos en los comentarios qué canción te gustaría escuchar en vivo. #ReferenciaBancodeSangre https://t.co/xgtziGJ23o",,2026-03-03,0,0
2028941161650328061,2026-03-03 21:10:43+00:00,Donar sangre en Santiago tiene premio: abonos para el Son do Camiño https://t.co/YHvGJJh8K6,es,0,0,0,0,1765775322522255365,diariocompos,Diario Compostela,"Santiago de Compostela, Spain",,,,,,twitter_donacion_sangre_es.csv,twitter,Donar sangre en Santiago tiene premio: abonos para el Son do Camiño https://t.co/YHvGJJh8K6,,2026-03-03,0,0
2028939155821006892,2026-03-03 21:02:45+00:00,"📌💉¡¡¡ATENTOS!!! Donación de #sangre en la #VegaBaja. Se necesitan en la provincia de Alicante 250 unidades diarias de sangre para diferentes patologías. Acercaos mañana a #Torrevieja.
📰Más detalles, pinchad ahí👉
https://t.co/hBvjPfsjx9
@GVAsanitat @GVAdonasang @TorreviejaAyto https://t.co/VC7ng6Gwkg",es,0,0,0,0,4501576095,culturavegabaja,todoculturavegabaja,"Orihuela, España",,,,,,twitter_donacion_sangre_es.csv,twitter,"¡¡¡ATENTOS!!! Donación de #sangre en la #VegaBaja. Se necesitan en la provincia de Alicante 250 unidades diarias de sangre para diferentes patologías. Acercaos mañana a #Torrevieja. Más detalles, pinchad ahí https://t.co/hBvjPfsjx9 @GVAsanitat @GVAdonasang @TorreviejaAyto https://t.co/VC7ng6Gwkg",📌💉 📰 👉,2026-03-03,0,0
2028928542642221505,2026-03-03 20:20:34+00:00,@Alexispepillo Sigo atenta por si necesitas maa candidatos para la donacion de sangre,es,0,0,0,0,157858562,misia_carolaina,robosirenita,,,,,,,twitter_donacion_sangre_es.csv,twitter,@Alexispepillo Sigo atenta por si necesitas maa candidatos para la donacion de sangre,,2026-03-03,0,0
2028923902458503313,2026-03-03 20:02:08+00:00,"Donación número 15, solo demoras 30 minutos, y puedes salvar 3 vidas #donarsangre https://t.co/5FDaac3WrH",es,0,0,0,0,97285449,Ragc1546,Rodrigo Gallardo C.,,"Tamarugal, Tarapacá",Chile,CL,admin,,twitter_donacion_sangre_es.csv,twitter,"Donación número 15, solo demoras 30 minutos, y puedes salvar 3 vidas #donarsangre https://t.co/5FDaac3WrH",,2026-03-03,0,0
2028923370989855230,2026-03-03 20:00:01+00:00,"🩸 El CB 7 Palmas se involucra en la necesidad de donación de sangre 

💪 Con la sonrisa de nuestro Tony Viera te animamos a que tú también dones 

#SienteElAullido https://t.co/zCvACB4dCG",es,1,0,1,0,195771632,cb7palmas,CB 7 Palmas,Las Palmas de G.C.,,,,,,twitter_donacion_sangre_es.csv,twitter,El CB 7 Palmas se involucra en la necesidad de donación de sangre Con la sonrisa de nuestro Tony Viera te animamos a que tú también dones #SienteElAullido https://t.co/zCvACB4dCG,🩸 💪,2026-03-03,1,0
2028923370411110554,2026-03-03 20:00:01+00:00,"🗓️Este miércoles puedes donar sangre en:
🏥#HospitalSanPedro, de 8 a 20h.
🚌#Azofra, de 17:30 a 18:30h.
🚌#Alesanco, de 19 a 21h.

✅Dona sangre si te encuentras bien de salud y tienes entre 18 y 65 años
☎️941298494 https://t.co/iG3yEkN4tW",es,2,0,2,0,875315547738701825,bsangrelarioja,Banco de Sangre de La Rioja,"La Rioja, España",,,,,,twitter_donacion_sangre_es.csv,twitter,"Este miércoles puedes donar sangre en: #HospitalSanPedro, de 8 a 20h. #Azofra, de 17:30 a 18:30h. #Alesanco, de 19 a 21h. Dona sangre si te encuentras bien de salud y tienes entre 18 y 65 años 941298494 https://t.co/iG3yEkN4tW",🗓️ 🏥 🚌 🚌 ✅ ☎️,2026-03-03,2,0
2028922106659102882,2026-03-03 19:55:00+00:00,"Pronto se viene una acción solidaria relacionado con la donación de sangre
I vote @JakeB4rever
#NETIZENSREPORT #BUILDJAKAPAN for Most Handsome Man Alive #MHMA2026 #MHMA2026BUILDJAKAPAN
@thenreport https://t.co/UfApWZ85YE",es,5,0,9,1,1512805845465194501,m_pablita,Pablita 🥰 💙 BUILD ES VALIENTE,,,,,,,twitter_donacion_sangre_es.csv,twitter,Pronto se viene una acción solidaria relacionado con la donación de sangre I vote @JakeB4rever #NETIZENSREPORT #BUILDJAKAPAN for Most Handsome Man Alive #MHMA2026 #MHMA2026BUILDJAKAPAN @thenreport https://t.co/UfApWZ85YE,,2026-03-03,9,0
2028915264171987320,2026-03-03 19:27:49+00:00,cada vez que el boti de la ciudad me manda mensajes para donar sangre me dan ganas de tatuarme,es,0,0,4,0,1097165990,unaespuma,nora durst,,,,,,,twitter_donacion_sangre_es.csv,twitter,cada vez que el boti de la ciudad me manda mensajes para donar sangre me dan ganas de tatuarme,,2026-03-03,4,0
2028912389999968360,2026-03-03 19:16:23+00:00,"| recuerden chicos, no tengan venas bailarinas y vayan a donar sangre",es,0,0,0,0,1829098518486687745,qxeenxfstxrs,ᒪᙀᙅY YᗩᘜI,#BNHARP #RPESP @BNHAOC,,,,,,twitter_donacion_sangre_es.csv,twitter,"| recuerden chicos, no tengan venas bailarinas y vayan a donar sangre",,2026-03-03,0,0
2028908798165815531,2026-03-03 19:02:07+00:00,¿Sabías que los hombres pueden donar sangre hasta 4 veces al año 🩸 y las mujeres 3 veces ♀️♂️? Mantén las reservas llenas y ayuda a muchos pacientes durante todo el año ❤️ 📲 Pide cita https://t.co/bK98XzsFkx  #DonaSangre #DonaVida https://t.co/pF3cHY29XW,es,0,0,2,0,119679511,donasangbalears,Banc de Sang i Teixits,Illes Balears,,,,,,twitter_donacion_sangre_es.csv,twitter,¿Sabías que los hombres pueden donar sangre hasta 4 veces al año y las mujeres 3 veces ? Mantén las reservas llenas y ayuda a muchos pacientes durante todo el año Pide cita https://t.co/bK98XzsFkx #DonaSangre #DonaVida https://t.co/pF3cHY29XW,🩸 ♀️♂️ ❤️ 📲,2026-03-03,2,0
2028903263735894349,2026-03-03 18:40:07+00:00,"Me molesta que me digan ""No eres mi tipo"" 
Ps si te quiero echar un paliacate, 
no donar sangre mija",es,0,0,2,0,1245902706406854656,danfrex1_,addo,,,,,,,twitter_donacion_sangre_es.csv,twitter,"Me molesta que me digan ""No eres mi tipo"" Ps si te quiero echar un paliacate, no donar sangre mija",,2026-03-03,2,0
2028900186668351617,2026-03-03 18:27:54+00:00,"@MaxiWhite6 @SoyElCarazho Los sistemas de donación de sangre basados en el altruismo &lt;&lt;puro&gt;&gt; son más eficientes y seguros que los basados en pagos económicos. Al eliminar el dinero (la utilidad, tu beneficio individual), se activa el sentido del deber social.",es,0,1,1,0,1383838139416858630,DonRobotoG,Mario,Estado de Cuévano,,,,,,twitter_donacion_sangre_es.csv,twitter,"@MaxiWhite6 @SoyElCarazho Los sistemas de donación de sangre basados en el altruismo &lt;&lt;puro&gt;&gt; son más eficientes y seguros que los basados en pagos económicos. Al eliminar el dinero (la utilidad, tu beneficio individual), se activa el sentido del deber social.",,2026-03-03,1,1
2028900080980259004,2026-03-03 18:27:29+00:00,"ES MAÑANA, ES MAÑANA!!! SI PUEDEN DONAR SANGRE HÁGANLO SIEMPRE HAY ALGUIEN QUE LO NECESITA NO ESPEREMOS QUE UN FAMILIAR O UN SER QUERIDO LO NECESITÉ. VAMOS CHANGOS A DONAR SANGRE!!! https://t.co/ijInI8KbuT",es,2,0,3,0,1422681111067516933,Ricardo39314128,Ricardo Veliz,,,,,,,twitter_donacion_sangre_es.csv,twitter,"ES MAÑANA, ES MAÑANA!!! SI PUEDEN DONAR SANGRE HÁGANLO SIEMPRE HAY ALGUIEN QUE LO NECESITA NO ESPEREMOS QUE UN FAMILIAR O UN SER QUERIDO LO NECESITÉ. VAMOS CHANGOS A DONAR SANGRE!!! https://t.co/ijInI8KbuT",,2026-03-03,3,0
2028898733824393240,2026-03-03 18:22:07+00:00,@ElLeprechaun2 @mayemusk 😳”Donar Sangre es un Viaje Fascinante” de la editorial Metamorfosis. Está en Amazon si le interesa. Muchas Gracias por preguntar🫶🏻 https://t.co/nhu4Byt6YK,es,0,0,0,0,2023330704403148800,lavozdebeatriz,Beatriz,Mallorca,,,,,,twitter_donacion_sangre_es.csv,twitter,@ElLeprechaun2 @mayemusk ”Donar Sangre es un Viaje Fascinante” de la editorial Metamorfosis. Está en Amazon si le interesa. Muchas Gracias por preguntar https://t.co/nhu4Byt6YK,😳 🫶🏻,2026-03-03,0,0
2028895691519480198,2026-03-03 18:10:02+00:00,"🩸  El Hospital público del Henares reúne a 176 participantes en su último 'maratón' de donación de sangre.

👉 Organizado en colaboración con el Centro de Transfusión regional y el IES Vega del Jarama de San Fernando de Henares.
 
 https://t.co/J3cAXfjQsf",es,3,1,13,0,953996688670314496,SaludMadrid,Salud Madrid,"Comunidad de Madrid, España",,,,,,twitter_donacion_sangre_es.csv,twitter,El Hospital público del Henares reúne a 176 participantes en su último 'maratón' de donación de sangre. Organizado en colaboración con el Centro de Transfusión regional y el IES Vega del Jarama de San Fernando de Henares. https://t.co/J3cAXfjQsf,🩸 👉,2026-03-03,13,1
2028895052471115990,2026-03-03 18:07:30+00:00,"🩸🫶 ¡DONAR SALVA VIDAS!

🅾️Algo tan sencillo como sacar tiempo y donar sangre se pude convertir en algo tan grande como es salvar la vida de un ser humano 

🩸No entendemos la vida sin el amor hacia el prójimo y, por eso, nuestro colegio se ha transformado en un punto de https://t.co/uIdIalZvQQ",es,0,0,3,0,877475795207426048,ClaretLasPalmas,Claret Las Palmas,Las Palmas de Gran Canaria,,,,,,twitter_donacion_sangre_es.csv,twitter,"¡DONAR SALVA VIDAS! Algo tan sencillo como sacar tiempo y donar sangre se pude convertir en algo tan grande como es salvar la vida de un ser humano No entendemos la vida sin el amor hacia el prójimo y, por eso, nuestro colegio se ha transformado en un punto de https://t.co/uIdIalZvQQ",🩸🫶 🅾️ 🩸,2026-03-03,3,0
2028894430866915692,2026-03-03 18:05:02+00:00,"🏖 Promoción @BenalmadenaAyto en la @ITB_Berlin 

💝 Campaña donación de sangre @InfoUMA  

🍒 Ruta por el Valle del Jerte con @elPachinko 

📻 La Tarde en @COPE MÁS Málaga con @pedringj 
https://t.co/t9faqGxB0N",es,1,0,0,0,786816558,COPEMalaga,COPE MÁLAGA,"Calle Linaje, 2 1º",,,,,,twitter_donacion_sangre_es.csv,twitter,Promoción @BenalmadenaAyto en la @ITB_Berlin Campaña donación de sangre @InfoUMA Ruta por el Valle del Jerte con @elPachinko La Tarde en @COPE MÁS Málaga con @pedringj https://t.co/t9faqGxB0N,🏖 💝 🍒 📻,2026-03-03,0,0
2028891699582529930,2026-03-03 17:54:10+00:00,"Donar sangre no es para los debiles, enserio no lo es",es,0,0,1,0,1930070969869316097,no_way_j0s3,joseador,,,,,,,twitter_donacion_sangre_es.csv,twitter,"Donar sangre no es para los debiles, enserio no lo es",,2026-03-03,1,0
2028891188388868228,2026-03-03 17:52:08+00:00,Comenzó la campaña anual de donación de sangre en San Rafael. https://t.co/1h1WqPwG6r https://t.co/0cOns281bQ,es,0,0,0,0,1170398298,sergiowmiranda,Sergio Walter Miranda Rios,,,,,,,twitter_donacion_sangre_es.csv,twitter,Comenzó la campaña anual de donación de sangre en San Rafael. https://t.co/1h1WqPwG6r https://t.co/0cOns281bQ,,2026-03-03,0,0
2028890647910830140,2026-03-03 17:50:00+00:00,"yo: yendo a donar sangre
mi amiga: https://t.co/c50TUJqFff",es,1,0,2,0,829158101806940160,millerzoe_,zoe,Argentina ,,,,,,twitter_donacion_sangre_es.csv,twitter,yo: yendo a donar sangre mi amiga: https://t.co/c50TUJqFff,,2026-03-03,2,0
2028887464971059578,2026-03-03 17:37:21+00:00,"""Non perdas este bus. Lévate ao Son do Camiño"", lema para la segunda 💉 campaña de donación de 🩸 sangre en las universidades.

https://t.co/T18VTKRis5",es,0,0,0,0,373242471,galiciaesradio,esRadioGalicia,,,,,,,twitter_donacion_sangre_es.csv,twitter,"""Non perdas este bus. Lévate ao Son do Camiño"", lema para la segunda campaña de donación de sangre en las universidades. https://t.co/T18VTKRis5",💉 🩸,2026-03-03,0,0
2028882842940248470,2026-03-03 17:18:59+00:00,mi fomo me ha llevado a hacer cosas bastante fuera de mi zona de confort (intentar donar sangre),es,0,0,1,0,1469169869652434952,_evelynmhc_,E v e,,,,,,,twitter_donacion_sangre_es.csv,twitter,mi fomo me ha llevado a hacer cosas bastante fuera de mi zona de confort (intentar donar sangre),,2026-03-03,1,0
2028880900180606989,2026-03-03 17:11:16+00:00,"¿La información salva vidas… o también puede cambiarlas? 

HOY 15:30 Hs... En La medicina de Piovano: La información – sección especial, ponemos el foco en algo urgente y necesario: la campaña de donación de sangre.

Junto a Gabriel Russo en @ComunasAM, por Radio Belgrano AM 570 https://t.co/kCIBKc4eHL",es,1,0,5,0,776119831796051968,gabrielapiovan2,gabriela piovano,Ciudad Autónoma de Buenos Aire,,,,,,twitter_donacion_sangre_es.csv,twitter,"¿La información salva vidas… o también puede cambiarlas? HOY 15:30 Hs... En La medicina de Piovano: La información – sección especial, ponemos el foco en algo urgente y necesario: la campaña de donación de sangre. Junto a Gabriel Russo en @ComunasAM, por Radio Belgrano AM 570 https://t.co/kCIBKc4eHL",,2026-03-03,5,0
2028880036569231744,2026-03-03 17:07:50+00:00,¿estás en celaya y puedes donar sangre? https://t.co/Epx7WRaHfh,es,0,0,1,0,16827396,laloduron,Lalo Duron 🇮🇱,"Cuévano, Plan de Abajo",,,,,,twitter_donacion_sangre_es.csv,twitter,¿estás en celaya y puedes donar sangre? https://t.co/Epx7WRaHfh,,2026-03-03,1,0
2028878964303823188,2026-03-03 17:03:34+00:00,"No pude donar sangre… parece que ahora soy anémica 🫠🫠🫠

La buena? Es que lo de hoy salió muy bien. Ahora a esperar las primeras 48hs",es,0,2,17,0,305174749,K1000Ain,CAMILA,,,,,,,twitter_donacion_sangre_es.csv,twitter,No pude donar sangre… parece que ahora soy anémica La buena? Es que lo de hoy salió muy bien. Ahora a esperar las primeras 48hs,🫠🫠🫠,2026-03-03,17,2
2028878072435339520,2026-03-03 17:00:01+00:00,"¡Atención Ventanilla! Del 4 al 6 de marzo, la Plataforma Itinerante de Servicios de Salud #PISSANaval brindará atenciones médicas gratuitas en diversas especialidades, despistajes preventivos y donación de sangre.

📍 Parque “Monitor Huáscar”
⏰ De 8:30 a.m. a 3:00 p.m. https://t.co/2XvbseeDbd",es,2,0,3,0,1154236045,naval_peru,Marina de Guerra del Perú,"Lima, Peru",,,,,,twitter_donacion_sangre_es.csv,twitter,"¡Atención Ventanilla! Del 4 al 6 de marzo, la Plataforma Itinerante de Servicios de Salud #PISSANaval brindará atenciones médicas gratuitas en diversas especialidades, despistajes preventivos y donación de sangre. Parque “Monitor Huáscar” ⏰ De 8:30 a.m. a 3:00 p.m. https://t.co/2XvbseeDbd",📍,2026-03-03,3,0
2028872468107084150,2026-03-03 16:37:45+00:00,"🩸DONACIÓN DE SANGRE

La Cofradía del Rescate junto a la Comunidad Trinitaria, impulsan un año más la donación de sangre y de médula ósea, el primer viernes del mes de marzo, coincidiendo con el Besapie a Nuestro Padre Jesús del Rescate. https://t.co/TapLM72bWN",es,0,1,0,0,2323055238,RescateATQ,Cofradía del Rescate,"Antequera, España",,,,,,twitter_donacion_sangre_es.csv,twitter,"DONACIÓN DE SANGRE La Cofradía del Rescate junto a la Comunidad Trinitaria, impulsan un año más la donación de sangre y de médula ósea, el primer viernes del mes de marzo, coincidiendo con el Besapie a Nuestro Padre Jesús del Rescate. https://t.co/TapLM72bWN",🩸,2026-03-03,0,1
2028865161801367714,2026-03-03 16:08:43+00:00,"Le iba a donar  sangre a uno , mira vos cheeeee 🤔🤔🤔
Queeeee chiquitito es Comodoro",es,0,0,0,0,1517039414190514178,gonza_heredia19,👨🏻‍🚒,Argentina,,,,,,twitter_donacion_sangre_es.csv,twitter,"Le iba a donar sangre a uno , mira vos cheeeee Queeeee chiquitito es Comodoro",🤔🤔🤔,2026-03-03,0,0
2028863464932835618,2026-03-03 16:01:59+00:00,"🩸 Derribemos mitos y salvemos vidas. 

Donar sangre toma pocos minutos, pero puede marcar la diferencia para pacientes que la necesitan todos los días. 

Infórmate, consulta en tu centro de salud y anímate a donar. Hoy alguien puede estar esperando por ti. https://t.co/Rezzy6ifA6",es,2,0,1,0,486619600,Hospitalfricke,HospitalFricke/SSVQP,Región de Valparaíso,,,,,,twitter_donacion_sangre_es.csv,twitter,"Derribemos mitos y salvemos vidas. Donar sangre toma pocos minutos, pero puede marcar la diferencia para pacientes que la necesitan todos los días. Infórmate, consulta en tu centro de salud y anímate a donar. Hoy alguien puede estar esperando por ti. https://t.co/Rezzy6ifA6",🩸,2026-03-03,1,0
2028857664646607200,2026-03-03 15:38:56+00:00,"Hoy ha sido un día especial en Kyocera. El autobús de @CruzRojaEsp ha venido a nuestra oficina y nuestro equipo han participado sin pensárselo en la donación de sangre.

Gracias a tod@s por ayudar a quien más lo necesita.

#WeAreKyocera https://t.co/Ysr7WhrIlD",es,3,0,4,0,81097314,KYOCERA_DS_ES,KYOCERA DS España,Madrid,,,,,,twitter_donacion_sangre_es.csv,twitter,Hoy ha sido un día especial en Kyocera. El autobús de @CruzRojaEsp ha venido a nuestra oficina y nuestro equipo han participado sin pensárselo en la donación de sangre. Gracias a tod@s por ayudar a quien más lo necesita. #WeAreKyocera https://t.co/Ysr7WhrIlD,,2026-03-03,4,0
2028845254334435740,2026-03-03 14:49:37+00:00,"#Bormujos se moviliza para salvar vidas: nueva jornada de donación de sangre este 6 de marzo

https://t.co/GG1sXKAKb6

@AytoBormujos @Lolaromerolope1 @setebecerra @PedroHinojosaR2 @CelinaBormujos @donantessevilla 

#DonarSangre #Solidaridad #Aljarafeymás #Salud #BormujosParaTodos",es,1,0,0,0,1344337895797235713,Aljarafeymas,Aljarafe y más,Aljarafe - Sevilla,,,,,,twitter_donacion_sangre_es.csv,twitter,#Bormujos se moviliza para salvar vidas: nueva jornada de donación de sangre este 6 de marzo https://t.co/GG1sXKAKb6 @AytoBormujos @Lolaromerolope1 @setebecerra @PedroHinojosaR2 @CelinaBormujos @donantessevilla #DonarSangre #Solidaridad #Aljarafeymás #Salud #BormujosParaTodos,,2026-03-03,0,0
2028845126655598796,2026-03-03 14:49:06+00:00,"#Bormujos se moviliza para salvar vidas: nueva jornada de donación de sangre este 6 de marzo

https://t.co/4g1zCT1fed

@AytoBormujos @Lolaromerolope1 @setebecerra @PedroHinojosaR2 @CelinaBormujos 

#DonarSangre #Solidaridad #Aljarafeymás #Salud #BormujosParaTodos #DonaVida",es,0,0,0,0,1879619242951401473,Sevillaymas,Sevilla y más,Provincia Sevilla,,,,,,twitter_donacion_sangre_es.csv,twitter,#Bormujos se moviliza para salvar vidas: nueva jornada de donación de sangre este 6 de marzo https://t.co/4g1zCT1fed @AytoBormujos @Lolaromerolope1 @setebecerra @PedroHinojosaR2 @CelinaBormujos #DonarSangre #Solidaridad #Aljarafeymás #Salud #BormujosParaTodos #DonaVida,,2026-03-03,0,0
2028841990884925660,2026-03-03 14:36:39+00:00,"#DonaciónDeSangre
Hospital Austral https://t.co/6ln4zz9jjf",es,0,0,1,0,547115986,taylor_viviana,Viviana Taylor 🦋,Argentina,,,,,,twitter_donacion_sangre_es.csv,twitter,#DonaciónDeSangre Hospital Austral https://t.co/6ln4zz9jjf,,2026-03-03,1,0
2028840212013400161,2026-03-03 14:29:35+00:00,"Te invitamos a la jornada de donación de sangre y plasma en colaboración con el Centro de Transfusión de Jaén. ¡Regala salud!

📅 Miércoles, 4 de marzo
⏰ A partir de las 09:30 h
📍 Sala de Exposiciones (Planta Baja)

📞 Citas: 953 794 392 / WhatsApp: 671 562 494

#DonarSangre https://t.co/JJYNGs1EKA",es,1,0,1,0,715921090963496960,COA_JAEN,COAJAEN,"Jaén, España",,,,,,twitter_donacion_sangre_es.csv,twitter,"Te invitamos a la jornada de donación de sangre y plasma en colaboración con el Centro de Transfusión de Jaén. ¡Regala salud! Miércoles, 4 de marzo ⏰ A partir de las 09:30 h Sala de Exposiciones (Planta Baja) Citas: 953 794 392 / WhatsApp: 671 562 494 #DonarSangre https://t.co/JJYNGs1EKA",📅 📍 📞,2026-03-03,1,0
2028838698419167351,2026-03-03 14:23:34+00:00,"🩸 Dona sangre. Regala vida.

HOY | Te invitamos a ser parte de nuestra la Clínica de Donación de Sangre y aportar a una causa que realmente hace la diferencia. 

📍 Anfiteatro del Departamento de Enfermería

@UPR_Oficial #UPRH https://t.co/6mboM4aiqo",es,0,0,1,0,2343802782,UPRHComunica,UPR Humacao,"Humacao, Puerto Rico",,,,,,twitter_donacion_sangre_es.csv,twitter,Dona sangre. Regala vida. HOY | Te invitamos a ser parte de nuestra la Clínica de Donación de Sangre y aportar a una causa que realmente hace la diferencia. Anfiteatro del Departamento de Enfermería @UPR_Oficial #UPRH https://t.co/6mboM4aiqo,🩸 📍,2026-03-03,1,0
2028830546759971223,2026-03-03 13:51:10+00:00,Fui a donar sangre y me bajó la presión no se puede ser tan butoooo,es,0,0,0,0,975767065775702021,IvanFontana09,Ivangol,,,,,,,twitter_donacion_sangre_es.csv,twitter,Fui a donar sangre y me bajó la presión no se puede ser tan butoooo,,2026-03-03,0,0
2028827418232840546,2026-03-03 13:38:44+00:00,"SALUD | Esta tarde puedes donar sangre en el centro de salud #AlcalálaReal Norte en la calle Utrilla.
https://t.co/aby8zeCdyX",es,0,0,1,0,578295925,alcala_lareal,Alcalá la Real,"Alcalá la Real, España",,,,,,twitter_donacion_sangre_es.csv,twitter,SALUD | Esta tarde puedes donar sangre en el centro de salud #AlcalálaReal Norte en la calle Utrilla. https://t.co/aby8zeCdyX,,2026-03-03,1,0
2028820002350961074,2026-03-03 13:09:16+00:00,"La sangre humana no se compra ni se fabrica: la única forma de contar con ella es través de la donación voluntaria y habitual.  

¨Elegí donar sangre. Elegí salvar vidas""",es,0,0,0,0,1425865789668798470,FavaloroSAMIC,Hospital Dr. René Favaloro,"Av. Eva Perón, Rafael Castillo",,,,,,twitter_donacion_sangre_es.csv,twitter,"La sangre humana no se compra ni se fabrica: la única forma de contar con ella es través de la donación voluntaria y habitual. ¨Elegí donar sangre. Elegí salvar vidas""",,2026-03-03,0,0
2028819999838638333,2026-03-03 13:09:16+00:00,Es importante donar de forma habitual: si el 3 al 5% de la población concurriera a donar sangre 2 veces al año se cubriría el 100% de las necesidades del país.,es,0,1,0,0,1425865789668798470,FavaloroSAMIC,Hospital Dr. René Favaloro,"Av. Eva Perón, Rafael Castillo",,,,,,twitter_donacion_sangre_es.csv,twitter,Es importante donar de forma habitual: si el 3 al 5% de la población concurriera a donar sangre 2 veces al año se cubriría el 100% de las necesidades del país.,,2026-03-03,0,1
2028819996072128908,2026-03-03 13:09:15+00:00,"🩸Donar sangre es simple y seguro.

Una persona entre 16 y 65 años, que pese más de 50 kg y goce de buena salud, puede donar sangre y así salvar hasta 4 vidas.

@MinSalud_Ar https://t.co/JhCMZclVNT",es,0,1,0,0,1425865789668798470,FavaloroSAMIC,Hospital Dr. René Favaloro,"Av. Eva Perón, Rafael Castillo",,,,,,twitter_donacion_sangre_es.csv,twitter,"Donar sangre es simple y seguro. Una persona entre 16 y 65 años, que pese más de 50 kg y goce de buena salud, puede donar sangre y así salvar hasta 4 vidas. @MinSalud_Ar https://t.co/JhCMZclVNT",🩸,2026-03-03,0,1
2028819422555537878,2026-03-03 13:06:58+00:00,"Graba el número 📲842842010 porque es #VITA, el asistente virtual del Banco de Sangre y Tejidos y la @HermandadDonant 

Estamos mejorando nuestros servicios para facilitar la donación de #sangre y #plasma con el objetivo de
 mejorar la experiencia de los #donantes. https://t.co/2mS59USr7G",es,6,0,6,0,2329010136,BSCANTABRIA,BANCO DE SANGRE DE CANTABRIA,Cantabria,,,,,,twitter_donacion_sangre_es.csv,twitter,"Graba el número 842842010 porque es #VITA, el asistente virtual del Banco de Sangre y Tejidos y la @HermandadDonant Estamos mejorando nuestros servicios para facilitar la donación de #sangre y #plasma con el objetivo de mejorar la experiencia de los #donantes. https://t.co/2mS59USr7G",📲,2026-03-03,6,0
2028812169286918235,2026-03-03 12:38:09+00:00,Vine a donar sangre y déjeme decir que NO DONÓ nunca más,es,0,0,0,0,1535785726155292672,candeguevara01,Cande,,,,,,,twitter_donacion_sangre_es.csv,twitter,Vine a donar sangre y déjeme decir que NO DONÓ nunca más,,2026-03-03,0,0
2028809990924829035,2026-03-03 12:29:29+00:00,"Donar sangre es donar vida ❤️

¿Sabías que con una donación puedes salvar hasta 3 vidas? 🙌

Si tienes entre 17 y 65 años, pesas más de 50 kilos y cumples con los requisitos básicos, ¡tú puedes ser donante! 🩸✨ https://t.co/Q2BczBjIcL",es,0,0,0,0,1038139615637643265,SeremiSalud16,Seremi Salud Ñuble,"Chillán, Chile",,,,,,twitter_donacion_sangre_es.csv,twitter,"Donar sangre es donar vida ¿Sabías que con una donación puedes salvar hasta 3 vidas? Si tienes entre 17 y 65 años, pesas más de 50 kilos y cumples con los requisitos básicos, ¡tú puedes ser donante! https://t.co/Q2BczBjIcL",❤️ 🙌 🩸✨,2026-03-03,0,0
2028805839826612629,2026-03-03 12:13:00+00:00,"YUNQUERA | Yunquera celebrará el próximo viernes una jornada de donación de sangre con el objetivo de reforzar las reservas y fomentar la solidaridad entre vecinos y vecinas del municipio.

https://t.co/krvCkBOeQv

#Yunquera #SierradelasNieves #Noticias #InformaciónLocal",es,0,0,0,0,1882488138863681536,vaguaes,Vagua.es,,,,,,,twitter_donacion_sangre_es.csv,twitter,YUNQUERA | Yunquera celebrará el próximo viernes una jornada de donación de sangre con el objetivo de reforzar las reservas y fomentar la solidaridad entre vecinos y vecinas del municipio. https://t.co/krvCkBOeQv #Yunquera #SierradelasNieves #Noticias #InformaciónLocal,,2026-03-03,0,0
2028805085183295978,2026-03-03 12:10:00+00:00,"🔵 Las jornadas se llevarán a cabo en Puerto Iguazú, Posadas y Comandante Andresito, con el propósito de mantener un stock ideal de reservas de sangre.

https://t.co/AC64jK8CVu

#Noticias #DonaciondeSangre #Salud #Misiones https://t.co/R6CNgSX2QD",es,0,0,3,0,602033241,tv12misiones,Canal Doce Misiones,Posadas (Misiones),,,,,,twitter_donacion_sangre_es.csv,twitter,"Las jornadas se llevarán a cabo en Puerto Iguazú, Posadas y Comandante Andresito, con el propósito de mantener un stock ideal de reservas de sangre. https://t.co/AC64jK8CVu #Noticias #DonaciondeSangre #Salud #Misiones https://t.co/R6CNgSX2QD",🔵,2026-03-03,3,0
2028803761888768268,2026-03-03 12:04:44+00:00,"@daniesdsk @SarahPerezSanta Yo tengo azúcar y colesterol, pero me da igual. Vía donar sangre.. xD",es,0,0,0,0,970804562021019648,Josluis2112,Nihilus,,,,,,,twitter_donacion_sangre_es.csv,twitter,"@daniesdsk @SarahPerezSanta Yo tengo azúcar y colesterol, pero me da igual. Vía donar sangre.. xD",,2026-03-03,0,0
2028798422115877172,2026-03-03 11:43:31+00:00,El alumnado del Coromines impulsa una campaña de donación de sangre en Benicarló https://t.co/ivxRZctDx3,es,0,0,0,0,98612851,GVAdonasang,GVA Dona Sang,Comunitat Valenciana,,,,,,twitter_donacion_sangre_es.csv,twitter,El alumnado del Coromines impulsa una campaña de donación de sangre en Benicarló https://t.co/ivxRZctDx3,,2026-03-03,0,0
2028794863118930080,2026-03-03 11:29:23+00:00,El Centro de Transfusión de Huelva anuncia sus horarios de donación de sangre en marzo https://t.co/jTJACjk0EJ a través de @diariohuelva,es,0,0,0,0,108601156,DiarioHuelva,Diario de Huelva,Huelva,,,,,,twitter_donacion_sangre_es.csv,twitter,El Centro de Transfusión de Huelva anuncia sus horarios de donación de sangre en marzo https://t.co/jTJACjk0EJ a través de @diariohuelva,,2026-03-03,0,0
2028794721498169709,2026-03-03 11:28:49+00:00,"#BuenosDías y feliz martes solidario, hoy puedes ayudar a seguir viviendo a 3 personas , es fácil, no duele y salva vidas.
ℹ️Requisitos: 18-65 años, &gt;50kg y estar bien de salud.
🩸Te esperamos esta tarde para #DonarSangre en #Águilas y #ElRaal 🙌
⏰de 17 a 21h https://t.co/EO2gBfIEr3",es,2,0,1,0,294785635,DonarSangreMU,🩸CENTRO REGIONAL DE HEMODONACIÓN 🅰️🅱️🅾️🆎,"Ronda de Garay, 30003 Murcia",,,,,,twitter_donacion_sangre_es.csv,twitter,"#BuenosDías y feliz martes solidario, hoy puedes ayudar a seguir viviendo a 3 personas , es fácil, no duele y salva vidas. ℹ Requisitos: 18-65 años, &gt;50kg y estar bien de salud. Te esperamos esta tarde para #DonarSangre en #Águilas y #ElRaal ⏰de 17 a 21h https://t.co/EO2gBfIEr3",️ 🩸 🙌,2026-03-03,1,0
2029012148844650784,2026-03-04 01:52:48+00:00,@bea28louis JAJAJAJAJAJAJAJJAJAJAJ,es,0,0,0,0,1729279365886730240,fantttasi,can ★,tini & mernosketti,,,,,2.0290050362655542e+18,twitter_donacion_sangre_es.csv,twitter,@bea28louis JAJAJAJAJAJAJAJJAJAJAJ,,2026-03-04,0,0
2029008869868061064,2026-03-04 01:39:46+00:00,@28rckland quieren todooo,es,0,0,0,0,1023736264380637189,bea28louis,bea 𓂀,333 chile,,,,,2.0290050362655542e+18,twitter_donacion_sangre_es.csv,twitter,@28rckland quieren todooo,,2026-03-04,0,0
2029008817451634703,2026-03-04 01:39:33+00:00,@moskilaria ME LLENARON EL CELU DE MENSAJES EN 30 SEGUNDOS PARA DONAR 5,es,0,0,0,0,1023736264380637189,bea28louis,bea 𓂀,333 chile,,,,,2.0290050362655542e+18,twitter_donacion_sangre_es.csv,twitter,@moskilaria ME LLENARON EL CELU DE MENSAJES EN 30 SEGUNDOS PARA DONAR 5,,2026-03-04,0,0
2029008803853705362,2026-03-04 01:39:30+00:00,@bea28louis te dijimos que dones 3 eu no mientas,es,0,1,0,0,2005724878486528000,28rckland,agus ✮⋆˙,16 • 43,,,,,2.0290050362655542e+18,twitter_donacion_sangre_es.csv,twitter,@bea28louis te dijimos que dones 3 eu no mientas,,2026-03-04,0,1
2029008518859125061,2026-03-04 01:38:22+00:00,@bea28louis EL CONCWPTO DE QUE NADIE TE OBLIGO ANDONAR 5..,es,0,1,0,0,1859130495470096384,moskilaria,can,nachoide3,,,,,2.0290050362655542e+18,twitter_donacion_sangre_es.csv,twitter,@bea28louis EL CONCWPTO DE QUE NADIE TE OBLIGO ANDONAR 5..,,2026-03-04,0,1
2029150688790368717,2026-03-04 11:03:18+00:00,@USEmbassyMEX @CruzRoja_MX Gracias Embajador! 🇺🇸🫱🫲🇲🇽,es,0,0,0,0,3383846359,estropaxus,estropa⚔️Us,Mars,,,,,2.0289988688270625e+18,twitter_donacion_sangre_es.csv,twitter,@USEmbassyMEX @CruzRoja_MX Gracias Embajador!,🇺🇸🫱🫲🇲🇽,2026-03-04,0,0
2029109667926868060,2026-03-04 08:20:18+00:00,@USEmbassyMEX @CruzRoja_MX siempre se ha de salvar el mundo a su maldita manera ¿verdad?,es,0,0,0,0,1498676312671723529,Babayaga777A,Cristhyan A.,"Aqui, Ahora y Siempre",,,,,2.0289988688270625e+18,twitter_donacion_sangre_es.csv,twitter,@USEmbassyMEX @CruzRoja_MX siempre se ha de salvar el mundo a su maldita manera ¿verdad?,,2026-03-04,0,0
2029084292899303798,2026-03-04 06:39:28+00:00,"@USEmbassyMEX @CruzRoja_MX ""Juntos salvemos vidas""      🙄 https://t.co/7EUAnI4p15",es,0,0,1,0,1461020580078141447,JJVA80s,Jesus Arrieta,,,,,,2.0289988688270625e+18,twitter_donacion_sangre_es.csv,twitter,"@USEmbassyMEX @CruzRoja_MX ""Juntos salvemos vidas"" https://t.co/7EUAnI4p15",🙄,2026-03-04,1,0
2029065466551886269,2026-03-04 05:24:40+00:00,@USEmbassyMEX @CruzRoja_MX 🖕🏻,qme,0,0,0,0,1018323007201136640,Azormx19,AzorMx🇲🇽,Ciudad de México,,,,,2.0289988688270625e+18,twitter_donacion_sangre_es.csv,twitter,@USEmbassyMEX @CruzRoja_MX,🖕🏻,2026-03-04,0,0
2029054183417004377,2026-03-04 04:39:49+00:00,@USEmbassyMEX @RaulRojasG7 @CruzRoja_MX ❤️,qme,1,0,1,0,1793995795508936704,MariaBugan73615,maria teresa buganza,,,,,,2.0289988688270625e+18,twitter_donacion_sangre_es.csv,twitter,@USEmbassyMEX @RaulRojasG7 @CruzRoja_MX,❤️,2026-03-04,1,0
2029052247171105060,2026-03-04 04:32:08+00:00,"@USEmbassyMEX @JournalEncuadre @CruzRoja_MX Se agradece...

👍💯❗️",pt,0,0,1,0,1153773125194137601,haces_e,Alfonso E. Haces,CDMX,,,,,2.0289988688270625e+18,twitter_donacion_sangre_es.csv,twitter,@USEmbassyMEX @JournalEncuadre @CruzRoja_MX Se agradece...,👍💯❗️,2026-03-04,1,0
2029047171572777195,2026-03-04 04:11:58+00:00,@USEmbassyMEX @CruzRoja_MX ¡Muchas gracias Mark Johnson por gesto tan noble! 🇲🇽❤️🇺🇸,es,0,0,0,0,1661040815722962944,Diegorphine101,Dieguinho,,,,,,2.0289988688270625e+18,twitter_donacion_sangre_es.csv,twitter,@USEmbassyMEX @CruzRoja_MX ¡Muchas gracias Mark Johnson por gesto tan noble!,🇲🇽❤️🇺🇸,2026-03-04,0,0
2029046985676947942,2026-03-04 04:11:13+00:00,@USEmbassyMEX @CruzRoja_MX Qué lástima que no cayó una más cerca de donde están ustedes,es,0,0,1,0,1934064536463847424,XIbarbol,GI Ibarrola,,,,,,2.0289988688270625e+18,twitter_donacion_sangre_es.csv,twitter,@USEmbassyMEX @CruzRoja_MX Qué lástima que no cayó una más cerca de donde están ustedes,,2026-03-04,1,0
2029030707851358623,2026-03-04 03:06:32+00:00,"@USEmbassyMEX @CruzRoja_MX Bueno, no les cuesta nada y tienen mucha.",es,0,0,1,0,2582320525,FabianTerr3,Fabian Terrazas,"Tlalpan, Distrito Federal",,,,,2.0289988688270625e+18,twitter_donacion_sangre_es.csv,twitter,"@USEmbassyMEX @CruzRoja_MX Bueno, no les cuesta nada y tienen mucha.",,2026-03-04,1,0
2029029132592435431,2026-03-04 03:00:17+00:00,@USEmbassyMEX @CruzRoja_MX 🤢🤮,qme,0,0,0,0,3032171,mudo_,chrystian,Land of Ooo,,,,,2.0289988688270625e+18,twitter_donacion_sangre_es.csv,twitter,@USEmbassyMEX @CruzRoja_MX,🤢🤮,2026-03-04,0,0
2029028161069990047,2026-03-04 02:56:25+00:00,@USEmbassyMEX @EFloresCampbell @CruzRoja_MX Gracias 😇,es,0,0,0,0,526644397,Iphone_3001,Iphone_3001,CDMX,,,,,2.0289988688270625e+18,twitter_donacion_sangre_es.csv,twitter,@USEmbassyMEX @EFloresCampbell @CruzRoja_MX Gracias,😇,2026-03-04,0,0
2029025725731238324,2026-03-04 02:46:45+00:00,@USEmbassyMEX @CruzRoja_MX https://t.co/mizdJb4u7a,qme,0,0,0,0,2024179145597767680,ApoyoD27230,Frente D Apoyo Presidencial Mexicano,,,,,,2.0289988688270625e+18,twitter_donacion_sangre_es.csv,twitter,@USEmbassyMEX @CruzRoja_MX https://t.co/mizdJb4u7a,,2026-03-04,0,0
2029022328084889603,2026-03-04 02:33:15+00:00,@USEmbassyMEX @CruzRoja_MX ✨🫵🏻🙌🏻💪🏻🫶🏻,qme,0,0,0,0,375998530,IrinaRouge,I R I N A 🇲🇽 🇦🇷 🇺🇦,My Imagination or yours...,,,,,2.0289988688270625e+18,twitter_donacion_sangre_es.csv,twitter,@USEmbassyMEX @CruzRoja_MX,✨🫵🏻🙌🏻💪🏻🫶🏻,2026-03-04,0,0
2029019869539164444,2026-03-04 02:23:28+00:00,@USEmbassyMEX @CruzRoja_MX Sangre Yanqui👍🏻😂🇨🇦🇺🇸🇲🇽,fr,0,0,0,0,1933364051905818626,RicardoNiche,Ciudadano🌎,México,,,,,2.0289988688270625e+18,twitter_donacion_sangre_es.csv,twitter,@USEmbassyMEX @CruzRoja_MX Sangre Yanqui,👍🏻😂🇨🇦🇺🇸🇲🇽,2026-03-04,0,0
2029017825289887866,2026-03-04 02:15:21+00:00,@USEmbassyMEX @CruzRoja_MX Púdranse embajador.,pt,0,0,0,0,1902823510088495105,cuettatto,Juan Cueto,,,,,,2.0289988688270625e+18,twitter_donacion_sangre_es.csv,twitter,@USEmbassyMEX @CruzRoja_MX Púdranse embajador.,,2026-03-04,0,0
2029002155793715698,2026-03-04 01:13:05+00:00,@USEmbassyMEX @CruzRoja_MX ❤️,qme,0,0,0,0,1702424923929452544,patinus_albert,Julio Alberto Patiño Sanchez 🦅🏗️,"San Pedro, Garza García NL",,,,,2.0289988688270625e+18,twitter_donacion_sangre_es.csv,twitter,@USEmbassyMEX @CruzRoja_MX,❤️,2026-03-04,0,0
2029029266575204563,2026-03-04 03:00:49+00:00,@paulaabarhe Casi me desmayo por culpa de sus planes chill JAJAJAJAJAJAJAJAJA,es,0,0,0,0,1197659420760649728,mariaefe___,María Fernanda,,,,,,2.0289901844238666e+18,twitter_donacion_sangre_es.csv,twitter,@paulaabarhe Casi me desmayo por culpa de sus planes chill JAJAJAJAJAJAJAJAJA,,2026-03-04,0,0
2028959229680271683,2026-03-03 22:22:31+00:00,"@SaludMadrid @SaludMadrid es responsable de una denuncia falsa. El centro de salud de Legazpi inicia protocolo por abuso sexual de mi hija, aun sabiendo que la niña fue obligaba por la madre a declarar esa barbaridad. Prevarican a sabiendas. VERGÜENZA de institucion",es,0,0,0,0,321622369,Albertosaelices,Alberto,Madrid,,,,,2.0288956915194803e+18,twitter_donacion_sangre_es.csv,twitter,"@SaludMadrid @SaludMadrid es responsable de una denuncia falsa. El centro de salud de Legazpi inicia protocolo por abuso sexual de mi hija, aun sabiendo que la niña fue obligaba por la madre a declarar esa barbaridad. Prevarican a sabiendas. VERGÜENZA de institucion",,2026-03-03,0,0
2028882995814269060,2026-03-03 17:19:35+00:00,@K1000Ain 👏👏👏👏,qme,0,0,1,0,48422784,soyraimunda, soyraimunda .-,,,,,,2.028878964303823e+18,twitter_donacion_sangre_es.csv,twitter,@K1000Ain,👏👏👏👏,2026-03-03,1,0
2028882903166337231,2026-03-03 17:19:13+00:00,"@MajoMallmann Si ! Realmente bien !! 

Ahora a esperar 🥹🙃",es,0,0,1,0,305174749,K1000Ain,CAMILA,,,,,,2.028878964303823e+18,twitter_donacion_sangre_es.csv,twitter,@MajoMallmann Si ! Realmente bien !! Ahora a esperar,🥹🙃,2026-03-03,1,0
2028879933284458567,2026-03-03 17:07:25+00:00,@K1000Ain Bien!,es,0,1,1,0,91230135,MajoMallmann,Majo Mallmann,"Anglet, France ",,,,,2.028878964303823e+18,twitter_donacion_sangre_es.csv,twitter,@K1000Ain Bien!,,2026-03-03,1,1
2028872471672230133,2026-03-03 16:37:46+00:00,"La donación tendrá lugar en el pasillo lateral del claustro de la iglesia de Santísima Trinidad.

Comenzará a las 17 horas hasta las 21 horas. 

¡DONA SANGRE!",es,0,0,0,0,2323055238,RescateATQ,Cofradía del Rescate,"Antequera, España",,,,,2.028872468107084e+18,twitter_donacion_sangre_es.csv,twitter,La donación tendrá lugar en el pasillo lateral del claustro de la iglesia de Santísima Trinidad. Comenzará a las 17 horas hasta las 21 horas. ¡DONA SANGRE!,,2026-03-03,0,0
1874097166295458003,2024-12-31 14:15:58+00:00,"Salvar vidas está en tus manos. Junto a @HemocentroDO, te invitamos a donar sangre y a ser parte de la solución que nuestro país necesita. 🌟❤️ #DonaSangre #DonaVida https://t.co/kTZBMqbryj",es,15,22,40,0,203664009,SuperateRDO,Supérate,República Dominicana,,,,,,twitter_donacion_sangre_es_2022-2026.csv,twitter,"Salvar vidas está en tus manos. Junto a @HemocentroDO, te invitamos a donar sangre y a ser parte de la solución que nuestro país necesita. #DonaSangre #DonaVida https://t.co/kTZBMqbryj",🌟❤️,2024-12-31,40,22
1608924204401057792,2022-12-30 20:33:17+00:00,"@gadarovi Pero yo estoy hablando específicamente del tema aquel que escribí ""Testigos de Jehová vs donación de sangre"" en el tema aquel q Ud dice, entonces ellos deben de tener una placa guinda en el cuello pa cuando tengan un accidente no se toque no se atienda y que sufra hasta que muera",es,0,8,1,0,1364518542,eacp507,Edwin Abdiel,"Los Santos, Panamá",,,,,,twitter_donacion_sangre_es_2022-2026.csv,twitter,"@gadarovi Pero yo estoy hablando específicamente del tema aquel que escribí ""Testigos de Jehová vs donación de sangre"" en el tema aquel q Ud dice, entonces ellos deben de tener una placa guinda en el cuello pa cuando tengan un accidente no se toque no se atienda y que sufra hasta que muera",,2022-12-30,1,8
1741244551824630219,2023-12-30 23:47:06+00:00,"❤¡Donar sangre es salvar vidas! 

#CDRCuba #Cuba #EstaEsLaRevolución https://t.co/McAQLDKpVS",es,111,7,77,3,1222172279381118976,cdr_cuba,CDR de Cuba,La Habana,,,,,,twitter_donacion_sangre_es_2022-2026.csv,twitter,¡Donar sangre es salvar vidas! #CDRCuba #Cuba #EstaEsLaRevolución https://t.co/McAQLDKpVS,❤,2023-12-30,77,7
2006497915934556577,2025-12-31 22:49:16+00:00,"Compañeras de la  #ZonaViñaDelMar y alrededores participaron de la campaña de recolección de dadores de Sangre junto a los Bomberos de Viña del Mar y el Centro de Sangre Valparaíso. 
#JuntosSalvamosVidas #DarSangreEsDarVida 
#DonaSangreDonaVida
#DonarSangre
#SomosDonantes https://t.co/8qLmFbMSKo",es,3,7,18,0,193493377,CHICASDECALIPSO,Fans Club Chicas de Calipso 🇨🇱,chile  /9951118086 22/7723034,,,,,,twitter_donacion_sangre_es_2022-2026.csv,twitter,Compañeras de la #ZonaViñaDelMar y alrededores participaron de la campaña de recolección de dadores de Sangre junto a los Bomberos de Viña del Mar y el Centro de Sangre Valparaíso. #JuntosSalvamosVidas #DarSangreEsDarVida #DonaSangreDonaVida #DonarSangre #SomosDonantes https://t.co/8qLmFbMSKo,,2025-12-31,18,7
1873848482337087988,2024-12-30 21:47:47+00:00,"Si es necesario donar sangre pienso que será o Marta o Jesús.
Quiero pensar que en algún momento se va a descubrir que Andrés no es un de La Reina,es adoptado por eso es así😏🤪
#mafin https://t.co/mQi6qNJaqM",es,1,6,11,0,1823032476190625792,CrisMafinBoom,Cris🧁💥,,,,,,,twitter_donacion_sangre_es_2022-2026.csv,twitter,"Si es necesario donar sangre pienso que será o Marta o Jesús. Quiero pensar que en algún momento se va a descubrir que Andrés no es un de La Reina,es adoptado por eso es así #mafin https://t.co/mQi6qNJaqM",😏🤪,2024-12-30,11,6
1608928985169428480,2022-12-30 20:52:17+00:00,Ahorita una doña gritó al cajero NO NO QUIERO DONAR,es,0,5,34,0,1007659532,soysnoopylover,Natalia de Jesús,,,,,,,twitter_donacion_sangre_es_2022-2026.csv,twitter,Ahorita una doña gritó al cajero NO NO QUIERO DONAR,,2022-12-30,34,5
1873866845880783188,2024-12-30 23:00:45+00:00,Hola amigos! Alguien sabe si se puede ir a donar sangre a Centro Médico sin cita? 🥹,es,0,5,15,1,1161491073111224320,Helen_Bby_,Helen,,,,,,,twitter_donacion_sangre_es_2022-2026.csv,twitter,Hola amigos! Alguien sabe si se puede ir a donar sangre a Centro Médico sin cita?,🥹,2024-12-30,15,5
1873782977223942319,2024-12-30 17:27:29+00:00,"Dona Sangre y Regala Vida 🤲🏼🩸

¿Sabías que en México la comercialización de sangre es ilegal?

Recuerda, la donación de sangre debe ser un acto voluntario y altruista; convierte tu generosidad en un verdadero regalo de vida para quienes más lo necesitan.

¡Súmate a salvar vidas! https://t.co/yO8jUSNmeF",es,29,4,33,0,132225222,SSalud_mx,SALUD México,México,,,,,,twitter_donacion_sangre_es_2022-2026.csv,twitter,"Dona Sangre y Regala Vida ¿Sabías que en México la comercialización de sangre es ilegal? Recuerda, la donación de sangre debe ser un acto voluntario y altruista; convierte tu generosidad en un verdadero regalo de vida para quienes más lo necesitan. ¡Súmate a salvar vidas! https://t.co/yO8jUSNmeF",🤲🏼🩸,2024-12-30,33,4
1608964387246854145,2022-12-30 23:12:57+00:00,"Con casi 90 mil asistentes solo el primer día, es una buena oportunidad para la Cruz Roja para poner sus estaciones de donación de sangre fuera de la Comiket.

Quizás tendrían más éxito con una vtuber o retomando la campaña de Uzaki 😆
#C101 https://t.co/NnK4x5ssHt https://t.co/5Yd6YCbzGr",es,4,4,31,0,542796178,DasTier92,DasTier,,,,,,,twitter_donacion_sangre_es_2022-2026.csv,twitter,"Con casi 90 mil asistentes solo el primer día, es una buena oportunidad para la Cruz Roja para poner sus estaciones de donación de sangre fuera de la Comiket. Quizás tendrían más éxito con una vtuber o retomando la campaña de Uzaki #C101 https://t.co/NnK4x5ssHt https://t.co/5Yd6YCbzGr",😆,2022-12-30,31,4
1741146416896991613,2023-12-30 17:17:09+00:00,"@CapitanBitcoin Lo de donar sangre está perfecto, lo de que te obliguen está muy mal, la cuestión del créeito social está de terror.",es,1,4,9,0,284058158,marcus_lynch,Marcus,México,,,,,,twitter_donacion_sangre_es_2022-2026.csv,twitter,"@CapitanBitcoin Lo de donar sangre está perfecto, lo de que te obliguen está muy mal, la cuestión del créeito social está de terror.",,2023-12-30,9,4
1741456392303636698,2023-12-31 13:48:53+00:00,"@ana_grimbaum Es fácil tirar abajo ese relato.
""No puedo donar de mi sueldo, tengo un estilo de vida que matener"" Luis Alberto Alejandro Aparicio Lacalle Pou. 
José Mujica dona 400.000 dólares de su sueldo para el Plan Juntos y unos 150.000 dólares para su fuerza política. Los del Taba +++",es,0,4,3,0,1443961428231217164,Graldelpueblo,General del Pueblo,Canelones,,,,,,twitter_donacion_sangre_es_2022-2026.csv,twitter,"@ana_grimbaum Es fácil tirar abajo ese relato. ""No puedo donar de mi sueldo, tengo un estilo de vida que matener"" Luis Alberto Alejandro Aparicio Lacalle Pou. José Mujica dona 400.000 dólares de su sueldo para el Plan Juntos y unos 150.000 dólares para su fuerza política. Los del Taba +++",,2023-12-31,3,4
2005987863197016469,2025-12-30 13:02:30+00:00,La última donación de sangre del año ahahahaha 😁 https://t.co/EHjftPlNcV,es,0,3,25,0,3713709675,Debihhhh,Debi Mode 🤘💙❤️,"Viña del Mar, Chile",,,,,,twitter_donacion_sangre_es_2022-2026.csv,twitter,La última donación de sangre del año ahahahaha https://t.co/EHjftPlNcV,😁,2025-12-30,25,3
2029241288072081458,2026-03-04 17:03:19+00:00,"Soy O- y simplemente no puedo donar sangre a nadie porque mi peso es de 40 kilos.

Conseguir donantes de sangre en un país donde la desnutrición está normalizada, eso es un reto. https://t.co/T33RbPmH2Q",es,24,3,20,0,1884721776418316290,ArepitaLigera,Ni tan Rosa,,,,,,,twitter_donacion_sangre_es_2022-2026.csv,twitter,"Soy O- y simplemente no puedo donar sangre a nadie porque mi peso es de 40 kilos. Conseguir donantes de sangre en un país donde la desnutrición está normalizada, eso es un reto. https://t.co/T33RbPmH2Q",,2026-03-04,20,3
1609243722465648641,2022-12-31 17:42:56+00:00,@yureimaardila Y el año donde casi se mata y nos mata a nosotros por donar sangre,es,0,3,2,0,475270130,mpmv0055,M,Colombia,,,,,,twitter_donacion_sangre_es_2022-2026.csv,twitter,@yureimaardila Y el año donde casi se mata y nos mata a nosotros por donar sangre,,2022-12-31,2,3
1741300573989663005,2023-12-31 03:29:43+00:00,"@amaliaandrade_ Fui a donar sangre antes de que acabe el año. 
Espero esto ayude a salvar vidas. https://t.co/YDQXN3rIBE",es,1,2,122,0,1277098103636623360,Pepesiera,Pepe Sierra 🏳️‍🌈,"Bogotá, D.C., Colombia","Bogotá, D.C., Colombia",Colombia,CO,city,,twitter_donacion_sangre_es_2022-2026.csv,twitter,@amaliaandrade_ Fui a donar sangre antes de que acabe el año. Espero esto ayude a salvar vidas. https://t.co/YDQXN3rIBE,,2023-12-31,122,2
1608923779933310976,2022-12-30 20:31:36+00:00,"El Garrahan hace campañas de donación de sangre y el MIÉRCOLES 4 viene a MERLO.

Ayudan en algo importante, salen siendo mejor persona y te dan algo para comer y UN CACTUS!!¡

IMPORTANTE: TIENEN QUE SACAR TURNO.

nada si les pinta vayan y difundan aguante la salud pública. abz https://t.co/JoVyre8BIT",es,34,2,12,0,1195953815771586561,LAKZYYNN,fkaynotX3,Argentina,,,,,,twitter_donacion_sangre_es_2022-2026.csv,twitter,"El Garrahan hace campañas de donación de sangre y el MIÉRCOLES 4 viene a MERLO. Ayudan en algo importante, salen siendo mejor persona y te dan algo para comer y UN CACTUS!!¡ IMPORTANTE: TIENEN QUE SACAR TURNO. nada si les pinta vayan y difundan aguante la salud pública. abz https://t.co/JoVyre8BIT",,2022-12-30,12,2
2006172806522798184,2025-12-31 01:17:24+00:00,"@StratCons ¿O sea que si no indicas que no quieres donar, a fuerza te sacan los órganos al morir —si sirves—?

Vaya

En fin. Yo siempre he dicho que NO quiero donar.

¿Cómo puedo asegurarme de que se cumpla mi voluntad?",es,0,2,1,0,1050957943259058176,BllrsMer,Mercedes🖤🍉,🇦🇪🇲🇽,,,,,,twitter_donacion_sangre_es_2022-2026.csv,twitter,"@StratCons ¿O sea que si no indicas que no quieres donar, a fuerza te sacan los órganos al morir —si sirves—? Vaya En fin. Yo siempre he dicho que NO quiero donar. ¿Cómo puedo asegurarme de que se cumpla mi voluntad?",,2025-12-31,1,2
2029292183250145645,2026-03-04 20:25:33+00:00,"@258JCR @Gaby_marigaf @sergiobotana @camboue @cdcamy @JavierGarcia_Uy @fede_ricagni Sólo a efectos anecdóticos: una referente importante del FA de Mdeo,allá por el 2008 y en ocasión de la enfermedad de mi esposo, siendo edil ella del FA y yo del PN , fue la primera junto a su esposo en donar sangre y a colaborar en que más personas lo hicieran Nosotros del",es,0,2,0,0,2251291539,CarmenTort3000,Carmen Tort González,Melo. Cerro Largo ,,,,,,twitter_donacion_sangre_es_2022-2026.csv,twitter,"@258JCR @Gaby_marigaf @sergiobotana @camboue @cdcamy @JavierGarcia_Uy @fede_ricagni Sólo a efectos anecdóticos: una referente importante del FA de Mdeo,allá por el 2008 y en ocasión de la enfermedad de mi esposo, siendo edil ella del FA y yo del PN , fue la primera junto a su esposo en donar sangre y a colaborar en que más personas lo hicieran Nosotros del",,2026-03-04,0,2
1741376184271720575,2023-12-31 08:30:10+00:00,"🔴🔴🔴 Atención #Canarias Seguimos llamando a la donación urgente de sangre y plaquetas para atender las necesidades hospitalarias

👉 Hoy puedes donar sangre en #GranCanaria #Tenerife y #LaPalma

📲 Infórmate en https://t.co/ipllnNdgP3 https://t.co/2PLWD29tDB",es,19,1,25,1,174643603,ichhCanarias,donarsangreCanarias,Islas Canarias,,,,,,twitter_donacion_sangre_es_2022-2026.csv,twitter,Atención #Canarias Seguimos llamando a la donación urgente de sangre y plaquetas para atender las necesidades hospitalarias Hoy puedes donar sangre en #GranCanaria #Tenerife y #LaPalma Infórmate en https://t.co/ipllnNdgP3 https://t.co/2PLWD29tDB,🔴🔴🔴 👉 📲,2023-12-31,25,1
1873832042422821341,2024-12-30 20:42:27+00:00,@delRioPilar La ciudadanía había dado lo mejor de sí tras los trágicos atentados. Fueron centenares de personas los que acudieron a donar sangre. https://t.co/TMbpUl0IFi,es,7,1,20,0,11713422,radiocable,Fernando Berlín,Pacifista. Vivo en La Cafetera,,,,,,twitter_donacion_sangre_es_2022-2026.csv,twitter,@delRioPilar La ciudadanía había dado lo mejor de sí tras los trágicos atentados. Fueron centenares de personas los que acudieron a donar sangre. https://t.co/TMbpUl0IFi,,2024-12-30,20,1
1609235641253912577,2022-12-31 17:10:49+00:00,"Recién nms llegue a la ciudad de mi abuela y ya escuché que soy una delincuente con tatuajes, que no debo donar sangre, que no voy a ser profesional y que soy mal ejemplo para todos los primos menores jajaa locuraaaa",es,2,1,12,0,985356133526392832,urfavleli,tu fav,"Central, Paraguay",,,,,,twitter_donacion_sangre_es_2022-2026.csv,twitter,"Recién nms llegue a la ciudad de mi abuela y ya escuché que soy una delincuente con tatuajes, que no debo donar sangre, que no voy a ser profesional y que soy mal ejemplo para todos los primos menores jajaa locuraaaa",,2022-12-31,12,1
1608903068153974784,2022-12-30 19:09:18+00:00,"@intularapla @Enfermerojorge8 Muy buena esa! Una foto durante una jornada de colecta de donación de sangre en mi trabajo para divulgar sobre la importancia de donación, sin llevármelo a casa (lo del parcheado ni te lo contesto, cuando es un dibujo digital cutre🤣)",es,0,1,10,0,825358046540996609,perdidueblog,perdidue,"Madrid, España",,,,,,twitter_donacion_sangre_es_2022-2026.csv,twitter,"@intularapla @Enfermerojorge8 Muy buena esa! Una foto durante una jornada de colecta de donación de sangre en mi trabajo para divulgar sobre la importancia de donación, sin llevármelo a casa (lo del parcheado ni te lo contesto, cuando es un dibujo digital cutre )",🤣,2022-12-30,10,1
1609118540166057985,2022-12-31 09:25:30+00:00,"🎄Que sea esta #Navidad motivo de mucha felicidad y el año nuevo una esperanza de éxito y prosperidad.
Gracias por donar sangre.
Gracias por regalar vida.

""Feliz y próspero 2023"" https://t.co/RnaNlXyTla",es,0,1,8,0,294785635,DonarSangreMU,🩸CENTRO REGIONAL DE HEMODONACIÓN 🅰️🅱️🅾️🆎,"Ronda de Garay, 30003 Murcia","Alcantarilla, España",España,ES,city,,twitter_donacion_sangre_es_2022-2026.csv,twitter,"Que sea esta #Navidad motivo de mucha felicidad y el año nuevo una esperanza de éxito y prosperidad. Gracias por donar sangre. Gracias por regalar vida. ""Feliz y próspero 2023"" https://t.co/RnaNlXyTla",🎄,2022-12-31,8,1
1741171369943941529,2023-12-30 18:56:18+00:00,"@soyunamarmota En mi caso en Italia me dejaron donar sangre, pero cuando volví a España me dijeron que no podía, que tenía que esperar 3 años de haber salido de Perú. Que eso tamb aplicaba para gente que estaba más 6 meses en LATAM x el zika y dengue no recuerdo bien).",es,1,1,7,0,1075919354867445760,oe_xlaptm,brah,,,,,,,twitter_donacion_sangre_es_2022-2026.csv,twitter,"@soyunamarmota En mi caso en Italia me dejaron donar sangre, pero cuando volví a España me dijeron que no podía, que tenía que esperar 3 años de haber salido de Perú. Que eso tamb aplicaba para gente que estaba más 6 meses en LATAM x el zika y dengue no recuerdo bien).",,2023-12-30,7,1
2029377377692700829,2026-03-05 02:04:05+00:00,"@fionopimpo @merlapopins Fuaa que genial, yo no puedo donar por mi peso",es,0,1,7,0,2968688055,ObrienxDelRey,Blu-Blu 🌜,Mystic Falls,,,,,,twitter_donacion_sangre_es_2022-2026.csv,twitter,"@fionopimpo @merlapopins Fuaa que genial, yo no puedo donar por mi peso",,2026-03-05,7,1
1609331323017261056,2022-12-31 23:31:01+00:00,"Antes de que se acabe el año, les recuerdo la importancia de donar sangre. Te regalan un vaso que puedes usar para beber alcohol :) https://t.co/3h77hXadGp",es,0,1,5,0,100605085,DareAndreina,Dareandreina,,,,,,,twitter_donacion_sangre_es_2022-2026.csv,twitter,"Antes de que se acabe el año, les recuerdo la importancia de donar sangre. Te regalan un vaso que puedes usar para beber alcohol :) https://t.co/3h77hXadGp",,2022-12-31,5,1
2006031402362445881,2025-12-30 15:55:31+00:00,"🇵🇾 𝐄𝐋 𝐄𝐉É𝐑𝐂𝐈𝐓𝐎 𝐏𝐀𝐑𝐀𝐆𝐔𝐀𝐘𝐎 𝐀𝐏𝐎𝐘𝐀 𝐂𝐀𝐌𝐏𝐀Ñ𝐀 𝐃𝐄 𝐃𝐎𝐍𝐀𝐂𝐈Ó𝐍 𝐃𝐄 𝐒𝐀𝐍𝐆𝐑𝐄 

🔶El Ejército Paraguayo, a través de la participación voluntaria de su personal en jornadas de donación de sangre realizadas en el Centro Nacional de Servicios de Sangre, https://t.co/OptFwnTT4T",es,1,1,5,0,2918242929,Ejercito_Pyo,Ejército Paraguayo,"Campo Grande, Asunción",,,,,,twitter_donacion_sangre_es_2022-2026.csv,twitter,"É Ñ Ó El Ejército Paraguayo, a través de la participación voluntaria de su personal en jornadas de donación de sangre realizadas en el Centro Nacional de Servicios de Sangre, https://t.co/OptFwnTT4T",🇵🇾 𝐄𝐋 𝐄𝐉 𝐑𝐂𝐈𝐓𝐎 𝐏𝐀𝐑𝐀𝐆𝐔𝐀𝐘𝐎 𝐀𝐏𝐎𝐘𝐀 𝐂𝐀𝐌𝐏𝐀 𝐀 𝐃𝐄 𝐃𝐎𝐍𝐀𝐂𝐈 𝐍 𝐃𝐄 𝐒𝐀𝐍𝐆𝐑𝐄 🔶,2025-12-30,5,1
1741468573728469032,2023-12-31 14:37:17+00:00,"- Llevar alimento fácil de consumir afuera de los hospitales
-En xochimilco hay un albergue para personas que tienen un paciente internado en hospitales de cdmx. Aquí aceptan cobijas y ropa de cama.
-Donar sangre",es,0,1,4,0,217428231,kattyboom_df,Katty Chiquitere,,,,,,,twitter_donacion_sangre_es_2022-2026.csv,twitter,- Llevar alimento fácil de consumir afuera de los hospitales -En xochimilco hay un albergue para personas que tienen un paciente internado en hospitales de cdmx. Aquí aceptan cobijas y ropa de cama. -Donar sangre,,2023-12-31,4,1
1741218066304733580,2023-12-30 22:01:51+00:00,"Bueno entonces les contaré que, estoy en un grupo porque un sobrino tiene leucemia, es un grupo de apoyo para donar sangre y así, y yo porque obviamente estoy borracha mandé fotos de mi finde en paracas porque me EQUIVOQUÉ de grupo",es,0,1,4,0,254205764,Clueless0000,🌙,Venus,,,,,,twitter_donacion_sangre_es_2022-2026.csv,twitter,"Bueno entonces les contaré que, estoy en un grupo porque un sobrino tiene leucemia, es un grupo de apoyo para donar sangre y así, y yo porque obviamente estoy borracha mandé fotos de mi finde en paracas porque me EQUIVOQUÉ de grupo",,2023-12-30,4,1
2029312278835654983,2026-03-04 21:45:24+00:00,"@ArepitaLigera @susanaraffalli Sentí su voz como caía en el olvido, a mi me impactó, toda una generación afectada, es terrible, te hablo de hace 15 años o más, el tamaño del genocidio es brutal. 
Veía en fotos amigos con sus rostros afilados, sus ojos tristes, eso me marcó.",es,0,0,1,0,3938704161,kombiamerica,Osvaldo lll Sagüés,"Wheaton, IL",,,,,2.0292412880720814e+18,twitter_donacion_sangre_es_2022-2026.csv,twitter,"@ArepitaLigera @susanaraffalli Sentí su voz como caía en el olvido, a mi me impactó, toda una generación afectada, es terrible, te hablo de hace 15 años o más, el tamaño del genocidio es brutal. Veía en fotos amigos con sus rostros afilados, sus ojos tristes, eso me marcó.",,2026-03-04,1,0
2029310583741301176,2026-03-04 21:38:40+00:00,"@kombiamerica @susanaraffalli La voz de Susana Rafalli lleva años advirtiendo esto, en mi humilde opinión si alguien sabe específicamente de este tema es ella.",es,0,1,1,0,1884721776418316290,ArepitaLigera,Ni tan Rosa,,,,,,2.0292412880720814e+18,twitter_donacion_sangre_es_2022-2026.csv,twitter,"@kombiamerica @susanaraffalli La voz de Susana Rafalli lleva años advirtiendo esto, en mi humilde opinión si alguien sabe específicamente de este tema es ella.",,2026-03-04,1,1
2029308035001172119,2026-03-04 21:28:32+00:00,"@ArepitaLigera Hace años, varios ya, @susanaraffalli alertaba sobre la grave desnutrición infantil, q iba a ser en el futuro,responsable de la baja estatura y limitada capacidad intelectual de la generación. 
Mientras, los líderes oposicionistas dialogaban y corrían la arruga c el régimen.",es,3,1,2,0,3938704161,kombiamerica,Osvaldo lll Sagüés,"Wheaton, IL",,,,,2.0292412880720814e+18,twitter_donacion_sangre_es_2022-2026.csv,twitter,"@ArepitaLigera Hace años, varios ya, @susanaraffalli alertaba sobre la grave desnutrición infantil, q iba a ser en el futuro,responsable de la baja estatura y limitada capacidad intelectual de la generación. Mientras, los líderes oposicionistas dialogaban y corrían la arruga c el régimen.",,2026-03-04,2,1
2029305724283830572,2026-03-04 21:19:22+00:00,@kombiamerica Coincido contigo.,pt,0,1,1,0,1884721776418316290,ArepitaLigera,Ni tan Rosa,,,,,,2.0292412880720814e+18,twitter_donacion_sangre_es_2022-2026.csv,twitter,@kombiamerica Coincido contigo.,,2026-03-04,1,1
2029304775980782054,2026-03-04 21:15:35+00:00,"@ArepitaLigera Presiento, que es generalizada la ausencia de percepcion, de lo que en Venezuela está ocurriendo actualmente, mientras tanto, la gente agoniza de mengua…",es,0,1,1,0,3938704161,kombiamerica,Osvaldo lll Sagüés,"Wheaton, IL",,,,,2.0292412880720814e+18,twitter_donacion_sangre_es_2022-2026.csv,twitter,"@ArepitaLigera Presiento, que es generalizada la ausencia de percepcion, de lo que en Venezuela está ocurriendo actualmente, mientras tanto, la gente agoniza de mengua…",,2026-03-04,1,1
2029262458058088549,2026-03-04 18:27:26+00:00,"@andri_rojas yo también soy bajita y me gustaría donar, pero lamentablemente no se puede.",es,0,0,1,0,1884721776418316290,ArepitaLigera,Ni tan Rosa,,,,,,2.0292412880720814e+18,twitter_donacion_sangre_es_2022-2026.csv,twitter,"@andri_rojas yo también soy bajita y me gustaría donar, pero lamentablemente no se puede.",,2026-03-04,1,0
2029261218628673739,2026-03-04 18:22:31+00:00,"@ArepitaLigera me pasa lo mismo. yo peso 42, pero es que soy muy bajita. quisiera poder donar porque se que o- es difícil de conseguir, pero jamás me han dejado por mi peso.",es,0,1,2,0,195548574,andri_rojas,🎀,,,,,,2.0292412880720814e+18,twitter_donacion_sangre_es_2022-2026.csv,twitter,"@ArepitaLigera me pasa lo mismo. yo peso 42, pero es que soy muy bajita. quisiera poder donar porque se que o- es difícil de conseguir, pero jamás me han dejado por mi peso.",,2026-03-04,2,1
2029249261594948075,2026-03-04 17:35:00+00:00,@ArepitaLigera @cubanolibre48 Yo soy O- pero estoy lejisimos.,es,0,0,2,0,116619131,negralinda1022,Claudia,"Florida, USA",,,,,2.0292412880720814e+18,twitter_donacion_sangre_es_2022-2026.csv,twitter,@ArepitaLigera @cubanolibre48 Yo soy O- pero estoy lejisimos.,,2026-03-04,2,0
1609261493173850114,2022-12-31 18:53:33+00:00,@TheKyojuro Y no puedo donar porque recien me desactivaron mi numero de telefono :c,es,0,0,0,0,1378444797871058946,RenyX04,Reny04 - Editor de Videos,,,,,,,twitter_motivos_no_donar_2022-2026.csv,twitter,@TheKyojuro Y no puedo donar porque recien me desactivaron mi numero de telefono :c,,2022-12-31,0,0
1609204255155429376,2022-12-31 15:06:06+00:00,cualquiera diria q tengo fobia a las agujas,es,0,0,2,0,373285275,paaaaatttt_,Paaattt🫀,,,,,,,twitter_motivos_no_donar_2022-2026.csv,twitter,cualquiera diria q tengo fobia a las agujas,,2022-12-31,2,0
1609196339937566721,2022-12-31 14:34:39+00:00,"@Dane_larosa Yo también😌, aunque lo mío es por cobarde, le tengo miedo a las agujas😔",es,0,0,0,0,1568804244970512384,elmaiki1499,Maiki,,,,,,,twitter_motivos_no_donar_2022-2026.csv,twitter,"@Dane_larosa Yo también , aunque lo mío es por cobarde, le tengo miedo a las agujas",😌 😔,2022-12-31,0,0
1609192577659535363,2022-12-31 14:19:42+00:00,"Tengo muchas ganas de hacerme un tatuaje, pero soy pobre y le tengo miedo a las agujas 👀",es,0,0,0,0,3120130756,Roh_Rivero,𝙰𝚖𝚊𝚗𝚗𝚗,Río negro - Argentina,,,,,,twitter_motivos_no_donar_2022-2026.csv,twitter,"Tengo muchas ganas de hacerme un tatuaje, pero soy pobre y le tengo miedo a las agujas",👀,2022-12-31,0,0
1609187190155743232,2022-12-31 13:58:18+00:00,"@Fvrro_Joestar @eljorgs12 @_NotYowax_ No soy comunista, no quiero donar nada.",es,0,0,2,0,1123558384320634880,Disidencia_LIB,Disi,,,,,,,twitter_motivos_no_donar_2022-2026.csv,twitter,"@Fvrro_Joestar @eljorgs12 @_NotYowax_ No soy comunista, no quiero donar nada.",,2022-12-31,2,0
1609161689378816008,2022-12-31 12:16:58+00:00,"Mi fobia a las agujas me hace ser una persona con 0 (CERO) tatuajes 😅
Admiro a quienes se ponen uno, y hay muchos que son muy bonitos 💖 https://t.co/e8asfLcShx",es,0,0,2,0,1866188952,RicardoTrostelP,Ricardo Tróstel Provoste 🏳️‍🌈,"Concepción, Chile",,,,,,twitter_motivos_no_donar_2022-2026.csv,twitter,"Mi fobia a las agujas me hace ser una persona con 0 (CERO) tatuajes Admiro a quienes se ponen uno, y hay muchos que son muy bonitos https://t.co/e8asfLcShx",😅 💖,2022-12-31,2,0
1609147398412197889,2022-12-31 11:20:10+00:00,@_Destran_ Tu amiga tiene fobia a las agujas 😂😂😂😂,es,0,1,2,0,1406301728635564037,_DulceVeneno7,Dulce Veneno One1️⃣1️⃣🖤,,,,,,,twitter_motivos_no_donar_2022-2026.csv,twitter,@_Destran_ Tu amiga tiene fobia a las agujas,😂😂😂😂,2022-12-31,2,1
1609107056702652416,2022-12-31 08:39:52+00:00,@cerooxm Es que le tengo miedo a las agujas isnsms,es,0,0,1,0,1433337701911117826,laley_moon,Moon se muda 📌,꒰ 𓏲࣪ ˖࣪Mikey’s best Girl  ˖࣪,,,,,,twitter_motivos_no_donar_2022-2026.csv,twitter,@cerooxm Es que le tengo miedo a las agujas isnsms,,2022-12-31,1,0
1609052311669669889,2022-12-31 05:02:20+00:00,@felipperey Le tengo fobia a las agujas y a las maquinitas que suenan (culpa del dentista) ninguna posibilidad de tatuajes,es,0,1,5,0,721703197287563265,fittokun83,fittokun,"Santiago, Chile",,,,,,twitter_motivos_no_donar_2022-2026.csv,twitter,@felipperey Le tengo fobia a las agujas y a las maquinitas que suenan (culpa del dentista) ninguna posibilidad de tatuajes,,2022-12-31,5,1
1609035361128161280,2022-12-31 03:54:59+00:00,saber q no puedo donar sangre hasta un año porq se me ocurrió hacerme dos piercings en DOS semanas jjajsjsj crack,es,0,0,0,0,1497003202465521664,tianaa_viera,bety :),"Paysandú, Uruguay",,,,,,twitter_motivos_no_donar_2022-2026.csv,twitter,saber q no puedo donar sangre hasta un año porq se me ocurrió hacerme dos piercings en DOS semanas jjajsjsj crack,,2022-12-31,0,0
1609015512603705345,2022-12-31 02:36:06+00:00,"@littlekarma cerra los ojos, yo le tengo miedo a las agujas pero me hice 3 piercing solo por cerrar los ojos",es,0,0,1,0,1395623412500946948,folklore912,fio plate,louis tomlinson | 21,,,,,,twitter_motivos_no_donar_2022-2026.csv,twitter,"@littlekarma cerra los ojos, yo le tengo miedo a las agujas pero me hice 3 piercing solo por cerrar los ojos",,2022-12-31,1,0
1609014251091271681,2022-12-31 02:31:06+00:00,"Dale Steph tenes mas botox en la cara que Graciela Alfano, no te cree nadie que le tenes miedo a las agujas 💉 https://t.co/QHt1N2tvIp",es,0,0,1,0,1563328588698767360,reinonaok,Reinona 👑,,,,,,,twitter_motivos_no_donar_2022-2026.csv,twitter,"Dale Steph tenes mas botox en la cara que Graciela Alfano, no te cree nadie que le tenes miedo a las agujas https://t.co/QHt1N2tvIp",💉,2022-12-31,1,0
1608984929349832706,2022-12-31 00:34:35+00:00,@FdezKendra O miedo a las agujas 🤣,es,0,1,1,0,167818351,WarisJL,Pokemon Trainer Waris ⭐,Indigo Plateau,,,,,,twitter_motivos_no_donar_2022-2026.csv,twitter,@FdezKendra O miedo a las agujas,🤣,2022-12-31,1,1
1608966660341526529,2022-12-30 23:21:59+00:00,"@Chema_1XL Ándale, que buena idea, si quieres yo te agarro la manita mientras te lo hacen, digo, por lo del miedo a las agujas, no??",es,0,1,1,0,320054735,Arshdr,✨Argelia✨,CDMX,,,,,,twitter_motivos_no_donar_2022-2026.csv,twitter,"@Chema_1XL Ándale, que buena idea, si quieres yo te agarro la manita mientras te lo hacen, digo, por lo del miedo a las agujas, no??",,2022-12-30,1,1
1608936477249130496,2022-12-30 21:22:03+00:00,@monibru No puedo donar. 😢,es,0,0,1,0,7774992,memorex,memorex ⭐️⭐️⭐️,,"San Fernando, Argentina",Argentina,AR,city,,twitter_motivos_no_donar_2022-2026.csv,twitter,@monibru No puedo donar.,😢,2022-12-30,1,0
1608910984978259968,2022-12-30 19:40:45+00:00,"Con que ganas me haría el arito del ombligo
Hace tanto lo quiero pero mi miedo a las agujas no me deja jajajaj",es,0,0,1,0,1573332828,KaruuAlbornoz,Ka 👑,argentina,,,,,,twitter_motivos_no_donar_2022-2026.csv,twitter,Con que ganas me haría el arito del ombligo Hace tanto lo quiero pero mi miedo a las agujas no me deja jajajaj,,2022-12-30,1,0
1608898891029839872,2022-12-30 18:52:42+00:00,Ayer conoci a las primeras enfermeras que no me trataron como loca por tener fobia a las agujas,es,0,0,3,0,1180234897241395200,unaescorpiomas_,𝑲 𝑨 𝑹 𝑬 𝑵,,,,,,,twitter_motivos_no_donar_2022-2026.csv,twitter,Ayer conoci a las primeras enfermeras que no me trataron como loca por tener fobia a las agujas,,2022-12-30,3,0
1608894674252750848,2022-12-30 18:35:56+00:00,"Unos pelados me preguntaron si me inyectaba algo para crecer en el gym... Jaja si supieran que hasta miedo a las agujas tengo y que la proteína es arrocito con huevo.

Amo la genética.",es,0,1,4,0,1176285878232203269,UnYeiso,Yeison,,,,,,,twitter_motivos_no_donar_2022-2026.csv,twitter,Unos pelados me preguntaron si me inyectaba algo para crecer en el gym... Jaja si supieran que hasta miedo a las agujas tengo y que la proteína es arrocito con huevo. Amo la genética.,,2022-12-30,4,1
1608894640509575168,2022-12-30 18:35:48+00:00,"No le tengo miedo a las agujas pero no me gusta que me pinchen con una.. Ahhhhh, pero si me tengo que tatuar la piba feliz de la vida!",es,0,0,0,0,180115200,EuGe_Pincha,EuGe Edelp 16⭐,EdeLP,,,,,,twitter_motivos_no_donar_2022-2026.csv,twitter,"No le tengo miedo a las agujas pero no me gusta que me pinchen con una.. Ahhhhh, pero si me tengo que tatuar la piba feliz de la vida!",,2022-12-30,0,0
1608882188313038849,2022-12-30 17:46:19+00:00,@elainebelloc3 No me dejan donar sangre.,es,0,1,2,0,1665253356,PJorelo,Usagi,,,,,,,twitter_motivos_no_donar_2022-2026.csv,twitter,@elainebelloc3 No me dejan donar sangre.,,2022-12-30,2,1
1608826471644270592,2022-12-30 14:04:56+00:00,"mi madre me deja hacerme los pircing q quiera pero le tengo miedo a las agujas, lo paso fatal y el único que quiero es el del ombligo😔",es,0,0,0,0,1503801021667151872,lolams__,lolita,,,,,,,twitter_motivos_no_donar_2022-2026.csv,twitter,"mi madre me deja hacerme los pircing q quiera pero le tengo miedo a las agujas, lo paso fatal y el único que quiero es el del ombligo",😔,2022-12-30,0,0
1608777866342432773,2022-12-30 10:51:47+00:00,"Ayer me hice mí primer tatto solamente por una promesa porque le tengo un recontra miedo a las agujas, Amigo me estaba por desmayar más o menos! Empezó a tatuarme y no Sentí nadaaaaaa literalmente que naada de nada!!!  ya quiero ir y hacerme otro 🤣🤣🤣🤣",es,0,0,3,0,1349767314527444995,Celeq7,°Cele°🦋,,,,,,,twitter_motivos_no_donar_2022-2026.csv,twitter,"Ayer me hice mí primer tatto solamente por una promesa porque le tengo un recontra miedo a las agujas, Amigo me estaba por desmayar más o menos! Empezó a tatuarme y no Sentí nadaaaaaa literalmente que naada de nada!!! ya quiero ir y hacerme otro",🤣🤣🤣🤣,2022-12-30,3,0
1608740584583483394,2022-12-30 08:23:38+00:00,"Este año, si todo va bien... Tengo varios propósitos de manera general!

1️⃣ de los principales es perder el miedo a donar sangre, no me da miedo las agujas, ni que me saquen sangre... Pero si el poder estar tanto tiempo sacándome, me preocupa!

2️⃣ hacerme un tatuaje pequeño!",es,0,1,2,0,2910852401,ErSeFiRoX,🕹ErSeFiRoX🏆,"Huelva, España","Huelva, España",España,ES,city,,twitter_motivos_no_donar_2022-2026.csv,twitter,"Este año, si todo va bien... Tengo varios propósitos de manera general! 1 ⃣ de los principales es perder el miedo a donar sangre, no me da miedo las agujas, ni que me saquen sangre... Pero si el poder estar tanto tiempo sacándome, me preocupa! 2 ⃣ hacerme un tatuaje pequeño!",️ ️,2022-12-30,2,1
1608698330665865217,2022-12-30 05:35:44+00:00,Me parece importante que sepan que si no tuviera fobia a las agujas yo ya tendria tatuado un plato de fideos,es,0,1,5,0,325676139,NuriaEchev,Nuria ✨️ (Vio a Hozier en vivo otra vez),Neuquén ,,,,,,twitter_motivos_no_donar_2022-2026.csv,twitter,Me parece importante que sepan que si no tuviera fobia a las agujas yo ya tendria tatuado un plato de fideos,,2022-12-30,5,1
1608687479460331520,2022-12-30 04:52:37+00:00,"@LaChinatriple Yo soy 0- , no puedo donar, pero tengo un grupo de mismo tipo por ejemplo algún día se te ofrece. 🖤",es,0,1,3,0,173286753,nenadelafuente,Denisse De La Fuente,"Distrito Federal, México",,,,,,twitter_motivos_no_donar_2022-2026.csv,twitter,"@LaChinatriple Yo soy 0- , no puedo donar, pero tengo un grupo de mismo tipo por ejemplo algún día se te ofrece.",🖤,2022-12-30,3,1
1608638957730037760,2022-12-30 01:39:49+00:00,"no creo, simplemente pq le tengo miedo a las agujas y hacerme un tatuaje es igual a paro cardiaco https://t.co/XUwxxPC9SU",es,0,0,0,0,1537616373135835136,rireamee,riri,ahre,,,,,,twitter_motivos_no_donar_2022-2026.csv,twitter,"no creo, simplemente pq le tengo miedo a las agujas y hacerme un tatuaje es igual a paro cardiaco https://t.co/XUwxxPC9SU",,2022-12-30,0,0
1608602465427156994,2022-12-29 23:14:48+00:00,"Informo que voy a donar sangre 

5 tipo de personas: 
- ¿Todo bien? ¿Qué necesitas? 
- Vale 
- ¿Ya acompletaron donantes? Me apuro y voy
- No puedo donar pero me avisas y voy por ti
- Auuch",es,0,0,0,0,1169986026271629312,LSergio_MP,Sergio Mora,México CDMX,,,,,,twitter_motivos_no_donar_2022-2026.csv,twitter,Informo que voy a donar sangre 5 tipo de personas: - ¿Todo bien? ¿Qué necesitas? - Vale - ¿Ya acompletaron donantes? Me apuro y voy - No puedo donar pero me avisas y voy por ti - Auuch,,2022-12-29,0,0
1608590098882240513,2022-12-29 22:25:40+00:00,@PseudoGenios Solo entendí que le tiene miedo a las agujas,es,2,0,56,0,875860939769339904,Lic_vaca,vaca con traje,,,,,,,twitter_motivos_no_donar_2022-2026.csv,twitter,@PseudoGenios Solo entendí que le tiene miedo a las agujas,,2022-12-29,56,0
1608587638461829120,2022-12-29 22:15:53+00:00,oye ahora q lo pienso no puedo donar sangre xq soy un drogadicto y tengo 54 enfermedades pero médula? podría donar médula un drogadicto con 54 enfermedades o tampoco?,es,0,4,10,0,1498742264075628544,mmmsobacos,larry,él // 26,,,,,,twitter_motivos_no_donar_2022-2026.csv,twitter,oye ahora q lo pienso no puedo donar sangre xq soy un drogadicto y tengo 54 enfermedades pero médula? podría donar médula un drogadicto con 54 enfermedades o tampoco?,,2022-12-29,10,4
1608566124010176513,2022-12-29 20:50:24+00:00,@zebravoyager ¿Sabes qué molécula ingresa ad eternum a tu torrente sanguíneo y estás condenada a no donar sangre ni plaquetas a un hijo tuyo o a tus padres?  Y no empates con los estúpidos enfermos psiquiátricos que tienen fobia a las agujas y su estupidez en contra de las vacunas.¿Y viruela?,es,0,2,0,0,625207095,Hwaton,Segismundo Gamboa G.,,,,,,,twitter_motivos_no_donar_2022-2026.csv,twitter,@zebravoyager ¿Sabes qué molécula ingresa ad eternum a tu torrente sanguíneo y estás condenada a no donar sangre ni plaquetas a un hijo tuyo o a tus padres? Y no empates con los estúpidos enfermos psiquiátricos que tienen fobia a las agujas y su estupidez en contra de las vacunas.¿Y viruela?,,2022-12-29,0,2
1608543470926561280,2022-12-29 19:20:23+00:00,"@nyawol4 @Farmaenfurecida @Sael73furry Sin paños calientes,  doloroso sí es, pero duele más la muerte de un niño. Es mi opinión,  yo no puedo donar, una pena 😢",es,0,2,1,0,243105833,Marian_divina,🦁Divina🦁🔻🍉,Euskadi,,,,,,twitter_motivos_no_donar_2022-2026.csv,twitter,"@nyawol4 @Farmaenfurecida @Sael73furry Sin paños calientes, doloroso sí es, pero duele más la muerte de un niño. Es mi opinión, yo no puedo donar, una pena",😢,2022-12-29,1,2
1608524511724404736,2022-12-29 18:05:03+00:00,"@Mashklieny_ sabes q le tengo fobia a las agujas 
de pedo me voy a hacer en blanco y negro",es,0,0,1,0,1135699603783921665,clownjoo_,zofachaaa🇵🇸🇦🇷,argentinaaaa⭐️⭐️⭐️,,,,,,twitter_motivos_no_donar_2022-2026.csv,twitter,@Mashklieny_ sabes q le tengo fobia a las agujas de pedo me voy a hacer en blanco y negro,,2022-12-29,1,0
1608476459902935041,2022-12-29 14:54:06+00:00,"No me digan nada q me bajonee... Solo quiero soltar.. ya toy nerviosa falta poco para entrar a pabellón y haciendo todo mentalmente para estar tranquila uffff... Les dije q tengo fobia a las agujas y procedimientos médicos? No es fácil... Inhala, exhala... Vamos q puedo🥺💪",es,0,2,17,0,1451888785931661317,andreamujerpwer,@andreamujerpower2021,,,,,,,twitter_motivos_no_donar_2022-2026.csv,twitter,"No me digan nada q me bajonee... Solo quiero soltar.. ya toy nerviosa falta poco para entrar a pabellón y haciendo todo mentalmente para estar tranquila uffff... Les dije q tengo fobia a las agujas y procedimientos médicos? No es fácil... Inhala, exhala... Vamos q puedo",🥺💪,2022-12-29,17,2
1608454498758033408,2022-12-29 13:26:50+00:00,"@donasangreCYL @SahagunDigital Me enviáis muy a menudo citaciones. Hace ya más de un año y medio que quedó reflejado que por problemas de salud, no puedo donar más sangre.",es,0,0,0,0,1149586598687727618,ManuelO55022051,Manuel,,,,,,,twitter_motivos_no_donar_2022-2026.csv,twitter,"@donasangreCYL @SahagunDigital Me enviáis muy a menudo citaciones. Hace ya más de un año y medio que quedó reflejado que por problemas de salud, no puedo donar más sangre.",,2022-12-29,0,0
1608435070855151619,2022-12-29 12:09:38+00:00,Amaaa me da miedo donar sangre 🩸😣,es,0,0,0,0,1130020405,JoseWiedmer,Widi,,,,,,,twitter_motivos_no_donar_2022-2026.csv,twitter,Amaaa me da miedo donar sangre,🩸😣,2022-12-29,0,0
1608407152607268865,2022-12-29 10:18:42+00:00,Durante los últimos 2 meses se me ha pasado por la cabeza muchas veces la idea de tatuarme pero mi miedo a las agujas es una barrera demasiado grande como para dar el paso. Suficientemente mal lo paso ya con las vacunas.,es,0,1,0,0,1196587941310676997,sergioserranocm,Sergio,Málaga,,,,,,twitter_motivos_no_donar_2022-2026.csv,twitter,Durante los últimos 2 meses se me ha pasado por la cabeza muchas veces la idea de tatuarme pero mi miedo a las agujas es una barrera demasiado grande como para dar el paso. Suficientemente mal lo paso ya con las vacunas.,,2022-12-29,0,1
1608297741406314496,2022-12-29 03:03:56+00:00,"Si chaesoo tienen tatuajes no dudo que Jennie también 👀, Lisa no creo desde que le tiene miedo a las agujas",es,3,0,30,0,1055256567178817537,liligisoo,Gis,ᴏᴛ4,,,,,,twitter_motivos_no_donar_2022-2026.csv,twitter,"Si chaesoo tienen tatuajes no dudo que Jennie también , Lisa no creo desde que le tiene miedo a las agujas",👀,2022-12-29,30,0
1608291587242577925,2022-12-29 02:39:29+00:00,"Che se me ocurrió algo de la nada, y si me hago piercings en las orejas?? Mentira q le tengo miedo a las agujas pero quien sabe capaz me animo",es,0,1,0,0,1444027725908484107,Xx_Lovesick_xX,Anyyy | Best chanista,,,,,,,twitter_motivos_no_donar_2022-2026.csv,twitter,"Che se me ocurrió algo de la nada, y si me hago piercings en las orejas?? Mentira q le tengo miedo a las agujas pero quien sabe capaz me animo",,2022-12-29,0,1
1608282113672880129,2022-12-29 02:01:50+00:00,@misskoreaJisoo Pero como seria Lisa si le tiene miedo a las agujas 😭😭😭,es,0,0,11,0,1463644691790970883,svage_blink,Nini ♡ ⁴ | GO!,27/Abril/2023,,,,,,twitter_motivos_no_donar_2022-2026.csv,twitter,@misskoreaJisoo Pero como seria Lisa si le tiene miedo a las agujas,😭😭😭,2022-12-29,11,0
1608278438716248064,2022-12-29 01:47:14+00:00,@Rosiesmilecute Yo digo que lisa sería la última ya que le tiene miedo a las agujas,es,0,0,2,0,1508490146861228037,jennife03836411,jennifer,,,,,,,twitter_motivos_no_donar_2022-2026.csv,twitter,@Rosiesmilecute Yo digo que lisa sería la última ya que le tiene miedo a las agujas,,2022-12-29,2,0
1608259275943743488,2022-12-29 00:31:06+00:00,mañana me sacan sangre y ya estoy llorando xq le tengo miedo a las agujas nao,es,0,0,0,0,1359914893080731653,lisascline,mila,mads,,,,,,twitter_motivos_no_donar_2022-2026.csv,twitter,mañana me sacan sangre y ya estoy llorando xq le tengo miedo a las agujas nao,,2022-12-29,0,0
1608254808905125888,2022-12-29 00:13:21+00:00,Me da mucho miedo donar sangre 😣,es,0,0,0,0,1130020405,JoseWiedmer,Widi,,,,,,,twitter_motivos_no_donar_2022-2026.csv,twitter,Me da mucho miedo donar sangre,😣,2022-12-29,0,0
1608253216394821635,2022-12-29 00:07:01+00:00,@llesyeuxdejenni @hyde23Dan Lisa no creo pq ella le tiene miedo a las agujas :/,es,0,0,0,0,1422463789702787077,Jisluvp_,ʏᴀɴɴᴇɪ³³³,jisoo & jeonghan ^^,,,,,,twitter_motivos_no_donar_2022-2026.csv,twitter,@llesyeuxdejenni @hyde23Dan Lisa no creo pq ella le tiene miedo a las agujas :/,,2022-12-29,0,0
1608252894209536001,2022-12-29 00:05:44+00:00,yo le tengo fobia a las agujas pero llegó el momento de superar ese miedo de ser valiente y hacerme ese tatuaje para tener un matching tattoo con jisoo https://t.co/u728aLHMmU,es,2,0,10,0,2180866578,royaltypinks,kali,♒️,,,,,,twitter_motivos_no_donar_2022-2026.csv,twitter,yo le tengo fobia a las agujas pero llegó el momento de superar ese miedo de ser valiente y hacerme ese tatuaje para tener un matching tattoo con jisoo https://t.co/u728aLHMmU,,2022-12-29,10,0
1608252683541938179,2022-12-29 00:04:54+00:00,"Si Jisoo se hizo un tatuaje y todos pensamos que la primera sería Jen, ya no me sorprendería que a pesar de que Lisa le tenga fobia a las agujas, se haga un tatto 😃",es,0,1,0,0,1495956204891238401,youarentlm,LABQM,,,,,,,twitter_motivos_no_donar_2022-2026.csv,twitter,"Si Jisoo se hizo un tatuaje y todos pensamos que la primera sería Jen, ya no me sorprendería que a pesar de que Lisa le tenga fobia a las agujas, se haga un tatto",😃,2022-12-29,0,1
1608247637542592512,2022-12-28 23:44:51+00:00,"@hyde23Dan Pensaba en  jennie de primera , en lisa no se por el miedo a las agujas",es,0,0,1,0,3379838926,johablinks,Jisooblink💞Deadline-⁷¹²¹⁷⁸🖤❤️,,,,,,,twitter_motivos_no_donar_2022-2026.csv,twitter,"@hyde23Dan Pensaba en jennie de primera , en lisa no se por el miedo a las agujas",,2022-12-28,1,0
1608247285510463488,2022-12-28 23:43:27+00:00,"@lovskpink lisa le tiene fobia a las agujas, pero existe la posibilidad",es,1,1,26,0,1171596983360000000,lilisickg,heillser,the pinks ♡,,,,,,twitter_motivos_no_donar_2022-2026.csv,twitter,"@lovskpink lisa le tiene fobia a las agujas, pero existe la posibilidad",,2022-12-28,26,1
1608242499918913536,2022-12-28 23:24:26+00:00,Yo no puedo donar nada ahora mismo pero todas las empresas con beneficios extraordinarios como #Zara #Mercadona #etc #Ibex35 #GalaInocenteRTVE,es,0,0,2,0,450711634,Riky_13FS,Pirata Cadista,"Cádiz, República de España",,,,,,twitter_motivos_no_donar_2022-2026.csv,twitter,Yo no puedo donar nada ahora mismo pero todas las empresas con beneficios extraordinarios como #Zara #Mercadona #etc #Ibex35 #GalaInocenteRTVE,,2022-12-28,2,0
1608232494272483335,2022-12-28 22:44:40+00:00,"@alemanita Yo quise donar hace unos días y no me dejaron porque estuve hace poco en Kenia. No puedo donar hasta dentro de un par de meses. Que done alguien por mí, porfa. 🙏",es,0,1,1,0,491129369,HQ_NutriWord,Héctor Quiñones,"Madrid, España",,,,,,twitter_motivos_no_donar_2022-2026.csv,twitter,"@alemanita Yo quise donar hace unos días y no me dejaron porque estuve hace poco en Kenia. No puedo donar hasta dentro de un par de meses. Que done alguien por mí, porfa.",🙏,2022-12-28,1,1
1608231843299475456,2022-12-28 22:42:05+00:00,"Odio a la gente que dice solo es un resfrio y ellos le tienen miedo a las agujas, payasos ...",es,0,0,0,0,1080625472503992326,Eugenia37055376,Pitusa 💎,"Santa Fe, Argentina",,,,,,twitter_motivos_no_donar_2022-2026.csv,twitter,"Odio a la gente que dice solo es un resfrio y ellos le tienen miedo a las agujas, payasos ...",,2022-12-28,0,0
1608229918785036288,2022-12-28 22:34:26+00:00,"Le dije a la que me sacaba sangre que le tenia miedo a las agujas y me dice ""a no parece "" bueno vos no sabes lo que sufrí Cuando me tatue loca",es,0,0,0,0,1436878848357019650,fff_aggg,fff.ag,"City Bell, La Plata",,,,,,twitter_motivos_no_donar_2022-2026.csv,twitter,"Le dije a la que me sacaba sangre que le tenia miedo a las agujas y me dice ""a no parece "" bueno vos no sabes lo que sufrí Cuando me tatue loca",,2022-12-28,0,0
1608216040428736512,2022-12-28 21:39:17+00:00,"@_barbarroja Si precisas donantes, pone que compartimos. Yo no puedo donar pero puedo dar RT ☺️",es,0,1,1,0,556044242,PauSwissJust,lυpιтa Just,Por ahí.-,,,,,,twitter_motivos_no_donar_2022-2026.csv,twitter,"@_barbarroja Si precisas donantes, pone que compartimos. Yo no puedo donar pero puedo dar RT",☺️,2022-12-28,1,1
1608214819571920896,2022-12-28 21:34:26+00:00,"@FabyEM15 Qué fregona eres, lamentablemente ya no puedo donar por un tiempo.",es,0,1,1,0,928023636392464384,Eddy_Talks,Eddy Talks,Territorio incómodo,,,,,,twitter_motivos_no_donar_2022-2026.csv,twitter,"@FabyEM15 Qué fregona eres, lamentablemente ya no puedo donar por un tiempo.",,2022-12-28,1,1
1608191813218623493,2022-12-28 20:03:01+00:00,Los únicos 2 países que han aprobado la vacuna inhalable Convidecia Air: Esta alternativa ha mostrado una alta eficacia y es de utilidad para las personas que por diversos motivos tienen miedo a las agujas.  https://t.co/sxmmPeTjkV,es,0,0,0,0,3807594919,saludiario,Saludiario,,,,,,,twitter_motivos_no_donar_2022-2026.csv,twitter,Los únicos 2 países que han aprobado la vacuna inhalable Convidecia Air: Esta alternativa ha mostrado una alta eficacia y es de utilidad para las personas que por diversos motivos tienen miedo a las agujas. https://t.co/sxmmPeTjkV,,2022-12-28,0,0
1608168623255822336,2022-12-28 18:30:52+00:00,"Si ves este tweet hazlo también.
 
Pronombres: she/her, pero me da lo mismo
Estatura: 1.50
Talle zap: 3 
Signo: cáncer 
¿Fumas?: no
Tatuajes: no
Piercings: no (miedo a las agujas)
Color fav: negro 
Bebida fav: agua xd https://t.co/8nVhg1T9kk",es,0,0,1,2,1138902662622191617,PatasdeThoma,💚🐍,23 ✨,,,,,,twitter_motivos_no_donar_2022-2026.csv,twitter,"Si ves este tweet hazlo también. Pronombres: she/her, pero me da lo mismo Estatura: 1.50 Talle zap: 3 Signo: cáncer ¿Fumas?: no Tatuajes: no Piercings: no (miedo a las agujas) Color fav: negro Bebida fav: agua xd https://t.co/8nVhg1T9kk",,2022-12-28,1,0
1608168399494090753,2022-12-28 18:29:59+00:00,no puedo donar pero doy rt para que al menos le llegue a una persona más 😊🫶🏻 https://t.co/Rg5uV7gKs2,es,0,0,0,0,1255526853848301578,iBESTIEHS,Mica 🕸,she/her,,,,,,twitter_motivos_no_donar_2022-2026.csv,twitter,no puedo donar pero doy rt para que al menos le llegue a una persona más https://t.co/Rg5uV7gKs2,😊🫶🏻,2022-12-28,0,0
1608165236644741121,2022-12-28 18:17:25+00:00,"@SoyJesusTarre Yo tambien.
Porque le tengo miedo a las agujas y porque soy muy delgado y no tengo lugar donde tatuarme",es,0,0,0,0,1551701390287933441,OtakuCriticon,Otaku Criticon,,,,,,,twitter_motivos_no_donar_2022-2026.csv,twitter,@SoyJesusTarre Yo tambien. Porque le tengo miedo a las agujas y porque soy muy delgado y no tengo lugar donde tatuarme,,2022-12-28,0,0
1608155813352292352,2022-12-28 17:39:58+00:00,"Ayer me entere que no puedo donar sangre, 😢 contexto mi mom necesita una cirugía y le pidieron 3 pintas de sangre, pues resulta que mi tío, su esposa y yo fuimos hacernos los exámenes para ver si podíamos donar la sangre.",es,0,2,3,0,1390905003997634560,Naybi_e,Naybi Estrada,,,,,,,twitter_motivos_no_donar_2022-2026.csv,twitter,"Ayer me entere que no puedo donar sangre, contexto mi mom necesita una cirugía y le pidieron 3 pintas de sangre, pues resulta que mi tío, su esposa y yo fuimos hacernos los exámenes para ver si podíamos donar la sangre.",😢,2022-12-28,3,2
1608154845629845505,2022-12-28 17:36:07+00:00,@cvelayos @excel_adicto Fobia a las agujas...y nos arrepentimos. https://t.co/UC1Hnevp3d,es,0,0,0,0,1557715119160922112,EkaterinaDos,Ekaterina,,,,,,,twitter_motivos_no_donar_2022-2026.csv,twitter,@cvelayos @excel_adicto Fobia a las agujas...y nos arrepentimos. https://t.co/UC1Hnevp3d,,2022-12-28,0,0
1608138100655656960,2022-12-28 16:29:35+00:00,"Llevo años haciendo imágenes para invitar a donar sangre de forma altruista para desconocidos y donando sangre. Es la primera vez que haré una imagen que se moverá desde casa y que no puedo donar porque mi sangre no es compatible. Dios, tienes el volante...",es,0,2,2,0,197140279,verdefrente,melancómica,México,,,,,,twitter_motivos_no_donar_2022-2026.csv,twitter,"Llevo años haciendo imágenes para invitar a donar sangre de forma altruista para desconocidos y donando sangre. Es la primera vez que haré una imagen que se moverá desde casa y que no puedo donar porque mi sangre no es compatible. Dios, tienes el volante...",,2022-12-28,2,2
1608119442365452289,2022-12-28 15:15:27+00:00,@DraSylveon_ Y no que miedo a las agujas 🤔,es,0,0,0,0,453668179,Tialamanga,J. Nelly™,Honduras,,,,,,twitter_motivos_no_donar_2022-2026.csv,twitter,@DraSylveon_ Y no que miedo a las agujas,🤔,2022-12-28,0,0
1608099798392913921,2022-12-28 13:57:23+00:00,"@matchacub No es un poco paradójico necesitar una autotransfusión de emergencia? Digo, si es emergencia técnicamente es porque estás severamente anémico, pero está contraindicado donar sangre si estás severamente anémico... 😂",es,0,1,1,0,1279507526275473410,P082902,P.,,,,,,,twitter_motivos_no_donar_2022-2026.csv,twitter,"@matchacub No es un poco paradójico necesitar una autotransfusión de emergencia? Digo, si es emergencia técnicamente es porque estás severamente anémico, pero está contraindicado donar sangre si estás severamente anémico...",😂,2022-12-28,1,1
1608092377880592386,2022-12-28 13:27:54+00:00,Le tengo tanto miedo a las agujas dios gpwnxlal,es,0,0,0,0,1512154353007796226,forgedbytalis,𐙚 Anita 🌸 Leon's princess,Colombiana / 19 / artist ,,,,,,twitter_motivos_no_donar_2022-2026.csv,twitter,Le tengo tanto miedo a las agujas dios gpwnxlal,,2022-12-28,0,0
1608045418377613312,2022-12-28 10:21:18+00:00,⭐️ ¿Le tienes miedo a las agujas? Averigua por qué no deberías… https://t.co/FWwKoiRy5M,es,0,0,0,0,3131710533,Mar_de_datos,Mar de Datos,,,,,,,twitter_motivos_no_donar_2022-2026.csv,twitter,¿Le tienes miedo a las agujas? Averigua por qué no deberías… https://t.co/FWwKoiRy5M,⭐️,2022-12-28,0,0
1608028635843158016,2022-12-28 09:14:37+00:00,⭐️ ¿Le tienes miedo a las agujas? Averigua por qué no deberías… https://t.co/n9qpydQS2F,es,0,0,0,0,197064191,antilopino_,Antilopino,"Bueu, Pontevedra",,,,,,twitter_motivos_no_donar_2022-2026.csv,twitter,¿Le tienes miedo a las agujas? Averigua por qué no deberías… https://t.co/n9qpydQS2F,⭐️,2022-12-28,0,0
1608004988504281088,2022-12-28 07:40:39+00:00,(le tengo fobia a las agujas),es,0,1,0,0,1469402147800428545,iwazumitos,★ɴɴᴀ!,,,,,,,twitter_motivos_no_donar_2022-2026.csv,twitter,(le tengo fobia a las agujas),,2022-12-28,0,1
1607996311957028864,2022-12-28 07:06:10+00:00,"Mañana me haré mi primer tatuaje y estoy que me lleva la vrg 

Estado:miedo a las agujas",es,0,1,1,0,1139329899582435328,LuisRonzon7,Octaa,"Culiacán, Sinaloa",,,,,,twitter_motivos_no_donar_2022-2026.csv,twitter,Mañana me haré mi primer tatuaje y estoy que me lleva la vrg Estado:miedo a las agujas,,2022-12-28,1,1
1607973804604628992,2022-12-28 05:36:44+00:00,@SoyJesusTarre Yooooo. Me gustan pero tengo fobia a las agujas.,es,0,0,0,0,955099278657163264,danielmoreno502,Daniel Moreno,"Popayán, Colombia","Popayán, Colombia",Colombia,CO,city,,twitter_motivos_no_donar_2022-2026.csv,twitter,@SoyJesusTarre Yooooo. Me gustan pero tengo fobia a las agujas.,,2022-12-28,0,0
1607969125011161088,2022-12-28 05:18:08+00:00,Chele gente tengo influencia y me van a inyectar de emergencia... Ay le tengo miedo a las agujas 😱😱😱,es,0,3,3,1,1519043506378973185,PayDeTrufa,Pay De Trufa,,,,,,,twitter_motivos_no_donar_2022-2026.csv,twitter,Chele gente tengo influencia y me van a inyectar de emergencia... Ay le tengo miedo a las agujas,😱😱😱,2022-12-28,3,3
1607964192782385152,2022-12-28 04:58:32+00:00,"lo voy a hacer pero xq me aburro

Pronombres: she
Estatura: 1,60 más o menos 
Talla zap: 39
Signo: positivo
Fumas? algún q otro porrillo
Tatuajes: con rotulador 
Piercings: miedo a las agujas
Color fav: azul, blue, bleu…
Bebida fav: cervecita en la playa",es,0,0,0,0,1451675004928765955,juneestay,✮⋆˙,Y O L O,,,,,,twitter_motivos_no_donar_2022-2026.csv,twitter,"lo voy a hacer pero xq me aburro Pronombres: she Estatura: 1,60 más o menos Talla zap: 39 Signo: positivo Fumas? algún q otro porrillo Tatuajes: con rotulador Piercings: miedo a las agujas Color fav: azul, blue, bleu… Bebida fav: cervecita en la playa",,2022-12-28,0,0
1607955950681350145,2022-12-28 04:25:47+00:00,este tipo sabe de mi fobia a las agujas y me habló solo para desearme suerte aunque estamos como la mierda😭,es,0,0,0,0,1257120955383582720,spicymoony,mila lvs tae,only army,,,,,,twitter_motivos_no_donar_2022-2026.csv,twitter,este tipo sabe de mi fobia a las agujas y me habló solo para desearme suerte aunque estamos como la mierda,😭,2022-12-28,0,0
1607923710970806272,2022-12-28 02:17:41+00:00,"@franco_esca Una vez apoyamos a un niño que tenia cancer... Al platicarme su historia y ver sus marcas... Deje de perderle el miedo a las agujas e inyecciones...
Era fuerte y valiente el Buen Pedrito QEPD...",es,0,0,7,0,225027984,charly_ww,Charly G,"Reynosa, Tamaulipas, Mexico ",,,,,,twitter_motivos_no_donar_2022-2026.csv,twitter,@franco_esca Una vez apoyamos a un niño que tenia cancer... Al platicarme su historia y ver sus marcas... Deje de perderle el miedo a las agujas e inyecciones... Era fuerte y valiente el Buen Pedrito QEPD...,,2022-12-28,7,0
1607913069463707649,2022-12-28 01:35:23+00:00,"Tu no eres sana ni positiva ni pollas, tatuateli en la frente esa que tienes — Que tengo miedo a las agujas joee https://t.co/59FByDw4HO",es,0,0,0,0,2259189788,Patry_Wireen,Vacarena,,,,,,,twitter_motivos_no_donar_2022-2026.csv,twitter,"Tu no eres sana ni positiva ni pollas, tatuateli en la frente esa que tienes — Que tengo miedo a las agujas joee https://t.co/59FByDw4HO",,2022-12-28,0,0
1607901690547826688,2022-12-28 00:50:11+00:00,18 años y teniendo el mismo miedo a las agujas... 🙄😵‍💫,es,0,0,0,0,1331007026185560067,AnaaAvalos004,Anita💕,"Lomas de Zamora, Argentina",,,,,,twitter_motivos_no_donar_2022-2026.csv,twitter,18 años y teniendo el mismo miedo a las agujas... ‍,🙄😵 💫,2022-12-28,0,0
1607889420799148033,2022-12-28 00:01:25+00:00,"@rosaangst Vos mandale hermana, si no tuviera fobia a las agujas yo también me haría algún tatuaje",es,0,1,1,0,1536541136789114880,ganamosla3ra,••deny••,the killing,,,,,,twitter_motivos_no_donar_2022-2026.csv,twitter,"@rosaangst Vos mandale hermana, si no tuviera fobia a las agujas yo también me haría algún tatuaje",,2022-12-28,1,1
1741608120172888570,2023-12-31 23:51:48+00:00,Miedo a las agujas,es,0,0,0,0,1616894218722770944,ColombianitaCo2,caliente colonbianita,Estados Unidos,,,,,,twitter_motivos_no_donar_2022-2026.csv,twitter,Miedo a las agujas,,2023-12-31,0,0
1741565339865932103,2023-12-31 21:01:48+00:00,Ojalá en 2024 ya se me quite el miedo a las agujas y me pueda tatuar lo que siempre he querido.,es,0,0,0,0,415914708,mtzarline,🌼 Arliita 🌻,,,,,,,twitter_motivos_no_donar_2022-2026.csv,twitter,Ojalá en 2024 ya se me quite el miedo a las agujas y me pueda tatuar lo que siempre he querido.,,2023-12-31,0,0
1741549908073590920,2023-12-31 20:00:29+00:00,"Voy a hacer balance de 2023. 
He conocido a gente maravillosa y otra que pensaba que lo era y no.
He perdido el miedo a las agujas al sacar sangre (tranquilos fetichistas de las agujas que no me vais a hacer cosas de esas). He ido a eventos chulos y he aprendido mucho.",es,0,0,5,0,1516457549012389892,XXXPerritoC,PupChelu🐶😈🔥,"Castellón de la Plana, España",,,,,,twitter_motivos_no_donar_2022-2026.csv,twitter,Voy a hacer balance de 2023. He conocido a gente maravillosa y otra que pensaba que lo era y no. He perdido el miedo a las agujas al sacar sangre (tranquilos fetichistas de las agujas que no me vais a hacer cosas de esas). He ido a eventos chulos y he aprendido mucho.,,2023-12-31,5,0
1741526773001523299,2023-12-31 18:28:33+00:00,Yo con miedo a las agujas pero tatuada🥴,es,0,0,0,0,770668966339567616,chicadanger9,ɢɪɢɪ⁷NOVIA DE MARK🇦🇷, 방탄소년단♡Shawn♡NCT ♡TW,,,,,,twitter_motivos_no_donar_2022-2026.csv,twitter,Yo con miedo a las agujas pero tatuada,🥴,2023-12-31,0,0
1741500115649429974,2023-12-31 16:42:37+00:00,Ya siento que Lisa dejo ese tatuaje a la mitad por el dolor por estar en las costillas y por su miedo a las agujas https://t.co/464TVAXEpR,es,0,0,3,0,915911622312566785,VickLibp,Vicky,,,,,,,twitter_motivos_no_donar_2022-2026.csv,twitter,Ya siento que Lisa dejo ese tatuaje a la mitad por el dolor por estar en las costillas y por su miedo a las agujas https://t.co/464TVAXEpR,,2023-12-31,3,0
1741472648192807079,2023-12-31 14:53:28+00:00,"@stupidniggers9 La fimosis se puede remover estirando el prepucio con ejercicios que estiran el pene, como tirarlo para atrás, pero otro no me se la verdad... 
La circuncisión no es si o si necesaria pero se utiliza en casos como la mejor opción. No le tiene miedo a las agujas.",es,0,1,0,0,1727882443846283264,n1ckoo_,n1x,the rooms,,,,,,twitter_motivos_no_donar_2022-2026.csv,twitter,"@stupidniggers9 La fimosis se puede remover estirando el prepucio con ejercicios que estiran el pene, como tirarlo para atrás, pero otro no me se la verdad... La circuncisión no es si o si necesaria pero se utiliza en casos como la mejor opción. No le tiene miedo a las agujas.",,2023-12-31,0,1
1741471961807454236,2023-12-31 14:50:45+00:00,"desventajas de ser mi amigo:
- mi dni esta caducado y no puedo donar sangre https://t.co/ieLU90bw4D",es,0,1,0,0,160765856,AlvaroAceBar,Alakazambo,"Lima, Perú",,,,,,twitter_motivos_no_donar_2022-2026.csv,twitter,desventajas de ser mi amigo: - mi dni esta caducado y no puedo donar sangre https://t.co/ieLU90bw4D,,2023-12-31,0,1
1741292539674538266,2023-12-31 02:57:47+00:00,m haria si no le tuviese miedo a las agujas https://t.co/dATuQNhQNW,es,0,0,0,0,1565777060420780033,tkkgism,luan ★ hiatus,20 ;; she!her,,,,,,twitter_motivos_no_donar_2022-2026.csv,twitter,m haria si no le tuviese miedo a las agujas https://t.co/dATuQNhQNW,,2023-12-31,0,0
1741231004193300939,2023-12-30 22:53:16+00:00,"@madlaguenio Si jajaja, no quiero traumas! Este año he superado el miedo a las agujas, el año pasado al avión! Hace años la pirotecnia jeje.",es,0,1,0,0,1516457549012389892,XXXPerritoC,PupChelu🐶😈🔥,"Castellón de la Plana, España",,,,,,twitter_motivos_no_donar_2022-2026.csv,twitter,"@madlaguenio Si jajaja, no quiero traumas! Este año he superado el miedo a las agujas, el año pasado al avión! Hace años la pirotecnia jeje.",,2023-12-30,0,1
1741199062039183774,2023-12-30 20:46:20+00:00,"@ownerofurdeath ——en un segundo se había vuelto al egipcio con la aguja en mano y al siguiente estaba desmayado en la camilla.

así que le tenía miedo a las agujas. podría haberse reído pero, en lugar de eso, pensó que era mejor así. podría atenderlo sin problemas de esa forma.

para evitar »",es,0,1,0,0,1738268147721940992,xsunheart,𝐚𝐮𝐫𝐨𝐫𝐚.,,,,,,,twitter_motivos_no_donar_2022-2026.csv,twitter,"@ownerofurdeath ——en un segundo se había vuelto al egipcio con la aguja en mano y al siguiente estaba desmayado en la camilla. así que le tenía miedo a las agujas. podría haberse reído pero, en lugar de eso, pensó que era mejor así. podría atenderlo sin problemas de esa forma. para evitar »",,2023-12-30,0,1
1741179008073515304,2023-12-30 19:26:39+00:00,@isolationinall las q se inyectan es q le tengo un re miedo a las agujas,es,0,0,0,0,1248032680761069569,marsitaaap,mar ★,mhdhh & h2h ⋆｡𖦹 ˚｡,,,,,,twitter_motivos_no_donar_2022-2026.csv,twitter,@isolationinall las q se inyectan es q le tengo un re miedo a las agujas,,2023-12-30,0,0
1741058089564909641,2023-12-30 11:26:10+00:00,"Toda mi historia de enferma terminó ahí. Hasta que un día, ya en ESPAÑA, fui a donar sangre al centro de transfusiones yo toda contenta. Y me llega una carta a la semana diciéndome que no puedo donar porque tenía anticuerpos plasmodium.",es,0,1,0,0,129297242,veroxorev,v,"Madrid, Comunidad de Madrid",,,,,,twitter_motivos_no_donar_2022-2026.csv,twitter,"Toda mi historia de enferma terminó ahí. Hasta que un día, ya en ESPAÑA, fui a donar sangre al centro de transfusiones yo toda contenta. Y me llega una carta a la semana diciéndome que no puedo donar porque tenía anticuerpos plasmodium.",,2023-12-30,0,1
1741044178035859889,2023-12-30 10:30:53+00:00,"IVI Dono ayer me dio la triste noticia de que, pese a tener rasgos caucásicos™, no puedo donar semen porque mi padre es ecuatoriano y, ya sabéis, mezcla de razas. Se cierra un arco que nunca despegó 🚬🧠",es,2,3,7,0,469236739,vizepto,Vizote,,,,,,,twitter_motivos_no_donar_2022-2026.csv,twitter,"IVI Dono ayer me dio la triste noticia de que, pese a tener rasgos caucásicos™, no puedo donar semen porque mi padre es ecuatoriano y, ya sabéis, mezcla de razas. Se cierra un arco que nunca despegó",🚬🧠,2023-12-30,7,3
1740987312442634450,2023-12-30 06:44:55+00:00,"@LegitixYT Hermano que guapooo, yo tmb quisiera tatuarme a legoshi pero tengo miedo a las agujas qwq",es,0,1,1,0,1467064966670962692,wanna_deer,Bimbo 🦌,,,,,,,twitter_motivos_no_donar_2022-2026.csv,twitter,"@LegitixYT Hermano que guapooo, yo tmb quisiera tatuarme a legoshi pero tengo miedo a las agujas qwq",,2023-12-30,1,1
1740973315030949915,2023-12-30 05:49:18+00:00,"✏️Tätowieren #vminkook #au 

🐻 y 🐰Eran pareja y tenían su propio estudio de tatuajes, un día llegó un chico decidido a tatuarse, pero había un problema, tenía miedo a las agujas. 

– No te preocupes bonito, yo te sostengo para que no estés aterrado.

– Lo haré con cuidado¿Si? https://t.co/o8qoWZdA9G",es,3,0,34,3,1729993009498824704,skcminn,ꪆ୧‎‎‎ 𝐂αlíc αᥙ's,ᜊ Mis Au's: ,,,,,,twitter_motivos_no_donar_2022-2026.csv,twitter,"Tätowieren #vminkook #au y Eran pareja y tenían su propio estudio de tatuajes, un día llegó un chico decidido a tatuarse, pero había un problema, tenía miedo a las agujas. – No te preocupes bonito, yo te sostengo para que no estés aterrado. – Lo haré con cuidado¿Si? https://t.co/o8qoWZdA9G",✏️ 🐻 🐰,2023-12-30,34,0
1740915340354146695,2023-12-30 01:58:56+00:00,"Que sea rápida, la fobia a las agujas en él no le va a permitir quedarse quieto mucho tiempo. https://t.co/f4oKXPOcyA",es,0,0,1,1,1680897711384428546,YouG0Thacked,❱❱ 》 𝗞𝗿𝘆𝘀,,,,,,,twitter_motivos_no_donar_2022-2026.csv,twitter,"Que sea rápida, la fobia a las agujas en él no le va a permitir quedarse quieto mucho tiempo. https://t.co/f4oKXPOcyA",,2023-12-30,1,0
1740912644184527273,2023-12-30 01:48:13+00:00,@sutito2 Que tan pendejo tienes que ser para no querer vacunarte y te lo dice alguien que le tiene miedo a las agujas.,es,0,1,5,0,1607677720741257216,Dalf_noir,Dalf,en el Discovery 1,,,,,,twitter_motivos_no_donar_2022-2026.csv,twitter,@sutito2 Que tan pendejo tienes que ser para no querer vacunarte y te lo dice alguien que le tiene miedo a las agujas.,,2023-12-30,5,1
1740890623010598916,2023-12-30 00:20:43+00:00,"@ARKgcg @Hrathen23 @laralevana He visto tipos de más de 1.86 híper masculinos negándose a coger una serpiente, araña, escorpión o símplemente desmayarse al tener que sacarles la sangre para exámenes médicos porque les tiene miedo a las agujas...eso, muy ""chad"" no es que sea.",es,0,0,2,0,1137180148464267265,OneInfinited,Infinited_one,,,,,,,twitter_motivos_no_donar_2022-2026.csv,twitter,"@ARKgcg @Hrathen23 @laralevana He visto tipos de más de 1.86 híper masculinos negándose a coger una serpiente, araña, escorpión o símplemente desmayarse al tener que sacarles la sangre para exámenes médicos porque les tiene miedo a las agujas...eso, muy ""chad"" no es que sea.",,2023-12-30,2,0
1740862528635498748,2023-12-29 22:29:05+00:00,"@honsoucillo77 Bueno, a mí me parece un método más xD Para la gente que tiene fobia a las agujas puede estar bien.
De todas formas no creo que lo traigan aquí porque la cápsula esa parece un aparato caro, por si sirve de consuelo XD",es,0,1,0,0,1360010579663011840,zivichi,Zivichi 🎨,sPAIN 🇪🇸,,,,,,twitter_motivos_no_donar_2022-2026.csv,twitter,"@honsoucillo77 Bueno, a mí me parece un método más xD Para la gente que tiene fobia a las agujas puede estar bien. De todas formas no creo que lo traigan aquí porque la cápsula esa parece un aparato caro, por si sirve de consuelo XD",,2023-12-29,0,1
1740843585262776329,2023-12-29 21:13:48+00:00,"La pelada que le tiene miedo a las agujas se tatuó hoy.

La pelada soy yo jaja",es,0,0,3,0,2171062464,Fer_sefone,MariaFe,"Bogotá, D.C., Colombia",,,,,,twitter_motivos_no_donar_2022-2026.csv,twitter,La pelada que le tiene miedo a las agujas se tatuó hoy. La pelada soy yo jaja,,2023-12-29,3,0
1740800708050583777,2023-12-29 18:23:25+00:00,@Ganchito67 Secundo la Idea (Tengo miedo a las Agujas),es,0,0,1,0,1737170616090873856,jajaprimo,Dr.Zhivago,,,,,,,twitter_motivos_no_donar_2022-2026.csv,twitter,@Ganchito67 Secundo la Idea (Tengo miedo a las Agujas),,2023-12-29,1,0
1740799679116480531,2023-12-29 18:19:20+00:00,"@SillyReaderGirl Yo diciéndole a mi mamá q nunca me voy a tatuar 
Also yo con ganas de tatuarme
Tengo fobia a las agujas pero me llaman",es,0,1,3,0,1328431339784318983,time_lemonade,🫧ɴᴀʏ!!! pjos2!,⊹₊˚🇵🇪.  Arch student,,,,,,twitter_motivos_no_donar_2022-2026.csv,twitter,@SillyReaderGirl Yo diciéndole a mi mamá q nunca me voy a tatuar Also yo con ganas de tatuarme Tengo fobia a las agujas pero me llaman,,2023-12-29,3,1
1740768132242010226,2023-12-29 16:13:59+00:00,"Este mes me han dado como 4 piquetes en el brazo, para estudios y donación de sangre. Creo que ya estoy superando mi fobia a las agujas.",es,0,0,7,0,377063378,heladorojobebe,Hel Ado de Macadamia,CDMX,,,,,,twitter_motivos_no_donar_2022-2026.csv,twitter,"Este mes me han dado como 4 piquetes en el brazo, para estudios y donación de sangre. Creo que ya estoy superando mi fobia a las agujas.",,2023-12-29,7,0
1740734952210411819,2023-12-29 14:02:08+00:00,"@ituerahipster Hoy tenía analítica con mi hija de 10 años en el centro de salud.
Las enfermeras pediátricas no la llevaban  mi hija tiene fobia a las agujas y a los pinchazos y es preciso tumbarla y sujetarla.
Las que estaban en adultos las portaban.
Me parece bien las dos cosas.",es,0,1,1,0,1473331271896080389,SedanoCalleja,Patricia Calleja Sedano,OSI Araba,,,,,,twitter_motivos_no_donar_2022-2026.csv,twitter,@ituerahipster Hoy tenía analítica con mi hija de 10 años en el centro de salud. Las enfermeras pediátricas no la llevaban mi hija tiene fobia a las agujas y a los pinchazos y es preciso tumbarla y sujetarla. Las que estaban en adultos las portaban. Me parece bien las dos cosas.,,2023-12-29,1,1
1740718788335820897,2023-12-29 12:57:54+00:00,"26 años, supere varios juegos de terror, sufrí alguna que otra experiencia paranormal, tolero películas de terror, enfrento pesadillas …
Aun así sigo teniéndole miedo a las Agujas XD",es,0,0,2,0,1083007624826761216,Karate974,Karate97,"Río Negro, Argentina",,,,,,twitter_motivos_no_donar_2022-2026.csv,twitter,"26 años, supere varios juegos de terror, sufrí alguna que otra experiencia paranormal, tolero películas de terror, enfrento pesadillas … Aun así sigo teniéndole miedo a las Agujas XD",,2023-12-29,2,0
1740593242260062463,2023-12-29 04:39:02+00:00,"mi papá le tiene miedo a las agujas pero quiere yo me tatué🤣
[29/12 01:36] papi : Te vas a tatuar lo que me dijiste al final?
[29/12 01:36] papi : Avísame
[29/12 01:37] papi : Así le digo al Cris que te banque hasta que vengas Belen",es,0,0,1,0,1373825686268432386,SofiaCorvaln1,so🌿,,,,,,,twitter_motivos_no_donar_2022-2026.csv,twitter,mi papá le tiene miedo a las agujas pero quiere yo me tatué [29/12 01:36] papi : Te vas a tatuar lo que me dijiste al final? [29/12 01:36] papi : Avísame [29/12 01:37] papi : Así le digo al Cris que te banque hasta que vengas Belen,🤣,2023-12-29,1,0
1740585785248846105,2023-12-29 04:09:24+00:00,@santozallegro Bajo esa lógica los aguinaldos o los premios que de la empresa deberian ser a fondo solidario tampoco salen de nuestro sueldo si quiere donar done lo suyo ahora repita no debo donar lo ajeno .no debo donar lo ajeno saludos suerte 🍀,es,0,0,0,0,136289964,Victorgimura,victor lopez,chile antofagasta,,,,,,twitter_motivos_no_donar_2022-2026.csv,twitter,@santozallegro Bajo esa lógica los aguinaldos o los premios que de la empresa deberian ser a fondo solidario tampoco salen de nuestro sueldo si quiere donar done lo suyo ahora repita no debo donar lo ajeno .no debo donar lo ajeno saludos suerte,🍀,2023-12-29,0,0
1740567067387199664,2023-12-29 02:55:01+00:00,yo pidieron q jake se haga aritos o un labret pero cierto q el otro le tiene miedo a las agujas https://t.co/vqZPx2pRJG,es,0,0,0,0,1353224322840731648,jakestappen,ailinn,✧ 3. 11. 43,,,,,,twitter_motivos_no_donar_2022-2026.csv,twitter,yo pidieron q jake se haga aritos o un labret pero cierto q el otro le tiene miedo a las agujas https://t.co/vqZPx2pRJG,,2023-12-29,0,0
1740552215742533965,2023-12-29 01:56:00+00:00,"Invasión de mosquitos, Leute... Son unos irrespetuosos: ni espiral ni pastillas respetan. No puedo donar sangre ni hacerme análisis por un tiempo: no me queda sangre 🫠",es,0,0,3,0,287698323,LuLitaNoMess,Lu ツ,,,,,,,twitter_motivos_no_donar_2022-2026.csv,twitter,"Invasión de mosquitos, Leute... Son unos irrespetuosos: ni espiral ni pastillas respetan. No puedo donar sangre ni hacerme análisis por un tiempo: no me queda sangre",🫠,2023-12-29,3,0
1740537902898245740,2023-12-29 00:59:08+00:00,"lo bueno es q no me vacunare más al parecer, las que le tienen miedo a las agujas 1 gobierno 0 https://t.co/vdCf8nv8UJ",es,0,0,1,0,1412940470288896008,onfridaynights,.,21. 🕸,,,,,,twitter_motivos_no_donar_2022-2026.csv,twitter,"lo bueno es q no me vacunare más al parecer, las que le tienen miedo a las agujas 1 gobierno 0 https://t.co/vdCf8nv8UJ",,2023-12-29,1,0
1740522828791972255,2023-12-28 23:59:14+00:00,"Clonazepam: 1
Fobia a las agujas: 0 
Gracias Diosito 🫶🏻🥹💜",es,0,0,0,0,194315067,callmeKriis_,𝑲𝒓𝒊𝒊𝑺.•*❤️,,,,,,,twitter_motivos_no_donar_2022-2026.csv,twitter,Clonazepam: 1 Fobia a las agujas: 0 Gracias Diosito,🫶🏻🥹💜,2023-12-28,0,0
1740458347298689309,2023-12-28 19:43:00+00:00,"@CruelaDanielst Si, aunque eso te lo dicen, que no puedes donar sangre porque tuviste esa enfermedad. Yo tuve dengue y no puedo donar. Gracias, lo voy a anexar 🙏🏽",es,1,0,1,0,558946320,UnSoloPueblo25,No está en blanco,,,,,,,twitter_motivos_no_donar_2022-2026.csv,twitter,"@CruelaDanielst Si, aunque eso te lo dicen, que no puedes donar sangre porque tuviste esa enfermedad. Yo tuve dengue y no puedo donar. Gracias, lo voy a anexar",🙏🏽,2023-12-28,1,0
1740430929921786323,2023-12-28 17:54:03+00:00,"Me van a quitar mi implante y a ponerme el de dos varillas, soy la persona con más miedo a las agujas y quiero llorar 😭
Mi novio: piensa en animalitos
🤡🤡🤡🤡",es,0,1,1,0,2634182624,jpaulettete,pau patrol 🐾,,,,,,,twitter_motivos_no_donar_2022-2026.csv,twitter,"Me van a quitar mi implante y a ponerme el de dos varillas, soy la persona con más miedo a las agujas y quiero llorar Mi novio: piensa en animalitos",😭 🤡🤡🤡🤡,2023-12-28,1,1
1740428860062376243,2023-12-28 17:45:50+00:00,@_yonguik Yo no tengo tatoo xq le tengo pánico a las agujas… pero si tengo dibujado el modelo del tatoo q quiero en mi cuerpo.. ya venderé el miedo a las agujas .. me paralizan,es,0,3,4,0,1555930871236071424,MafalditaL,Mafaldita linda,"Providencia, Chile",,,,,,twitter_motivos_no_donar_2022-2026.csv,twitter,@_yonguik Yo no tengo tatoo xq le tengo pánico a las agujas… pero si tengo dibujado el modelo del tatoo q quiero en mi cuerpo.. ya venderé el miedo a las agujas .. me paralizan,,2023-12-28,4,3
1740391260807106951,2023-12-28 15:16:26+00:00,@DaniellaGraysk Si no le tuviera tanto miedo a las agujas me tatuaria como V https://t.co/CS428czxbs,es,0,0,1,0,1136006505889746946,agustinvisard,Agus17V simp de muslos 🦋💜,tu cola,,,,,,twitter_motivos_no_donar_2022-2026.csv,twitter,@DaniellaGraysk Si no le tuviera tanto miedo a las agujas me tatuaria como V https://t.co/CS428czxbs,,2023-12-28,1,0
1740376906833469808,2023-12-28 14:19:23+00:00,@animegamefrik Bueno cambiando de tema yo no puedo donar sangre,es,0,1,1,0,1007052501407993856,Elcatolicootaku,✝Un templario más✝🇦🇷,"San Luis, Argentina",,,,,,twitter_motivos_no_donar_2022-2026.csv,twitter,@animegamefrik Bueno cambiando de tema yo no puedo donar sangre,,2023-12-28,1,1
1740374171107135542,2023-12-28 14:08:31+00:00,"""Estoy grandote pero le tengo miedo a las agujas""... 

El común denominador...

😂",es,0,0,0,0,1191563453485346816,RosaICruz_,Rosa Isela Cruz,,,,,,,twitter_motivos_no_donar_2022-2026.csv,twitter,"""Estoy grandote pero le tengo miedo a las agujas""... El común denominador...",😂,2023-12-28,0,0
1740342222048866394,2023-12-28 12:01:34+00:00,supere mi miedo a las agujas 😎,es,0,0,0,0,1299812272655740929,lazxro_,Larbinha,,,,,,,twitter_motivos_no_donar_2022-2026.csv,twitter,supere mi miedo a las agujas,😎,2023-12-28,0,0
1740333376408551481,2023-12-28 11:26:25+00:00,"Ayer a pesar de mi fobia a las agujas y de que odio la sangre le done sangre a mi mamá, esas cosas que haría solo por ella y si😅",es,0,0,1,0,51491882,antoalliende_,Antonia🦋,"Santiago, Chile🇨🇱",,,,,,twitter_motivos_no_donar_2022-2026.csv,twitter,"Ayer a pesar de mi fobia a las agujas y de que odio la sangre le done sangre a mi mamá, esas cosas que haría solo por ella y si",😅,2023-12-28,1,0
1740297978575811045,2023-12-28 09:05:45+00:00,"Bueno ya estoy otra vez en mi casa de vuelta del dentista y para compensar el malísimo rato que he pasado (fobia a las agujas jajan’t) voy a ver un par de horitas de op… ya estudio después, me lo merezco (?
Me dormiría pero no tengo sueño :’)",es,0,0,4,0,1248215733810737152,Mimikyuudayo,Mimi 🏹♠️🐉,She/her,,,,,,twitter_motivos_no_donar_2022-2026.csv,twitter,"Bueno ya estoy otra vez en mi casa de vuelta del dentista y para compensar el malísimo rato que he pasado (fobia a las agujas jajan’t) voy a ver un par de horitas de op… ya estudio después, me lo merezco (? Me dormiría pero no tengo sueño :’)",,2023-12-28,4,0
1740231445728448821,2023-12-28 04:41:23+00:00,"@Fergu___ No, quiero ir pero le tengo miedo a las agujas 😂",es,0,1,1,0,46506985,erickgil_c,e r i c k g i l,,,,,,,twitter_motivos_no_donar_2022-2026.csv,twitter,"@Fergu___ No, quiero ir pero le tengo miedo a las agujas",😂,2023-12-28,1,1
1740229150299058610,2023-12-28 04:32:15+00:00,"me molesta mucho que la gente crea que no me quiero inyectar nomás por mis huevos, le tengo fobia a las agujas:( si la aguja de la vacuna del covid estaba mini y casi me desmayo las veces q me la pusieron",es,0,0,3,0,1086772084930461696,aposematista,lic,,,,,,,twitter_motivos_no_donar_2022-2026.csv,twitter,"me molesta mucho que la gente crea que no me quiero inyectar nomás por mis huevos, le tengo fobia a las agujas:( si la aguja de la vacuna del covid estaba mini y casi me desmayo las veces q me la pusieron",,2023-12-28,3,0
1740227693923439027,2023-12-28 04:26:28+00:00,"el verdadero ""las excusas son falsa, el que quiere puede"" (se va a tatuar mi nombre a pesar de que le tenga miedo a las agujas)",es,0,0,0,0,1564047193513803778,noeliagomez_25,noelia,,,,,,,twitter_motivos_no_donar_2022-2026.csv,twitter,"el verdadero ""las excusas son falsa, el que quiere puede"" (se va a tatuar mi nombre a pesar de que le tenga miedo a las agujas)",,2023-12-28,0,0
1740074284977107178,2023-12-27 18:16:53+00:00,q furiosa estoy como q no puedo donar sangre ES UN PUTO AÑO MALDITOS HOSPITALES MAMONES 💕💕💕,es,0,0,0,0,1587601855600787458,Paolita_bebita,Paolita,,,,,,,twitter_motivos_no_donar_2022-2026.csv,twitter,q furiosa estoy como q no puedo donar sangre ES UN PUTO AÑO MALDITOS HOSPITALES MAMONES,💕💕💕,2023-12-27,0,0
1740008936508395940,2023-12-27 13:57:12+00:00,@guillermoTM1959 Y el tercero lleva una foto de Adolf Hitler en la cartera...lo que pasa es que le tiene fobia a las agujas.,es,0,0,0,0,914781301105922048,AdriFachaNo,Adrian González,,,,,,,twitter_motivos_no_donar_2022-2026.csv,twitter,@guillermoTM1959 Y el tercero lleva una foto de Adolf Hitler en la cartera...lo que pasa es que le tiene fobia a las agujas.,,2023-12-27,0,0
1740003618814906460,2023-12-27 13:36:05+00:00,Tengo que ir al médico y seguramente me pida análisis y no quiero ir pues miedo a las agujas... Ahhh pero para tatuarse ni un drama la mina,es,0,0,1,0,200594019,roo_abg23,Momii - un cisne con alas rotas ⁠♡,La ciudad que huele a tilo ,,,,,,twitter_motivos_no_donar_2022-2026.csv,twitter,Tengo que ir al médico y seguramente me pida análisis y no quiero ir pues miedo a las agujas... Ahhh pero para tatuarse ni un drama la mina,,2023-12-27,1,0
1739993709935227293,2023-12-27 12:56:42+00:00,"Yo ya no puedo donar, pero a los que podáis pensad que cualquiera lo podemos necesitar en cualquier momento. Un accidente de tráfico, una simple operacion de trauma, leucemias...  ♥️ https://t.co/mmqrEJ0GFZ",es,0,0,2,0,292878116,elenaoeste,Elena,,,,,,,twitter_motivos_no_donar_2022-2026.csv,twitter,"Yo ya no puedo donar, pero a los que podáis pensad que cualquiera lo podemos necesitar en cualquier momento. Un accidente de tráfico, una simple operacion de trauma, leucemias... https://t.co/mmqrEJ0GFZ",♥️,2023-12-27,2,0
1739865135529832506,2023-12-27 04:25:48+00:00,"Te amo Pa❤️‍🩹
Con razón le tengo tanto miedo a las agujas, heredé sus ojos y sus miedos. https://t.co/2RuBget6hq",es,0,0,2,0,1547458849929453568,Valentina020916,valentina peña,,,,,,,twitter_motivos_no_donar_2022-2026.csv,twitter,"Te amo Pa ‍ Con razón le tengo tanto miedo a las agujas, heredé sus ojos y sus miedos. https://t.co/2RuBget6hq",❤️ 🩹,2023-12-27,2,0
1739839678272999586,2023-12-27 02:44:38+00:00,@luligdoy @bianbennitez cerra el culo q le tenes miedo a las agujas,es,0,1,1,0,1529308360578842624,lou_rdess030,Luu,,,,,,,twitter_motivos_no_donar_2022-2026.csv,twitter,@luligdoy @bianbennitez cerra el culo q le tenes miedo a las agujas,,2023-12-27,1,1
1739832428594667901,2023-12-27 02:15:50+00:00,@Hatade4 Le tiene miedo a las agujas?,es,0,1,1,0,1531093840953753600,TilloelPillo,Tillo_Pottontail ⭐🌙/🌸🍑/⏱️❤️ /🐍☕/💝/🧸🎧/🎼🪻,Peru,,,,,,twitter_motivos_no_donar_2022-2026.csv,twitter,@Hatade4 Le tiene miedo a las agujas?,,2023-12-27,1,1
1739830957513883713,2023-12-27 02:09:59+00:00,"@Raakkun Yo no puedo donar si se trata de dinero pipipiiiiiii
Pero si puedo darte buena suerte y fe tranquila que tú gato se recupera ❤️❤️😁",es,0,0,3,0,1591594973597732865,Nyausse,Nyausse †,en una guerra alenigena ,,,,,,twitter_motivos_no_donar_2022-2026.csv,twitter,@Raakkun Yo no puedo donar si se trata de dinero pipipiiiiiii Pero si puedo darte buena suerte y fe tranquila que tú gato se recupera,❤️❤️😁,2023-12-27,3,0
1739783201374040262,2023-12-26 23:00:13+00:00,"Mejor respuesta o mejor respuesta?
A mi no me gustan los tatuajes (fobia a las agujas) nica me haría uno pero hay gente que le gustan y les quedan la raja 🤘🏻.
Ley No 1: “Viva su vida y no joda al resto” https://t.co/AZd1Z8Db8c",es,0,0,0,0,119486081,katurrimc,Kathy Muñoz,Chile,,,,,,twitter_motivos_no_donar_2022-2026.csv,twitter,Mejor respuesta o mejor respuesta? A mi no me gustan los tatuajes (fobia a las agujas) nica me haría uno pero hay gente que le gustan y les quedan la raja . Ley No 1: “Viva su vida y no joda al resto” https://t.co/AZd1Z8Db8c,🤘🏻,2023-12-26,0,0
1739780785157067020,2023-12-26 22:50:37+00:00,"@Vicente15477281 A mi tampoco me gustan los tatuajes y es porque tengo fobia a las agujas 💉 
Lo paso mal cuando debo hacerme exámenes de sangre y cuando veo personas con tatuajes pienso en que yo el día del hoyo me haría uno 🤣",es,0,0,0,0,119486081,katurrimc,Kathy Muñoz,Chile,,,,,,twitter_motivos_no_donar_2022-2026.csv,twitter,@Vicente15477281 A mi tampoco me gustan los tatuajes y es porque tengo fobia a las agujas Lo paso mal cuando debo hacerme exámenes de sangre y cuando veo personas con tatuajes pienso en que yo el día del hoyo me haría uno,💉 🤣,2023-12-26,0,0
1739768916107247905,2023-12-26 22:03:27+00:00,oficialmente no puedo donar sangre,es,0,0,0,0,1562622487992496128,KYLI1E,lesthot,,,,,,,twitter_motivos_no_donar_2022-2026.csv,twitter,oficialmente no puedo donar sangre,,2023-12-26,0,0
1739763438228746553,2023-12-26 21:41:41+00:00,"@amirel97 @romerocadani Pues ya podeis ir preparando el monedero, y espero que no tengáis miedo a las agujas, porque eso sin ciclarse no lo vais a conseguir ajajajajaj",es,0,1,2,0,373040067,_prismanegro,El Prisma Negro,Hallownest (Barcelona),,,,,,twitter_motivos_no_donar_2022-2026.csv,twitter,"@amirel97 @romerocadani Pues ya podeis ir preparando el monedero, y espero que no tengáis miedo a las agujas, porque eso sin ciclarse no lo vais a conseguir ajajajajaj",,2023-12-26,2,1
1739759337323610381,2023-12-26 21:25:23+00:00,Como q no puedo donar sangre?,es,0,0,1,0,1485270148210593794,Maiixuu_,Chu,,,,,,,twitter_motivos_no_donar_2022-2026.csv,twitter,Como q no puedo donar sangre?,,2023-12-26,1,0
1739704725728071895,2023-12-26 17:48:23+00:00,"La ""donas"" a saber dónde. Pero oye, cámbiame el cristal. Yo no quiero donar mi gafa. Yo no estoy a favor de donar gafas que no están adaptadas a la vista de otras personas. Prefiero donarles dinero y que tengan gafas propias, no las mías",es,0,1,0,0,1053707593,malacamarada,Sara Antifa (ella),Madrid,,,,,,twitter_motivos_no_donar_2022-2026.csv,twitter,"La ""donas"" a saber dónde. Pero oye, cámbiame el cristal. Yo no quiero donar mi gafa. Yo no estoy a favor de donar gafas que no están adaptadas a la vista de otras personas. Prefiero donarles dinero y que tengan gafas propias, no las mías",,2023-12-26,0,1
1739691578686316765,2023-12-26 16:56:08+00:00,"@GukiVT_ Señorita guki, a pesar de que no puedo donar o darle dinerillo, si hace streams siempre estar allí :3",es,0,0,0,0,1612328901425958913,MajiSus4,maji sus4,,,,,,,twitter_motivos_no_donar_2022-2026.csv,twitter,"@GukiVT_ Señorita guki, a pesar de que no puedo donar o darle dinerillo, si hace streams siempre estar allí :3",,2023-12-26,0,0
1739678932926890208,2023-12-26 16:05:53+00:00,@Dr_JorgeL Pero pa tatuarse no le tienen miedo a las agujas,es,0,1,1,0,1347636711451459592,dkramelo_,DKramelo 🍬,HLG,,,,,,twitter_motivos_no_donar_2022-2026.csv,twitter,@Dr_JorgeL Pero pa tatuarse no le tienen miedo a las agujas,,2023-12-26,1,1
1739665909101318439,2023-12-26 15:14:08+00:00,"Yo le tengo miedo a las agujas y soy súper mami con cualquier procedimiento quirúrgico o así, pero diablo, la lengua bífida me tienta a morir",es,0,0,0,0,989855895680176131,te_de_seo,azul,por ahi ,,,,,,twitter_motivos_no_donar_2022-2026.csv,twitter,"Yo le tengo miedo a las agujas y soy súper mami con cualquier procedimiento quirúrgico o así, pero diablo, la lengua bífida me tienta a morir",,2023-12-26,0,0
1739664876149043488,2023-12-26 15:10:02+00:00,"@eleeennaa007 te entiendo...yo también le tengo fobia a las agujas, soy este: https://t.co/ZZFviOzooA",es,0,1,0,0,1232778430409826304,jisoomati,ʙᴇᴛᴏᴏッ,Desaparecido,,,,,,twitter_motivos_no_donar_2022-2026.csv,twitter,"@eleeennaa007 te entiendo...yo también le tengo fobia a las agujas, soy este: https://t.co/ZZFviOzooA",,2023-12-26,0,1
1739662167031291964,2023-12-26 14:59:16+00:00,re q le tengo fobia a las agujas kakakakqkq https://t.co/Q6wuOjidqn,es,0,0,0,0,1072922078150569984,wvojjks,beluu ☆,,,,,,,twitter_motivos_no_donar_2022-2026.csv,twitter,re q le tengo fobia a las agujas kakakakqkq https://t.co/Q6wuOjidqn,,2023-12-26,0,0
1739636529381679496,2023-12-26 13:17:24+00:00,"@dboramerchocho No le tengo miedo a las agujas, pero cuando mami era enfermera activa, siempre me sacó sangre en casa y con agujas de bebé 😂😂😂",es,0,1,0,0,1478342487135723522,bettyboop_pr2,彡(✿╹◡╹) ŦΔŇƗΔ,Puerto Rico,,,,,,twitter_motivos_no_donar_2022-2026.csv,twitter,"@dboramerchocho No le tengo miedo a las agujas, pero cuando mami era enfermera activa, siempre me sacó sangre en casa y con agujas de bebé",😂😂😂,2023-12-26,0,1
1739503126992802156,2023-12-26 04:27:18+00:00,@FauraLarina @ojovisor6666 Hola! Se va hacer para año nuevo? No puedo donar mercadería pero puedo donar ropa! Para mujer,es,0,0,2,0,1517506205635301378,MikaelaMD8,Mika🦄,,,,,,,twitter_motivos_no_donar_2022-2026.csv,twitter,@FauraLarina @ojovisor6666 Hola! Se va hacer para año nuevo? No puedo donar mercadería pero puedo donar ropa! Para mujer,,2023-12-26,2,0
1739496501540216995,2023-12-26 04:00:58+00:00,"@H0rmigadeciudad @NoAguacatito Yo me lo hice a los 19, y tengo fobia a las agujas y sufrí con el dolor, asi que sí me hubiera gustado que los hicieran antes.",es,0,0,0,0,488162741,la_colo__,Karla de los Santos🦋,,,,,,,twitter_motivos_no_donar_2022-2026.csv,twitter,"@H0rmigadeciudad @NoAguacatito Yo me lo hice a los 19, y tengo fobia a las agujas y sufrí con el dolor, asi que sí me hubiera gustado que los hicieran antes.",,2023-12-26,0,0
1739468414454800820,2023-12-26 02:09:22+00:00,"@Raakkun Lamentablemente no puedo donar ahora,pero buscaré la manera de ayudar a tu gato y que se mejore,lo prometo.💙💙💙",es,0,0,1,0,1335260499538284544,Angel20616,Demon-Red🔴,,,,,,,twitter_motivos_no_donar_2022-2026.csv,twitter,"@Raakkun Lamentablemente no puedo donar ahora,pero buscaré la manera de ayudar a tu gato y que se mejore,lo prometo.",💙💙💙,2023-12-26,1,0
1739376520781529469,2023-12-25 20:04:13+00:00,@creadordigitals ⬛🟪: Es que le tengo miedo a las agujas https://t.co/6MfaI6YW6n,es,0,1,0,0,1654298383215992833,rol18_IA,🖤Hitohito💮 y 🌱 Meica 🌱,Usser ♂️,,,,,,twitter_motivos_no_donar_2022-2026.csv,twitter,@creadordigitals : Es que le tengo miedo a las agujas https://t.co/6MfaI6YW6n,⬛🟪,2023-12-25,0,1
1739272875838787677,2023-12-25 13:12:22+00:00,"@s0damania IQHWIWJAJJAJAJAJAJAJAJAJJAJAJAJAJAJQJ

Pero bueno, pensaré en hacerme los exámenes wkskkwks aunque no se me quita el miedo a las agujas",es,0,0,0,0,1677216813812183041,tortugasolar,Jess 🌙,,,,,,,twitter_motivos_no_donar_2022-2026.csv,twitter,"@s0damania IQHWIWJAJJAJAJAJAJAJAJAJJAJAJAJAJAJQJ Pero bueno, pensaré en hacerme los exámenes wkskkwks aunque no se me quita el miedo a las agujas",,2023-12-25,0,0
1739246098718314685,2023-12-25 11:25:58+00:00,@sarawikk Son un grupito. Hay gente que querría el cambio pero con anestesia pero además le tiene miedo a las agujas. Entonces vota...lo peor!,es,0,0,0,0,1417183981976567817,Fairfax501,Fairfax50,Ciudad Autónoma de Buenos Aire,,,,,,twitter_motivos_no_donar_2022-2026.csv,twitter,@sarawikk Son un grupito. Hay gente que querría el cambio pero con anestesia pero además le tiene miedo a las agujas. Entonces vota...lo peor!,,2023-12-25,0,0
1738955032484073493,2023-12-24 16:09:22+00:00,"@JMilei Me encantaría pero no puedo donar todos mis bienes e ingresos porque ya se los diste vos a tus amigos empresarios con el decreto, la devaluación y la hiperinflación. Resulta que sos socialista con lo ajeno Javier!",es,0,0,0,0,1509843953134276609,pal_legendx,Pal_Legendx,,,,,,,twitter_motivos_no_donar_2022-2026.csv,twitter,"@JMilei Me encantaría pero no puedo donar todos mis bienes e ingresos porque ya se los diste vos a tus amigos empresarios con el decreto, la devaluación y la hiperinflación. Resulta que sos socialista con lo ajeno Javier!",,2023-12-24,0,0
1738736318417358917,2023-12-24 01:40:17+00:00,"@estreptavidina Si no le tienes miedo a las agujas, la carboxiterapia no es invasiva y funciona muy bien y rápido",es,0,0,1,0,379300731,madxlein,midnights mad,México ,,,,,,twitter_motivos_no_donar_2022-2026.csv,twitter,"@estreptavidina Si no le tienes miedo a las agujas, la carboxiterapia no es invasiva y funciona muy bien y rápido",,2023-12-24,1,0
1738666074139161066,2023-12-23 21:01:09+00:00,4/10 solo puedo destacar que le he perdido miedo a las agujas 😂 https://t.co/E2BoYWBFoR,es,0,0,2,0,1516457549012389892,XXXPerritoC,PupChelu🐶😈🔥,"Castellón de la Plana, España",,,,,,twitter_motivos_no_donar_2022-2026.csv,twitter,4/10 solo puedo destacar que le he perdido miedo a las agujas https://t.co/E2BoYWBFoR,😂,2023-12-23,2,0
1738611804186570789,2023-12-23 17:25:30+00:00,@Pedro47276558 Pero no puedo donar tuve ca 2 veces.,es,0,2,0,0,1505519506298445830,G2Lucelis,Lucelis G2.,,,,,,,twitter_motivos_no_donar_2022-2026.csv,twitter,@Pedro47276558 Pero no puedo donar tuve ca 2 veces.,,2023-12-23,0,2
1738561339134443722,2023-12-23 14:04:58+00:00,Mi miedo a las agujas no es normal y ahora son algo de cada semana en mi vida,es,0,0,0,0,1183495618741841920,Anamariaar3,Ana,"Bogotá, D.C., Colombia",,,,,,twitter_motivos_no_donar_2022-2026.csv,twitter,Mi miedo a las agujas no es normal y ahora son algo de cada semana en mi vida,,2023-12-23,0,0
1738531698650788336,2023-12-23 12:07:11+00:00,"@itailian_ —————— ¿tienes algún tipo de miedo a las agujas?

Pregunta interesada, de espaldas a el mientras se dedicaba a limpiar y preparar la aguja que iba a usar.
Había visto algunos casos de miedo a las mismas, y no quería hacer pasar un mal rato al contrario.",es,0,1,0,0,1671935065855590400,BLODYOFF_,OFF .,──   ﹙†﹚  MYSTIC FALLS⠀🔞  .,,,,,,twitter_motivos_no_donar_2022-2026.csv,twitter,"@itailian_ —————— ¿tienes algún tipo de miedo a las agujas? Pregunta interesada, de espaldas a el mientras se dedicaba a limpiar y preparar la aguja que iba a usar. Había visto algunos casos de miedo a las mismas, y no quería hacer pasar un mal rato al contrario.",,2023-12-23,0,1
1874167643227513170,2024-12-31 18:56:01+00:00,"Hola por favor den rt, yo no puedo donar por el momento pero quiero compartir lo más que pueda 

https://t.co/4pOi0yFHdz",es,0,0,0,0,2830666087,cainnavis,caín,,,,,,,twitter_motivos_no_donar_2022-2026.csv,twitter,"Hola por favor den rt, yo no puedo donar por el momento pero quiero compartir lo más que pueda https://t.co/4pOi0yFHdz",,2024-12-31,0,0
1873945788612829585,2024-12-31 04:14:26+00:00,"@radiocentroec Ustedes creen que ese es tatuaje de verdad 
Jajaja 
Ese tiene miedo a las agujas",es,0,0,0,0,1269104122164318208,Damiahenryfabri,Damiánhenry,"Quito, Ecuador",,,,,,twitter_motivos_no_donar_2022-2026.csv,twitter,@radiocentroec Ustedes creen que ese es tatuaje de verdad Jajaja Ese tiene miedo a las agujas,,2024-12-31,0,0
1873928501239439453,2024-12-31 03:05:45+00:00,gender envy de la noche 🏆 pq si no tuviera miedo a las agujas si me haría los snake bites https://t.co/61acSjJIaj,es,0,0,3,0,1853639177411149825,bbqatgs,mate cocido,she/he/they 21 🇦🇷 ,,,,,,twitter_motivos_no_donar_2022-2026.csv,twitter,gender envy de la noche pq si no tuviera miedo a las agujas si me haría los snake bites https://t.co/61acSjJIaj,🏆,2024-12-31,3,0
1873881667930382777,2024-12-30 23:59:39+00:00,Si bien le tengo fobia a las agujas... https://t.co/l2EsNljLOR,es,0,0,1,0,1761093485023592448,Firenze_03,🌹,,,,,,,twitter_motivos_no_donar_2022-2026.csv,twitter,Si bien le tengo fobia a las agujas... https://t.co/l2EsNljLOR,,2024-12-30,1,0
1873818404479787290,2024-12-30 19:48:16+00:00,"Ya no quiero donar ninguna, ayuda. https://t.co/vhpUXrcD3x",es,0,0,1,0,1257291788131368963,Bon_nie8,Ives🧸✨,,,,,,,twitter_motivos_no_donar_2022-2026.csv,twitter,"Ya no quiero donar ninguna, ayuda. https://t.co/vhpUXrcD3x",,2024-12-30,1,0
1873782527816851631,2024-12-30 17:25:42+00:00,@tabacocidios ¿Miedo a las agujas e inyecciones cuenta?,es,0,0,0,0,1588309772310380545,HarryManiaXDUWU,HarryMania,Lima-Perú,,,,,,twitter_motivos_no_donar_2022-2026.csv,twitter,@tabacocidios ¿Miedo a las agujas e inyecciones cuenta?,,2024-12-30,0,0
1873737563648999622,2024-12-30 14:27:02+00:00,@IyorVillan2022 Yo no puedo donar por estar recién operado pero deja pregunto,es,0,1,1,0,1330070592,Yogu_light,Going,Sailing....,,,,,,twitter_motivos_no_donar_2022-2026.csv,twitter,@IyorVillan2022 Yo no puedo donar por estar recién operado pero deja pregunto,,2024-12-30,1,1
1873729203415519293,2024-12-30 13:53:48+00:00,@adornibord Si... Pero tengo miedo a las agujas incluso cuando me sacan sangre por revisión anual me da miedo,es,0,2,1,0,1849192207103787008,BReclutador,HagovReclutador,"Morón, Buenos Aires",,,,,,twitter_motivos_no_donar_2022-2026.csv,twitter,@adornibord Si... Pero tengo miedo a las agujas incluso cuando me sacan sangre por revisión anual me da miedo,,2024-12-30,1,2
1873725793836384374,2024-12-30 13:40:16+00:00,"@floppancho Creo que sabes muy bien lo que diré que ya te lo he dicho como 2 veces anteriores, y yo quiero plata, no tengo y no puedo donar 😔",es,0,1,1,0,1563308017113698304,___Lu_Draws___,𝐿𝑢,𝘈𝘳𝘨𝘦𝘯𝘵𝘪𝘯𝘢 ,,,,,,twitter_motivos_no_donar_2022-2026.csv,twitter,"@floppancho Creo que sabes muy bien lo que diré que ya te lo he dicho como 2 veces anteriores, y yo quiero plata, no tengo y no puedo donar",😔,2024-12-30,1,1
1873624597943443926,2024-12-30 06:58:09+00:00,"@Mavuikasgf_ Espera espera alejate no me toques con esa cosa
(Contexto: estaba haciendo un RPG y mi personaje le tenía miedo a las agujas el pndj le dió una enfermedad y se tenía que vacunar)",es,0,0,0,0,1449397433973235717,Felimon356,...,,,,,,,twitter_motivos_no_donar_2022-2026.csv,twitter,@Mavuikasgf_ Espera espera alejate no me toques con esa cosa (Contexto: estaba haciendo un RPG y mi personaje le tenía miedo a las agujas el pndj le dió una enfermedad y se tenía que vacunar),,2024-12-30,0,0
1873616575145955599,2024-12-30 06:26:16+00:00,no puedo donar porque mi cuenta está en ceros,es,0,0,0,0,1260454608058699778,idreamabtyu,sam (sin contexto)(rairanger),he/him,,,,,,twitter_motivos_no_donar_2022-2026.csv,twitter,no puedo donar porque mi cuenta está en ceros,,2024-12-30,0,0
1873587682951254385,2024-12-30 04:31:27+00:00,"@Thunder_Tenrec 🧡🎗️: –Puedo darte clases Muuuy especiales~–

•Sally besó en la frente a Sonic, insinuando algo ""especial"" xd•

//Finalmente puedo decir que me identifico con goku xd, aunque el que más serias tú por el miedo a las agujas

Y hey no te preocupes (alt) https://t.co/wLNkuXA87n",es,0,0,1,0,1509916263165964290,LirycstarW_Fox,Liryc,Colombia (Tercer mundo) ,,,,,,twitter_motivos_no_donar_2022-2026.csv,twitter,"@Thunder_Tenrec : –Puedo darte clases Muuuy especiales~– •Sally besó en la frente a Sonic, insinuando algo ""especial"" xd• //Finalmente puedo decir que me identifico con goku xd, aunque el que más serias tú por el miedo a las agujas Y hey no te preocupes (alt) https://t.co/wLNkuXA87n",🧡🎗️,2024-12-30,1,0
1873549232323617137,2024-12-30 01:58:40+00:00,"@DannyOrozcus No puedo donar porque aún soy menor de edad, pero me encantaría unirme a la ayuda",es,0,0,2,0,1696971451146870785,quesocrema300_2,Quesocrema 🪦,,,,,,,twitter_motivos_no_donar_2022-2026.csv,twitter,"@DannyOrozcus No puedo donar porque aún soy menor de edad, pero me encantaría unirme a la ayuda",,2024-12-30,2,0
1873456421549039938,2024-12-29 19:49:52+00:00,@kageyamaputo FOBIA A LAS AGUJAS,es,0,0,0,0,1360038498435227650,httpsenjenie,ro 🇦🇷,nineteen,,,,,,twitter_motivos_no_donar_2022-2026.csv,twitter,@kageyamaputo FOBIA A LAS AGUJAS,,2024-12-29,0,0
1873438580196114795,2024-12-29 18:38:58+00:00,"@lolaabraldes nunca te mostré el que me hice , por vos superé mi miedo a las agujas (igual lo estoy pensando seriamente y superar ese miedo) https://t.co/fJ9c5RYLLN",es,0,0,1,0,1854309953546379264,fairycoffeee,Milu🧚🏻‍♂️,gua&tefi ♡,,,,,,twitter_motivos_no_donar_2022-2026.csv,twitter,"@lolaabraldes nunca te mostré el que me hice , por vos superé mi miedo a las agujas (igual lo estoy pensando seriamente y superar ese miedo) https://t.co/fJ9c5RYLLN",,2024-12-29,1,0
1873420068262158352,2024-12-29 17:25:25+00:00,@Lycaon0071 Primero debo vencer mi miedo a las agujas 😅😅😅,es,0,1,0,0,56740597,CorazonD_Cafe,La veci azul 💙,"Bogotá, D.C., Colombia",,,,,,twitter_motivos_no_donar_2022-2026.csv,twitter,@Lycaon0071 Primero debo vencer mi miedo a las agujas,😅😅😅,2024-12-29,0,1
1873419146362491379,2024-12-29 17:21:45+00:00,@Lycaon0071 Sobreponerme a mi miedo a las agujas y hacerme un tatoo,es,0,1,0,0,56740597,CorazonD_Cafe,La veci azul 💙,"Bogotá, D.C., Colombia",,,,,,twitter_motivos_no_donar_2022-2026.csv,twitter,@Lycaon0071 Sobreponerme a mi miedo a las agujas y hacerme un tatoo,,2024-12-29,0,1
1873165088875839884,2024-12-29 00:32:13+00:00,@Cristhi32768159 @EnsedeCiencia Eso no existe. Lo inventaron los q le tienen miedo a las agujas porque cochinamente usan el cancer como medio para alarmar a la gente. Saben q todos le temen al cancer así q lo temen como argumento falso para aparentar tener razón.,es,0,0,1,0,1185726055191142402,PerroPeri,sinbrillo,Peor es nada,,,,,,twitter_motivos_no_donar_2022-2026.csv,twitter,@Cristhi32768159 @EnsedeCiencia Eso no existe. Lo inventaron los q le tienen miedo a las agujas porque cochinamente usan el cancer como medio para alarmar a la gente. Saben q todos le temen al cancer así q lo temen como argumento falso para aparentar tener razón.,,2024-12-29,1,0
1873159589283414319,2024-12-29 00:10:22+00:00,"pw: tengo fimosis, así que no me puedo hacer un piercing ahí

s: que?

pw: fimosis no es miedo a las agujas?",es,0,0,0,0,1821131704180076553,dianadpresion,diana 🌻✨,,,,,,,twitter_motivos_no_donar_2022-2026.csv,twitter,"pw: tengo fimosis, así que no me puedo hacer un piercing ahí s: que? pw: fimosis no es miedo a las agujas?",,2024-12-29,0,0
1873100623597785271,2024-12-28 20:16:03+00:00,"@CeldranArkangel La cuestión que yo me planteo...
 Que dolor ni hostias... Los picotazos tampoco duelen tanto.. a no ser que le tengas miedo a las agujas 😬😬",es,0,0,1,0,1077531809997615104,thehonestyloss,TheHonestyLoss,,,,,,,twitter_motivos_no_donar_2022-2026.csv,twitter,@CeldranArkangel La cuestión que yo me planteo... Que dolor ni hostias... Los picotazos tampoco duelen tanto.. a no ser que le tengas miedo a las agujas,😬😬,2024-12-28,1,0
1873080547309961526,2024-12-28 18:56:17+00:00,NO QUIERO DONAR ESQUIZOFRÉNICA PERO SKZ CREO QUE SKZ NO TIENE NINGUN TEMA QUE EMPIECE CON P Y ESO ME ESTA PONIENDO NERVIOSA,es,0,11,16,7,1074163129968443392,mindonsatur,min ✧*。!!!,she/her  ,,,,,,twitter_motivos_no_donar_2022-2026.csv,twitter,NO QUIERO DONAR ESQUIZOFRÉNICA PERO SKZ CREO QUE SKZ NO TIENE NINGUN TEMA QUE EMPIECE CON P Y ESO ME ESTA PONIENDO NERVIOSA,,2024-12-28,16,11
1872829809967153560,2024-12-28 02:19:56+00:00,"no quiero ir, le tengo miedo a las agujas 😭😭😭",es,0,1,0,0,1543292948560896002,_jklvsme,𝅄 Ani ꣑ৎ ࣪𓈒,,,,,,,twitter_motivos_no_donar_2022-2026.csv,twitter,"no quiero ir, le tengo miedo a las agujas",😭😭😭,2024-12-28,0,1
1872827483202175103,2024-12-28 02:10:42+00:00,"@pawcat555 Yo tmb le tengo miedo a las agujas, me dan demasiado miedo😟",es,0,0,1,0,1871713138397315072,mwimao_,𝓜ao ‎ ‎,۶ৎ    ㅤelㅤ,,,,,,twitter_motivos_no_donar_2022-2026.csv,twitter,"@pawcat555 Yo tmb le tengo miedo a las agujas, me dan demasiado miedo",😟,2024-12-28,1,0
1872714249178665341,2024-12-27 18:40:45+00:00,como olvidar la vez que cuando me pusieron y estaba re histérica porque le tengo fobia a las agujas la vieja chota de la enfermera dijo ayy controla el carácter que asi nunca vas a tener novioo https://t.co/5aVUas97Uq,es,0,2,31,0,758465300765573120,daeiznt,dya,,,,,,,twitter_motivos_no_donar_2022-2026.csv,twitter,como olvidar la vez que cuando me pusieron y estaba re histérica porque le tengo fobia a las agujas la vieja chota de la enfermera dijo ayy controla el carácter que asi nunca vas a tener novioo https://t.co/5aVUas97Uq,,2024-12-27,31,2
1872713230902321267,2024-12-27 18:36:42+00:00,"@kadito_sg Yoooo! Y no me haría tampoco, le tengo miedo a las agujas, me pone nerviosa sacarme sangre o vacunarme, así que doy por hecho que NUNCA me haría uno.
Pero en otros me gusta, no cuando exageran... pero me gustan.",es,0,0,0,0,297109536,SolAltamirano_,Sol ♥,"Buenos Aires, Argentina",,,,,,twitter_motivos_no_donar_2022-2026.csv,twitter,"@kadito_sg Yoooo! Y no me haría tampoco, le tengo miedo a las agujas, me pone nerviosa sacarme sangre o vacunarme, así que doy por hecho que NUNCA me haría uno. Pero en otros me gusta, no cuando exageran... pero me gustan.",,2024-12-27,0,0
1872572191809941960,2024-12-27 09:16:15+00:00,"@Jebienestar Si tuviera varias cosas. Hipnoterapia por trastorno de ansiedad, depresión, insomnio, fobia a las agujas, pensamientos intrusivos, eyaculación precoz, controlar el peso, timidez, dificultad para concentrarse, pereza. Todo eso podría tratarse en una misma sesión? O Individual??",es,0,0,0,0,934939994736742400,kevinfdezsmiler,Kɛʋɨռċɨtɦ'օ SMłLΞЯ,Brasil,,,,,,twitter_motivos_no_donar_2022-2026.csv,twitter,"@Jebienestar Si tuviera varias cosas. Hipnoterapia por trastorno de ansiedad, depresión, insomnio, fobia a las agujas, pensamientos intrusivos, eyaculación precoz, controlar el peso, timidez, dificultad para concentrarse, pereza. Todo eso podría tratarse en una misma sesión? O Individual??",,2024-12-27,0,0
1872516172488565157,2024-12-27 05:33:39+00:00,"@MoonLauren_ Yo antes era esa pero una vez tuve una operación de urgencias y curaciones diarias durante 22 días y perdí el miedo a las agujas, te mando las mejores vibras para que puedas superar ese miedo de una manera bonita 🩷",es,0,1,1,0,1765196439498436608,menabooksr,Mena 🪿,,,,,,,twitter_motivos_no_donar_2022-2026.csv,twitter,"@MoonLauren_ Yo antes era esa pero una vez tuve una operación de urgencias y curaciones diarias durante 22 días y perdí el miedo a las agujas, te mando las mejores vibras para que puedas superar ese miedo de una manera bonita",🩷,2024-12-27,1,1
1872468750437630085,2024-12-27 02:25:13+00:00,"Si este hombre en 2026 gana la 33 me tatuó el número 14 o 33. 

(Le tengo miedo a las agujas) 
(Tuit fijado) https://t.co/zscXr6nohn",es,1,0,6,0,1602519381052882949,AlonSoFast,AlonSoFast,Everywhere,,,,,,twitter_motivos_no_donar_2022-2026.csv,twitter,Si este hombre en 2026 gana la 33 me tatuó el número 14 o 33. (Le tengo miedo a las agujas) (Tuit fijado) https://t.co/zscXr6nohn,,2024-12-27,6,0
1872455051245146249,2024-12-27 01:30:47+00:00,"Mi hermanito ya sabe colocar ampolla, recuerdo su miedo a las agujas el primer día, pero su empatía de querer verme mejor y sin dolor fueron más fuerte para aprender, si yo me enfermo, mi confianza está en él🥰",es,0,0,0,0,1607626243213492225,castillo_saboya,estef,,,,,,,twitter_motivos_no_donar_2022-2026.csv,twitter,"Mi hermanito ya sabe colocar ampolla, recuerdo su miedo a las agujas el primer día, pero su empatía de querer verme mejor y sin dolor fueron más fuerte para aprender, si yo me enfermo, mi confianza está en él",🥰,2024-12-27,0,0
1872321426616975541,2024-12-26 16:39:48+00:00,estoy viendo pulp fiction y no está ayudando nada a mi miedo a las agujas,es,0,0,0,0,1456361817081589765,TuiteraNPCNVC2,vale🪲🤺💥,28 ,,,,,,twitter_motivos_no_donar_2022-2026.csv,twitter,estoy viendo pulp fiction y no está ayudando nada a mi miedo a las agujas,,2024-12-26,0,0
1872244403190038878,2024-12-26 11:33:44+00:00,lpm le tengo fobia a las agujas y acá estoy x sacarme sangre en 5 me desmayo https://t.co/w7I8d56ORz,es,0,0,0,0,1235337621301325824,femianaju,ju,arg ,,,,,,twitter_motivos_no_donar_2022-2026.csv,twitter,lpm le tengo fobia a las agujas y acá estoy x sacarme sangre en 5 me desmayo https://t.co/w7I8d56ORz,,2024-12-26,0,0
1872033636498964879,2024-12-25 21:36:14+00:00,¿Se escapan? ¿por miedo a las agujas? #nv,es,0,0,2,0,1849418461534998529,savaluno,𝕿𝐡𝐢𝐚𝐠𝐨 𝔄. 𝑺𝖆𝖛𝖆𝖑𝖚𝖓𝖔,lasthxperol,,,,,,twitter_motivos_no_donar_2022-2026.csv,twitter,¿Se escapan? ¿por miedo a las agujas? #nv,,2024-12-25,2,0
1872010736471539794,2024-12-25 20:05:14+00:00,yo kwriendo aprender a cocer aun saviendo q le tenfo fobia a las agujas i las maquinas de cocer me asustan,es,0,1,1,0,1464828501241040897,momazosboothill,kai ♡ boothill's wife,theyノ19yo ★ ic myperuere !,,,,,,twitter_motivos_no_donar_2022-2026.csv,twitter,yo kwriendo aprender a cocer aun saviendo q le tenfo fobia a las agujas i las maquinas de cocer me asustan,,2024-12-25,1,1
1871631513772765297,2024-12-24 18:58:20+00:00,"mae que vergüenza yo y mi miedo a las agujas, parezco una chiquita de 2 años 🥲",es,0,0,0,0,898385627024150528,arialvarado__,ari,,,,,,,twitter_motivos_no_donar_2022-2026.csv,twitter,"mae que vergüenza yo y mi miedo a las agujas, parezco una chiquita de 2 años",🥲,2024-12-24,0,0
1871557575436824846,2024-12-24 14:04:32+00:00,"En otra cuenta de Twitter estoy compartiendo puros gofundme the personas en Gaza pero quizás hoy haga un hilo de varios también. 

No puse nada por acá porque realmente no quiero tener crédito sobre eso, sólo quiero compartir ya que no puedo donar por el momento.",es,0,1,0,0,2830666087,cainnavis,caín,,,,,,,twitter_motivos_no_donar_2022-2026.csv,twitter,"En otra cuenta de Twitter estoy compartiendo puros gofundme the personas en Gaza pero quizás hoy haga un hilo de varios también. No puse nada por acá porque realmente no quiero tener crédito sobre eso, sólo quiero compartir ya que no puedo donar por el momento.",,2024-12-24,0,1
1871413821509951877,2024-12-24 04:33:18+00:00,no importa mi miedo a las agujas tráiganme un tatuador para AYER https://t.co/H5ZW3ZgLe4,es,0,0,0,0,1767944470383755264,strgirl997,milu. ✩,TDT,,,,,,twitter_motivos_no_donar_2022-2026.csv,twitter,no importa mi miedo a las agujas tráiganme un tatuador para AYER https://t.co/H5ZW3ZgLe4,,2024-12-24,0,0
1871340287081287774,2024-12-23 23:41:06+00:00,"La valentía no es cosas como no tener miedo a las agujas, o a la oscuridades. La verdadera valentía es coraje, es afrontar y encarar directamente las situaciones y problemas personales difíciles con voluntad y frente a frente.",es,0,0,3,0,1386383583271690243,SoyElHito,Hito,Culombia,,,,,,twitter_motivos_no_donar_2022-2026.csv,twitter,"La valentía no es cosas como no tener miedo a las agujas, o a la oscuridades. La verdadera valentía es coraje, es afrontar y encarar directamente las situaciones y problemas personales difíciles con voluntad y frente a frente.",,2024-12-23,3,0
1871327043155370489,2024-12-23 22:48:29+00:00,Coser a mano me va a quitar la fobia a las agujas y la sangre de todas las veces que me estoy pinchando,es,0,1,0,0,4820942050,nover2kk,nover,,,,,,,twitter_motivos_no_donar_2022-2026.csv,twitter,Coser a mano me va a quitar la fobia a las agujas y la sangre de todas las veces que me estoy pinchando,,2024-12-23,0,1
1871312843653742942,2024-12-23 21:52:03+00:00,@matebelmonte para que no estés triste puedo superar mi miedo a las agujas por vos 🥺❤️ https://t.co/SAsJuw6ffP,es,0,1,0,0,1854309953546379264,fairycoffeee,Milu🧚🏻‍♂️,gua&tefi ♡,,,,,,twitter_motivos_no_donar_2022-2026.csv,twitter,@matebelmonte para que no estés triste puedo superar mi miedo a las agujas por vos https://t.co/SAsJuw6ffP,🥺❤️,2024-12-23,0,1
1871233702946373715,2024-12-23 16:37:35+00:00,"@beombizcocho Les tengo miedo a las agujas de la vacunas pero me puedo sacar 40 veces sangre q la paso bien, ahora el dentista es lo peor q me puede pasar, la paso re mal",es,0,1,1,0,1144469867141181440,matambrepizzero,EL GIN TONIC DE MAX VERSTAPPEN,En La Loma del Orto,,,,,,twitter_motivos_no_donar_2022-2026.csv,twitter,"@beombizcocho Les tengo miedo a las agujas de la vacunas pero me puedo sacar 40 veces sangre q la paso bien, ahora el dentista es lo peor q me puede pasar, la paso re mal",,2024-12-23,1,1
1871181045594493125,2024-12-23 13:08:20+00:00,Dios mío yo pq le tengo tanto miedo a las agujas 😞,es,0,0,0,0,1368216889328087040,santicerdito,santi lopez,"Bogotá, D.C., Colombia",,,,,,twitter_motivos_no_donar_2022-2026.csv,twitter,Dios mío yo pq le tengo tanto miedo a las agujas,😞,2024-12-23,0,0
1871143161809993808,2024-12-23 10:37:48+00:00,@guardiacivil No puedo donar 😢,es,0,0,0,0,245672762,Notengoluces,@Sad_B0y,Alacant,,,,,,twitter_motivos_no_donar_2022-2026.csv,twitter,@guardiacivil No puedo donar,😢,2024-12-23,0,0
1871046347065094367,2024-12-23 04:13:06+00:00,@ddulllc Yo y mi hermano ninguna (el le tiene miedo a las agujas) mi mamá una sola vez estuvo con fiebre y escalofríos muy fuertes por dos días dijo no se iba a poner ninguna más porque la hizo bolsa 🙅🏻‍♀️,es,0,0,0,0,1530281616001466369,SMilercrazyboom,Isabella💜🇦🇷,,,,,,,twitter_motivos_no_donar_2022-2026.csv,twitter,@ddulllc Yo y mi hermano ninguna (el le tiene miedo a las agujas) mi mamá una sola vez estuvo con fiebre y escalofríos muy fuertes por dos días dijo no se iba a poner ninguna más porque la hizo bolsa ‍,🙅🏻 ♀️,2024-12-23,0,0
1871013407333503307,2024-12-23 02:02:12+00:00,mi mamá con fobia a las agujas de tatuó mi nombre así que no espero menos...,es,0,0,5,0,1576107692434808832,aarontamborelli,aarón,"Chaco, Argentina",,,,,,twitter_motivos_no_donar_2022-2026.csv,twitter,mi mamá con fobia a las agujas de tatuó mi nombre así que no espero menos...,,2024-12-23,5,0
1871009412342755498,2024-12-23 01:46:20+00:00,"Le tengo miedo a las agujas? Si
Me quiero perforar y tatuar? También",es,0,1,0,0,1383914877329108994,sunshine_soff,Sofía,"Sincelejo, Colombia",,,,,,twitter_motivos_no_donar_2022-2026.csv,twitter,Le tengo miedo a las agujas? Si Me quiero perforar y tatuar? También,,2024-12-23,0,1
1871000450406756732,2024-12-23 01:10:43+00:00,hola no quiero donar loca psiquiátrica pero ojala un trio con ekko y jinx saludos,es,0,0,2,0,1672224478837735424,elliessgff,Misii 🫧,de rosario y de central ;),,,,,,twitter_motivos_no_donar_2022-2026.csv,twitter,hola no quiero donar loca psiquiátrica pero ojala un trio con ekko y jinx saludos,,2024-12-23,2,0
1870945101687742883,2024-12-22 21:30:47+00:00,@li_V_ly De hecho si solo me tatuaría algo de ellos pero mi miedo a las agujas no me ha dejado,es,0,1,1,0,1569530886844198912,SugaminVk7,⟭⟬ 𝚂𝚞𝚗𝙺𝚒𝚖 ⊙⊝⊜ ⟬⟭,,,,,,,twitter_motivos_no_donar_2022-2026.csv,twitter,@li_V_ly De hecho si solo me tatuaría algo de ellos pero mi miedo a las agujas no me ha dejado,,2024-12-22,1,1
1870924575631974509,2024-12-22 20:09:13+00:00,Mi amiga necesita donadores de sangre para su madre y yo con anemia no puedo donar 😭💔,es,0,0,0,0,1556341045201444864,daiana882862531,DEM,,,,,,,twitter_motivos_no_donar_2022-2026.csv,twitter,Mi amiga necesita donadores de sangre para su madre y yo con anemia no puedo donar,😭💔,2024-12-22,0,0
1870922046563340665,2024-12-22 19:59:10+00:00,"@user64732929 lo que no sabes es que los que dicen castigo fantasy son personas que le tienen miedo a las agujas y ni de coña se harían un tatuaje, por eso lo dicen",es,0,1,0,0,1102336186503385088,C131Angel,L♡veStar,en underwater,,,,,,twitter_motivos_no_donar_2022-2026.csv,twitter,"@user64732929 lo que no sabes es que los que dicen castigo fantasy son personas que le tienen miedo a las agujas y ni de coña se harían un tatuaje, por eso lo dicen",,2024-12-22,0,1
1870891654464651391,2024-12-22 17:58:24+00:00,"Esta estudiando medicina y le tiene miedo a las agujas 

Everyone point and laugh https://t.co/QYzt9eSuzS https://t.co/aL7x0Dm14o",es,0,2,10,0,1389581265620377609,Dan_LH44,Dani,6-12-43-44 / 11-20-93,,,,,,twitter_motivos_no_donar_2022-2026.csv,twitter,Esta estudiando medicina y le tiene miedo a las agujas Everyone point and laugh https://t.co/QYzt9eSuzS https://t.co/aL7x0Dm14o,,2024-12-22,10,2
1870822146181902760,2024-12-22 13:22:12+00:00,"@AlChivani @ansgario @DonasangreCruzR @CruzRojaEsp Yo no puedo donar, no admiten sangre azul. https://t.co/1QY9TaDRpW",es,0,1,1,0,2341207943,delamojoseluis,José Luis del Amo,"Madrid , España",,,,,,twitter_motivos_no_donar_2022-2026.csv,twitter,"@AlChivani @ansgario @DonasangreCruzR @CruzRojaEsp Yo no puedo donar, no admiten sangre azul. https://t.co/1QY9TaDRpW",,2024-12-22,1,1
1870810451413725411,2024-12-22 12:35:44+00:00,"Buenas noticias para quienes tienen fobia a las agujas: los científicos han inventado una “crema” de vacunas que se aplica sobre la piel. Según las investigaciones, este método alternativo podría desencadenar la misma respuesta inmunitaria que una inyección normal.",es,1,2,4,0,1501582959991734279,AsimovIsaac1919,Miguel A.🐭,"Málaga, España",,,,,,twitter_motivos_no_donar_2022-2026.csv,twitter,"Buenas noticias para quienes tienen fobia a las agujas: los científicos han inventado una “crema” de vacunas que se aplica sobre la piel. Según las investigaciones, este método alternativo podría desencadenar la misma respuesta inmunitaria que una inyección normal.",,2024-12-22,4,2
1870622940766843000,2024-12-22 00:10:38+00:00,@ChivasUniverse Para mi que le tiene miedo a las agujas y no se queria hacer los examenes medicos,es,0,0,2,0,805737908,Montannaa666,Mr Montanna,,,,,,,twitter_motivos_no_donar_2022-2026.csv,twitter,@ChivasUniverse Para mi que le tiene miedo a las agujas y no se queria hacer los examenes medicos,,2024-12-22,2,0
1870556093409280055,2024-12-21 19:45:00+00:00,"@mimivvev ask m paso, y m puse  a llorar pq le tengo miedo a las agujas, la enfermera se porto muy bien conmigo incluso me dio una paleta y una curita de panda 😭💗",es,0,0,0,0,1327480386096685056,milii_berry,๋࣭ ⭑choko.mili .ᐟ,escapada del psiquiátrico ,,,,,,twitter_motivos_no_donar_2022-2026.csv,twitter,"@mimivvev ask m paso, y m puse a llorar pq le tengo miedo a las agujas, la enfermera se porto muy bien conmigo incluso me dio una paleta y una curita de panda",😭💗,2024-12-21,0,0
1870467260835344725,2024-12-21 13:52:01+00:00,@Monigiri_ Si no tuviera miedo a las agujas me hago el de pochita AJAAJAJ,es,0,1,0,0,845666892194963456,Adrix19771,Adrix,,,,,,,twitter_motivos_no_donar_2022-2026.csv,twitter,@Monigiri_ Si no tuviera miedo a las agujas me hago el de pochita AJAAJAJ,,2024-12-21,0,1
1870448451630293093,2024-12-21 12:37:16+00:00,"@juliansspaez Me importa una gonorrea si usted le tiene miedo a las agujas o no, le pagan por eso y, sin embargo, se arrastra por la cancha y siempre es superado por los pivotes rivales en el área. Y si es por hacer esas cosas, su merced Jimmy se inyecta suero todos los días.",es,0,1,1,0,1362811446208442376,olynautas,Olynautas,,,,,,,twitter_motivos_no_donar_2022-2026.csv,twitter,"@juliansspaez Me importa una gonorrea si usted le tiene miedo a las agujas o no, le pagan por eso y, sin embargo, se arrastra por la cancha y siempre es superado por los pivotes rivales en el área. Y si es por hacer esas cosas, su merced Jimmy se inyecta suero todos los días.",,2024-12-21,1,1
1870415580714467749,2024-12-21 10:26:39+00:00,"@BastionUrbano Yo recibi un trasplante de cornea hace poco asi que por protocolo no puedo donar hasta que pase el año.

Ya que estamos tambien queria avisar que el Hospital De Clinicas esta necesitando urgente dadores de sangre, se estan quedando sin reservas.",es,0,0,2,0,1740265413944938496,tzsebastian997,Sebastian Tellez Fuentes,,,,,,,twitter_motivos_no_donar_2022-2026.csv,twitter,"@BastionUrbano Yo recibi un trasplante de cornea hace poco asi que por protocolo no puedo donar hasta que pase el año. Ya que estamos tambien queria avisar que el Hospital De Clinicas esta necesitando urgente dadores de sangre, se estan quedando sin reservas.",,2024-12-21,2,0
1870393402795151468,2024-12-21 08:58:32+00:00,"Reto novela.
En este capítulo abordo el tema del miedo. ¿Cómo mostrar el miedo? ¿Qué tipos de miedo existen? ¿Dónde se esconde el miedo? Desde el miedo a las agujas al miedo a enfrentarse a una infidelidad.",es,0,0,0,0,1810301146977931264,Marcfg89,Marc,"Barcelona, España",,,,,,twitter_motivos_no_donar_2022-2026.csv,twitter,Reto novela. En este capítulo abordo el tema del miedo. ¿Cómo mostrar el miedo? ¿Qué tipos de miedo existen? ¿Dónde se esconde el miedo? Desde el miedo a las agujas al miedo a enfrentarse a una infidelidad.,,2024-12-21,0,0
1870197775712866570,2024-12-20 20:01:10+00:00,"Toda mi vida le he tenido miedo a las agujas y operaciones, pero últimamente quiero demasiado una lipomarcación abdominal 🥹. Dios mio sácame esos pensamientos de la cabeza!",es,0,0,0,0,271020625,adriiM18,Adrianna 🌿,"𝗠𝗲́𝗿𝗶𝗱𝗮, 𝗩𝘇𝗹𝗮.",,,,,,twitter_motivos_no_donar_2022-2026.csv,twitter,"Toda mi vida le he tenido miedo a las agujas y operaciones, pero últimamente quiero demasiado una lipomarcación abdominal . Dios mio sácame esos pensamientos de la cabeza!",🥹,2024-12-20,0,0
1870157583753064679,2024-12-20 17:21:28+00:00,perdón yo ni loca le presto mi piel le tengo miedo a las agujas tengo traumas https://t.co/5xd9Wdbj1n,es,0,0,4,0,1580687759747981313,sinead_230,𝐒𝐈𝐍𝐄𝐀𝐃,✤　18 ：she,,,,,,twitter_motivos_no_donar_2022-2026.csv,twitter,perdón yo ni loca le presto mi piel le tengo miedo a las agujas tengo traumas https://t.co/5xd9Wdbj1n,,2024-12-20,4,0
1870153615249219671,2024-12-20 17:05:42+00:00,@MRQUXXN ¿Tan grandote y con miedo a las agujas?,es,0,0,0,0,1337414114407297026,bigspocn,Nicky Nelson,╱ roleplay,,,,,,twitter_motivos_no_donar_2022-2026.csv,twitter,@MRQUXXN ¿Tan grandote y con miedo a las agujas?,,2024-12-20,0,0
1870120959770013731,2024-12-20 14:55:56+00:00,"@viejitoaburrioo Le tengo miedo a las agujas en vd, no",es,0,0,1,0,1138416155285229568,ifiwasaboyyy,coach,,,,,,,twitter_motivos_no_donar_2022-2026.csv,twitter,"@viejitoaburrioo Le tengo miedo a las agujas en vd, no",,2024-12-20,1,0
1870073985851109457,2024-12-20 11:49:17+00:00,"Quise hacer un acto de bien e ir a donar sangre, resulta que no puedo donar, escuchen esto, PORQUE TENGO LAS VENAS MUY CHIQUITAS, NECESITO MAYUSCULAS MÁS GRANDES!!!!!",es,0,1,0,0,171659044,DetzelAmorina,A M O .,Argentina,,,,,,twitter_motivos_no_donar_2022-2026.csv,twitter,"Quise hacer un acto de bien e ir a donar sangre, resulta que no puedo donar, escuchen esto, PORQUE TENGO LAS VENAS MUY CHIQUITAS, NECESITO MAYUSCULAS MÁS GRANDES!!!!!",,2024-12-20,0,1
1870064744977068133,2024-12-20 11:12:33+00:00,"@L3tCraft @mjjaranava @juegaterapia Este año será el primero que no puedo donar dinero porque no tengo mucho, pero al menos lo comparto a tope! Grandes",es,0,0,1,0,4896294209,cristianmm97__,『Cristian』,Jardín de Balamb,,,,,,twitter_motivos_no_donar_2022-2026.csv,twitter,"@L3tCraft @mjjaranava @juegaterapia Este año será el primero que no puedo donar dinero porque no tengo mucho, pero al menos lo comparto a tope! Grandes",,2024-12-20,1,0
1869942370021597566,2024-12-20 03:06:17+00:00,"La cosa más madura que hize hoy fue ponerme una inyección sin llorar, me hize la fuerte encima yo le tengo un pokis de miedo a las agujas",es,0,0,1,0,1420931755951919109,eclipsjae,ashy,she/her,,,,,,twitter_motivos_no_donar_2022-2026.csv,twitter,"La cosa más madura que hize hoy fue ponerme una inyección sin llorar, me hize la fuerte encima yo le tengo un pokis de miedo a las agujas",,2024-12-20,1,0
1869925956703625459,2024-12-20 02:01:04+00:00,"@caroleen_alogue Pues que te digo … me hicieron un injerto de hueso y no puedo donar, ni me puedo vacunar de nada y le dije eso a ese guey y me dijo “no te preocupes” y se muere su tío y ya soy yo el de la culpa.",es,0,1,0,0,964359659908825088,ozsanmar04,☬ ÖzSanMar ☬ ,"No Soy de Aqui, Ni Soy de Alla",,,,,,twitter_motivos_no_donar_2022-2026.csv,twitter,"@caroleen_alogue Pues que te digo … me hicieron un injerto de hueso y no puedo donar, ni me puedo vacunar de nada y le dije eso a ese guey y me dijo “no te preocupes” y se muere su tío y ya soy yo el de la culpa.",,2024-12-20,0,1
1869908664611422422,2024-12-20 00:52:21+00:00,me preguntan q ake le tengo miedo y no puedo decir q a ser gordo entonces digo q le tengo miedo a las agujas,es,0,0,1,0,1854358595632033796,ghcrcy_eon,ciro,,,,,,,twitter_motivos_no_donar_2022-2026.csv,twitter,me preguntan q ake le tengo miedo y no puedo decir q a ser gordo entonces digo q le tengo miedo a las agujas,,2024-12-20,1,0
1869829115253297604,2024-12-19 19:36:15+00:00,"@DiegoMarVGG @JMilei Pues si, me he vacunado varias veces de niño y de adulto, porque no le tengo miedo a las agujas desde los 6 años

Pero si dudas tanto de las vacunas, te invito a que te dejes morder por un perro rabioso y NO te vacunes despues, veamos lo qie pasa no?",es,0,2,0,0,1741975185127854080,cosacosacosa321,Jose,,,,,,,twitter_motivos_no_donar_2022-2026.csv,twitter,"@DiegoMarVGG @JMilei Pues si, me he vacunado varias veces de niño y de adulto, porque no le tengo miedo a las agujas desde los 6 años Pero si dudas tanto de las vacunas, te invito a que te dejes morder por un perro rabioso y NO te vacunes despues, veamos lo qie pasa no?",,2024-12-19,0,2
1869747402569290199,2024-12-19 14:11:33+00:00,"@Nel_Reyerta Yo hasta el 2 de enero no puedo donar (cosas de tatuajes jaja) pero el 26 de ese mes tenemos campaña en el instituto. 
PD. Los pabellones son preciosos",es,0,1,2,0,449643432,PaulaPerezOti,Paula Pérez Otí 🍏,Liérganes (Cantabria) ,,,,,,twitter_motivos_no_donar_2022-2026.csv,twitter,@Nel_Reyerta Yo hasta el 2 de enero no puedo donar (cosas de tatuajes jaja) pero el 26 de ese mes tenemos campaña en el instituto. PD. Los pabellones son preciosos,,2024-12-19,2,1
1869597713953894683,2024-12-19 04:16:45+00:00,"@SirHijoDPuta Que bobada, lo mejor es pasarse suero intravenoso, lo que se inventan por miedo a las agujas.",es,0,0,1,0,1048697570418151426,willis3313,Anna,CDMX ,,,,,,twitter_motivos_no_donar_2022-2026.csv,twitter,"@SirHijoDPuta Que bobada, lo mejor es pasarse suero intravenoso, lo que se inventan por miedo a las agujas.",,2024-12-19,1,0
1869576455237329059,2024-12-19 02:52:16+00:00,con hoy ya le perdí un poco el miedo a las agujas,es,0,0,0,0,503202291,sparkly_lin,lina,col/kr,,,,,,twitter_motivos_no_donar_2022-2026.csv,twitter,con hoy ya le perdí un poco el miedo a las agujas,,2024-12-19,0,0
1869550333984391451,2024-12-19 01:08:28+00:00,No mi miedo a las agujas siendo superado por mi lado masoquista,es,0,0,1,0,1349245677268832258,heterontt,boytoy,"Monterrey, Nuevo León",,,,,,twitter_motivos_no_donar_2022-2026.csv,twitter,No mi miedo a las agujas siendo superado por mi lado masoquista,,2024-12-19,1,0
1869530092495679888,2024-12-18 23:48:02+00:00,"@Ahllen_T @hayanengire @confesionesMCR_ SIIIII
Es muuuuy ironico el hecho de que él tenga tremendo cat energy pero sea tan alergico a los gatos que se tuvo que inyectar (con miedo a las agujas, encima) para tener gatos solo porque su hija quería.
El mejor papá con cat energy del mundo.",es,0,1,3,0,1211130117478436864,Chofis_Aquino,Chofis💕ok🏠,,,,,,,twitter_motivos_no_donar_2022-2026.csv,twitter,"@Ahllen_T @hayanengire @confesionesMCR_ SIIIII Es muuuuy ironico el hecho de que él tenga tremendo cat energy pero sea tan alergico a los gatos que se tuvo que inyectar (con miedo a las agujas, encima) para tener gatos solo porque su hija quería. El mejor papá con cat energy del mundo.",,2024-12-18,3,1
1869517392273199421,2024-12-18 22:57:34+00:00,"Las enfermeras que se encargan en tomar muestras en niños deberían tener una preparación para aquellos niños con miedo a las agujas, ¿Crees que agarrando a la niña a la fuerza  es mejor que calmarla? Podrás tomar la muestra si la agarran entre 3 pero eso solo aumentará su trauma.",es,0,2,5,0,218669183,Andharna,Angel🥀,Colombia ,,,,,,twitter_motivos_no_donar_2022-2026.csv,twitter,"Las enfermeras que se encargan en tomar muestras en niños deberían tener una preparación para aquellos niños con miedo a las agujas, ¿Crees que agarrando a la niña a la fuerza es mejor que calmarla? Podrás tomar la muestra si la agarran entre 3 pero eso solo aumentará su trauma.",,2024-12-18,5,2
1869406916998554045,2024-12-18 15:38:35+00:00,@PsicosexologaM Yo no puedo donar pero comparto.,es,0,1,1,0,1073628396230463489,YeyaDya,Deya,En mi cabeza ,,,,,,twitter_motivos_no_donar_2022-2026.csv,twitter,@PsicosexologaM Yo no puedo donar pero comparto.,,2024-12-18,1,1
1869399370128630203,2024-12-18 15:08:36+00:00,"Me acabo de enterar de que ya no puedo donar médula ósea, y mira que lo tuve en mente en algún momento. Entre 18 y 40 años. Si estás ahí, piénsalo.",es,0,0,1,0,1693372141285023744,RaulMelero14,RaulMelero14,,,,,,,twitter_motivos_no_donar_2022-2026.csv,twitter,"Me acabo de enterar de que ya no puedo donar médula ósea, y mira que lo tuve en mente en algún momento. Entre 18 y 40 años. Si estás ahí, piénsalo.",,2024-12-18,1,0
2006423162142208249,2025-12-31 17:52:14+00:00,@nogard790 @EsTendenciaEnX Si no te podes cargar vos solo sos el eslabón mas debil junto a los que le tienen miedo a las agujas,es,0,1,2,0,1158848790109065219,Jack2350_tpr9,Jack Ripper,"Find mich, wenn du kannst",,,,,,twitter_motivos_no_donar_2022-2026.csv,twitter,@nogard790 @EsTendenciaEnX Si no te podes cargar vos solo sos el eslabón mas debil junto a los que le tienen miedo a las agujas,,2025-12-31,2,1
2006150833985966522,2025-12-30 23:50:05+00:00,@DannyOrozcus Mrd no puedo donar https://t.co/UPWdeVzwJY,es,0,1,1,0,1659638454051905536,SkyGuy_04,SkyGuy,earth,,,,,,twitter_motivos_no_donar_2022-2026.csv,twitter,@DannyOrozcus Mrd no puedo donar https://t.co/UPWdeVzwJY,,2025-12-30,1,1
2006104279354921128,2025-12-30 20:45:06+00:00,"@ImNalia_ Yo ya no puedo donar pero sí, es importante.",es,0,0,0,0,1093963127484485634,LuisMig25399404,La Llama que llama y vuelve a llamar.,Tus sueños,,,,,,twitter_motivos_no_donar_2022-2026.csv,twitter,"@ImNalia_ Yo ya no puedo donar pero sí, es importante.",,2025-12-30,0,0
2006046294939242707,2025-12-30 16:54:41+00:00,quiero hacerme el labret o el d la ceja pero le tengo una r fobia a las agujas https://t.co/lf8nIKgKqw,es,0,0,0,0,1986202033129725955,YkslyAb,avriil,"la loma del orto, a la vuelta",,,,,,twitter_motivos_no_donar_2022-2026.csv,twitter,quiero hacerme el labret o el d la ceja pero le tengo una r fobia a las agujas https://t.co/lf8nIKgKqw,,2025-12-30,0,0
2006044111191626130,2025-12-30 16:46:01+00:00,"@ImNalia_ Tras mi segundo embarazo no me dejan donar, y al principio lo llevé bastante mal, porque como dices, no cuesta nada (a no ser que tengas fobia a las agujas y eso) y a mí personalmente me hacía sentir muy bien. Hay gente cuya que depende de ello.",es,0,0,0,0,1950141845964759040,YoMisma44280190,Apatheia,Probablemente en el sofá.,,,,,,twitter_motivos_no_donar_2022-2026.csv,twitter,"@ImNalia_ Tras mi segundo embarazo no me dejan donar, y al principio lo llevé bastante mal, porque como dices, no cuesta nada (a no ser que tengas fobia a las agujas y eso) y a mí personalmente me hacía sentir muy bien. Hay gente cuya que depende de ello.",,2025-12-30,0,0
2005898636933108055,2025-12-30 07:07:57+00:00,A qué edad a uno se le quita el miedo a las agujas? Pregunta sería jajajaja le tengo pánico a que me canalicen!,es,0,0,0,0,222605367,Aureliana2307,Aureliana 🌻,,,,,,,twitter_motivos_no_donar_2022-2026.csv,twitter,A qué edad a uno se le quita el miedo a las agujas? Pregunta sería jajajaja le tengo pánico a que me canalicen!,,2025-12-30,0,0
2005784230870278484,2025-12-29 23:33:20+00:00,"no puedo donar pero comparto, por ahí vos podés o conocés a alguien que puede https://t.co/zsJGMBTAe6",es,4,0,1,0,709024232,dollyplankton,masita 🪩,gazorpazorp,,,,,,twitter_motivos_no_donar_2022-2026.csv,twitter,"no puedo donar pero comparto, por ahí vos podés o conocés a alguien que puede https://t.co/zsJGMBTAe6",,2025-12-29,1,0
2005752156549484708,2025-12-29 21:25:53+00:00,"ᅠᅠ‍
ᅠ‍ᅠ❛ ¿Le tienes miedo a las agujas? ❜

Lo pregunta con un tono que no trata de ser burlón, sabe que la mayoría de personas lo hace. A él no le molestan tanto, cree que es un procedimiento como cualquier otro, aunque el pinchazo minimamente duela, es muy soportable.
ᅠ https://t.co/1bW5gJGZhH",es,0,1,1,1,1955303793748287491,TSITBAD,ᅠ 𖦹 𝐅𝐑𝐄𝐃 ／ 𝐓𝐔𝐑𝐍𝐁𝐎𝐖. ⋆,"⠀⠀music  has  a  way  of  finding  𝘆𝗼𝘂
⠀⠀even  in  the  𝗱͟𝗮͟𝗿͟𝗸͟𝗲͟𝘀͟𝘁͟  of  places.
⠀⠀
⠀⠀⠀⠀⠀⠀⠀𝗛𝗔𝗪𝗞𝗜𝗡𝗦, 𝗜𝗡𝗗𝗜𝗔𝗡𝗔.
⠀
⠀",,,,,,twitter_motivos_no_donar_2022-2026.csv,twitter,"ᅠᅠ‍ ᅠ‍ᅠ ¿Le tienes miedo a las agujas? Lo pregunta con un tono que no trata de ser burlón, sabe que la mayoría de personas lo hace. A él no le molestan tanto, cree que es un procedimiento como cualquier otro, aunque el pinchazo minimamente duela, es muy soportable. ᅠ https://t.co/1bW5gJGZhH",❛ ❜,2025-12-29,1,1
2005742472648184184,2025-12-29 20:47:25+00:00,@LemaCelina COMPARTO .NO PUEDO DONAR SANGRE,es,0,0,1,0,1413382550438006787,CarmenCejaCAP,Carmen Ceja,"Montevideo, Uruguay",,,,,,twitter_motivos_no_donar_2022-2026.csv,twitter,@LemaCelina COMPARTO .NO PUEDO DONAR SANGRE,,2025-12-29,1,0
2005472157028278442,2025-12-29 02:53:16+00:00,“Es que le tiene miedo a las agujas” 😫😫😫😫 Al menos no me desmayé hoy porque casi le fracturo la mano 🤣,es,0,0,0,0,2600623255,HeyItsAGingeer,It’s Mon✨,"Not even close, Gingerland.",,,,,,twitter_motivos_no_donar_2022-2026.csv,twitter,“Es que le tiene miedo a las agujas” Al menos no me desmayé hoy porque casi le fracturo la mano,😫😫😫😫 🤣,2025-12-29,0,0
2005432751751934447,2025-12-29 00:16:41+00:00,"@CedricA_NMS Mal, bueno estaba mal desde el segundo día pero por mi miedo a las agujas alargo el ir al medico hasta estar muriendome! 

-me rio- 

El caso es que tuve que ir a la enfermería, le conté lo que me pasaba y ella pensaba que estaba deshidratada así que me dejo en observación +",es,0,1,0,0,1945549026687873025,SiaVireth_NMS,Sia Vireth,,,,,,,twitter_motivos_no_donar_2022-2026.csv,twitter,"@CedricA_NMS Mal, bueno estaba mal desde el segundo día pero por mi miedo a las agujas alargo el ir al medico hasta estar muriendome! -me rio- El caso es que tuve que ir a la enfermería, le conté lo que me pasaba y ella pensaba que estaba deshidratada así que me dejo en observación +",,2025-12-29,0,1
2005431207585268111,2025-12-29 00:10:33+00:00,"@CedricA_NMS Volviendo loca y que mi miedo a las agujas había ido más allá y que ahora también era a la sangre! Imaginate! El colmo de una cazadora es tenerle miedo y asco a la sangre! 

-bromeo riendo- 

Al chico se lo llevaron, yo bebi agua cuando dejó de oler a sangre a mi se me pasó un +",es,0,1,0,0,1945549026687873025,SiaVireth_NMS,Sia Vireth,,,,,,,twitter_motivos_no_donar_2022-2026.csv,twitter,"@CedricA_NMS Volviendo loca y que mi miedo a las agujas había ido más allá y que ahora también era a la sangre! Imaginate! El colmo de una cazadora es tenerle miedo y asco a la sangre! -bromeo riendo- Al chico se lo llevaron, yo bebi agua cuando dejó de oler a sangre a mi se me pasó un +",,2025-12-29,0,1
2005386391484760369,2025-12-28 21:12:28+00:00,Si no le tuviese un miedo a las agujas y a arrepentirme def me tatuaria la libreta de Kunikida o el kanji de su habilidad https://t.co/FejNZoDXFm,es,0,0,0,0,1771048320737177600,kerokeroppikida,Lav !! ᡣ𐭩 doppo's lover BUZÓN!!,he . 9teen ,,,,,,twitter_motivos_no_donar_2022-2026.csv,twitter,Si no le tuviese un miedo a las agujas y a arrepentirme def me tatuaria la libreta de Kunikida o el kanji de su habilidad https://t.co/FejNZoDXFm,,2025-12-28,0,0
2005380492510843254,2025-12-28 20:49:02+00:00,"@AntiWokeMemes LOS TATUAJES SON HERMOSOOOSSS, NADIE ME VA A QUITAR ESE PENSAMIENTO, si no tuviera miedo a las agujas tendría el cuerpo COMPLETAMENTE LLENO de tatuajes :3💗",es,0,0,0,0,1747400562713210880,StradlinWay09,°❀⋆ 𝐈𝐙𝐙𝐘 .ೃ࿔･𓂃,,,,,,,twitter_motivos_no_donar_2022-2026.csv,twitter,"@AntiWokeMemes LOS TATUAJES SON HERMOSOOOSSS, NADIE ME VA A QUITAR ESE PENSAMIENTO, si no tuviera miedo a las agujas tendría el cuerpo COMPLETAMENTE LLENO de tatuajes :3",💗,2025-12-28,0,0
2005298677255209293,2025-12-28 15:23:55+00:00,"@salguergarcia De pequeño me las ponían y era traumático. Desde entonces, tengo fobia a las agujas.",es,0,0,1,0,1294026430305783809,JavitopNews,Javitop 💛,,,,,,,twitter_motivos_no_donar_2022-2026.csv,twitter,"@salguergarcia De pequeño me las ponían y era traumático. Desde entonces, tengo fobia a las agujas.",,2025-12-28,1,0
2005032838551535896,2025-12-27 21:47:35+00:00,"@il0vestriders YO, NORMALICEN EL MIEDO A LAS AGUJAS SI T HACES SH",es,0,0,0,0,1569440505028816897,derki_fan,🍫チョコ! ✯John and Jade's Wifey!✯,𝕮𝖔𝖑𝖔𝖒𝖇𝖎𝖆 🇨🇴,,,,,,twitter_motivos_no_donar_2022-2026.csv,twitter,"@il0vestriders YO, NORMALICEN EL MIEDO A LAS AGUJAS SI T HACES SH",,2025-12-27,0,0
2005021738292347206,2025-12-27 21:03:28+00:00,"Ninguno porque le tengo miedo a las agujas (estudio medicina)
#MeAndTheeSeriesEP7 https://t.co/xmvthZfjRl",es,0,0,0,0,1853840328098525184,Jennlovepond14,Jenn♡,Colombia,,,,,,twitter_motivos_no_donar_2022-2026.csv,twitter,Ninguno porque le tengo miedo a las agujas (estudio medicina) #MeAndTheeSeriesEP7 https://t.co/xmvthZfjRl,,2025-12-27,0,0
2004910478490042409,2025-12-27 13:41:22+00:00,@VoxedPosting El que publicó esto seguro es un trolo que le tiene miedo a las agujas y se pone a llorar cuando lo vacunan.,es,0,0,0,0,1100459713504968710,JoelGiordano1,Jowi,"Avellaneda, Argentina",,,,,,twitter_motivos_no_donar_2022-2026.csv,twitter,@VoxedPosting El que publicó esto seguro es un trolo que le tiene miedo a las agujas y se pone a llorar cuando lo vacunan.,,2025-12-27,0,0
2004765797131166129,2025-12-27 04:06:27+00:00,"@hyatito Mi hermano me dijo que me lo haría con anestesia, para que no me duela y tdo eso, el sabe que soy llorona y le tengo fobia a las agujas LAJALAKA",es,0,0,0,0,1514744065417429000,Esclipseji,yoa,Jisung 🫧,,,,,,twitter_motivos_no_donar_2022-2026.csv,twitter,"@hyatito Mi hermano me dijo que me lo haría con anestesia, para que no me duela y tdo eso, el sabe que soy llorona y le tengo fobia a las agujas LAJALAKA",,2025-12-27,0,0
2004596623792636166,2025-12-26 16:54:13+00:00,"@josueartex @Clauperalda Ese es el doctor que necesito,  tengo fobia a las agujas",es,0,1,0,0,1824830166700273664,MariaGonVelez,Angela Maria Gonzalez Velez,,,,,,,twitter_motivos_no_donar_2022-2026.csv,twitter,"@josueartex @Clauperalda Ese es el doctor que necesito, tengo fobia a las agujas",,2025-12-26,0,1
2004580756463526390,2025-12-26 15:51:10+00:00,"@elonmuskluv7 No, hay muchísimos y muy difícil que no lo usen🌷
Yo personalmente no lo usaría, le tengo miedo a las agujas 🌷",es,1,0,0,1,151591311,Tamacum6,TAMACUM🎤🎶🎵🎎👩‍🎨🧑🏻‍🍳🐕🐩🌮🫓🍛🇻🇪🇲🇽,X….Twitter ,,,,,,twitter_motivos_no_donar_2022-2026.csv,twitter,"@elonmuskluv7 No, hay muchísimos y muy difícil que no lo usen Yo personalmente no lo usaría, le tengo miedo a las agujas",🌷 🌷,2025-12-26,0,0
2004551889275564300,2025-12-26 13:56:27+00:00,"ok me van a sacar sangre y yo le tengo miedo a las agujas, help",es,0,0,0,0,1583205775698174006,skaaibluu,cieli,,,,,,,twitter_motivos_no_donar_2022-2026.csv,twitter,"ok me van a sacar sangre y yo le tengo miedo a las agujas, help",,2025-12-26,0,0
2004449886851551338,2025-12-26 07:11:08+00:00,"Quiero ayudar siendo de otro país y no puedo donar por pix :(
Hay algún otro método? Paypal o algo? https://t.co/fuvisbfUbh",es,0,0,1,0,1212751928767074305,jolicasa_,Joli 土𓆰𓆪,español/português/ingles ,,,,,,twitter_motivos_no_donar_2022-2026.csv,twitter,Quiero ayudar siendo de otro país y no puedo donar por pix :( Hay algún otro método? Paypal o algo? https://t.co/fuvisbfUbh,,2025-12-26,1,0
2004261826637582687,2025-12-25 18:43:51+00:00,"Si no tuviera miedo a las agujas, al dolor y a mis células comiéndose y vomitando la tinta, si me gustaría un tatuajito así. https://t.co/M6tYkMrYQp",es,0,2,1,0,933774258857234432,lechuga_cuack,Lechuguita fanfiquera,(Nuevo León) ,,,,,,twitter_motivos_no_donar_2022-2026.csv,twitter,"Si no tuviera miedo a las agujas, al dolor y a mis células comiéndose y vomitando la tinta, si me gustaría un tatuajito así. https://t.co/M6tYkMrYQp",,2025-12-25,1,2
2003954377569014073,2025-12-24 22:22:09+00:00,"@HORMIGA_RETURNS Me da gracia que luego esos llaman ""agenda 2030 woke"" a las vacunas y ""marhyqones"" a los LGBT, cuando tenerle miedo a las agujas es de ser más marhyqón que lo otro.",es,0,0,0,0,1364462935473487873,EelHelado1,Erik/Emperador Arhaeqh,Imperio Mexicano (Tacolandia).,,,,,,twitter_motivos_no_donar_2022-2026.csv,twitter,"@HORMIGA_RETURNS Me da gracia que luego esos llaman ""agenda 2030 woke"" a las vacunas y ""marhyqones"" a los LGBT, cuando tenerle miedo a las agujas es de ser más marhyqón que lo otro.",,2025-12-24,0,0
2003874854051959116,2025-12-24 17:06:10+00:00,"Una última cosita. 
No quiero donar culera, tengo mucho respeto por muchos colegas de la comunidad. Admiro sus trabajos y la fuerza de sus opiniones (esté yo de acuerdo o no), pero NO solo por contestar amistosamente algunos tuits significa que sean amigos míos.",es,1,1,21,0,1925336311785037824,nosoyessie,×no soy essie×,,,,,,,twitter_motivos_no_donar_2022-2026.csv,twitter,"Una última cosita. No quiero donar culera, tengo mucho respeto por muchos colegas de la comunidad. Admiro sus trabajos y la fuerza de sus opiniones (esté yo de acuerdo o no), pero NO solo por contestar amistosamente algunos tuits significa que sean amigos míos.",,2025-12-24,21,1
2003723949616824724,2025-12-24 07:06:31+00:00,@HORMIGA_RETURNS Yo le tengo miedo a las agujas y no quiero andar prohibiendo las vacunas,es,0,0,0,0,1923223006794436609,rivadeneyr45657,Dodo,,,,,,,twitter_motivos_no_donar_2022-2026.csv,twitter,@HORMIGA_RETURNS Yo le tengo miedo a las agujas y no quiero andar prohibiendo las vacunas,,2025-12-24,0,0
2003642210789839195,2025-12-24 01:41:43+00:00,@HORMIGA_RETURNS Yo me hice anti vacunas a los 10 años porque realmente le tenía un miedo a las agujas jsjsjs un papelón.,es,0,0,0,0,962425176452485120,Damian_VegAss,Heltmess,,,,,,,twitter_motivos_no_donar_2022-2026.csv,twitter,@HORMIGA_RETURNS Yo me hice anti vacunas a los 10 años porque realmente le tenía un miedo a las agujas jsjsjs un papelón.,,2025-12-24,0,0
2003639417630523591,2025-12-24 01:30:37+00:00,@HORMIGA_RETURNS Mano yo le tengo miedo a las agujas y no digo tremenda pendejada,es,0,0,0,0,1197677211039551488,AJ2807xd,AJgamer,,,,,,,twitter_motivos_no_donar_2022-2026.csv,twitter,@HORMIGA_RETURNS Mano yo le tengo miedo a las agujas y no digo tremenda pendejada,,2025-12-24,0,0
2003569027449577505,2025-12-23 20:50:55+00:00,Para mí un hombre q le tiene miedo a las agujas es una niña mas,es,0,0,3,0,1688148556740227072,xoezx25,xapiadora,Wild side,,,,,,twitter_motivos_no_donar_2022-2026.csv,twitter,Para mí un hombre q le tiene miedo a las agujas es una niña mas,,2025-12-23,3,0
2003547725338378456,2025-12-23 19:26:16+00:00,"@HORMIGA_RETURNS Yo desarrolle miedo a las agujas y me vacuno (y saco sangre)

La media hora de ese infierno es mejor que lastimarte a ti y a los demas, no sean conspiranoicos niños",es,0,0,5,0,1540354227909939206,VeruruAndVodka,Verónica UwU,En tu heladería mas cercana.,,,,,,twitter_motivos_no_donar_2022-2026.csv,twitter,"@HORMIGA_RETURNS Yo desarrolle miedo a las agujas y me vacuno (y saco sangre) La media hora de ese infierno es mejor que lastimarte a ti y a los demas, no sean conspiranoicos niños",,2025-12-23,5,0
2003476734520492436,2025-12-23 14:44:10+00:00,"@niemed21 @HospitalUVRocio @saludand @donantessevilla Como negacionista covid, antimascarillas y antivacunas, no puedo donar porque según el sistema soy algo parecido a una bi0t3rrr0rist4🤷‍♀️ qué putada eh??",es,1,0,5,0,2613679524,xanastur_79,xanastur_79,Oviedo,,,,,,twitter_motivos_no_donar_2022-2026.csv,twitter,"@niemed21 @HospitalUVRocio @saludand @donantessevilla Como negacionista covid, antimascarillas y antivacunas, no puedo donar porque según el sistema soy algo parecido a una bi0t3rrr0rist4 ‍ qué putada eh??",🤷 ♀️,2025-12-23,5,0
2003475543468216746,2025-12-23 14:39:26+00:00,@HORMIGA_RETURNS Yo le tengo miedo a las agujas pero no soy antivacunas,es,0,1,13,0,1332379089823539205,roed314,roed, España,,,,,,twitter_motivos_no_donar_2022-2026.csv,twitter,@HORMIGA_RETURNS Yo le tengo miedo a las agujas pero no soy antivacunas,,2025-12-23,13,1
2003456693720781170,2025-12-23 13:24:32+00:00,cada vez que veo una persona anti vacunas pienso  automaticamente que  la razon por la que quieren prohibir las vacunas es porque le tienen miedo a las agujas https://t.co/JfWRpKDYuT,es,64,19,897,1,1717933401368399872,HORMIGA_RETURNS,Una hormiga que mira tu post 🐜,in your walls,,,,,,twitter_motivos_no_donar_2022-2026.csv,twitter,cada vez que veo una persona anti vacunas pienso automaticamente que la razon por la que quieren prohibir las vacunas es porque le tienen miedo a las agujas https://t.co/JfWRpKDYuT,,2025-12-23,897,19
2003456464032240057,2025-12-23 13:23:38+00:00,@HORMIGA_RETURNS Yo le tengo miedo a las agujas pero no soy Anti vacunas,es,0,0,0,0,1896348684977340416,JoelDiaz115,JoelDiaz 🇲🇽🤝🇮🇱 ジョーウル・ディーアズ🌱🏹🌸,Una cueva con internet ,,,,,,twitter_motivos_no_donar_2022-2026.csv,twitter,@HORMIGA_RETURNS Yo le tengo miedo a las agujas pero no soy Anti vacunas,,2025-12-23,0,0
2003444637068067245,2025-12-23 12:36:38+00:00,"permitiendo una producción masiva a menor coste.

Adherencia: Millones de pacientes con ""fobia a las agujas"" ahora tienen acceso.

Precio: Con el reciente acuerdo con el gobierno de EE. UU., se proyectan costes de hasta $149/mes para programas públicos,",es,0,1,0,0,241515096,ladronMercados,El Ladron de los Mercados,,,,,,,twitter_motivos_no_donar_2022-2026.csv,twitter,"permitiendo una producción masiva a menor coste. Adherencia: Millones de pacientes con ""fobia a las agujas"" ahora tienen acceso. Precio: Con el reciente acuerdo con el gobierno de EE. UU., se proyectan costes de hasta $149/mes para programas públicos,",,2025-12-23,0,1
2003389599805215040,2025-12-23 08:57:56+00:00,"@Foxy3stars Aunque recuerdo con sesgo.Yo tenía fobia a las agujas y un día fueron a vacunar,estaba llorando de miedo y todos lo sabían,pero me animaron y corearon,y así pude lograrlo,pero,por ahí escuché de otro que también se asustó pero no le apoyaron igual por algo en su comportamiento",es,0,0,0,0,2001655182648852480,LunaticVita,Shizu-Nai🩷🤍🩵💙🩵🤍🩷🔞,,,,,,,twitter_motivos_no_donar_2022-2026.csv,twitter,"@Foxy3stars Aunque recuerdo con sesgo.Yo tenía fobia a las agujas y un día fueron a vacunar,estaba llorando de miedo y todos lo sabían,pero me animaron y corearon,y así pude lograrlo,pero,por ahí escuché de otro que también se asustó pero no le apoyaron igual por algo en su comportamiento",,2025-12-23,0,0
2003359752932458632,2025-12-23 06:59:20+00:00,Acabo de decidir que ya no quiero donar mi cuerpo a la ciencia cuando muera. https://t.co/ooU44SJrX2 https://t.co/FNCIht4yJr,es,0,0,1,0,885192794477932547,smerlapeke,ajoyagua ۞♻️🕊♻️۞,✂️🪚✂️ Punisexual  ✂️🪚✂️,,,,,,twitter_motivos_no_donar_2022-2026.csv,twitter,Acabo de decidir que ya no quiero donar mi cuerpo a la ciencia cuando muera. https://t.co/ooU44SJrX2 https://t.co/FNCIht4yJr,,2025-12-23,1,0
2003188349679661395,2025-12-22 19:38:14+00:00,Hoy vencí más mi miedo a las agujas,es,0,1,0,0,1048997903623180295,fernandasosa191,Fer ⭐️,,,,,,,twitter_motivos_no_donar_2022-2026.csv,twitter,Hoy vencí más mi miedo a las agujas,,2025-12-22,0,1
2003167113683566779,2025-12-22 18:13:51+00:00,"Aquí la que le tiene fobia a las agujas, se plantea hacerce 3 piercing el mismo día",es,0,0,1,0,1533898386293792772,Celiiiii07,celi,con el que me gusta ,,,,,,twitter_motivos_no_donar_2022-2026.csv,twitter,"Aquí la que le tiene fobia a las agujas, se plantea hacerce 3 piercing el mismo día",,2025-12-22,1,0
2003158216595689759,2025-12-22 17:38:30+00:00,"#Viral | James Harrison, conocido como el hombre del brazo de oro, falleció a los 88 años en febrero de 2025. Durante más de 6 décadas donó plasma pese a su miedo a las agujas. Su sangre contenía un anticuerpo raro que permitió prevenir una grave enfermedad en recién nacidos, https://t.co/KMXCZkcopZ",es,0,0,0,0,87046801,sinreservas620,Panorama Sin Reservas 620 AM,"Villahermosa, Tabasco, México",,,,,,twitter_motivos_no_donar_2022-2026.csv,twitter,"#Viral | James Harrison, conocido como el hombre del brazo de oro, falleció a los 88 años en febrero de 2025. Durante más de 6 décadas donó plasma pese a su miedo a las agujas. Su sangre contenía un anticuerpo raro que permitió prevenir una grave enfermedad en recién nacidos, https://t.co/KMXCZkcopZ",,2025-12-22,0,0
2003089336649322922,2025-12-22 13:04:48+00:00,No puedo donar sangre y TODOS los días de mi vida me levanto con la tristeza y vergüenza de saber que no puedo ayudar a otros por mucho que quiera. DONEN SANGRE. DONAR SANGRE ES DAR VIDA. https://t.co/n4CKtQTNJa,es,0,0,0,0,125053885,julssayswhat_,Juls 💖💜💙🏳️‍🌈,Ella-she/her,,,,,,twitter_motivos_no_donar_2022-2026.csv,twitter,No puedo donar sangre y TODOS los días de mi vida me levanto con la tristeza y vergüenza de saber que no puedo ayudar a otros por mucho que quiera. DONEN SANGRE. DONAR SANGRE ES DAR VIDA. https://t.co/n4CKtQTNJa,,2025-12-22,0,0
2002968490312163384,2025-12-22 05:04:36+00:00,"No tengo, por qué le tengo miedo a las agujas, pero si no,  si me gustaría tener algunos... 

#H2HseriesEP9 https://t.co/xmQsofqCKq",es,0,0,0,0,1958368757564440576,MdRosela12133,Seen_Dina23 🍀,México,,,,,,twitter_motivos_no_donar_2022-2026.csv,twitter,"No tengo, por qué le tengo miedo a las agujas, pero si no, si me gustaría tener algunos... #H2HseriesEP9 https://t.co/xmQsofqCKq",,2025-12-22,0,0
2002850001098244354,2025-12-21 21:13:46+00:00,"Las mentiras no haran daño, pero Sakura si. Que no se entere de que la joven está mintiendo.

“ Hmmmm. . . Ya veo. Pasa a la sala y quitate la ropa, tendre que hacer unos exámenes para asegurarme de que todo este bien. ¿No tienes miedo a las agujas, verdad? ” https://t.co/dXR1l7pBbb",es,0,0,1,1,1911744793933144064,purpleharmacist,— 𝙋𝙪𝙧𝙥𝙡𝙚 𝙋𝙝𝙖𝙧𝙢𝙖𝙘𝙞𝙨𝙩 ｡,ENG/SPA,,,,,,twitter_motivos_no_donar_2022-2026.csv,twitter,"Las mentiras no haran daño, pero Sakura si. Que no se entere de que la joven está mintiendo. “ Hmmmm. . . Ya veo. Pasa a la sala y quitate la ropa, tendre que hacer unos exámenes para asegurarme de que todo este bien. ¿No tienes miedo a las agujas, verdad? ” https://t.co/dXR1l7pBbb",,2025-12-21,1,0
2002795365788225807,2025-12-21 17:36:39+00:00,"Debe ser algún tema rari que me guste que me saquen sangre ajsjajshd
Lastima que no puedo donar por campesino sino todos los meses ahí (?)",es,0,1,14,0,1974306009255718915,Zorrito_dlc,Max,"Buenos Aires, Argentina",,,,,,twitter_motivos_no_donar_2022-2026.csv,twitter,Debe ser algún tema rari que me guste que me saquen sangre ajsjajshd Lastima que no puedo donar por campesino sino todos los meses ahí (?),,2025-12-21,14,1
2002718662697042105,2025-12-21 12:31:52+00:00,🤔 ¿Crees que eliminar el miedo a las agujas marcará una gran diferencia en las emergencias médicas?,es,0,0,0,0,2000732287827369984,YSabias_Que,YSabias Que...?,,,,,,,twitter_motivos_no_donar_2022-2026.csv,twitter,¿Crees que eliminar el miedo a las agujas marcará una gran diferencia en las emergencias médicas?,🤔,2025-12-21,0,0
2002671642103722336,2025-12-21 09:25:01+00:00,"Tábata tiene 19 años, miedo a las agujas… y un corazón inmenso.

🧡 En junio de 2025 donó médula ósea y dio una nueva oportunidad a alguien que la necesitaba.

Una historia real de compromiso, generosidad y esperanza.
⠀
📖 Lee su historia completa aquí: https://t.co/zGKNekF6xt https://t.co/62dWD0KRdT",es,2,0,5,1,1035206594051694592,EquipoMedula,Equipo Médula,"Madrid, Spain ",,,,,,twitter_motivos_no_donar_2022-2026.csv,twitter,"Tábata tiene 19 años, miedo a las agujas… y un corazón inmenso. En junio de 2025 donó médula ósea y dio una nueva oportunidad a alguien que la necesitaba. Una historia real de compromiso, generosidad y esperanza. Lee su historia completa aquí: https://t.co/zGKNekF6xt https://t.co/62dWD0KRdT",🧡 ⠀ 📖,2025-12-21,5,0
2002555248112697364,2025-12-21 01:42:31+00:00,"Ya quiero llorar, esto solo me pasa a mi que tengo panico/fobia a las agujas https://t.co/PI2QJEDv5d",es,0,0,0,0,1876453397051617280,byniniiln,nini⁴ | LN1☆,,,,,,,twitter_motivos_no_donar_2022-2026.csv,twitter,"Ya quiero llorar, esto solo me pasa a mi que tengo panico/fobia a las agujas https://t.co/PI2QJEDv5d",,2025-12-21,0,0
2002511061912830448,2025-12-20 22:46:56+00:00,"@policiazaragoza @BncSangreAragon @BncSangreAragon También era donante de tejidos en caso de... ✝️ 
pero, pasar por oncología .. quimio , radio ya se sabe... Off
Lamentablemente no puedo donar nada para salvar vidas,, ni la sangre.

Pero animo a quien tenga la sangre limpia que done, por el, mí por TODOS 🩸",es,0,0,0,0,715642073,azabache_cdf,Azabache,,,,,,,twitter_motivos_no_donar_2022-2026.csv,twitter,"@policiazaragoza @BncSangreAragon @BncSangreAragon También era donante de tejidos en caso de... pero, pasar por oncología .. quimio , radio ya se sabe... Off Lamentablemente no puedo donar nada para salvar vidas,, ni la sangre. Pero animo a quien tenga la sangre limpia que done, por el, mí por TODOS",✝️ 🩸,2025-12-20,0,0
2002181835426574603,2025-12-20 00:58:42+00:00,"@natachadiz Comparto, no puedo donar por problemas de salud y distancia. Todo va a salir bien!",es,0,0,1,0,186620163,GracielaBasu,GRACE,,,,,,,twitter_motivos_no_donar_2022-2026.csv,twitter,"@natachadiz Comparto, no puedo donar por problemas de salud y distancia. Todo va a salir bien!",,2025-12-20,1,0
2002181336283422943,2025-12-20 00:56:43+00:00,"@natachadiz No puedo donar porque doné hace menos de 3 meses, sino sin dudas iría. De todas maneras comparto, y que salga todo más que bien Natacha ❤️🫶🏻 así será!!",es,0,0,1,0,180653883,missfarenheitt,Miss Fahrenheit,,,,,,,twitter_motivos_no_donar_2022-2026.csv,twitter,"@natachadiz No puedo donar porque doné hace menos de 3 meses, sino sin dudas iría. De todas maneras comparto, y que salga todo más que bien Natacha así será!!",❤️🫶🏻,2025-12-20,1,0
2002177598256791739,2025-12-20 00:41:52+00:00,"@natachadiz Nat compartí el pedido. Lamentablemente yo  no puedo donar por mi enfermedad, pero no tenes dudas que tendrás los donantes necesarios 🙌
Calculo que mañana vendrán para Buenos Aires, no dudes en chiflar para lo que necesiten, besos 🥰😘🙏",es,0,0,1,0,992897875255361536,WandaMalbec2016,WandaFranzi 🇦🇷❣🇮🇱,,,,,,,twitter_motivos_no_donar_2022-2026.csv,twitter,"@natachadiz Nat compartí el pedido. Lamentablemente yo no puedo donar por mi enfermedad, pero no tenes dudas que tendrás los donantes necesarios Calculo que mañana vendrán para Buenos Aires, no dudes en chiflar para lo que necesiten, besos",🙌 🥰😘🙏,2025-12-20,1,0
2002177454270758992,2025-12-20 00:41:18+00:00,"@natachadiz No puedo donar, dada mi enfermedad, pero rezaré por Uds",es,0,0,1,0,1486657826332282882,sergor666,Sergor666,,,,,,,twitter_motivos_no_donar_2022-2026.csv,twitter,"@natachadiz No puedo donar, dada mi enfermedad, pero rezaré por Uds",,2025-12-20,1,0
2002155749825499195,2025-12-19 23:15:03+00:00,@natachadiz Comparto. Yo no puedo donar.,es,0,0,1,0,147900747,ucraninana,Ucra,,,,,,,twitter_motivos_no_donar_2022-2026.csv,twitter,@natachadiz Comparto. Yo no puedo donar.,,2025-12-19,1,0
2002116219017871677,2025-12-19 20:37:58+00:00,Me sumo a la propuesta. Tengo graves alergias a antibióticos así que no puedo donar ni sangre. No me refrigeren en el traslado así el Javo se siente más en casa con el olor. Dejo mi tarjeta de crédito junto al cadáver para el gasto de gasolina. https://t.co/fs8DAejVBh,es,0,0,0,0,1838183395,Karinavaldivi15,Kero⁶🌱,Cosquín,,,,,,twitter_motivos_no_donar_2022-2026.csv,twitter,Me sumo a la propuesta. Tengo graves alergias a antibióticos así que no puedo donar ni sangre. No me refrigeren en el traslado así el Javo se siente más en casa con el olor. Dejo mi tarjeta de crédito junto al cadáver para el gasto de gasolina. https://t.co/fs8DAejVBh,,2025-12-19,0,0
2002071772594909608,2025-12-19 17:41:21+00:00,@kadito_sg Yo porque le tengo fobia a las agujas,es,0,0,0,0,1133836837406031872,julioray_,Julio,"Unquillo, Argentina",,,,,,twitter_motivos_no_donar_2022-2026.csv,twitter,@kadito_sg Yo porque le tengo fobia a las agujas,,2025-12-19,0,0
2002007896020652270,2025-12-19 13:27:32+00:00,"❓ has donado sangre alguna vez? qué piensas de eso?
💬 No puedo donar. #tellonym  https://t.co/CfWW5Z2mbT",es,0,0,0,0,2970621087,AquaConnor_,ʀᴏʙ ᴍᴀʀᴏᴛᴛɪ,,,,,,,twitter_motivos_no_donar_2022-2026.csv,twitter,has donado sangre alguna vez? qué piensas de eso? No puedo donar. #tellonym https://t.co/CfWW5Z2mbT,❓ 💬,2025-12-19,0,0
2001996530744480231,2025-12-19 12:42:22+00:00,"@ElTahuX @D4x0s @Kuru_Soy @DarkyTheEnder @Th3_CrazyGoat @Tutti05_ No terminaré de entender esa maldita necesidad de querer manipular todo a conveniencia y encima de todo ello, tener a todo mundo con una correa al cuello como si de canes se tratara.

Que si no puedo donar aquí, que si no puedo comentar por allá.

Por algo les dicen malitos... https://t.co/35bnQ0rdH3",es,0,0,2,0,1048412557474713603,adrian_figuereo,Adrian Figuereo,"Santo Domingo, Dominican Repub",,,,,,twitter_motivos_no_donar_2022-2026.csv,twitter,"@ElTahuX @D4x0s @Kuru_Soy @DarkyTheEnder @Th3_CrazyGoat @Tutti05_ No terminaré de entender esa maldita necesidad de querer manipular todo a conveniencia y encima de todo ello, tener a todo mundo con una correa al cuello como si de canes se tratara. Que si no puedo donar aquí, que si no puedo comentar por allá. Por algo les dicen malitos... https://t.co/35bnQ0rdH3",,2025-12-19,2,0
2001994549246197841,2025-12-19 12:34:30+00:00,"@kadito_sg Yo, me gustan los tatuajes pero no sería capaz de hacerme uno, tengo fobia a las agujas.",es,0,0,0,0,955099278657163264,danielmoreno502,Daniel Moreno,"Popayán, Colombia",,,,,,twitter_motivos_no_donar_2022-2026.csv,twitter,"@kadito_sg Yo, me gustan los tatuajes pero no sería capaz de hacerme uno, tengo fobia a las agujas.",,2025-12-19,0,0
2001993802156998925,2025-12-19 12:31:32+00:00,@BetoMendeleiev_ Alguien le tiene miedo a las agujas jejejeje,es,0,0,0,0,945687056587612161,Marchampz,Marc,,,,,,,twitter_motivos_no_donar_2022-2026.csv,twitter,@BetoMendeleiev_ Alguien le tiene miedo a las agujas jejejeje,,2025-12-19,0,0
2001961357093310630,2025-12-19 10:22:36+00:00,"@seyranpegasus se me olvido contartelo, tengo un poco miedo a las agujas lo tengo desde que era niño",es,0,1,0,0,1977049456764653568,feritpegasus,ferit korhan,,,,,,,twitter_motivos_no_donar_2022-2026.csv,twitter,"@seyranpegasus se me olvido contartelo, tengo un poco miedo a las agujas lo tengo desde que era niño",,2025-12-19,0,1
2001861926457086104,2025-12-19 03:47:30+00:00,"Yo era ese niño random
(Le tengo fobia a las agujas)

Pd: una vez fui a ponerme la anual y justo venía una niña más pequeña que yo. La cara con la que miro a la mamá cuando me vio dar la escena más dramática y ruidosa posible, así: 😦
(Tenía 14 años y la niña como 6) https://t.co/j7GZuyHDW1",es,0,0,1,0,1790115883341209600,Tiempo_Geek,HoraGeek,Gotham City,,,,,,twitter_motivos_no_donar_2022-2026.csv,twitter,"Yo era ese niño random (Le tengo fobia a las agujas) Pd: una vez fui a ponerme la anual y justo venía una niña más pequeña que yo. La cara con la que miro a la mamá cuando me vio dar la escena más dramática y ruidosa posible, así: (Tenía 14 años y la niña como 6) https://t.co/j7GZuyHDW1",😦,2025-12-19,1,0
2001860836932096342,2025-12-19 03:43:10+00:00,@kadito_sg ✋🏻 😓 yo ... pero por fobia a las agujas,es,0,0,0,0,1095335964,varrojalo,Al || 📜🎲🌑,Chile,,,,,,twitter_motivos_no_donar_2022-2026.csv,twitter,@kadito_sg yo ... pero por fobia a las agujas,✋🏻 😓,2025-12-19,0,0
2001841635907506238,2025-12-19 02:26:53+00:00,"@kadito_sg yo, pero por mi miedo a las agujas, no por no querer.",es,0,0,0,0,230519436,SamuraiKillR,Samurai 🧵🎶,"Night City, New United States",,,,,,twitter_motivos_no_donar_2022-2026.csv,twitter,"@kadito_sg yo, pero por mi miedo a las agujas, no por no querer.",,2025-12-19,0,0
2001802855309562228,2025-12-18 23:52:47+00:00,"@Natachen_ani 6. Ayer cuando me fui a aplicar ácido hialurónico  en los labios jajakaka le tengo miedo a las agujas 

#DareYouToDeathEP1",es,0,0,0,0,1976006042082299904,Tamikukita,Tamara 🇵🇾,,,,,,,twitter_motivos_no_donar_2022-2026.csv,twitter,@Natachen_ani 6. Ayer cuando me fui a aplicar ácido hialurónico en los labios jajakaka le tengo miedo a las agujas #DareYouToDeathEP1,,2025-12-18,0,0
2001796307514712297,2025-12-18 23:26:45+00:00,"@CoheLogica @Farmaenfurecida Manolo, si de niño le tenías miedo a las agujas, no te pinches y jódete.",es,0,0,3,0,1617586804349075469,ClickMasterZ1,ClickMasterZ,Ni yo lo sé,,,,,,twitter_motivos_no_donar_2022-2026.csv,twitter,"@CoheLogica @Farmaenfurecida Manolo, si de niño le tenías miedo a las agujas, no te pinches y jódete.",,2025-12-18,3,0
2001752749759676519,2025-12-18 20:33:40+00:00,@CarlosMaslaton Se saca sangre una vez por semana? Ni loco! Fobia a las agujas.,es,0,0,0,0,285829693,adriandagostino,adrian dagostino,,,,,,,twitter_motivos_no_donar_2022-2026.csv,twitter,@CarlosMaslaton Se saca sangre una vez por semana? Ni loco! Fobia a las agujas.,,2025-12-18,0,0
2001620744376385969,2025-12-18 11:49:08+00:00,@teshsidi Yo no puedo donar nada porque ni llego a fin de mes. Dona tu dinero a Palestina hipócrita!! Dona https://t.co/vWBwJPa9av,es,0,0,0,0,1430937484075184129,sayumijapon,Sayumi 🇯🇵🇺🇦🇪🇺,Madrid,,,,,,twitter_motivos_no_donar_2022-2026.csv,twitter,@teshsidi Yo no puedo donar nada porque ni llego a fin de mes. Dona tu dinero a Palestina hipócrita!! Dona https://t.co/vWBwJPa9av,,2025-12-18,0,0
2001587272815198376,2025-12-18 09:36:08+00:00,A mí esto me da mucha pena cómo me vas a decir que no puedo donar sangre porque peso poco cuando soy donante universal (0-) y siempre están buscando gente de ese grupo sanguíneo… https://t.co/qNcZMFO3zV,es,0,4,8,0,1574358307908755462,coeliachoe,ժׁׅ݊áꪀׁׅɑׁׅ֮ꫀׁׅܻ˚༺💗༻🫧🇮🇨,"Canarias, África🇮🇨🫶🏻",,,,,,twitter_motivos_no_donar_2022-2026.csv,twitter,A mí esto me da mucha pena cómo me vas a decir que no puedo donar sangre porque peso poco cuando soy donante universal (0-) y siempre están buscando gente de ese grupo sanguíneo… https://t.co/qNcZMFO3zV,,2025-12-18,8,4
2001412658348626244,2025-12-17 22:02:16+00:00,@heesungona pero le tenes miedo a las agujas o algo? yo cndo me lo hice no me dolio nada d nada la verdad y eso q me lo hice a los 13 llore,es,0,1,0,0,1267889536102805504,nishimilkas,moka + ela ᵎᵎ,  she ᴗ͈ˬᴗ͈ ,,,,,,twitter_motivos_no_donar_2022-2026.csv,twitter,@heesungona pero le tenes miedo a las agujas o algo? yo cndo me lo hice no me dolio nada d nada la verdad y eso q me lo hice a los 13 llore,,2025-12-17,0,1
2001406831650812387,2025-12-17 21:39:07+00:00,@PilarBarlow @Olympus2021 Mi problema es fobia a las agujas,es,0,1,0,0,1183639717725769731,nenmagic,Jesus 🦇🦇🦇,Barcelona,,,,,,twitter_motivos_no_donar_2022-2026.csv,twitter,@PilarBarlow @Olympus2021 Mi problema es fobia a las agujas,,2025-12-17,0,1
2001387354247041342,2025-12-17 20:21:43+00:00,@PameladSantiago @Julio24v Muy cierto este patojo creo que nunca se va a tatuar le tiene fobia a las agujas,es,0,0,0,0,1799161319142064128,Luizacarias20,Luis hermoso oso,,,,,,,twitter_motivos_no_donar_2022-2026.csv,twitter,@PameladSantiago @Julio24v Muy cierto este patojo creo que nunca se va a tatuar le tiene fobia a las agujas,,2025-12-17,0,0
2001221311486361725,2025-12-17 09:21:56+00:00,"@NightLordRP30K Yo tampoco me la puse, más por miedo a las agujas que otra cosa.",es,0,0,1,0,1719473472735219712,WolfDip42565,DipWolf,,,,,,,twitter_motivos_no_donar_2022-2026.csv,twitter,"@NightLordRP30K Yo tampoco me la puse, más por miedo a las agujas que otra cosa.",,2025-12-17,1,0
2001214122801639430,2025-12-17 08:53:22+00:00,"@MinSalud_Ar ESTOS SON PARTE DE UN CULTO DONDE LOS CHICOS SON SACRIFICADOS A SU DIOS!! https://t.co/n1lVhSr9Es 
EL TOXICO COVID LES DIO MUCHA MATERIA PRIMA?
QUIERO CANCELAR TODA AUTORIZACION NO QUIERO DONAR NADA NI QUE ME TOQUEN LOS MATA SANOS PREFIERO MORIR A QUE ME TOQUEN USTEDES!!",es,0,0,0,0,1912122068709040128,RosselliJuanI,Juan ignacio Rosselli,,,,,,,twitter_motivos_no_donar_2022-2026.csv,twitter,@MinSalud_Ar ESTOS SON PARTE DE UN CULTO DONDE LOS CHICOS SON SACRIFICADOS A SU DIOS!! https://t.co/n1lVhSr9Es EL TOXICO COVID LES DIO MUCHA MATERIA PRIMA? QUIERO CANCELAR TODA AUTORIZACION NO QUIERO DONAR NADA NI QUE ME TOQUEN LOS MATA SANOS PREFIERO MORIR A QUE ME TOQUEN USTEDES!!,,2025-12-17,0,0
2001150363336843662,2025-12-17 04:40:00+00:00,"Yo no me haría tatuajes, le tengo fobia a las agujas...",es,0,1,0,1,1979322344201162761,fxchiya,ֺּׅ ֺּׅ ֺּׅ ֺּׅ𓊆❤︎𓊇𝄢..,,,,,,,twitter_motivos_no_donar_2022-2026.csv,twitter,"Yo no me haría tatuajes, le tengo fobia a las agujas...",,2025-12-17,0,1
2001132606809608589,2025-12-17 03:29:27+00:00,están estos que le tienen miedo a la verdura y los que le tienen miedo a las agujas ojalá se maten entre todos no sirven https://t.co/al9rvZoegT,es,0,0,0,0,1510084398154227713,RodBenjaminn,Rodri,,,,,,,twitter_motivos_no_donar_2022-2026.csv,twitter,están estos que le tienen miedo a la verdura y los que le tienen miedo a las agujas ojalá se maten entre todos no sirven https://t.co/al9rvZoegT,,2025-12-17,0,0
2001124427128357282,2025-12-17 02:56:57+00:00,jajaj me encanta q estoy hace 3 años diciendo que me voy a tatuar y le tengo fobia a las agujas (no jodo),es,0,0,0,0,1511853681196548102,bripr1l,abrii 𑁤,🇦🇷 | 01/04/25  | -18y',,,,,,twitter_motivos_no_donar_2022-2026.csv,twitter,jajaj me encanta q estoy hace 3 años diciendo que me voy a tatuar y le tengo fobia a las agujas (no jodo),,2025-12-17,0,0
2001102905995128874,2025-12-17 01:31:26+00:00,"@Julio24v @consejosenbroma Jajaja 🤭
Bueno como pagaron bien , les cuento no tengo miedo a las agujas ☺️",es,0,1,1,0,4048958961,cositamosha_fan,Clau🧉💚,Macondo,,,,,,twitter_motivos_no_donar_2022-2026.csv,twitter,"@Julio24v @consejosenbroma Jajaja Bueno como pagaron bien , les cuento no tengo miedo a las agujas",🤭 ☺️,2025-12-17,1,1
2029402453028827583,2026-03-05 03:43:43+00:00,"ayer soñe q me tatuaba y me entrevistaban junto a mcr. En un momento empujaron a gerard a q se tatué y el lo estaba por hacer pero se re nego al final (pq jaja miedo a las agujas) y frank medio q se enojo y lo empujó y le dijo que mejor se tatuaba el
JAHSHS q era ese sueño😭🙏",es,0,0,0,0,1412303961839882247,nothing0nmymind,LARI ♡ VIO A MCR Y OASIS,♡;; 17 ,,,,,,twitter_motivos_no_donar_2022-2026.csv,twitter,ayer soñe q me tatuaba y me entrevistaban junto a mcr. En un momento empujaron a gerard a q se tatué y el lo estaba por hacer pero se re nego al final (pq jaja miedo a las agujas) y frank medio q se enojo y lo empujó y le dijo que mejor se tatuaba el JAHSHS q era ese sueño,😭🙏,2026-03-05,0,0
2029369497962848297,2026-03-05 01:32:46+00:00,@tprtillas yo también le tenía miedo a las agujas hasta que me metí a enfermería y ya no me pasa mucho. Te paso ese tip https://t.co/fL8fJHhe3A,es,0,1,0,0,1704306145177767936,ivesrww,Iann 🍎,18 . she . crd: eve-eleidan ,,,,,,twitter_motivos_no_donar_2022-2026.csv,twitter,@tprtillas yo también le tenía miedo a las agujas hasta que me metí a enfermería y ya no me pasa mucho. Te paso ese tip https://t.co/fL8fJHhe3A,,2026-03-05,0,1
2029362390828036454,2026-03-05 01:04:32+00:00,"Una vez quedé en ir a tomar un café con una amiga y me pidió que antes la acompañara a darse una inyección (le tiene fobia a las agujas), así que fuimos a que la pincharan y después nos clavamos una meriendita, me pareció un planazo https://t.co/t3Y9RkwD1n",es,0,1,1,0,20744086,naura_m,✨ stewpida.,"CABA, Argentina",,,,,,twitter_motivos_no_donar_2022-2026.csv,twitter,"Una vez quedé en ir a tomar un café con una amiga y me pidió que antes la acompañara a darse una inyección (le tiene fobia a las agujas), así que fuimos a que la pincharan y después nos clavamos una meriendita, me pareció un planazo https://t.co/t3Y9RkwD1n",,2026-03-05,1,1
2029351058183495746,2026-03-05 00:19:30+00:00,@Vikingonegroa Así estoy yo ya borre tres boletos me tarde en hacerlos y mejor los borré ALV no quiero donar ya,es,0,0,1,0,1900979168369577984,SoyVicoRey,Victor,"Frontera, Coahuila de Zaragoza",,,,,,twitter_motivos_no_donar_2022-2026.csv,twitter,@Vikingonegroa Así estoy yo ya borre tres boletos me tarde en hacerlos y mejor los borré ALV no quiero donar ya,,2026-03-05,1,0
2029244970192834935,2026-03-04 17:17:57+00:00,TW de yo con fobia a las agujas yendo a ver la sustancia con Crotolamo,es,0,0,1,0,1070404867817177088,Gloglo003,Gloria💝🧸,España,,,,,,twitter_motivos_no_donar_2022-2026.csv,twitter,TW de yo con fobia a las agujas yendo a ver la sustancia con Crotolamo,,2026-03-04,1,0
2029224195893162036,2026-03-04 15:55:24+00:00,guen le tiene miedo a las agujas y le pide a su amigo que le ayude (???) https://t.co/uG7j58HgP0,es,0,2,5,0,1933934086059597824,addzthFur,AddztheFur,mi ksa,,,,,,twitter_motivos_no_donar_2022-2026.csv,twitter,guen le tiene miedo a las agujas y le pide a su amigo que le ayude (???) https://t.co/uG7j58HgP0,,2026-03-04,5,2
2029183761150103803,2026-03-04 13:14:43+00:00,Me averigüé CASI TODO antes de venir a donar sangre menos lo más importante y la única afección que tengo y justo da en el palo que es una por la que no puedo donar bajo ninguna circunstancia,es,0,0,0,0,1878678031239102464,athyssy,Athy,,,,,,,twitter_motivos_no_donar_2022-2026.csv,twitter,Me averigüé CASI TODO antes de venir a donar sangre menos lo más importante y la única afección que tengo y justo da en el palo que es una por la que no puedo donar bajo ninguna circunstancia,,2026-03-04,0,0
2029040697135800395,2026-03-04 03:46:14+00:00,Mi miedo a las agujas en serio que es extraño como está eso que me dio un ataque de pánico al solo ver una y me desmaye dsp de vacunarme,es,1,0,2,0,1989820537254920192,Sikencut,🦴₊˚⋆𝙎𝙠𝙮𝙡𝙖𝙧𝙭°₊˚🥩,HE/HIM🏳️‍⚧️,,,,,,twitter_motivos_no_donar_2022-2026.csv,twitter,Mi miedo a las agujas en serio que es extraño como está eso que me dio un ataque de pánico al solo ver una y me desmaye dsp de vacunarme,,2026-03-04,2,0
2029039099538014246,2026-03-04 03:39:53+00:00,Querer entrar en testo pero le tengo fobia a las agujas (rlly una vez me desmaye cuando me querían vacunar),es,0,2,5,0,1989820537254920192,Sikencut,🦴₊˚⋆𝙎𝙠𝙮𝙡𝙖𝙧𝙭°₊˚🥩,HE/HIM🏳️‍⚧️,,,,,,twitter_motivos_no_donar_2022-2026.csv,twitter,Querer entrar en testo pero le tengo fobia a las agujas (rlly una vez me desmaye cuando me querían vacunar),,2026-03-04,5,2
2028990257845125221,2026-03-04 00:25:48+00:00,Quienes me conocen saben que le tengo miedo a las agujas y el que ayer me inyectaran anestesia en la espalda 💀💀 me mato.,es,0,0,1,0,1437466412784787460,granolacongotas,Mafer ☁️,,,,,,,twitter_motivos_no_donar_2022-2026.csv,twitter,Quienes me conocen saben que le tengo miedo a las agujas y el que ayer me inyectaran anestesia en la espalda me mato.,💀💀,2026-03-04,1,0
2028976660935041224,2026-03-03 23:31:47+00:00,Lo primero que haré con mi beca es tatuarme 100% tengo que perder el miedo a las agujas,es,0,0,1,0,1955008290150305792,milanesadepoiox,esfef,"Madrid, España",,,,,,twitter_motivos_no_donar_2022-2026.csv,twitter,Lo primero que haré con mi beca es tatuarme 100% tengo que perder el miedo a las agujas,,2026-03-03,1,0
2028954225426706534,2026-03-03 22:02:38+00:00,"@elconquis_etb Yo también  tengo fobia a las agujas. 
Y te aseguro que no me río nada 😁
#Conquis14ETB https://t.co/C1NlIYlA7q",es,0,0,1,0,277048801,anezarandona,ane,,,,,,,twitter_motivos_no_donar_2022-2026.csv,twitter,@elconquis_etb Yo también tengo fobia a las agujas. Y te aseguro que no me río nada #Conquis14ETB https://t.co/C1NlIYlA7q,😁,2026-03-03,1,0
2028952034318209120,2026-03-03 21:53:55+00:00,Me acabo de sentir identificada con Pitu en mi fobia a las agujas. Yo reacciono llorando a mares pero vamos que lo veo riéndose #Conquis14ETB,es,0,0,1,0,2013371821802811392,iraide_a1989,Iraide A.,,,,,,,twitter_motivos_no_donar_2022-2026.csv,twitter,Me acabo de sentir identificada con Pitu en mi fobia a las agujas. Yo reacciono llorando a mares pero vamos que lo veo riéndose #Conquis14ETB,,2026-03-03,1,0
2028951854550229383,2026-03-03 21:53:12+00:00,"¡¡¡¡¡PITUUUUUU!!!!!!

¿¿¿QUÉ ES ESTOOOO???

¿Una pequeñita fobia a las agujas? 🥰🤣🤣🤣

#Conquis14ETB https://t.co/GWYje2X1lJ",es,6,2,39,0,474957612,elconquis_etb,El Conquistador ETB,El Caribe ☀️🌴🧭,,,,,,twitter_motivos_no_donar_2022-2026.csv,twitter,¡¡¡¡¡PITUUUUUU!!!!!! ¿¿¿QUÉ ES ESTOOOO??? ¿Una pequeñita fobia a las agujas? #Conquis14ETB https://t.co/GWYje2X1lJ,🥰🤣🤣🤣,2026-03-03,39,2
2028608012525404186,2026-03-02 23:06:54+00:00,@elojoquetodolv Ahora va a venir con miedo a las agujas😂,es,0,0,13,0,2263934003,lavidadegalay,Ava,"Andalucía, España",,,,,,twitter_motivos_no_donar_2022-2026.csv,twitter,@elojoquetodolv Ahora va a venir con miedo a las agujas,😂,2026-03-02,13,0
2028561992781271314,2026-03-02 20:04:02+00:00,"@emmafiore_10 No puedo donar sangre, nunca me afecto tanto eso jajaja",es,0,0,2,0,130955393,martin_pata,Martin Pata,,,,,,,twitter_motivos_no_donar_2022-2026.csv,twitter,"@emmafiore_10 No puedo donar sangre, nunca me afecto tanto eso jajaja",,2026-03-02,2,0
2028514971827491190,2026-03-02 16:57:11+00:00,"@Jxseph_sandxval Pues yo no puedo donar órganos ni sangre por una cuestión médica y mi hermana necesitaba un trasplante, ella murió y no saben como duele el no haber podido hacer nada, todo porqué algo en mi no es normal, simplemente un defecto congenito.",es,0,0,0,0,1370495797243088900,Salvado82956147,Salvador Juárez,,,,,,,twitter_motivos_no_donar_2022-2026.csv,twitter,"@Jxseph_sandxval Pues yo no puedo donar órganos ni sangre por una cuestión médica y mi hermana necesitaba un trasplante, ella murió y no saben como duele el no haber podido hacer nada, todo porqué algo en mi no es normal, simplemente un defecto congenito.",,2026-03-02,0,0
2028453741351895256,2026-03-02 12:53:53+00:00,Yo vengo anual a hacerme mis exámenes de sangre de todo por ser adulta responsable pero lo que yo le tengo miedo a las agujas? No está escrito Jajjsjsjsjs,es,0,0,0,0,573883016,laulopez2_,•LAURA•,Algún lado del mundo ✈,,,,,,twitter_motivos_no_donar_2022-2026.csv,twitter,Yo vengo anual a hacerme mis exámenes de sangre de todo por ser adulta responsable pero lo que yo le tengo miedo a las agujas? No está escrito Jajjsjsjsjs,,2026-03-02,0,0
2028254770461307344,2026-03-01 23:43:15+00:00,No donó sangre por qué le tengo miedo a las agujas y ahora me van a sacar igual para la operación 🥲,es,0,0,1,0,1640827223170056192,brifarias7,Bri,"Santa Fe, Argentina",,,,,,twitter_motivos_no_donar_2022-2026.csv,twitter,No donó sangre por qué le tengo miedo a las agujas y ahora me van a sacar igual para la operación,🥲,2026-03-01,1,0
2028253400651972830,2026-03-01 23:37:48+00:00,"@ozucito no, quiero donar las mías",es,0,1,1,0,32758829,Seferene,Seferene,santiago-CHILE,,,,,,twitter_motivos_no_donar_2022-2026.csv,twitter,"@ozucito no, quiero donar las mías",,2026-03-01,1,1
2028194770477084680,2026-03-01 19:44:49+00:00,"Estuve viendo los tatuajes de Frank y me dieron (otra vez) ganas de tatuarme

Pero aquí le tenemos miedo a las agujas (ayuda) y ademas andamos sin plata JAKSHAKSJAJS",es,0,1,0,0,1263526781958709249,BlackIeroween,ANN ☆ 🇨🇴 VI A MCR 10/02!!,FUCK ICE | 22,,,,,,twitter_motivos_no_donar_2022-2026.csv,twitter,Estuve viendo los tatuajes de Frank y me dieron (otra vez) ganas de tatuarme Pero aquí le tenemos miedo a las agujas (ayuda) y ademas andamos sin plata JAKSHAKSJAJS,,2026-03-01,0,1
2028152172219695551,2026-03-01 16:55:33+00:00,mi brazo si no le tuviera tanta fobia a las agujas: https://t.co/bs6McPPeeo,es,0,0,2,0,1869930917495746561,valhernnnnz,val,,,,,,,twitter_motivos_no_donar_2022-2026.csv,twitter,mi brazo si no le tuviera tanta fobia a las agujas: https://t.co/bs6McPPeeo,,2026-03-01,2,0
2028130845639250163,2026-03-01 15:30:49+00:00,@EggsyGraphics For you my friend… Lo podría intentar… o puedes invitarme y te apoyo con un juguito y muchas porras xd (le tengo miedo a las agujas y perforaciones JSJSJSJS),es,0,1,1,0,876234256636198912,ArtBrizt,Briz 🐷👑,,,,,,,twitter_motivos_no_donar_2022-2026.csv,twitter,@EggsyGraphics For you my friend… Lo podría intentar… o puedes invitarme y te apoyo con un juguito y muchas porras xd (le tengo miedo a las agujas y perforaciones JSJSJSJS),,2026-03-01,1,1
2027851869809258654,2026-02-28 21:02:16+00:00,@mejiaskurosaki yo si me re tatuaria igual cuando se me vaya el miedo a las agujas ahre,es,0,1,0,0,1935415483102281728,gekinki_d,geki 𖹭.ᐟ,she/her 𖹭𐔌՞. .՞𐦯,,,,,,twitter_motivos_no_donar_2022-2026.csv,twitter,@mejiaskurosaki yo si me re tatuaria igual cuando se me vaya el miedo a las agujas ahre,,2026-02-28,0,1
2027842100134285365,2026-02-28 20:23:26+00:00,Soy tan sangrona y resulta que no puedo donar sangre porque tengo las plaquetas bajas y lit me dijeron que no tengo sangre 🤡,es,0,0,0,0,1373373607519395841,StephanyMadral,Steph☆,,,,,,,twitter_motivos_no_donar_2022-2026.csv,twitter,Soy tan sangrona y resulta que no puedo donar sangre porque tengo las plaquetas bajas y lit me dijeron que no tengo sangre,🤡,2026-02-28,0,0
2027823342611288244,2026-02-28 19:08:54+00:00,"Nunca mejor dicho)
en fin me ponen el la bata esta, me canalizan que ahi fue donde me asuste horrible porque le tengo mucho miedo a las agujas, y luego viene la mejor parte, entro yo pa que me anestesien y le pregunto a la chica ""me van a dormir no?""
la chica no mas me mira+",es,0,1,0,0,1634246628683948049,leoneddemon,Leoned 😈✨|Vtuber|,Tus paredes,,,,,,twitter_motivos_no_donar_2022-2026.csv,twitter,"Nunca mejor dicho) en fin me ponen el la bata esta, me canalizan que ahi fue donde me asuste horrible porque le tengo mucho miedo a las agujas, y luego viene la mejor parte, entro yo pa que me anestesien y le pregunto a la chica ""me van a dormir no?"" la chica no mas me mira+",,2026-02-28,0,1
2027810043320558039,2026-02-28 18:16:03+00:00,@casidolape Soy 0-pero no puedo donar lamentablemente,es,0,0,1,0,1851652344578281472,marililinita,marilina,"San Isidro, Argentina",,,,,,twitter_motivos_no_donar_2022-2026.csv,twitter,@casidolape Soy 0-pero no puedo donar lamentablemente,,2026-02-28,1,0
2027748455188209986,2026-02-28 14:11:20+00:00,"_No puedo donar está camiseta del Ayatollah  Jamenei murio hace mucho tiempo.
_Marchhh sirve para cualquier ayatola https://t.co/0WfX506Cns",es,0,0,2,0,1270567482,Webokv1,▀▄▀Webo▀▄▀ ⭐⭐⭐,Tandil,,,,,,twitter_motivos_no_donar_2022-2026.csv,twitter,_No puedo donar está camiseta del Ayatollah Jamenei murio hace mucho tiempo. _Marchhh sirve para cualquier ayatola https://t.co/0WfX506Cns,,2026-02-28,2,0
2027697792404070743,2026-02-28 10:50:01+00:00,pq airam tiene q tener miedo a las agujas💔💔💔💔,es,0,1,1,0,1545575282739904512,susunouta,Risu🍎,707,,,,,,twitter_motivos_no_donar_2022-2026.csv,twitter,pq airam tiene q tener miedo a las agujas,💔💔💔💔,2026-02-28,1,1
2027490698358841408,2026-02-27 21:07:06+00:00,"@meizakkii En este punto yo ya estuviera todo tatuado del cuerpo, lo único q m lo impide es q le tengo un hpt miedo a las agujas",es,0,1,1,0,2022523151804964864,elistrangez,elistrangezz,he / 21,,,,,,twitter_motivos_no_donar_2022-2026.csv,twitter,"@meizakkii En este punto yo ya estuviera todo tatuado del cuerpo, lo único q m lo impide es q le tengo un hpt miedo a las agujas",,2026-02-27,1,1
2027490070626705534,2026-02-27 21:04:36+00:00,@AntelDeTodos por qué no puedo donar el total de mi saldo a Animales sin Hogar?,es,0,1,1,0,183883198,elami2r,Joaquín Barceló,,,,,,,twitter_motivos_no_donar_2022-2026.csv,twitter,@AntelDeTodos por qué no puedo donar el total de mi saldo a Animales sin Hogar?,,2026-02-27,1,1
2027452052121542749,2026-02-27 18:33:32+00:00,así hablándole yo a la tatuadora mientras intentaba no desmayarme de los nervios porque le tengo miedo a las agujas https://t.co/7192kABtlG,es,0,0,2,0,1413783813935742976,___klvsbbh,kat,cbx ⠀rv⠀chankaibaeksoo⠀🇨🇴,,,,,,twitter_motivos_no_donar_2022-2026.csv,twitter,así hablándole yo a la tatuadora mientras intentaba no desmayarme de los nervios porque le tengo miedo a las agujas https://t.co/7192kABtlG,,2026-02-27,2,0
2027410110146806265,2026-02-27 15:46:52+00:00,@celestit444xd el crossfitero tiene miedo a las agujas,es,0,1,2,0,828868360914006016,NadiraASMR,Nadira 💜💛 🍧🇰🇷,Madrid,,,,,,twitter_motivos_no_donar_2022-2026.csv,twitter,@celestit444xd el crossfitero tiene miedo a las agujas,,2026-02-27,2,1
2027402498135253222,2026-02-27 15:16:37+00:00,@LenaMiu25_phofc Hola por ahora no puedo donar pero si apoyar en tendencias,es,0,0,1,0,3223186068,AmtnzMariana,Amelia,"Mérida, Yucatán",,,,,,twitter_motivos_no_donar_2022-2026.csv,twitter,@LenaMiu25_phofc Hola por ahora no puedo donar pero si apoyar en tendencias,,2026-02-27,1,0
2027370057097936941,2026-02-27 13:07:42+00:00,Fui a preguntar si podía donar sangre para ver que tenía que presentar y qué requisitos habían porque me había hecho un arito hacía unos días y me regalaron un desayuno para que coma algo mientras leía el formulario Y AL FINAL NO PUEDO DONAR Y DESAYUNÉ GRATIS me siento miserable,es,0,0,0,0,1448763832432672768,antoiglesiias,anto,🇦🇷🇺🇾,,,,,,twitter_motivos_no_donar_2022-2026.csv,twitter,Fui a preguntar si podía donar sangre para ver que tenía que presentar y qué requisitos habían porque me había hecho un arito hacía unos días y me regalaron un desayuno para que coma algo mientras leía el formulario Y AL FINAL NO PUEDO DONAR Y DESAYUNÉ GRATIS me siento miserable,,2026-02-27,0,0
2027345101144338491,2026-02-27 11:28:33+00:00,"@rod2x_92 @Burning_Myn La escena es del ""Pozo de Agujas"" en Saw II (2005), con Shawnee Smith como Amanda. 
Usaron +120.000 jeringas reales, pero quitaron todas las puntas afiladas y las cambiaron por puntas de fibra óptica seguras (tomó días de trabajo). 
Ella tiene fobia a las agujas, lo que la hizo",es,0,0,8,0,1720665183188922368,grok,Grok,wherever you are,,,,,,twitter_motivos_no_donar_2022-2026.csv,twitter,"@rod2x_92 @Burning_Myn La escena es del ""Pozo de Agujas"" en Saw II (2005), con Shawnee Smith como Amanda. Usaron +120.000 jeringas reales, pero quitaron todas las puntas afiladas y las cambiaron por puntas de fibra óptica seguras (tomó días de trabajo). Ella tiene fobia a las agujas, lo que la hizo",,2026-02-27,8,0
2027277303315640711,2026-02-27 06:59:08+00:00,Igual no puedo donar sangre todos tendrían metanfetamina gratis menos yo 🧍🏻‍♀️ https://t.co/86mSlKbPav,es,0,1,0,0,1864021438518398976,viluna_2,》☆《 𝓥𝓲𝓵𝓾 》☆《,wdym Im right here,,,,,,twitter_motivos_no_donar_2022-2026.csv,twitter,Igual no puedo donar sangre todos tendrían metanfetamina gratis menos yo ‍ https://t.co/86mSlKbPav,🧍🏻 ♀️,2026-02-27,0,1
2027212796555940146,2026-02-27 02:42:49+00:00,"@culturaliteral1 A todos nos ha pasado alguna vez. Cuando tu hermanito le tenía miedo a las agujas o cuando ves que un niño se muere del miedo al ver una película de terror. No es que justifique a las chicas, pero hay que ser conscientes de que nos reímos alguna vez de estas situaciones",es,0,0,0,0,2004415972309192708,adrimorexp,AdriMoreXP,,,,,,,twitter_motivos_no_donar_2022-2026.csv,twitter,"@culturaliteral1 A todos nos ha pasado alguna vez. Cuando tu hermanito le tenía miedo a las agujas o cuando ves que un niño se muere del miedo al ver una película de terror. No es que justifique a las chicas, pero hay que ser conscientes de que nos reímos alguna vez de estas situaciones",,2026-02-27,0,0
2027180740572590563,2026-02-27 00:35:26+00:00,"@AFAdoomer Aaaaaaah, le tengo miedo a las agujas",es,0,1,1,0,1686565897039663105,Bizcocho_Aliny,Aliny,,,,,,,twitter_motivos_no_donar_2022-2026.csv,twitter,"@AFAdoomer Aaaaaaah, le tengo miedo a las agujas",,2026-02-27,1,1
2027155141338480822,2026-02-26 22:53:43+00:00,"No puedo donar sangre porque cáncer, twice. Pero que te digan que no por la edad, es cruel 🥴🤣🤣",es,0,1,12,0,1432327735184085001,patoal62,Dra. Grissom 🇦🇷 💛,#CiudadOpulenta,,,,,,twitter_motivos_no_donar_2022-2026.csv,twitter,"No puedo donar sangre porque cáncer, twice. Pero que te digan que no por la edad, es cruel",🥴🤣🤣,2026-02-26,12,1
2027125643230503158,2026-02-26 20:56:30+00:00,Un día más confirmando mi miedo a las agujas lahdisjskajsk,es,0,0,1,0,1613067675529355264,majoov_2,Majooouuuuuu,,,,,,,twitter_motivos_no_donar_2022-2026.csv,twitter,Un día más confirmando mi miedo a las agujas lahdisjskajsk,,2026-02-26,1,0
2027122264890626358,2026-02-26 20:43:04+00:00,"La Gretel no entiende porque hay gente que le tiene miedo a las agujas...es como yo, no le tiene miedo, ni a la sangre, y ya ha pasado por dos cirugías así como una simple anécdota...",es,0,0,5,0,118789461,Loretitolinda,🖤🍉🇵🇸Loretito La Hobbit 🍉🇵🇸🖤,La Comarca,,,,,,twitter_motivos_no_donar_2022-2026.csv,twitter,"La Gretel no entiende porque hay gente que le tiene miedo a las agujas...es como yo, no le tiene miedo, ni a la sangre, y ya ha pasado por dos cirugías así como una simple anécdota...",,2026-02-26,5,0
2027083357327176086,2026-02-26 18:08:28+00:00,"@ukarmencb @brendajimena94 @AnyaOzdust @IsaSierr_ hermano yo no me gano 10 o 20$ a la semana ni de chiste, muy aveces. y creo que ella tiene razón, el sistema es injusto, aceptalo y asumelo, estoy cansado de ayudar vagabundos y organizaciones de rescate animal. simplemente no puedo donar ni donaré lo mismo jamás que jeff bezos.",es,0,1,0,0,1804178824160071680,RichardDiaz47,Richard Diaz,,,,,,,twitter_motivos_no_donar_2022-2026.csv,twitter,"@ukarmencb @brendajimena94 @AnyaOzdust @IsaSierr_ hermano yo no me gano 10 o 20$ a la semana ni de chiste, muy aveces. y creo que ella tiene razón, el sistema es injusto, aceptalo y asumelo, estoy cansado de ayudar vagabundos y organizaciones de rescate animal. simplemente no puedo donar ni donaré lo mismo jamás que jeff bezos.",,2026-02-26,0,1
2027082519946862637,2026-02-26 18:05:08+00:00,"Estuvimos así 🤏🏻, de que lo contagiara, y tenerlo que inyectar.
Ni modo. Su fobia a las agujas sigue (cobardemente) a salvo, @IngeTrajeado https://t.co/KVejp5JMeW",es,1,1,3,0,1920328220009693184,1_siete,.Susana.,,,,,,,twitter_motivos_no_donar_2022-2026.csv,twitter,"Estuvimos así , de que lo contagiara, y tenerlo que inyectar. Ni modo. Su fobia a las agujas sigue (cobardemente) a salvo, @IngeTrajeado https://t.co/KVejp5JMeW",🤏🏻,2026-02-26,3,1
2027005117321404902,2026-02-26 12:57:34+00:00,"En menos de un mes me sacaron sangre dos veces y me vacunaron, estoy a punto de desarrollar un miedo a las agujas importante",es,0,0,0,1,1332404712575033345,Moraelizalde6,Mora,Ciudad Autónoma de Buenos Aire,,,,,,twitter_motivos_no_donar_2022-2026.csv,twitter,"En menos de un mes me sacaron sangre dos veces y me vacunaron, estoy a punto de desarrollar un miedo a las agujas importante",,2026-02-26,0,0
2027003071243432396,2026-02-26 12:49:26+00:00,"@JuaNesThe2nd El miedo a las agujas es lo de menos, el terror que le tengo a parecer un ñero",es,0,1,0,0,864505389324406785,Vendetta1313_,𝗩𝗲𝗻𝗱𝗲𝘁𝘁𝗮,Hell's kitchen,,,,,,twitter_motivos_no_donar_2022-2026.csv,twitter,"@JuaNesThe2nd El miedo a las agujas es lo de menos, el terror que le tengo a parecer un ñero",,2026-02-26,0,1
2026864978238829022,2026-02-26 03:40:42+00:00,"Ola me dejan donar sangre, me tachan de drogadicto, alcohólico, promiscuo y después se toman el atrevimiento de PONCHARME la vena en la muestra para decir que tengo los leucocitos altos y que no puedo donar ⚰️⚰️⚰️ https://t.co/OXAgkIPeoz",es,0,0,0,0,1724120364962152448,cryptid_ssam,sham,,,,,,,twitter_motivos_no_donar_2022-2026.csv,twitter,"Ola me dejan donar sangre, me tachan de drogadicto, alcohólico, promiscuo y después se toman el atrevimiento de PONCHARME la vena en la muestra para decir que tengo los leucocitos altos y que no puedo donar https://t.co/OXAgkIPeoz",⚰️⚰️⚰️,2026-02-26,0,0
2026815184526831633,2026-02-26 00:22:51+00:00,"[VID]{260226} #CHANYEOL con miedo a las agujas 😆🫳

🧑🏻‍⚕️: ¿Cómo te sientes hoy?
🍒: Tengo un poco de sueño, pero me siento bien.
👤PD: ¿Qué tal un poco de acupuntura?
🍒: No, no, estoy bien. https://t.co/ayVuKPOGXh",es,2,1,13,0,1027307149054095361,PCYLatam,PARK CHANYEOL 찬열 LATINOAMÉRICA 🔥,,,,,,,twitter_motivos_no_donar_2022-2026.csv,twitter,"[VID]{260226} #CHANYEOL con miedo a las agujas ‍ : ¿Cómo te sientes hoy? : Tengo un poco de sueño, pero me siento bien. PD: ¿Qué tal un poco de acupuntura? : No, no, estoy bien. https://t.co/ayVuKPOGXh",😆🫳 🧑🏻 ⚕️ 🍒 👤 🍒,2026-02-26,13,1
2026720908996415695,2026-02-25 18:08:14+00:00,@FloSalgueiro No puedo donar pues tomo medicación psiquiátrica.,es,0,1,0,0,133539084,AlvMaFre,Alvaro,"Montevideo, Uruguay",,,,,,twitter_motivos_no_donar_2022-2026.csv,twitter,@FloSalgueiro No puedo donar pues tomo medicación psiquiátrica.,,2026-02-25,0,1
2026692618919268647,2026-02-25 16:15:49+00:00,@FloSalgueiro Conozco un par con miedo a las agujas. Y otros no querrán pasar vergüenza. Por supuesto que también son menos solidarios.,es,0,0,1,0,967912926454706176,SiIviaAquino1,Zoon Politikon,,,,,,,twitter_motivos_no_donar_2022-2026.csv,twitter,@FloSalgueiro Conozco un par con miedo a las agujas. Y otros no querrán pasar vergüenza. Por supuesto que también son menos solidarios.,,2026-02-25,1,0
2026632022886584415,2026-02-25 12:15:01+00:00,@pablo_majluf Pon tú qué un peso no. ¿Puedo donar 20 centavos?,es,0,0,0,0,30879979,humbertoferia,Humberto Feria,México,,,,,,twitter_motivos_no_donar_2022-2026.csv,twitter,@pablo_majluf Pon tú qué un peso no. ¿Puedo donar 20 centavos?,,2026-02-25,0,0
2026514346814095625,2026-02-25 04:27:25+00:00,Mí miedo a las agujas y al dolor me está arruinando la vida,es,0,0,1,0,1696822001304805376,_Boys_R_Toys_,Lolo.txt,"earth, for now.",,,,,,twitter_motivos_no_donar_2022-2026.csv,twitter,Mí miedo a las agujas y al dolor me está arruinando la vida,,2026-02-25,1,0
2026493037958901768,2026-02-25 03:02:45+00:00,"@xSxphxckxr negó ante lo siguiente. ——

No quiero meterle cosas raras a mi cuerpo, eso es muy diferente a tenerle miedo a las agujas.

—— Aunque tenía que admitir que no le gustaban, pero se excusaba en lo de su salud para no mostrar ese miedo irracional. ——

¿Qué ibas a decir?

—— Le &gt;",es,0,1,0,0,1763592566761541632,Sxrling,𝐀𝐈𝐃𝐄𝐍,Inglaterra ,,,,,,twitter_motivos_no_donar_2022-2026.csv,twitter,"@xSxphxckxr negó ante lo siguiente. —— No quiero meterle cosas raras a mi cuerpo, eso es muy diferente a tenerle miedo a las agujas. —— Aunque tenía que admitir que no le gustaban, pero se excusaba en lo de su salud para no mostrar ese miedo irracional. —— ¿Qué ibas a decir? —— Le &gt;",,2026-02-25,0,1
2026490975665668349,2026-02-25 02:54:33+00:00,"@Sxrling aceptaras a Onyx. Incluso poco a poco comienza a quererte y todo. Te sería más fácil si te vacunaras pero el señorito tiene miedo a las agujas parece ser. Y tú vas a ser un mafio--- ”

Sus palabras detiene rápidamente. Mafioso. A veces se le olvidaba esa parte del contrario. (+)",es,0,1,0,0,1775992804788834304,xSxphxckxr,SOFIA,,,,,,,twitter_motivos_no_donar_2022-2026.csv,twitter,@Sxrling aceptaras a Onyx. Incluso poco a poco comienza a quererte y todo. Te sería más fácil si te vacunaras pero el señorito tiene miedo a las agujas parece ser. Y tú vas a ser un mafio--- ” Sus palabras detiene rápidamente. Mafioso. A veces se le olvidaba esa parte del contrario. (+),,2026-02-25,0,1
2026420017189748772,2026-02-24 22:12:35+00:00,cuando no puedo donar a los gatitos pq no tengo dinero m siento la peor persona del mundo pero m consuela saber q cuando tuve lo hice muchas veces y cuando tenga algo de dinero de nuevo podré hacerlo https://t.co/u9cQUq10O5,es,0,0,3,0,1392369779722293248,fleurlimichi,liaa 🌙,,,,,,,twitter_motivos_no_donar_2022-2026.csv,twitter,cuando no puedo donar a los gatitos pq no tengo dinero m siento la peor persona del mundo pero m consuela saber q cuando tuve lo hice muchas veces y cuando tenga algo de dinero de nuevo podré hacerlo https://t.co/u9cQUq10O5,,2026-02-24,3,0
2026375445831107002,2026-02-24 19:15:29+00:00,"""Tan grande y le tenés miedo a las agujas?"" Es algo así como decirte pito chico pero en versión medicina.",es,0,0,1,0,1372357933510619136,amato_lucho,Lucho D.,"Santa Fé, Argentina",,,,,,twitter_motivos_no_donar_2022-2026.csv,twitter,"""Tan grande y le tenés miedo a las agujas?"" Es algo así como decirte pito chico pero en versión medicina.",,2026-02-24,1,0
2026349667231900118,2026-02-24 17:33:03+00:00,"@MssLupin Le tiene miedo a las agujas 
De hecho hay un fanfic..",es,0,1,0,0,1796685255786561536,nmneweil,eil !! ☁️🍃🌬️,she/her,,,,,,twitter_motivos_no_donar_2022-2026.csv,twitter,@MssLupin Le tiene miedo a las agujas De hecho hay un fanfic..,,2026-02-24,0,1
2026347698165596170,2026-02-24 17:25:13+00:00,"SEGUNDO PINCHAZO DEL DÍA,  MI MUESTRA SE COAGULÓ ASI QUE ME SACARON OTRA 😭😭(,LE TENGO FOBIA A LAS AGUJAS asi que me hiperventilé x2) https://t.co/aD39mWd6rC https://t.co/Zi0nyj9Zgu",es,1,3,41,0,1400302893400473602,CRUNCH_LINERS,LINERS |ANIMACION| (comisiones abiertas),San Luis - arg,,,,,,twitter_motivos_no_donar_2022-2026.csv,twitter,"SEGUNDO PINCHAZO DEL DÍA, MI MUESTRA SE COAGULÓ ASI QUE ME SACARON OTRA (,LE TENGO FOBIA A LAS AGUJAS asi que me hiperventilé x2) https://t.co/aD39mWd6rC https://t.co/Zi0nyj9Zgu",😭😭,2026-02-24,41,3
2026321845033812207,2026-02-24 15:42:29+00:00,"Mi nuevo crush es la doc que vino a la facu a pedir que donemos sangre 

Girl take my blood, me sentí Benny en MBSIAV 

(Aún no puedo donar sangre pq tengo q pasar un año sin haberme tatuado)",es,0,1,1,0,924030519490293760,lex_weird,Lex García,Anxiety ,,,,,,twitter_motivos_no_donar_2022-2026.csv,twitter,"Mi nuevo crush es la doc que vino a la facu a pedir que donemos sangre Girl take my blood, me sentí Benny en MBSIAV (Aún no puedo donar sangre pq tengo q pasar un año sin haberme tatuado)",,2026-02-24,1,1
2026293333929148530,2026-02-24 13:49:12+00:00,@nayaregam Y la fobia a las agujas?,es,0,1,0,0,446423382,mflorenciaweber,Flor🦋,"Carlos Casares , Argentina",,,,,,twitter_motivos_no_donar_2022-2026.csv,twitter,@nayaregam Y la fobia a las agujas?,,2026-02-24,0,1
2026272652172636453,2026-02-24 12:27:01+00:00,"Hola también me está pidiendo ayuda, no puedo donar pero si compartir

I can't donate but i share

https://t.co/mrw56uEG2S",es,0,0,1,0,2830666087,cainnavis,caín,,,,,,,twitter_motivos_no_donar_2022-2026.csv,twitter,"Hola también me está pidiendo ayuda, no puedo donar pero si compartir I can't donate but i share https://t.co/mrw56uEG2S",,2026-02-24,1,0
2026228635162587409,2026-02-24 09:32:06+00:00,"“El hecho de no querer actuar a tiempo y de no querer escuchar tiene consecuencias graves. Las personas que puedan verse reflejadas en mí deberían reflexionar.”

Su fobia a las agujas llevó a Cristina Gómez a posponer varios años la resonancia con contraste que llevaría a su https://t.co/yQpy2MEtWc",es,3,0,15,0,2306389686,RedescubreLaEM,Redescubre La EM,España,,,,,,twitter_motivos_no_donar_2022-2026.csv,twitter,“El hecho de no querer actuar a tiempo y de no querer escuchar tiene consecuencias graves. Las personas que puedan verse reflejadas en mí deberían reflexionar.” Su fobia a las agujas llevó a Cristina Gómez a posponer varios años la resonancia con contraste que llevaría a su https://t.co/yQpy2MEtWc,,2026-02-24,15,0
2026040870420558084,2026-02-23 21:06:00+00:00,Yo soy A+ pero no me dejan donar x el tatuaje que recién me hice 🥺 o si no hace rato hubiera ido!,es,0,1,3,0,462153967,karenisabelM,Karen Martínez,,,,,,,twitter_motivos_no_donar_2022-2026.csv,twitter,Yo soy A+ pero no me dejan donar x el tatuaje que recién me hice o si no hace rato hubiera ido!,🥺,2026-02-23,3,1
2026033321285730673,2026-02-23 20:36:00+00:00,"""Tatuar a alguien que tiene miedo a las agujas es como intentar dar de comer a un gato que no te conoce. Prepárate para los arañazos y los bufidos.""

#tattoo #tatuaje #art #artist #humor #tattooartist #ink #tattoolife #inked",es,0,0,0,0,1209393154782355456,sonbaetattoo,Sonbae | TATTOO ARTIST,"Barcelona, España",,,,,,twitter_motivos_no_donar_2022-2026.csv,twitter,"""Tatuar a alguien que tiene miedo a las agujas es como intentar dar de comer a un gato que no te conoce. Prepárate para los arañazos y los bufidos."" #tattoo #tatuaje #art #artist #humor #tattooartist #ink #tattoolife #inked",,2026-02-23,0,0
2026008224877445471,2026-02-23 18:56:16+00:00,Lo que debe haber sufrido este crío yendo al dentista con el miedo a las agujas https://t.co/Q5d1W006lp,es,0,0,3,0,3361121667,antichristam_,Guada,Ciudad Autónoma de Buenos Aire,,,,,,twitter_motivos_no_donar_2022-2026.csv,twitter,Lo que debe haber sufrido este crío yendo al dentista con el miedo a las agujas https://t.co/Q5d1W006lp,,2026-02-23,3,0
2025887596778279079,2026-02-23 10:56:56+00:00,serian minho y jisung si uno no le tuviera tanto miedo a las agujas https://t.co/0brN18NEqW,es,0,0,0,0,960360587795550208,A01Ara,a🎡,skz & iu ,,,,,,twitter_motivos_no_donar_2022-2026.csv,twitter,serian minho y jisung si uno no le tuviera tanto miedo a las agujas https://t.co/0brN18NEqW,,2026-02-23,0,0
2025704925058011224,2026-02-22 22:51:04+00:00,"Tengo miedo a las agujas. 
La vida: https://t.co/FN5bFNT13F",es,0,1,0,0,2840652965,sssssammm,sam,,,,,,,twitter_motivos_no_donar_2022-2026.csv,twitter,Tengo miedo a las agujas. La vida: https://t.co/FN5bFNT13F,,2026-02-22,0,1
2025231433975939178,2026-02-21 15:29:35+00:00,@mmre0w 31 años la wawita y le sigue teniendo miedo a las agujas. Goku por lo menos había salvado a la tierra unas cuantas veces,es,0,0,0,0,1849859498728620040,Shirouchileno,Shirouchileno,,,,,,,twitter_motivos_no_donar_2022-2026.csv,twitter,@mmre0w 31 años la wawita y le sigue teniendo miedo a las agujas. Goku por lo menos había salvado a la tierra unas cuantas veces,,2026-02-21,0,0
2025221489729978505,2026-02-21 14:50:04+00:00,"+ con una sonrisa, divertida solo por la imagen del momento. Cuando ordenó todo y escuchó a la contraria decir aquello, con esa voz temblorosa, se limitó a acariciarle la espalda con cuidado.

──────No te esfuerces por no llorar, sé que le tienes miedo a las agujas. Lo +",es,0,1,0,0,2023792179861483522,fraudulentusdoc,𝑺𝑯𝑶𝑲𝑶 𝑰𝑬𝑰𝑹𝑰〘家入硝子〙,,,,,,,twitter_motivos_no_donar_2022-2026.csv,twitter,"+ con una sonrisa, divertida solo por la imagen del momento. Cuando ordenó todo y escuchó a la contraria decir aquello, con esa voz temblorosa, se limitó a acariciarle la espalda con cuidado. No te esfuerces por no llorar, sé que le tienes miedo a las agujas. Lo +",──────,2026-02-21,0,1
2025079190450589928,2026-02-21 05:24:37+00:00,"Ya lo compartí en 3 grupos, debo buscar más… Lamentablemente yo no puedo donar :(",es,0,0,0,0,1845616317593694210,Dayraolarte,Dayra,,,,,,,twitter_motivos_no_donar_2022-2026.csv,twitter,"Ya lo compartí en 3 grupos, debo buscar más… Lamentablemente yo no puedo donar :(",,2026-02-21,0,0
2024981642423795729,2026-02-20 22:57:00+00:00,El candy le tiene miedo a las agujas #CarameloDC #TeamCaramelo  https://t.co/K9YNO8Cff2,es,1,0,10,0,1985466293731115008,MyriamR71,Myriam R,"Monterrey, Nuevo León",,,,,,twitter_motivos_no_donar_2022-2026.csv,twitter,El candy le tiene miedo a las agujas #CarameloDC #TeamCaramelo https://t.co/K9YNO8Cff2,,2026-02-20,10,0
2024968696070897706,2026-02-20 22:05:33+00:00,"Cuando pasaba por el hospital una señora me rogó para donar sangre ... Y yo toda jovencita sin miedo ... Le dije : "" si"" , entro a donar y me dice que no puedo donar 😞 porque tengo anemia 🥲 https://t.co/N5lm35RnnV",es,0,0,1,0,1278049209283903490,mamaponio,Mamá ponio,Bolivia,,,,,,twitter_motivos_no_donar_2022-2026.csv,twitter,"Cuando pasaba por el hospital una señora me rogó para donar sangre ... Y yo toda jovencita sin miedo ... Le dije : "" si"" , entro a donar y me dice que no puedo donar porque tengo anemia https://t.co/N5lm35RnnV",😞 🥲,2026-02-20,1,0
2024941683121561787,2026-02-20 20:18:13+00:00,"Cuando le tienes miedo a las agujas, pero te está viendo tu crush. https://t.co/x9spS1eJrl",es,3,0,110,1,980815997211955202,Dios_0ficial,Dios,El Cielo,,,,,,twitter_motivos_no_donar_2022-2026.csv,twitter,"Cuando le tienes miedo a las agujas, pero te está viendo tu crush. https://t.co/x9spS1eJrl",,2026-02-20,110,0
2027451200640073904,2026-02-27 18:30:09+00:00,"@Alqui23914 @CRUNCH_LINERS Hola, acá paciente de hematología 🤓, en realidad la curita no es necesaria si tenés buena coagulación porque la herida del pinchazo se cierra ahí nomás. Solo hay que apretar con algodón durante un momento para facilitarle un poco el trabajo al cuerpo de no sangrar más",es,0,0,0,0,1256752067617738754,KasumyKinomoto,Kasumy Kinomoto 🇦🇷,221B Baker Street ,,,,,2.0263476981655962e+18,twitter_motivos_no_donar_con_respuestas.csv,twitter,"@Alqui23914 @CRUNCH_LINERS Hola, acá paciente de hematología , en realidad la curita no es necesaria si tenés buena coagulación porque la herida del pinchazo se cierra ahí nomás. Solo hay que apretar con algodón durante un momento para facilitarle un poco el trabajo al cuerpo de no sangrar más",🤓,2026-02-27,0,0
2026606275463651733,2026-02-25 10:32:43+00:00,"@CRUNCH_LINERS No sé qué es lo que habrá pasado, pero espero que tu recuperación sea pronta.",es,0,0,0,0,1109495151955718145,AlgoNeeds,El erudito del saber correcto,,,,,,2.0263476981655962e+18,twitter_motivos_no_donar_con_respuestas.csv,twitter,"@CRUNCH_LINERS No sé qué es lo que habrá pasado, pero espero que tu recuperación sea pronta.",,2026-02-25,0,0
2026395554821840978,2026-02-24 20:35:23+00:00,@CRUNCH_LINERS Ese es el chiste,es,0,0,0,0,1337759777515053064,Alqui23914,*alquimedes*,,,,,,2.0263476981655962e+18,twitter_motivos_no_donar_con_respuestas.csv,twitter,@CRUNCH_LINERS Ese es el chiste,,2026-02-24,0,0
2026386859446653037,2026-02-24 20:00:50+00:00,"@Alqui23914 Sisi, a mí me hicieron presionar también, lo importante creo que es que la sangre se seque y no salga más",es,0,1,0,0,1400302893400473602,CRUNCH_LINERS,LINERS |ANIMACION| (comisiones abiertas),San Luis - arg,,,,,2.0263476981655962e+18,twitter_motivos_no_donar_con_respuestas.csv,twitter,"@Alqui23914 Sisi, a mí me hicieron presionar también, lo importante creo que es que la sangre se seque y no salga más",,2026-02-24,0,1
2026363785426935897,2026-02-24 18:29:09+00:00,@CRUNCH_LINERS Pues a mí me sacaron sangre y me dieron el algodón ni curita solo me dieron un poco de algodón y tuve que presionar dúro para que no salía más sangre,es,0,2,0,0,1337759777515053064,Alqui23914,*alquimedes*,,,,,,2.0263476981655962e+18,twitter_motivos_no_donar_con_respuestas.csv,twitter,@CRUNCH_LINERS Pues a mí me sacaron sangre y me dieron el algodón ni curita solo me dieron un poco de algodón y tuve que presionar dúro para que no salía más sangre,,2026-02-24,0,2
2028963048027799840,2026-03-03 22:37:41+00:00,"@elconquis_etb Me parece una absoluta falta de respeto que a los productores del programa no se les haya ocurrido ponerle una puta go pro en la frente y poder disfrutar así de la 'PITU CAM'. Podría ver un programa entero desde su punto de vista 😂
Es vuestro mejor acierto del casting del 2026!!",es,1,0,1,0,1427635803233128455,Egoitz_Madrid,Egoitz Madrid,,,,,,2.0289518545502295e+18,twitter_motivos_no_donar_con_respuestas.csv,twitter,@elconquis_etb Me parece una absoluta falta de respeto que a los productores del programa no se les haya ocurrido ponerle una puta go pro en la frente y poder disfrutar así de la 'PITU CAM'. Podría ver un programa entero desde su punto de vista Es vuestro mejor acierto del casting del 2026!!,😂,2026-03-03,1,0
2029334115418263725,2026-03-04 23:12:10+00:00,@addzthFur Lol,und,0,0,0,0,1768062542125879296,delawerpunchz16,punch-z-berry🍇(⁠´⁠ε⁠｀⁠ ⁠),fondo de bikini,,,,,2.029224195893162e+18,twitter_motivos_no_donar_con_respuestas.csv,twitter,@addzthFur Lol,,2026-03-04,0,0
2029328452311007504,2026-03-04 22:49:40+00:00,@delawerpunchz16 porq aun ni esta terminado xd,es,0,1,0,0,1933934086059597824,addzthFur,AddztheFur,mi ksa,,,,,2.029224195893162e+18,twitter_motivos_no_donar_con_respuestas.csv,twitter,@delawerpunchz16 porq aun ni esta terminado xd,,2026-03-04,0,1
2029327896158892478,2026-03-04 22:47:28+00:00,"@addzthFur Pf, ¿Por qué no lo muestras?, estás Twitter https://t.co/huoAx18arg",es,0,1,0,0,1768062542125879296,delawerpunchz16,punch-z-berry🍇(⁠´⁠ε⁠｀⁠ ⁠),fondo de bikini,,,,,2.029224195893162e+18,twitter_motivos_no_donar_con_respuestas.csv,twitter,"@addzthFur Pf, ¿Por qué no lo muestras?, estás Twitter https://t.co/huoAx18arg",,2026-03-04,0,1
2029225195743985935,2026-03-04 15:59:22+00:00,@addzthFur Es que no había sillas 🥺,es,0,0,0,0,1810423762506121216,skyfoxycat,skyfoxycat,,,,,,2.029224195893162e+18,twitter_motivos_no_donar_con_respuestas.csv,twitter,@addzthFur Es que no había sillas,🥺,2026-03-04,0,0
2029090264451580077,2026-03-04 07:03:12+00:00,@goreshino Oka🥹 tenks,in,0,0,0,0,1989820537254920192,Sikencut,🦴₊˚⋆𝙎𝙠𝙮𝙡𝙖𝙧𝙭°₊˚🥩,HE/HIM🏳️‍⚧️,,,,,2.0290390995380142e+18,twitter_motivos_no_donar_con_respuestas.csv,twitter,@goreshino Oka tenks,🥹,2026-03-04,0,0
2029050625053360144,2026-03-04 04:25:41+00:00,@Sikencut ponte testogel amigo,es,0,1,1,0,1496213676977709056,goreshino,🇪🇸 Lev / Leo ⚣ 🫀⋆ ࣪.,kaiser + fyodor gachikoi ♡ 20 ,,,,,2.0290390995380142e+18,twitter_motivos_no_donar_con_respuestas.csv,twitter,@Sikencut ponte testogel amigo,,2026-03-04,1,1
2029039755908776140,2026-03-04 03:42:30+00:00,@LixAlberichP Porfa,es,0,0,1,0,1989820537254920192,Sikencut,🦴₊˚⋆𝙎𝙠𝙮𝙡𝙖𝙧𝙭°₊˚🥩,HE/HIM🏳️‍⚧️,,,,,2.0290390995380142e+18,twitter_motivos_no_donar_con_respuestas.csv,twitter,@LixAlberichP Porfa,,2026-03-04,1,0
2029039601227120927,2026-03-04 03:41:53+00:00,"@Sikencut Yoooo, te juro amiko, ay que ir juntos y darnos apoyo moral",es,0,1,0,0,1942767924340473856,LixAlberichP,Félixito:P Se acerca el sid fest!,,,,,,2.0290390995380142e+18,twitter_motivos_no_donar_con_respuestas.csv,twitter,"@Sikencut Yoooo, te juro amiko, ay que ir juntos y darnos apoyo moral",,2026-03-04,0,1
2026815231062675876,2026-02-26 00:23:02+00:00,"Cr: PCY_BASE 
Subido por Park Chanyeol 찬열 Latinoamérica 
[Fire🔥Loey] 

#찬열 #엑소찬열 #チャニョル #朴灿烈 #CHchanyeol @weareoneEXO",es,0,0,0,0,1027307149054095361,PCYLatam,PARK CHANYEOL 찬열 LATINOAMÉRICA 🔥,,,,,,2.0268151845268316e+18,twitter_motivos_no_donar_con_respuestas.csv,twitter,Cr: PCY_BASE Subido por Park Chanyeol Latinoamérica [Fire Loey] # # # # #CHchanyeol @weareoneEXO,찬열 🔥 찬열 엑소찬열 チャニョル 朴灿烈,2026-02-26,0,0
2027200349224779781,2026-02-27 01:53:21+00:00,@lamamadelpocho Hdp 🙄🤣,und,0,0,0,0,1432327735184085001,patoal62,Dra. Grissom 🇦🇷 💛,#CiudadOpulenta,,,,,2.027155141338481e+18,twitter_motivos_no_donar_con_respuestas.csv,twitter,@lamamadelpocho Hdp,🙄🤣,2026-02-27,0,0
2027199666748625032,2026-02-27 01:50:38+00:00,@patoal62 La prepaga me avisa que me va a cobrar un plus por EDAD,es,0,1,1,0,1150557206020022272,lamamadelpocho,La mama del pocho campeón del mundo 🐶,Aca en mi casa ,,,,,2.027155141338481e+18,twitter_motivos_no_donar_con_respuestas.csv,twitter,@patoal62 La prepaga me avisa que me va a cobrar un plus por EDAD,,2026-02-27,1,1
