text,video_url,created_at,fecha,likes,respuestas,_origen,fuente,text_clean,emojis
Q tiene q ver el piercing con donar sangre ?,https://www.tiktok.com/@_.naiaraa._21/video/7304669289527676192,2023-12-09 20:45:17+00:00,2023-12-09,377,4,adolescente_donar_tiktok.csv,tiktok,Q tiene q ver el piercing con donar sangre ?,
"yo tmbn estoy en la d móstoles, dejan con tattos?",https://www.tiktok.com/@_.naiaraa._21/video/7304669289527676192,2023-11-23 21:33:03+00:00,2023-11-23,105,4,adolescente_donar_tiktok.csv,tiktok,"yo tmbn estoy en la d móstoles, dejan con tattos?",
me quedé sola a traición,https://www.tiktok.com/@_.naiaraa._21/video/7304669289527676192,2023-11-23 23:35:02+00:00,2023-11-23,257,1,adolescente_donar_tiktok.csv,tiktok,me quedé sola a traición,
yo ahora que estoy dejando los vicios el tabaco y el alcohol cuando lo consiga donare sangre es que le puede salvar la vida a alguien,https://www.tiktok.com/@_.naiaraa._21/video/7304669289527676192,2024-01-10 08:22:25+00:00,2024-01-10,1,0,adolescente_donar_tiktok.csv,tiktok,yo ahora que estoy dejando los vicios el tabaco y el alcohol cuando lo consiga donare sangre es que le puede salvar la vida a alguien,
me acuerdo que está chica hacia videos con plex,https://www.tiktok.com/@_.naiaraa._21/video/7304669289527676192,2024-01-15 01:18:53+00:00,2024-01-15,1,0,adolescente_donar_tiktok.csv,tiktok,me acuerdo que está chica hacia videos con plex,
"me dan mal rollo las agujas, pero si dan la Cocacola por adelantado voy y digo eso del piercing",https://www.tiktok.com/@_.naiaraa._21/video/7304669289527676192,2024-01-23 15:30:39+00:00,2024-01-23,1,0,adolescente_donar_tiktok.csv,tiktok,"me dan mal rollo las agujas, pero si dan la Cocacola por adelantado voy y digo eso del piercing",
"Donar está bien,pero mejor ir al hospital,sabías que ellos cobran 70 € por bolsa al hospital,tú te lo llevaste cocacola por 70€",https://www.tiktok.com/@_.naiaraa._21/video/7304669289527676192,2025-05-14 07:22:22+00:00,2025-05-14,2,1,adolescente_donar_tiktok.csv,tiktok,"Donar está bien,pero mejor ir al hospital,sabías que ellos cobran 70 € por bolsa al hospital,tú te lo llevaste cocacola por 70€",
regalar vida.muy bien echo 🥰🥰🥰,https://www.tiktok.com/@_.naiaraa._21/video/7304669289527676192,2024-01-10 17:51:33+00:00,2024-01-10,1,0,adolescente_donar_tiktok.csv,tiktok,regalar vida.muy bien echo,🥰🥰🥰
"Como dato, cruz roja es un vendedor de sangre a hospitales, es decir, que tu sangre es vendida, en cambio los hospitales las usan para ellos.",https://www.tiktok.com/@_.naiaraa._21/video/7304669289527676192,2024-01-09 19:40:05+00:00,2024-01-09,2,0,adolescente_donar_tiktok.csv,tiktok,"Como dato, cruz roja es un vendedor de sangre a hospitales, es decir, que tu sangre es vendida, en cambio los hospitales las usan para ellos.",
"NO DONEIS EN LA CRUZ ROJA, la venden a los hospitales para llevarse un extra",https://www.tiktok.com/@_.naiaraa._21/video/7304669289527676192,2024-01-08 22:28:05+00:00,2024-01-08,2,0,adolescente_donar_tiktok.csv,tiktok,"NO DONEIS EN LA CRUZ ROJA, la venden a los hospitales para llevarse un extra",
Peeerdon🫶🫶,https://www.tiktok.com/@_.naiaraa._21/video/7304669289527676192,2023-11-24 00:01:27+00:00,2023-11-24,36,0,adolescente_donar_tiktok.csv,tiktok,Peeerdon,🫶🫶
🥰🥰🥰,https://www.tiktok.com/@_.naiaraa._21/video/7304669289527676192,2026-01-25 11:16:21+00:00,2026-01-25,0,0,adolescente_donar_tiktok.csv,tiktok,,🥰🥰🥰
No hay bocata ?,https://www.tiktok.com/@_.naiaraa._21/video/7304669289527676192,2023-11-24 16:17:59+00:00,2023-11-24,2,1,adolescente_donar_tiktok.csv,tiktok,No hay bocata ?,
De donde son los pendientes?,https://www.tiktok.com/@_.naiaraa._21/video/7304669289527676192,2023-11-24 15:54:09+00:00,2023-11-24,1,1,adolescente_donar_tiktok.csv,tiktok,De donde son los pendientes?,
Y plex,https://www.tiktok.com/@_.naiaraa._21/video/7304669289527676192,2023-12-01 15:43:59+00:00,2023-12-01,3,0,adolescente_donar_tiktok.csv,tiktok,Y plex,
primeraaa🥰,https://www.tiktok.com/@_.naiaraa._21/video/7304669289527676192,2023-11-23 14:51:10+00:00,2023-11-23,2,0,adolescente_donar_tiktok.csv,tiktok,primeraaa,🥰
segundoooo,https://www.tiktok.com/@_.naiaraa._21/video/7304669289527676192,2023-11-23 14:53:09+00:00,2023-11-23,4,0,adolescente_donar_tiktok.csv,tiktok,segundoooo,
tío la universidad parece las encinas de élite,https://www.tiktok.com/@_.naiaraa._21/video/7304669289527676192,2024-01-13 02:37:56+00:00,2024-01-13,1,0,adolescente_donar_tiktok.csv,tiktok,tío la universidad parece las encinas de élite,
puedes enseñar el piercing,https://www.tiktok.com/@_.naiaraa._21/video/7304669289527676192,2023-12-25 14:34:39+00:00,2023-12-25,2,0,adolescente_donar_tiktok.csv,tiktok,puedes enseñar el piercing,
la intención era buena y hace falta sangre bien hecho chicas,https://www.tiktok.com/@_.naiaraa._21/video/7304669289527676192,2023-11-24 00:09:21+00:00,2023-11-24,3,0,adolescente_donar_tiktok.csv,tiktok,la intención era buena y hace falta sangre bien hecho chicas,
Venden la sangre a 60€,https://www.tiktok.com/@_.naiaraa._21/video/7304669289527676192,2023-12-01 22:13:53+00:00,2023-12-01,0,0,adolescente_donar_tiktok.csv,tiktok,Venden la sangre a 60€,
la cruz roja vende la sangre a los hospitales. Si vais directamente al banco de donantes del hospital es mejor pq no hacen negocio con las donaciones.,https://www.tiktok.com/@_.naiaraa._21/video/7304669289527676192,2024-01-10 08:12:41+00:00,2024-01-10,3,0,adolescente_donar_tiktok.csv,tiktok,la cruz roja vende la sangre a los hospitales. Si vais directamente al banco de donantes del hospital es mejor pq no hacen negocio con las donaciones.,
que humilde mía khalifa donando sangre eres mi idola,https://www.tiktok.com/@_.naiaraa._21/video/7304669289527676192,2023-12-24 19:07:03+00:00,2023-12-24,2,0,adolescente_donar_tiktok.csv,tiktok,que humilde mía khalifa donando sangre eres mi idola,
Yo espero que me den una Coca Cola o algo JAJAJA,https://www.tiktok.com/@_.naiaraa._21/video/7304669289527676192,2023-12-22 15:06:30+00:00,2023-12-22,1,0,adolescente_donar_tiktok.csv,tiktok,Yo espero que me den una Coca Cola o algo JAJAJA,
rey Juan Carlos Móstoles?,https://www.tiktok.com/@_.naiaraa._21/video/7304669289527676192,2024-01-14 23:10:05+00:00,2024-01-14,1,0,adolescente_donar_tiktok.csv,tiktok,rey Juan Carlos Móstoles?,
mil gracias🙏💕!!!! hace mucha falta💪💪🙏🥰🥰,https://www.tiktok.com/@_.naiaraa._21/video/7304669289527676192,2024-01-10 08:39:45+00:00,2024-01-10,1,0,adolescente_donar_tiktok.csv,tiktok,mil gracias !!!! hace mucha falta,🙏💕 💪💪🙏🥰🥰
Haber el piercing,https://www.tiktok.com/@_.naiaraa._21/video/7304669289527676192,2023-12-24 16:40:48+00:00,2023-12-24,0,0,adolescente_donar_tiktok.csv,tiktok,Haber el piercing,
Tienes la misma voz que Ester Exposito,https://www.tiktok.com/@_.naiaraa._21/video/7304669289527676192,2023-11-24 19:55:37+00:00,2023-11-24,2,0,adolescente_donar_tiktok.csv,tiktok,Tienes la misma voz que Ester Exposito,
Tu salistes a yo soy plex no,https://www.tiktok.com/@_.naiaraa._21/video/7304669289527676192,2024-01-03 13:47:48+00:00,2024-01-03,4,0,adolescente_donar_tiktok.csv,tiktok,Tu salistes a yo soy plex no,
de donde es tu top?,https://www.tiktok.com/@_.naiaraa._21/video/7304669289527676192,2023-12-17 14:06:24+00:00,2023-12-17,1,0,adolescente_donar_tiktok.csv,tiktok,de donde es tu top?,
Es super bueno donar sangre,https://www.tiktok.com/@_.naiaraa._21/video/7304669289527676192,2023-12-01 15:04:27+00:00,2023-12-01,1,0,adolescente_donar_tiktok.csv,tiktok,Es super bueno donar sangre,
Por infecciones como vih o otras demoran eso demora la incubación o el proceso,https://www.tiktok.com/@_.naiaraa._21/video/7304669289527676192,2023-12-31 20:04:09+00:00,2023-12-31,48,0,adolescente_donar_tiktok.csv,tiktok,Por infecciones como vih o otras demoran eso demora la incubación o el proceso,
Si te haces un piercing/tatto hace menos de tantos meses no puedes donar,https://www.tiktok.com/@_.naiaraa._21/video/7304669289527676192,2023-12-29 17:56:30+00:00,2023-12-29,3,0,adolescente_donar_tiktok.csv,tiktok,Si te haces un piercing/tatto hace menos de tantos meses no puedes donar,
donar no es acto altruista?,https://www.tiktok.com/@_.naiaraa._21/video/7304669289527676192,2025-08-13 22:55:36+00:00,2025-08-13,0,0,adolescente_donar_tiktok.csv,tiktok,donar no es acto altruista?,
@Naira,https://www.tiktok.com/@_.naiaraa._21/video/7304669289527676192,2023-11-29 16:32:09+00:00,2023-11-29,2,1,adolescente_donar_tiktok.csv,tiktok,@Naira,
"ir a donar a un hospital!!!!!!! ahí luego la venden al paciente, es una mierda",https://www.tiktok.com/@_.naiaraa._21/video/7304669289527676192,2023-11-24 17:35:11+00:00,2023-11-24,2,0,adolescente_donar_tiktok.csv,tiktok,"ir a donar a un hospital!!!!!!! ahí luego la venden al paciente, es una mierda",
la novia d rubygex,https://www.tiktok.com/@_.naiaraa._21/video/7304669289527676192,2023-11-23 22:40:27+00:00,2023-11-23,2,0,adolescente_donar_tiktok.csv,tiktok,la novia d rubygex,
urjc mostoles manda,https://www.tiktok.com/@_.naiaraa._21/video/7304669289527676192,2023-11-23 22:33:32+00:00,2023-11-23,2,0,adolescente_donar_tiktok.csv,tiktok,urjc mostoles manda,
😂😂😂,https://www.tiktok.com/@_.naiaraa._21/video/7304669289527676192,2024-01-12 04:56:36+00:00,2024-01-12,1,0,adolescente_donar_tiktok.csv,tiktok,,😂😂😂
Esos pintitos muy buenos pa el sevilla,https://www.tiktok.com/@_.naiaraa._21/video/7304669289527676192,2024-01-31 17:51:57+00:00,2024-01-31,1,0,adolescente_donar_tiktok.csv,tiktok,Esos pintitos muy buenos pa el sevilla,
@Labicoo💛🖤,https://www.tiktok.com/@_.naiaraa._21/video/7304669289527676192,2024-01-09 17:30:04+00:00,2024-01-09,1,0,adolescente_donar_tiktok.csv,tiktok,@Labicoo,💛🖤
Carnet sin examen? Si es possible mas ifo MD 🤑🤑,https://www.tiktok.com/@_.naiaraa._21/video/7304669289527676192,2024-02-20 19:33:43+00:00,2024-02-20,1,0,adolescente_donar_tiktok.csv,tiktok,Carnet sin examen? Si es possible mas ifo MD,🤑🤑
😂😂,https://www.tiktok.com/@_.naiaraa._21/video/7304669289527676192,2023-11-23 21:03:00+00:00,2023-11-23,0,0,adolescente_donar_tiktok.csv,tiktok,,😂😂
te pareces a la hija de Joaquín,https://www.tiktok.com/@_.naiaraa._21/video/7304669289527676192,2024-01-14 20:56:38+00:00,2024-01-14,0,0,adolescente_donar_tiktok.csv,tiktok,te pareces a la hija de Joaquín,
tiene que pasar 1 años desde que te los hiciste para donar,https://www.tiktok.com/@_.naiaraa._21/video/7304669289527676192,2025-05-03 14:22:55+00:00,2025-05-03,0,0,adolescente_donar_tiktok.csv,tiktok,tiene que pasar 1 años desde que te los hiciste para donar,
si luego de los 4 meses del tatuaje,https://www.tiktok.com/@_.naiaraa._21/video/7304669289527676192,2023-11-30 17:28:13+00:00,2023-11-30,0,0,adolescente_donar_tiktok.csv,tiktok,si luego de los 4 meses del tatuaje,
Claro igual que los piercings,https://www.tiktok.com/@_.naiaraa._21/video/7304669289527676192,2023-11-23 22:03:16+00:00,2023-11-23,3,0,adolescente_donar_tiktok.csv,tiktok,Claro igual que los piercings,
creo que puedes cuando pasan 4 meses desde que te hiciste el tatu si no me equivoco,https://www.tiktok.com/@_.naiaraa._21/video/7304669289527676192,2023-11-23 22:00:39+00:00,2023-11-23,6,0,adolescente_donar_tiktok.csv,tiktok,creo que puedes cuando pasan 4 meses desde que te hiciste el tatu si no me equivoco,
❤️❤️❤️,https://www.tiktok.com/@_.naiaraa._21/video/7304669289527676192,2023-12-29 12:06:23+00:00,2023-12-29,2,0,adolescente_donar_tiktok.csv,tiktok,,❤️❤️❤️
Tous,https://www.tiktok.com/@_.naiaraa._21/video/7304669289527676192,2023-11-27 13:48:14+00:00,2023-11-27,0,0,adolescente_donar_tiktok.csv,tiktok,Tous,
Bueno ya sabemos que tienes pirsing,https://www.tiktok.com/@_.naiaraa._21/video/7304669289527676192,2024-01-12 18:04:50+00:00,2024-01-12,0,0,adolescente_donar_tiktok.csv,tiktok,Bueno ya sabemos que tienes pirsing,
Un autobús no un camión de que si 😂😂,https://www.tiktok.com/@_.naiaraa._21/video/7304669289527676192,2024-01-09 21:03:23+00:00,2024-01-09,0,0,adolescente_donar_tiktok.csv,tiktok,Un autobús no un camión de que si,😂😂
Dan una bebida y Sandwich 😂😂😂,https://www.tiktok.com/@_.naiaraa._21/video/7304669289527676192,2023-11-24 13:00:03+00:00,2023-11-24,0,0,adolescente_donar_tiktok.csv,tiktok,Dan una bebida y Sandwich,😂😂😂
pov tienes sed las pibardas 😝😝😝,https://www.tiktok.com/@_.naiaraa._21/video/7304669289527676192,2024-01-09 17:59:48+00:00,2024-01-09,0,0,adolescente_donar_tiktok.csv,tiktok,pov tienes sed las pibardas,😝😝😝
@Lu👑 te suena?,https://www.tiktok.com/@_.naiaraa._21/video/7304669289527676192,2024-01-09 16:55:25+00:00,2024-01-09,0,1,adolescente_donar_tiktok.csv,tiktok,@Lu te suena?,👑
aver como te queda el piercing 😏,https://www.tiktok.com/@_.naiaraa._21/video/7304669289527676192,2024-01-04 15:09:40+00:00,2024-01-04,0,0,adolescente_donar_tiktok.csv,tiktok,aver como te queda el piercing,😏
Sii al final salió con un sandwich,https://www.tiktok.com/@_.naiaraa._21/video/7304669289527676192,2023-11-27 13:49:17+00:00,2023-11-27,0,0,adolescente_donar_tiktok.csv,tiktok,Sii al final salió con un sandwich,
El año que viene😞,https://www.tiktok.com/@_.naiaraa._21/video/7304669289527676192,2023-11-29 16:46:19+00:00,2023-11-29,0,0,adolescente_donar_tiktok.csv,tiktok,El año que viene,😞
sujétame el cubata jajajajajaja,https://www.tiktok.com/@_.naiaraa._21/video/7304669289527676192,2024-01-09 17:41:59+00:00,2024-01-09,0,0,adolescente_donar_tiktok.csv,tiktok,sujétame el cubata jajajajajaja,
Los del 2010 ni siquiera pueden donar,https://www.tiktok.com/@nachter/video/7357337111676079392,2024-04-20 01:01:37+00:00,2024-04-20,0,0,dataset_tiktok-comments-scraper_2026-02-16_12-29-41-619.csv,tiktok,Los del 2010 ni siquiera pueden donar,
🗣🗣🗣SKIBIDI DOB DOB YES,https://www.tiktok.com/@nachter/video/7357337111676079392,2024-04-18 17:32:33+00:00,2024-04-18,0,0,dataset_tiktok-comments-scraper_2026-02-16_12-29-41-619.csv,tiktok,SKIBIDI DOB DOB YES,🗣🗣🗣
"del 97 , y si 😅",https://www.tiktok.com/@nachter/video/7357337111676079392,2025-09-06 04:28:01+00:00,2025-09-06,0,0,dataset_tiktok-comments-scraper_2026-02-16_12-29-41-619.csv,tiktok,"del 97 , y si",😅
Lo gracioso es que soy del 2000 y me hace gracia de que tengo la actitud del 70-80,https://www.tiktok.com/@nachter/video/7357337111676079392,2024-05-03 09:48:35+00:00,2024-05-03,0,0,dataset_tiktok-comments-scraper_2026-02-16_12-29-41-619.csv,tiktok,Lo gracioso es que soy del 2000 y me hace gracia de que tengo la actitud del 70-80,
Es totalmente cierto!!! Ojalá todos fuéramos donantes y ayudar a las personas que lo necesitan!!,https://www.tiktok.com/@nachter/video/7357337111676079392,2024-04-16 13:09:08+00:00,2024-04-16,1,0,dataset_tiktok-comments-scraper_2026-02-16_12-29-41-619.csv,tiktok,Es totalmente cierto!!! Ojalá todos fuéramos donantes y ayudar a las personas que lo necesitan!!,
Y recuerden q es un beneficio también para el donante pues hará sangre nueva y eso es sano para todos los órganos y la piel,https://www.tiktok.com/@nachter/video/7357337111676079392,2024-04-15 18:43:45+00:00,2024-04-15,0,0,dataset_tiktok-comments-scraper_2026-02-16_12-29-41-619.csv,tiktok,Y recuerden q es un beneficio también para el donante pues hará sangre nueva y eso es sano para todos los órganos y la piel,
dónde puedo donar??,https://www.tiktok.com/@nachter/video/7357337111676079392,2024-04-13 13:27:06+00:00,2024-04-13,1,1,dataset_tiktok-comments-scraper_2026-02-16_12-29-41-619.csv,tiktok,dónde puedo donar??,
Gracias a las donaciones de Sangre estoy viva. Gracias por salvar vidas chicos 💕,https://www.tiktok.com/@nachter/video/7357337111676079392,2024-05-09 01:48:28+00:00,2024-05-09,0,0,dataset_tiktok-comments-scraper_2026-02-16_12-29-41-619.csv,tiktok,Gracias a las donaciones de Sangre estoy viva. Gracias por salvar vidas chicos,💕
Te faltó decir que los 2010 que cobrar jsjsjs,https://www.tiktok.com/@nachter/video/7357337111676079392,2024-04-13 16:16:20+00:00,2024-04-13,0,0,dataset_tiktok-comments-scraper_2026-02-16_12-29-41-619.csv,tiktok,Te faltó decir que los 2010 que cobrar jsjsjs,
yo quiero pero me dicen que no puedo porque no peso de 55 para arriba😔,https://www.tiktok.com/@nachter/video/7357337111676079392,2024-04-15 04:56:29+00:00,2024-04-15,0,0,dataset_tiktok-comments-scraper_2026-02-16_12-29-41-619.csv,tiktok,yo quiero pero me dicen que no puedo porque no peso de 55 para arriba,😔
"yo ya he donado dos veces con 18 años (la tercera no puedo xq tenía la hemoglobina baja, pero sin duda lo intentaré cuando vuelva el bus de la cruz roja a mi pueblo). soy del 2007 y no me pongo así, simplemente voy y hago lo q me dicen. literalmente no duele nada.",https://www.tiktok.com/@nachter/video/7357337111676079392,2026-02-05 07:30:13+00:00,2026-02-05,1,0,dataset_tiktok-comments-scraper_2026-02-16_12-29-41-619.csv,tiktok,"yo ya he donado dos veces con 18 años (la tercera no puedo xq tenía la hemoglobina baja, pero sin duda lo intentaré cuando vuelva el bus de la cruz roja a mi pueblo). soy del 2007 y no me pongo así, simplemente voy y hago lo q me dicen. literalmente no duele nada.",
"yo me acuerdo que a la enfermera casi le da una taquicardia cuando me quedé dormido donando
no estaba mareado ni nada, es que el sillon era comodísimo y estaba calentito😂
se asustó",https://www.tiktok.com/@nachter/video/7357337111676079392,2024-04-13 13:49:32+00:00,2024-04-13,819,10,dataset_tiktok-comments-scraper_2026-02-16_12-29-41-619.csv,tiktok,"yo me acuerdo que a la enfermera casi le da una taquicardia cuando me quedé dormido donando no estaba mareado ni nada, es que el sillon era comodísimo y estaba calentito se asustó",😂
"me encanta el "" ansiedad ""🤣🤣🤣",https://www.tiktok.com/@nachter/video/7357337111676079392,2024-04-13 14:51:55+00:00,2024-04-13,217,2,dataset_tiktok-comments-scraper_2026-02-16_12-29-41-619.csv,tiktok,"me encanta el "" ansiedad """,🤣🤣🤣
"yo llevo 51 donaciones ya y sumando,solo e fallado 2 veces k m an llamado,y sumando 💪💪💪💪💪💪",https://www.tiktok.com/@nachter/video/7357337111676079392,2024-04-14 18:08:34+00:00,2024-04-14,1,0,dataset_tiktok-comments-scraper_2026-02-16_12-29-41-619.csv,tiktok,"yo llevo 51 donaciones ya y sumando,solo e fallado 2 veces k m an llamado,y sumando",💪💪💪💪💪💪
"yo soy donante desde el año 80 , empecé en el servicio militar y con casi 65 añitos sigo donando 💪",https://www.tiktok.com/@nachter/video/7357337111676079392,2024-04-13 18:40:23+00:00,2024-04-13,77,3,dataset_tiktok-comments-scraper_2026-02-16_12-29-41-619.csv,tiktok,"yo soy donante desde el año 80 , empecé en el servicio militar y con casi 65 añitos sigo donando",💪
"Mi esposo dona 4 veces al año y le han dicho que su tipo de sangre es valiosa, porque puede donar a otros tipos 🥰🙏🏼",https://www.tiktok.com/@nachter/video/7357337111676079392,2024-04-13 14:05:14+00:00,2024-04-13,81,6,dataset_tiktok-comments-scraper_2026-02-16_12-29-41-619.csv,tiktok,"Mi esposo dona 4 veces al año y le han dicho que su tipo de sangre es valiosa, porque puede donar a otros tipos",🥰🙏🏼
yo dono todos los años 1-2 veces y es una gozada lo bien que te sientes sabiendo que es por un buen mayor y encima te tratan super bien y te dan un bocata/snack y bebida que más queréis 😁 os animo 💪,https://www.tiktok.com/@nachter/video/7357337111676079392,2024-04-13 18:40:06+00:00,2024-04-13,14,0,dataset_tiktok-comments-scraper_2026-02-16_12-29-41-619.csv,tiktok,yo dono todos los años 1-2 veces y es una gozada lo bien que te sientes sabiendo que es por un buen mayor y encima te tratan super bien y te dan un bocata/snack y bebida que más queréis os animo,😁 💪
no puedes donar sangre con menos de 18 años y si haces la cuenta el de 2010 tiene 14-15,https://www.tiktok.com/@nachter/video/7357337111676079392,2024-04-13 21:29:50+00:00,2024-04-13,18,14,dataset_tiktok-comments-scraper_2026-02-16_12-29-41-619.csv,tiktok,no puedes donar sangre con menos de 18 años y si haces la cuenta el de 2010 tiene 14-15,
A mi me pusieron 9 bolsas de sangre cuando nació mi hijo desde entonces soy donante,https://www.tiktok.com/@nachter/video/7357337111676079392,2024-04-13 22:41:16+00:00,2024-04-13,17,0,dataset_tiktok-comments-scraper_2026-02-16_12-29-41-619.csv,tiktok,A mi me pusieron 9 bolsas de sangre cuando nació mi hijo desde entonces soy donante,
"Sea como sea quien vaya y lo intente y más con miedo, es loable. Un aplauso 👏🏻",https://www.tiktok.com/@nachter/video/7357337111676079392,2024-04-14 18:12:46+00:00,2024-04-14,1,0,dataset_tiktok-comments-scraper_2026-02-16_12-29-41-619.csv,tiktok,"Sea como sea quien vaya y lo intente y más con miedo, es loable. Un aplauso",👏🏻
que lindos!,https://www.tiktok.com/@nachter/video/7357337111676079392,2024-04-16 04:36:39+00:00,2024-04-16,1,0,dataset_tiktok-comments-scraper_2026-02-16_12-29-41-619.csv,tiktok,que lindos!,
"Ahora ya es muy difícil donar sangre, si te dio covid no puedes, si tienes muelas picadas no puedes 🥺🥺 yo eh querido donar y no puedo y soy O Negativo",https://www.tiktok.com/@nachter/video/7357337111676079392,2024-04-13 14:50:06+00:00,2024-04-13,51,24,dataset_tiktok-comments-scraper_2026-02-16_12-29-41-619.csv,tiktok,"Ahora ya es muy difícil donar sangre, si te dio covid no puedes, si tienes muelas picadas no puedes yo eh querido donar y no puedo y soy O Negativo",🥺🥺
Con el tema de tatuajes se puede donar sangre?,https://www.tiktok.com/@nachter/video/7357337111676079392,2024-04-13 13:18:22+00:00,2024-04-13,13,6,dataset_tiktok-comments-scraper_2026-02-16_12-29-41-619.csv,tiktok,Con el tema de tatuajes se puede donar sangre?,
"Aquí en Venezuela, tuve una época tan mala, sin clientes ni dinero, que donaba solo por sentir la satisfacción de hacer algo útil aunque sea a desconocidos. Aún estamos muchos en crisis. Bendiciones",https://www.tiktok.com/@nachter/video/7357337111676079392,2024-04-14 12:31:02+00:00,2024-04-14,16,0,dataset_tiktok-comments-scraper_2026-02-16_12-29-41-619.csv,tiktok,"Aquí en Venezuela, tuve una época tan mala, sin clientes ni dinero, que donaba solo por sentir la satisfacción de hacer algo útil aunque sea a desconocidos. Aún estamos muchos en crisis. Bendiciones",
"si pagarán por donar allí estaría cada 4 días, mi cuerpo produce sangre como si no hubiera un mañana",https://www.tiktok.com/@nachter/video/7357337111676079392,2024-04-13 21:39:27+00:00,2024-04-13,5,6,dataset_tiktok-comments-scraper_2026-02-16_12-29-41-619.csv,tiktok,"si pagarán por donar allí estaría cada 4 días, mi cuerpo produce sangre como si no hubiera un mañana",
Gracias a todos los donantes de sangre. Yo estoy viva gracias a varias trasfusiones,https://www.tiktok.com/@nachter/video/7357337111676079392,2024-04-15 05:02:35+00:00,2024-04-15,14,0,dataset_tiktok-comments-scraper_2026-02-16_12-29-41-619.csv,tiktok,Gracias a todos los donantes de sangre. Yo estoy viva gracias a varias trasfusiones,
"Nacho,eres maravilloso!!, así es,la sangre no se puede fabricar y tenemos que ayudarnos.Es muy muy necesario ser donantes y con este video,seguro que has animado a mucha gente a donar.Eres de lo mejor",https://www.tiktok.com/@nachter/video/7357337111676079392,2024-04-13 14:12:14+00:00,2024-04-13,23,0,dataset_tiktok-comments-scraper_2026-02-16_12-29-41-619.csv,tiktok,"Nacho,eres maravilloso!!, así es,la sangre no se puede fabricar y tenemos que ayudarnos.Es muy muy necesario ser donantes y con este video,seguro que has animado a mucha gente a donar.Eres de lo mejor",
Soy menor pero cuando sea mayor d edad donaré,https://www.tiktok.com/@nachter/video/7357337111676079392,2024-05-10 14:23:14+00:00,2024-05-10,2,0,dataset_tiktok-comments-scraper_2026-02-16_12-29-41-619.csv,tiktok,Soy menor pero cuando sea mayor d edad donaré,
"no tengo el peso suficiente para donar, me dió hepatitis y según entiendo no puedo, además la agujas me dan ansiedad🥺",https://www.tiktok.com/@nachter/video/7357337111676079392,2024-04-15 03:05:39+00:00,2024-04-15,3,0,dataset_tiktok-comments-scraper_2026-02-16_12-29-41-619.csv,tiktok,"no tengo el peso suficiente para donar, me dió hepatitis y según entiendo no puedo, además la agujas me dan ansiedad",🥺
apartir de que edad se puede donar sangre?,https://www.tiktok.com/@nachter/video/7357337111676079392,2024-04-13 21:51:05+00:00,2024-04-13,11,4,dataset_tiktok-comments-scraper_2026-02-16_12-29-41-619.csv,tiktok,apartir de que edad se puede donar sangre?,
mi sangre es rara yo soy a+ XD siempre que me inyectan o me piden comprobante de sangre siempre me dicen si quiero donar XD,https://www.tiktok.com/@nachter/video/7357337111676079392,2024-04-13 20:32:56+00:00,2024-04-13,1,4,dataset_tiktok-comments-scraper_2026-02-16_12-29-41-619.csv,tiktok,mi sangre es rara yo soy a+ XD siempre que me inyectan o me piden comprobante de sangre siempre me dicen si quiero donar XD,
Los del 2010 no pueden porque son menores xd pero buen video,https://www.tiktok.com/@nachter/video/7357337111676079392,2024-04-15 16:36:09+00:00,2024-04-15,0,0,dataset_tiktok-comments-scraper_2026-02-16_12-29-41-619.csv,tiktok,Los del 2010 no pueden porque son menores xd pero buen video,
"nunca he donado, soy sangre universal. pienso que si boy al banco a donar.. y el banco la vende aquíen la necesita... pues así si no....",https://www.tiktok.com/@nachter/video/7357337111676079392,2024-04-15 03:08:48+00:00,2024-04-15,0,4,dataset_tiktok-comments-scraper_2026-02-16_12-29-41-619.csv,tiktok,"nunca he donado, soy sangre universal. pienso que si boy al banco a donar.. y el banco la vende aquíen la necesita... pues así si no....",
"las dos veces que tengo que donar no he podido, la primera tenía gripe (en mi país no se puedo donar si se tiene algo por el estilo) y la segunda me acababan de diagnosticar hipotensión y aún no se...",https://www.tiktok.com/@nachter/video/7357337111676079392,2024-04-14 16:33:15+00:00,2024-04-14,0,1,dataset_tiktok-comments-scraper_2026-02-16_12-29-41-619.csv,tiktok,"las dos veces que tengo que donar no he podido, la primera tenía gripe (en mi país no se puedo donar si se tiene algo por el estilo) y la segunda me acababan de diagnosticar hipotensión y aún no se...",
yo por dragón ball me da miedo las agujas,https://www.tiktok.com/@nachter/video/7357337111676079392,2024-04-14 04:16:38+00:00,2024-04-14,1,2,dataset_tiktok-comments-scraper_2026-02-16_12-29-41-619.csv,tiktok,yo por dragón ball me da miedo las agujas,
A mi lo que me daría cosa serían incluso más que las agujas el ver como me sacan la sangre,https://www.tiktok.com/@nachter/video/7357337111676079392,2024-04-16 05:04:09+00:00,2024-04-16,1,0,dataset_tiktok-comments-scraper_2026-02-16_12-29-41-619.csv,tiktok,A mi lo que me daría cosa serían incluso más que las agujas el ver como me sacan la sangre,
A mi si me pagan si voy. soy A+,https://www.tiktok.com/@nachter/video/7357337111676079392,2024-04-14 10:27:00+00:00,2024-04-14,0,4,dataset_tiktok-comments-scraper_2026-02-16_12-29-41-619.csv,tiktok,A mi si me pagan si voy. soy A+,
Pues cuando la necesites ojalá te la cobren.,https://www.tiktok.com/@nachter/video/7357337111676079392,2024-04-15 08:20:02+00:00,2024-04-15,8,0,dataset_tiktok-comments-scraper_2026-02-16_12-29-41-619.csv,tiktok,Pues cuando la necesites ojalá te la cobren.,
"Quiero donar medula y todo, pero el proceso lo hacen tan lento que no tengo tanto tiempo libre",https://www.tiktok.com/@nachter/video/7357337111676079392,2024-04-13 23:07:26+00:00,2024-04-13,2,3,dataset_tiktok-comments-scraper_2026-02-16_12-29-41-619.csv,tiktok,"Quiero donar medula y todo, pero el proceso lo hacen tan lento que no tengo tanto tiempo libre",
yo solamente no miro la aguja hasta que este adentro de mi vena. 😅,https://www.tiktok.com/@nachter/video/7357337111676079392,2025-06-17 03:19:56+00:00,2025-06-17,1,0,dataset_tiktok-comments-scraper_2026-02-16_12-29-41-619.csv,tiktok,yo solamente no miro la aguja hasta que este adentro de mi vena.,😅
estoy en octava8 vida,https://www.tiktok.com/@nachter/video/7357337111676079392,2024-04-17 21:51:00+00:00,2024-04-17,1,0,dataset_tiktok-comments-scraper_2026-02-16_12-29-41-619.csv,tiktok,estoy en octava8 vida,
Nachter Grupo WhatsApp,https://www.tiktok.com/@nachter/video/7357337111676079392,2024-04-14 19:31:17+00:00,2024-04-14,1,0,dataset_tiktok-comments-scraper_2026-02-16_12-29-41-619.csv,tiktok,Nachter Grupo WhatsApp,
yo oí que si comienzas y dejas de donar sangre te puede hacer sentir mal,https://www.tiktok.com/@nachter/video/7357337111676079392,2024-04-14 04:36:46+00:00,2024-04-14,4,2,dataset_tiktok-comments-scraper_2026-02-16_12-29-41-619.csv,tiktok,yo oí que si comienzas y dejas de donar sangre te puede hacer sentir mal,
"Soy donante, ojala se pagará por ello",https://www.tiktok.com/@nachter/video/7357337111676079392,2024-04-14 20:33:20+00:00,2024-04-14,0,1,dataset_tiktok-comments-scraper_2026-02-16_12-29-41-619.csv,tiktok,"Soy donante, ojala se pagará por ello",
yo no puedo donar,https://www.tiktok.com/@nachter/video/7357337111676079392,2024-04-13 16:12:44+00:00,2024-04-13,1,0,dataset_tiktok-comments-scraper_2026-02-16_12-29-41-619.csv,tiktok,yo no puedo donar,
jajajajjaja me haces el día con cada video jajajajaj,https://www.tiktok.com/@nachter/video/7357337111676079392,2024-04-26 06:19:30+00:00,2024-04-26,0,0,dataset_tiktok-comments-scraper_2026-02-16_12-29-41-619.csv,tiktok,jajajajjaja me haces el día con cada video jajajajaj,
"mi papa me enseño a ayudar a la gente y donando sangre ,ayudas a quien en verdad necesita de ti yo he donado cada que puedo porque el lo hacia 💪",https://www.tiktok.com/@nachter/video/7357337111676079392,2024-04-13 17:51:30+00:00,2024-04-13,0,0,dataset_tiktok-comments-scraper_2026-02-16_12-29-41-619.csv,tiktok,"mi papa me enseño a ayudar a la gente y donando sangre ,ayudas a quien en verdad necesita de ti yo he donado cada que puedo porque el lo hacia",💪
"es cierto! mi papá era un tipo d sangre escaso en mi comunidad y era el donador de casi todo mundo, quien le pidiera iba sin pretextos 🥺 yo tengo el mismo tipo y he querido donar pero me dicen q no+",https://www.tiktok.com/@nachter/video/7357337111676079392,2024-04-14 14:42:38+00:00,2024-04-14,0,4,dataset_tiktok-comments-scraper_2026-02-16_12-29-41-619.csv,tiktok,"es cierto! mi papá era un tipo d sangre escaso en mi comunidad y era el donador de casi todo mundo, quien le pidiera iba sin pretextos yo tengo el mismo tipo y he querido donar pero me dicen q no+",🥺
Generación DeCristal. Hermoso video.,https://www.tiktok.com/@nachter/video/7357337111676079392,2024-04-16 12:18:42+00:00,2024-04-16,0,0,dataset_tiktok-comments-scraper_2026-02-16_12-29-41-619.csv,tiktok,Generación DeCristal. Hermoso video.,
"Yo no puedo donar porque tengo las defensas en la mrda y encima tengo tendencia a sufrir anemia, ojalá pudiera 🥲",https://www.tiktok.com/@nachter/video/7357337111676079392,2024-04-18 00:30:20+00:00,2024-04-18,0,0,dataset_tiktok-comments-scraper_2026-02-16_12-29-41-619.csv,tiktok,"Yo no puedo donar porque tengo las defensas en la mrda y encima tengo tendencia a sufrir anemia, ojalá pudiera",🥲
La sangre no se vende,https://www.tiktok.com/@nachter/video/7357337111676079392,2024-04-15 08:15:27+00:00,2024-04-15,4,0,dataset_tiktok-comments-scraper_2026-02-16_12-29-41-619.csv,tiktok,La sangre no se vende,
"en mi caso, me dijeron que tendrian que pasarla por una màquina, tengo el higado graso, se puede pasar a quien se la den",https://www.tiktok.com/@nachter/video/7357337111676079392,2024-04-13 23:42:04+00:00,2024-04-13,1,1,dataset_tiktok-comments-scraper_2026-02-16_12-29-41-619.csv,tiktok,"en mi caso, me dijeron que tendrian que pasarla por una màquina, tengo el higado graso, se puede pasar a quien se la den",
🥺yo ni tengo venas para hacer donación de sangre 🥺,https://www.tiktok.com/@nachter/video/7357337111676079392,2024-04-15 02:54:41+00:00,2024-04-15,0,1,dataset_tiktok-comments-scraper_2026-02-16_12-29-41-619.csv,tiktok,yo ni tengo venas para hacer donación de sangre,🥺 🥺
"Ojalá poder donar, los que podéis, hacerlo, no sabes cuándo alguien lo va a necesitar y cuánto se agradece.",https://www.tiktok.com/@nachter/video/7357337111676079392,2024-04-16 02:08:17+00:00,2024-04-16,1,0,dataset_tiktok-comments-scraper_2026-02-16_12-29-41-619.csv,tiktok,"Ojalá poder donar, los que podéis, hacerlo, no sabes cuándo alguien lo va a necesitar y cuánto se agradece.",
"En Chile 🇨🇱hace poco hay una ley que todos somos automaticamente donantes, pero el que no quiere lo dice al momento de sacar el ID. yo soy donante desde los 18 años, y e donado 3 veces en la vida.",https://www.tiktok.com/@nachter/video/7357337111676079392,2024-04-24 16:55:45+00:00,2024-04-24,0,0,dataset_tiktok-comments-scraper_2026-02-16_12-29-41-619.csv,tiktok,"En Chile hace poco hay una ley que todos somos automaticamente donantes, pero el que no quiere lo dice al momento de sacar el ID. yo soy donante desde los 18 años, y e donado 3 veces en la vida.",🇨🇱
dono❤️. eres lo más,https://www.tiktok.com/@nachter/video/7357337111676079392,2024-04-17 07:16:03+00:00,2024-04-17,0,0,dataset_tiktok-comments-scraper_2026-02-16_12-29-41-619.csv,tiktok,dono . eres lo más,❤️
"Yo era donante de sangre 🥺 y me enfermé y ya no puedo donar, siempre lo hice con mucho amor",https://www.tiktok.com/@nachter/video/7357337111676079392,2024-04-14 09:03:52+00:00,2024-04-14,3,0,dataset_tiktok-comments-scraper_2026-02-16_12-29-41-619.csv,tiktok,"Yo era donante de sangre y me enfermé y ya no puedo donar, siempre lo hice con mucho amor",🥺
yo soy donante desde los 18y tengo52 es bueno donar🥰🥰,https://www.tiktok.com/@nachter/video/7357337111676079392,2024-05-01 19:39:41+00:00,2024-05-01,0,0,dataset_tiktok-comments-scraper_2026-02-16_12-29-41-619.csv,tiktok,yo soy donante desde los 18y tengo52 es bueno donar,🥰🥰
yo era donante con mi padre hasta el día que se pasaron sacándole sangre y se mareo y no hicieron nada,https://www.tiktok.com/@nachter/video/7357337111676079392,2024-04-16 20:38:52+00:00,2024-04-16,0,0,dataset_tiktok-comments-scraper_2026-02-16_12-29-41-619.csv,tiktok,yo era donante con mi padre hasta el día que se pasaron sacándole sangre y se mareo y no hicieron nada,
me esperaba el influencer sacandose fotos donando ...😂. me parto con tus vídeos . ojalá todas las personas donará. ❤️,https://www.tiktok.com/@nachter/video/7357337111676079392,2024-04-15 21:50:05+00:00,2024-04-15,0,0,dataset_tiktok-comments-scraper_2026-02-16_12-29-41-619.csv,tiktok,me esperaba el influencer sacandose fotos donando ... . me parto con tus vídeos . ojalá todas las personas donará.,😂 ❤️
"Yo era domadora de sangre, pero ahora no puedo por ser diabética insulinodependiente 🥺",https://www.tiktok.com/@nachter/video/7357337111676079392,2024-04-15 17:28:13+00:00,2024-04-15,0,0,dataset_tiktok-comments-scraper_2026-02-16_12-29-41-619.csv,tiktok,"Yo era domadora de sangre, pero ahora no puedo por ser diabética insulinodependiente",🥺
mi esposo tiene O+,https://www.tiktok.com/@nachter/video/7357337111676079392,2024-04-14 19:10:58+00:00,2024-04-14,2,0,dataset_tiktok-comments-scraper_2026-02-16_12-29-41-619.csv,tiktok,mi esposo tiene O+,
"X2, yo siempre voy al hospital de niños o al hospital general, y solo así vencí mi fobia a las agujas 🥰",https://www.tiktok.com/@nachter/video/7357337111676079392,2025-08-02 09:42:01+00:00,2025-08-02,0,0,dataset_tiktok-comments-scraper_2026-02-16_12-29-41-619.csv,tiktok,"X2, yo siempre voy al hospital de niños o al hospital general, y solo así vencí mi fobia a las agujas",🥰
"Es lo mejor previenes enfermedades al corazón e infartos al cerebro, solo aliméntate bien 👍 y sigue salvando vidas 💛",https://www.tiktok.com/@nachter/video/7357337111676079392,2024-04-15 00:16:57+00:00,2024-04-15,1,0,dataset_tiktok-comments-scraper_2026-02-16_12-29-41-619.csv,tiktok,"Es lo mejor previenes enfermedades al corazón e infartos al cerebro, solo aliméntate bien y sigue salvando vidas",👍 💛
Te felicito!,https://www.tiktok.com/@nachter/video/7357337111676079392,2024-04-14 00:07:56+00:00,2024-04-14,0,0,dataset_tiktok-comments-scraper_2026-02-16_12-29-41-619.csv,tiktok,Te felicito!,
👏👏👏,https://www.tiktok.com/@nachter/video/7357337111676079392,2024-04-13 21:25:36+00:00,2024-04-13,1,0,dataset_tiktok-comments-scraper_2026-02-16_12-29-41-619.csv,tiktok,,👏👏👏
jajajajjaj,https://www.tiktok.com/@nachter/video/7357337111676079392,2024-04-23 12:34:10+00:00,2024-04-23,0,0,dataset_tiktok-comments-scraper_2026-02-16_12-29-41-619.csv,tiktok,jajajajjaj,
Yo el lunes iré a donar sangre 🥹,https://www.tiktok.com/@nachter/video/7357337111676079392,2025-09-19 05:35:14+00:00,2025-09-19,0,0,dataset_tiktok-comments-scraper_2026-02-16_12-29-41-619.csv,tiktok,Yo el lunes iré a donar sangre,🥹
"ojala pudiese, pero la hematofobia me supera...",https://www.tiktok.com/@nachter/video/7357337111676079392,2024-04-14 18:33:00+00:00,2024-04-14,1,0,dataset_tiktok-comments-scraper_2026-02-16_12-29-41-619.csv,tiktok,"ojala pudiese, pero la hematofobia me supera...",
Amo cuando dice ansiedad 😂😂😂,https://www.tiktok.com/@nachter/video/7357337111676079392,2024-04-15 11:54:41+00:00,2024-04-15,0,0,dataset_tiktok-comments-scraper_2026-02-16_12-29-41-619.csv,tiktok,Amo cuando dice ansiedad,😂😂😂
"soy del 96, pero me comporto como los del 2010",https://www.tiktok.com/@nachter/video/7357337111676079392,2024-04-16 22:12:08+00:00,2024-04-16,0,0,dataset_tiktok-comments-scraper_2026-02-16_12-29-41-619.csv,tiktok,"soy del 96, pero me comporto como los del 2010",
El tremendo problema q habrá en unos pocos años!!,https://www.tiktok.com/@nachter/video/7357337111676079392,2024-04-15 19:44:58+00:00,2024-04-15,0,0,dataset_tiktok-comments-scraper_2026-02-16_12-29-41-619.csv,tiktok,El tremendo problema q habrá en unos pocos años!!,
"Yo era donante. En 2008 recibí sangre en Londres. Ya no me dejan donar, ni siquiera allí.
¿Porqué?",https://www.tiktok.com/@nachter/video/7357337111676079392,2024-04-14 20:48:22+00:00,2024-04-14,0,0,dataset_tiktok-comments-scraper_2026-02-16_12-29-41-619.csv,tiktok,"Yo era donante. En 2008 recibí sangre en Londres. Ya no me dejan donar, ni siquiera allí. ¿Porqué?",
"pero los del 2010 tienen 14, son menores de edad 🤔",https://www.tiktok.com/@nachter/video/7357337111676079392,2024-04-13 21:13:51+00:00,2024-04-13,0,0,dataset_tiktok-comments-scraper_2026-02-16_12-29-41-619.csv,tiktok,"pero los del 2010 tienen 14, son menores de edad",🤔
"Yo donaría, pero no me sale mucha sangre. Una vez me pusieron extracción dificultosa porque no llené ni medio tubo 😅",https://www.tiktok.com/@nachter/video/7357337111676079392,2024-04-14 17:58:10+00:00,2024-04-14,0,0,dataset_tiktok-comments-scraper_2026-02-16_12-29-41-619.csv,tiktok,"Yo donaría, pero no me sale mucha sangre. Una vez me pusieron extracción dificultosa porque no llené ni medio tubo",😅
yo solo iba por el bocadillo de después 🤣🤣🤣,https://www.tiktok.com/@nachter/video/7357337111676079392,2024-04-15 03:20:58+00:00,2024-04-15,0,0,dataset_tiktok-comments-scraper_2026-02-16_12-29-41-619.csv,tiktok,yo solo iba por el bocadillo de después,🤣🤣🤣
intenté donar una vez pero me dijeron que mis venas eran muy delgadas y no me la podían encontrar 😢,https://www.tiktok.com/@nachter/video/7357337111676079392,2024-04-14 18:48:53+00:00,2024-04-14,0,0,dataset_tiktok-comments-scraper_2026-02-16_12-29-41-619.csv,tiktok,intenté donar una vez pero me dijeron que mis venas eran muy delgadas y no me la podían encontrar,😢
"Yo nunca he podido donar, las veces que he ido me dicen que no soy candidata por mis venas. Pero ojalá y existiera esa cultura uno nunca sabe cuando se puede necesitar 😢✌🏻🙌🏻",https://www.tiktok.com/@nachter/video/7357337111676079392,2024-04-14 20:43:48+00:00,2024-04-14,0,0,dataset_tiktok-comments-scraper_2026-02-16_12-29-41-619.csv,tiktok,"Yo nunca he podido donar, las veces que he ido me dicen que no soy candidata por mis venas. Pero ojalá y existiera esa cultura uno nunca sabe cuando se puede necesitar",😢✌🏻🙌🏻
Yo no puedo donar porque acabaria necessitando🤣🥺 lit,https://www.tiktok.com/@nachter/video/7357337111676079392,2024-04-14 14:51:03+00:00,2024-04-14,0,0,dataset_tiktok-comments-scraper_2026-02-16_12-29-41-619.csv,tiktok,Yo no puedo donar porque acabaria necessitando lit,🤣🥺
"que pasa el 24 de abril
　　　
10h 　 Responder 　 　 　 　 　♡896
　　　
● martina🇪🇸🇨🇴
cai JAJAJA 🥲",https://www.tiktok.com/@nachter/video/7357337111676079392,2024-04-14 16:13:14+00:00,2024-04-14,0,0,dataset_tiktok-comments-scraper_2026-02-16_12-29-41-619.csv,tiktok,que pasa el 24 de abril 10h Responder 896 martina cai JAJAJA,　　　 　 　 　 　 　 　♡ 　　　 ● 🇪🇸🇨🇴 🥲
Geniooooooo!!!,https://www.tiktok.com/@nachter/video/7357337111676079392,2024-04-14 13:46:12+00:00,2024-04-14,0,0,dataset_tiktok-comments-scraper_2026-02-16_12-29-41-619.csv,tiktok,Geniooooooo!!!,
"yo he intentado donar 5 veces,nunca encuentran la vena",https://www.tiktok.com/@nachter/video/7357337111676079392,2024-04-17 16:06:46+00:00,2024-04-17,0,0,dataset_tiktok-comments-scraper_2026-02-16_12-29-41-619.csv,tiktok,"yo he intentado donar 5 veces,nunca encuentran la vena",
👍,https://www.tiktok.com/@nachter/video/7357337111676079392,2024-12-15 02:35:25+00:00,2024-12-15,0,0,dataset_tiktok-comments-scraper_2026-02-16_12-29-41-619.csv,tiktok,,👍
😬,https://www.tiktok.com/@nachter/video/7357337111676079392,2025-07-26 03:49:44+00:00,2025-07-26,0,0,dataset_tiktok-comments-scraper_2026-02-16_12-29-41-619.csv,tiktok,,😬
😁,https://www.tiktok.com/@nachter/video/7357337111676079392,2025-07-21 05:56:47+00:00,2025-07-21,0,0,dataset_tiktok-comments-scraper_2026-02-16_12-29-41-619.csv,tiktok,,😁
😂,https://www.tiktok.com/@nachter/video/7357337111676079392,2025-07-30 21:44:09+00:00,2025-07-30,0,0,dataset_tiktok-comments-scraper_2026-02-16_12-29-41-619.csv,tiktok,,😂
😅,https://www.tiktok.com/@nachter/video/7357337111676079392,2025-08-13 18:49:56+00:00,2025-08-13,0,0,dataset_tiktok-comments-scraper_2026-02-16_12-29-41-619.csv,tiktok,,😅
🥰,https://www.tiktok.com/@nachter/video/7357337111676079392,2025-07-22 11:06:57+00:00,2025-07-22,0,0,dataset_tiktok-comments-scraper_2026-02-16_12-29-41-619.csv,tiktok,,🥰
"Hospitales, autobuses de cruz roja y centros de donación. Busca en tu comunidad.",https://www.tiktok.com/@nachter/video/7357337111676079392,2024-04-15 08:13:59+00:00,2024-04-15,1,0,dataset_tiktok-comments-scraper_2026-02-16_12-29-41-619.csv,tiktok,"Hospitales, autobuses de cruz roja y centros de donación. Busca en tu comunidad.",
COMO Q NO TIENEN 10 AÑOS,https://www.tiktok.com/@nachter/video/7357337111676079392,2024-04-16 04:13:20+00:00,2024-04-16,4,0,dataset_tiktok-comments-scraper_2026-02-16_12-29-41-619.csv,tiktok,COMO Q NO TIENEN 10 AÑOS,
tienen entre 13 y 14 en verdad,https://www.tiktok.com/@nachter/video/7357337111676079392,2024-05-01 19:42:41+00:00,2024-05-01,0,0,dataset_tiktok-comments-scraper_2026-02-16_12-29-41-619.csv,tiktok,tienen entre 13 y 14 en verdad,
nunca me han preguntado por las muelas,https://www.tiktok.com/@nachter/video/7357337111676079392,2024-04-13 15:20:16+00:00,2024-04-13,18,0,dataset_tiktok-comments-scraper_2026-02-16_12-29-41-619.csv,tiktok,nunca me han preguntado por las muelas,
Acá en México te dan una hoja y te dice que no debes de tener muelas picadas,https://www.tiktok.com/@nachter/video/7357337111676079392,2024-04-13 18:39:56+00:00,2024-04-13,4,0,dataset_tiktok-comments-scraper_2026-02-16_12-29-41-619.csv,tiktok,Acá en México te dan una hoja y te dice que no debes de tener muelas picadas,
Yo he donado con muela picada y al año me llego el mensaje con que he salvado 2 vidas 🥺,https://www.tiktok.com/@nachter/video/7357337111676079392,2024-04-14 20:15:59+00:00,2024-04-14,2,0,dataset_tiktok-comments-scraper_2026-02-16_12-29-41-619.csv,tiktok,Yo he donado con muela picada y al año me llego el mensaje con que he salvado 2 vidas,🥺
Las personas que tivimos COVID si podemos donar.,https://www.tiktok.com/@nachter/video/7357337111676079392,2024-04-15 21:04:55+00:00,2024-04-15,1,0,dataset_tiktok-comments-scraper_2026-02-16_12-29-41-619.csv,tiktok,Las personas que tivimos COVID si podemos donar.,
Perdon pense que lo decias en modo burla por la muela picada!😭,https://www.tiktok.com/@nachter/video/7357337111676079392,2024-04-15 06:17:37+00:00,2024-04-15,1,0,dataset_tiktok-comments-scraper_2026-02-16_12-29-41-619.csv,tiktok,Perdon pense que lo decias en modo burla por la muela picada!,😭
Nooo como crees me gustaría poder donar pero necesito averiguar bien si si puedo o no,https://www.tiktok.com/@nachter/video/7357337111676079392,2024-04-15 13:23:05+00:00,2024-04-15,1,0,dataset_tiktok-comments-scraper_2026-02-16_12-29-41-619.csv,tiktok,Nooo como crees me gustaría poder donar pero necesito averiguar bien si si puedo o no,
"Ve a los sitios donde donan, y te interesas",https://www.tiktok.com/@nachter/video/7357337111676079392,2024-04-15 13:28:43+00:00,2024-04-15,1,0,dataset_tiktok-comments-scraper_2026-02-16_12-29-41-619.csv,tiktok,"Ve a los sitios donde donan, y te interesas",
"Eres de México, España, o de donde eres? Porque en México te dan la hoja y vienen varias especificaciones entre ellas lo de las muelas",https://www.tiktok.com/@nachter/video/7357337111676079392,2024-04-15 03:34:21+00:00,2024-04-15,0,0,dataset_tiktok-comments-scraper_2026-02-16_12-29-41-619.csv,tiktok,"Eres de México, España, o de donde eres? Porque en México te dan la hoja y vienen varias especificaciones entre ellas lo de las muelas",
que curioso. nunca lo había oído.,https://www.tiktok.com/@nachter/video/7357337111676079392,2024-04-15 06:41:28+00:00,2024-04-15,1,0,dataset_tiktok-comments-scraper_2026-02-16_12-29-41-619.csv,tiktok,que curioso. nunca lo había oído.,
Yo soy B negativo.,https://www.tiktok.com/@nachter/video/7357337111676079392,2024-04-14 09:04:44+00:00,2024-04-14,1,0,dataset_tiktok-comments-scraper_2026-02-16_12-29-41-619.csv,tiktok,Yo soy B negativo.,
"no es así, puedes donar pasar por un centro y pregunta yo he donado cada año entre 1 y 2 veces sin problema llevo muchos años donando y sin problema",https://www.tiktok.com/@nachter/video/7357337111676079392,2024-04-13 18:38:27+00:00,2024-04-13,1,0,dataset_tiktok-comments-scraper_2026-02-16_12-29-41-619.csv,tiktok,"no es así, puedes donar pasar por un centro y pregunta yo he donado cada año entre 1 y 2 veces sin problema llevo muchos años donando y sin problema",
En México son muy exigentes para donar,https://www.tiktok.com/@nachter/video/7357337111676079392,2024-04-15 03:31:14+00:00,2024-04-15,0,0,dataset_tiktok-comments-scraper_2026-02-16_12-29-41-619.csv,tiktok,En México son muy exigentes para donar,
"me pasó lo mismo, la enfermera después me sacudió y casi me da un infarto.",https://www.tiktok.com/@nachter/video/7357337111676079392,2024-04-13 14:28:23+00:00,2024-04-13,33,0,dataset_tiktok-comments-scraper_2026-02-16_12-29-41-619.csv,tiktok,"me pasó lo mismo, la enfermera después me sacudió y casi me da un infarto.",
que bueno! yo me quedé dormida una vez en el dentista y alucinaron conmigo jajaja 😂👍,https://www.tiktok.com/@nachter/video/7357337111676079392,2024-04-14 07:44:00+00:00,2024-04-14,3,0,dataset_tiktok-comments-scraper_2026-02-16_12-29-41-619.csv,tiktok,que bueno! yo me quedé dormida una vez en el dentista y alucinaron conmigo jajaja,😂👍
a mí me pusieron una película 😂😂,https://www.tiktok.com/@nachter/video/7357337111676079392,2025-02-03 04:32:01+00:00,2025-02-03,0,0,dataset_tiktok-comments-scraper_2026-02-16_12-29-41-619.csv,tiktok,a mí me pusieron una película,😂😂
😂😂😂😂😂😂,https://www.tiktok.com/@nachter/video/7357337111676079392,2024-04-13 21:21:57+00:00,2024-04-13,1,0,dataset_tiktok-comments-scraper_2026-02-16_12-29-41-619.csv,tiktok,,😂😂😂😂😂😂
"ya he donado varias veces, incluso a familiares enfermos y no me han devuelto nada, incluso esos familiares ahora me odian sin razón...",https://www.tiktok.com/@nachter/video/7357337111676079392,2024-04-14 22:33:38+00:00,2024-04-14,2,0,dataset_tiktok-comments-scraper_2026-02-16_12-29-41-619.csv,tiktok,"ya he donado varias veces, incluso a familiares enfermos y no me han devuelto nada, incluso esos familiares ahora me odian sin razón...",
"Estas esperando una devolución directa, la vida es mucho mas, mas amplia, cuando salva 1 vidapones una moneda en la cuenta que nos hace humanos.",https://www.tiktok.com/@nachter/video/7357337111676079392,2024-04-15 13:38:05+00:00,2024-04-15,1,0,dataset_tiktok-comments-scraper_2026-02-16_12-29-41-619.csv,tiktok,"Estas esperando una devolución directa, la vida es mucho mas, mas amplia, cuando salva 1 vidapones una moneda en la cuenta que nos hace humanos.",
¿Como dices que ers un egoista sin decir que eres un egoísta? Asi⤴️,https://www.tiktok.com/@nachter/video/7357337111676079392,2024-04-15 21:04:23+00:00,2024-04-15,0,0,dataset_tiktok-comments-scraper_2026-02-16_12-29-41-619.csv,tiktok,¿Como dices que ers un egoista sin decir que eres un egoísta? Asi,⤴️
¿A+ rara? pero si es de las mas comunes,https://www.tiktok.com/@nachter/video/7357337111676079392,2024-04-15 08:12:39+00:00,2024-04-15,0,0,dataset_tiktok-comments-scraper_2026-02-16_12-29-41-619.csv,tiktok,¿A+ rara? pero si es de las mas comunes,
"no pasa, y en todo caso, aunque sean pillos, ayudas a alguien igualmente, piénsalo 🙏",https://www.tiktok.com/@nachter/video/7357337111676079392,2024-04-15 12:15:12+00:00,2024-04-15,1,0,dataset_tiktok-comments-scraper_2026-02-16_12-29-41-619.csv,tiktok,"no pasa, y en todo caso, aunque sean pillos, ayudas a alguien igualmente, piénsalo",🙏
En España a partir de los 18.,https://www.tiktok.com/@nachter/video/7357337111676079392,2024-04-17 16:30:35+00:00,2024-04-17,0,0,dataset_tiktok-comments-scraper_2026-02-16_12-29-41-619.csv,tiktok,En España a partir de los 18.,
Gracias,https://www.tiktok.com/@nachter/video/7357337111676079392,2024-04-14 02:09:33+00:00,2024-04-14,0,0,dataset_tiktok-comments-scraper_2026-02-16_12-29-41-619.csv,tiktok,Gracias,
con permiso de tus padres desde 16,https://www.tiktok.com/@nachter/video/7357337111676079392,2024-04-14 00:34:06+00:00,2024-04-14,1,0,dataset_tiktok-comments-scraper_2026-02-16_12-29-41-619.csv,tiktok,con permiso de tus padres desde 16,
18 años donar,https://www.tiktok.com/@nachter/video/7357337111676079392,2024-04-13 22:15:58+00:00,2024-04-13,0,0,dataset_tiktok-comments-scraper_2026-02-16_12-29-41-619.csv,tiktok,18 años donar,
encontraba la causa,https://www.tiktok.com/@nachter/video/7357337111676079392,2024-04-14 16:33:38+00:00,2024-04-14,0,0,dataset_tiktok-comments-scraper_2026-02-16_12-29-41-619.csv,tiktok,encontraba la causa,
si se puede después de 4 meses,https://www.tiktok.com/@nachter/video/7357337111676079392,2024-06-13 13:07:05+00:00,2024-06-13,1,0,dataset_tiktok-comments-scraper_2026-02-16_12-29-41-619.csv,tiktok,si se puede después de 4 meses,
Claro.,https://www.tiktok.com/@nachter/video/7357337111676079392,2024-04-15 21:06:10+00:00,2024-04-15,0,0,dataset_tiktok-comments-scraper_2026-02-16_12-29-41-619.csv,tiktok,Claro.,
Tienes que esperar X meses desde el más reciente,https://www.tiktok.com/@nachter/video/7357337111676079392,2024-04-13 17:02:37+00:00,2024-04-13,0,0,dataset_tiktok-comments-scraper_2026-02-16_12-29-41-619.csv,tiktok,Tienes que esperar X meses desde el más reciente,
Si,https://www.tiktok.com/@nachter/video/7357337111676079392,2024-04-13 13:37:50+00:00,2024-04-13,3,0,dataset_tiktok-comments-scraper_2026-02-16_12-29-41-619.csv,tiktok,Si,
yo tengo tatuajes y soy donante 👍🏻,https://www.tiktok.com/@nachter/video/7357337111676079392,2024-04-13 13:24:30+00:00,2024-04-13,3,0,dataset_tiktok-comments-scraper_2026-02-16_12-29-41-619.csv,tiktok,yo tengo tatuajes y soy donante,👍🏻
"si está recién hecho no, como dice después de cuatro meses o más ya puedes donar",https://www.tiktok.com/@nachter/video/7357337111676079392,2024-04-13 13:21:19+00:00,2024-04-13,8,0,dataset_tiktok-comments-scraper_2026-02-16_12-29-41-619.csv,tiktok,"si está recién hecho no, como dice después de cuatro meses o más ya puedes donar",
SIEMPRE QUE VOY A LABORATORIO LA DOCTORAAPROVECHA PARA PEDIR SANGRE.. Y SOLO LE DIGO ESTOY ESPERANDO QUE LA COMPREN PARA VENDERLA,https://www.tiktok.com/@nachter/video/7357337111676079392,2024-04-15 17:39:34+00:00,2024-04-15,0,0,dataset_tiktok-comments-scraper_2026-02-16_12-29-41-619.csv,tiktok,SIEMPRE QUE VOY A LABORATORIO LA DOCTORAAPROVECHA PARA PEDIR SANGRE.. Y SOLO LE DIGO ESTOY ESPERANDO QUE LA COMPREN PARA VENDERLA,
en el hospital de fuenlabrada🥰,https://www.tiktok.com/@nachter/video/7357337111676079392,2025-02-10 09:23:09+00:00,2025-02-10,0,0,dataset_tiktok-comments-scraper_2026-02-16_12-29-41-619.csv,tiktok,en el hospital de fuenlabrada,🥰
Me caes Súper🤟,https://www.tiktok.com/@nachter/video/7357337111676079392,2024-04-16 01:54:58+00:00,2024-04-16,0,0,dataset_tiktok-comments-scraper_2026-02-16_12-29-41-619.csv,tiktok,Me caes Súper,🤟
"Yo cuando dono me descompenso, así es que ya no puedo hacerlo",https://www.tiktok.com/@nachter/video/7357337111676079392,2024-04-16 20:16:40+00:00,2024-04-16,0,0,dataset_tiktok-comments-scraper_2026-02-16_12-29-41-619.csv,tiktok,"Yo cuando dono me descompenso, así es que ya no puedo hacerlo",
Los del 2010 no tienen 18 años,https://www.tiktok.com/@nachter/video/7357337111676079392,2024-04-18 18:28:45+00:00,2024-04-18,0,0,dataset_tiktok-comments-scraper_2026-02-16_12-29-41-619.csv,tiktok,Los del 2010 no tienen 18 años,
yo lo hago 4 vecesss,https://www.tiktok.com/@nachter/video/7357337111676079392,2024-04-22 06:05:04+00:00,2024-04-22,0,0,dataset_tiktok-comments-scraper_2026-02-16_12-29-41-619.csv,tiktok,yo lo hago 4 vecesss,
Que grande eres...!!!🥰🥰🥰🥰,https://www.tiktok.com/@nachter/video/7357337111676079392,2024-04-19 22:41:39+00:00,2024-04-19,0,0,dataset_tiktok-comments-scraper_2026-02-16_12-29-41-619.csv,tiktok,Que grande eres...!!!,🥰🥰🥰🥰
wat,https://www.tiktok.com/@nachter/video/7357337111676079392,2024-04-15 12:33:50+00:00,2024-04-15,0,0,dataset_tiktok-comments-scraper_2026-02-16_12-29-41-619.csv,tiktok,wat,
Físicamente no notas nada pero si que lo.echas de menos.,https://www.tiktok.com/@nachter/video/7357337111676079392,2024-04-15 08:21:20+00:00,2024-04-15,0,0,dataset_tiktok-comments-scraper_2026-02-16_12-29-41-619.csv,tiktok,Físicamente no notas nada pero si que lo.echas de menos.,
"🥰a donar sangre, en serio",https://www.tiktok.com/@nachter/video/7357337111676079392,2024-04-15 21:35:25+00:00,2024-04-15,0,0,dataset_tiktok-comments-scraper_2026-02-16_12-29-41-619.csv,tiktok,"a donar sangre, en serio",🥰
"Yo que quiero y no me dejan por tensión baja, lo he intentado varias veces",https://www.tiktok.com/@nachter/video/7357337111676079392,2024-04-18 10:40:28+00:00,2024-04-18,0,0,dataset_tiktok-comments-scraper_2026-02-16_12-29-41-619.csv,tiktok,"Yo que quiero y no me dejan por tensión baja, lo he intentado varias veces",
"Si se llama donación es por algo….,",https://www.tiktok.com/@nachter/video/7357337111676079392,2025-01-02 00:21:25+00:00,2025-01-02,0,0,dataset_tiktok-comments-scraper_2026-02-16_12-29-41-619.csv,tiktok,"Si se llama donación es por algo….,",
Este comentario demuestra que cualquiera hoy en día usa las RRSS.... y encima votamos todos.🙄,https://www.tiktok.com/@nachter/video/7357337111676079392,2024-04-16 04:07:33+00:00,2024-04-16,1,0,dataset_tiktok-comments-scraper_2026-02-16_12-29-41-619.csv,tiktok,Este comentario demuestra que cualquiera hoy en día usa las RRSS.... y encima votamos todos.,🙄
Pero tu sangre lo entregan al hospital o le venden,https://www.tiktok.com/@nachter/video/7357337111676079392,2024-04-15 14:30:41+00:00,2024-04-15,0,0,dataset_tiktok-comments-scraper_2026-02-16_12-29-41-619.csv,tiktok,Pero tu sangre lo entregan al hospital o le venden,
Yo perdi el miedo donando🤭,https://www.tiktok.com/@nachter/video/7357337111676079392,2024-04-14 09:52:31+00:00,2024-04-14,1,0,dataset_tiktok-comments-scraper_2026-02-16_12-29-41-619.csv,tiktok,Yo perdi el miedo donando,🤭
No lleva mucho tiempo,https://www.tiktok.com/@nachter/video/7357337111676079392,2024-04-15 08:10:31+00:00,2024-04-15,0,0,dataset_tiktok-comments-scraper_2026-02-16_12-29-41-619.csv,tiktok,No lleva mucho tiempo,
Yo también tengo el hígado graso y nunca me han dicho tal cosa,https://www.tiktok.com/@nachter/video/7357337111676079392,2024-04-15 08:23:01+00:00,2024-04-15,0,0,dataset_tiktok-comments-scraper_2026-02-16_12-29-41-619.csv,tiktok,Yo también tengo el hígado graso y nunca me han dicho tal cosa,
puedo por ser mujer 😐,https://www.tiktok.com/@nachter/video/7357337111676079392,2024-04-14 14:42:48+00:00,2024-04-14,0,0,dataset_tiktok-comments-scraper_2026-02-16_12-29-41-619.csv,tiktok,puedo por ser mujer,😐
"no! directamente así me dicen, q por ser mujer no puedo donar pq pierdo sangre cada mes 😐",https://www.tiktok.com/@nachter/video/7357337111676079392,2024-04-16 22:56:19+00:00,2024-04-16,1,0,dataset_tiktok-comments-scraper_2026-02-16_12-29-41-619.csv,tiktok,"no! directamente así me dicen, q por ser mujer no puedo donar pq pierdo sangre cada mes",😐
"Cuando yo dono hay muchísimas mujeres donando, no veo el problema.",https://www.tiktok.com/@nachter/video/7357337111676079392,2024-04-15 21:02:01+00:00,2024-04-15,2,0,dataset_tiktok-comments-scraper_2026-02-16_12-29-41-619.csv,tiktok,"Cuando yo dono hay muchísimas mujeres donando, no veo el problema.",
"No duele nada, pero las únicas 2 veces que he donado (para mis papás) se me bajó horrible la presión después de la donación 😅",https://www.tiktok.com/@nachter/video/7357337111676079392,2024-04-15 00:06:34+00:00,2024-04-15,0,0,dataset_tiktok-comments-scraper_2026-02-16_12-29-41-619.csv,tiktok,"No duele nada, pero las únicas 2 veces que he donado (para mis papás) se me bajó horrible la presión después de la donación",😅
yo soy donante desde hace años y la sangre es lo único que no se puede reproducir en una fabrica o laboratorio,https://www.tiktok.com/@nachter/video/7357337111676079392,2024-04-14 13:28:22+00:00,2024-04-14,0,0,dataset_tiktok-comments-scraper_2026-02-16_12-29-41-619.csv,tiktok,yo soy donante desde hace años y la sangre es lo único que no se puede reproducir en una fabrica o laboratorio,
"mi madre donaba sangre, pero empezó a tener anemia y no pudo seguir",https://www.tiktok.com/@nachter/video/7357337111676079392,2024-04-14 11:08:28+00:00,2024-04-14,0,0,dataset_tiktok-comments-scraper_2026-02-16_12-29-41-619.csv,tiktok,"mi madre donaba sangre, pero empezó a tener anemia y no pudo seguir",
"muy bueno DONAR VALENCINAOS, cada donación son 3 vidas, y sobretodo los que somos universales 🙏🙏🙏 animaros.....",https://www.tiktok.com/@nachter/video/7357337111676079392,2024-04-14 02:30:41+00:00,2024-04-14,0,0,dataset_tiktok-comments-scraper_2026-02-16_12-29-41-619.csv,tiktok,"muy bueno DONAR VALENCINAOS, cada donación son 3 vidas, y sobretodo los que somos universales animaros.....",🙏🙏🙏
xD,https://www.tiktok.com/@nachter/video/7357337111676079392,2024-05-04 21:12:23+00:00,2024-05-04,0,0,dataset_tiktok-comments-scraper_2026-02-16_12-29-41-619.csv,tiktok,xD,
"bueno, es una opinión, daría un incentivo más a más gente para ir a donar",https://www.tiktok.com/@nachter/video/7357337111676079392,2024-04-16 08:10:11+00:00,2024-04-16,0,0,dataset_tiktok-comments-scraper_2026-02-16_12-29-41-619.csv,tiktok,"bueno, es una opinión, daría un incentivo más a más gente para ir a donar",
"pues a mí me dió una lipotimia importante
al menos eso pone en mi carnet
y me recomendaron no donar nunca más.
estuve bastantes minutos
eso me dijeron.
y desde entonces colaboro con cruz roja!!",https://www.tiktok.com/@nachter/video/7357337111676079392,2024-04-14 21:33:22+00:00,2024-04-14,0,0,dataset_tiktok-comments-scraper_2026-02-16_12-29-41-619.csv,tiktok,pues a mí me dió una lipotimia importante al menos eso pone en mi carnet y me recomendaron no donar nunca más. estuve bastantes minutos eso me dijeron. y desde entonces colaboro con cruz roja!!,
♥️,https://www.tiktok.com/@nachter/video/7357337111676079392,2024-04-16 00:33:03+00:00,2024-04-16,15,0,dataset_tiktok-comments-scraper_2026-02-16_12-29-41-619.csv,tiktok,,♥️
🥰🥰🥰🥰,https://www.tiktok.com/@nachter/video/7357337111676079392,2024-05-08 21:29:04+00:00,2024-05-08,0,0,dataset_tiktok-comments-scraper_2026-02-16_12-29-41-619.csv,tiktok,,🥰🥰🥰🥰
😂😂😂👌👌,https://www.tiktok.com/@nachter/video/7357337111676079392,2024-05-12 13:15:26+00:00,2024-05-12,0,0,dataset_tiktok-comments-scraper_2026-02-16_12-29-41-619.csv,tiktok,,😂😂😂👌👌
yo soy donante des de los 24 años creo porque me tarde un poco para subir de peso y poder dar sangre xD y la verdad es genial cuando te mandan un mensaje diciendo tu sangre fue utilizada 😁😁,https://www.tiktok.com/@nachter/video/7357337111676079392,2024-06-22 06:26:11+00:00,2024-06-22,1,0,dataset_tiktok-comments-scraper_2026-02-16_12-29-41-619.csv,tiktok,yo soy donante des de los 24 años creo porque me tarde un poco para subir de peso y poder dar sangre xD y la verdad es genial cuando te mandan un mensaje diciendo tu sangre fue utilizada,😁😁
"Ami no me dejan donar por qué mi sangre es de tipo, no necesario O-",https://www.tiktok.com/@nachter/video/7357337111676079392,2024-04-15 10:06:47+00:00,2024-04-15,1,1,dataset_tiktok-comments-scraper_2026-02-16_12-29-41-619.csv,tiktok,"Ami no me dejan donar por qué mi sangre es de tipo, no necesario O-",
soy donadora en mi país,https://www.tiktok.com/@nachter/video/7357337111676079392,2024-04-16 02:18:23+00:00,2024-04-16,0,0,dataset_tiktok-comments-scraper_2026-02-16_12-29-41-619.csv,tiktok,soy donadora en mi país,
A si es pero no me gusta donar sangre 🥺,https://www.tiktok.com/@nachter/video/7357337111676079392,2024-04-13 21:22:37+00:00,2024-04-13,1,0,dataset_tiktok-comments-scraper_2026-02-16_12-29-41-619.csv,tiktok,A si es pero no me gusta donar sangre,🥺
Yo sntes donaba sangre ahora por el diabetes que me pincho no se puede 😔😔😔,https://www.tiktok.com/@nachter/video/7357337111676079392,2024-04-13 13:24:09+00:00,2024-04-13,1,0,dataset_tiktok-comments-scraper_2026-02-16_12-29-41-619.csv,tiktok,Yo sntes donaba sangre ahora por el diabetes que me pincho no se puede,😔😔😔
yo tengo ese suéter,https://www.tiktok.com/@nachter/video/7357337111676079392,2024-04-18 22:44:59+00:00,2024-04-18,0,0,dataset_tiktok-comments-scraper_2026-02-16_12-29-41-619.csv,tiktok,yo tengo ese suéter,
Si soy 😂😂😂😂,https://www.tiktok.com/@nachter/video/7357337111676079392,2024-09-26 22:54:24+00:00,2024-09-26,0,0,dataset_tiktok-comments-scraper_2026-02-16_12-29-41-619.csv,tiktok,Si soy,😂😂😂😂
Yo soy donante universal y voy siempre q lo ponen dnd vivo😉,https://www.tiktok.com/@nachter/video/7357337111676079392,2024-04-17 16:15:01+00:00,2024-04-17,0,0,dataset_tiktok-comments-scraper_2026-02-16_12-29-41-619.csv,tiktok,Yo soy donante universal y voy siempre q lo ponen dnd vivo,😉
Siempre he donado. Durante la pandemia en los centros médicos me trataron como a un apestado por no vacunarme. Ahora todo son mensajes y e-mails para que vuelva a donar.,https://www.tiktok.com/@nachter/video/7357337111676079392,2024-04-16 18:58:50+00:00,2024-04-16,0,0,dataset_tiktok-comments-scraper_2026-02-16_12-29-41-619.csv,tiktok,Siempre he donado. Durante la pandemia en los centros médicos me trataron como a un apestado por no vacunarme. Ahora todo son mensajes y e-mails para que vuelva a donar.,
"Gracias a todos los que donáis sangre, mi hija es donante, mi marido y a mi nos gustaría pero no podemos. GRACIAS",https://www.tiktok.com/@nachter/video/7357337111676079392,2024-04-13 14:19:43+00:00,2024-04-13,2,0,dataset_tiktok-comments-scraper_2026-02-16_12-29-41-619.csv,tiktok,"Gracias a todos los que donáis sangre, mi hija es donante, mi marido y a mi nos gustaría pero no podemos. GRACIAS",
😂😂😂,https://www.tiktok.com/@nachter/video/7357337111676079392,2024-04-14 13:40:18+00:00,2024-04-14,0,0,dataset_tiktok-comments-scraper_2026-02-16_12-29-41-619.csv,tiktok,,😂😂😂
"Los de 2010 tienen 14 años, no pueden donar hasta que cumplan los 18 😂",https://www.tiktok.com/@nachter/video/7357337111676079392,2024-04-17 16:29:08+00:00,2024-04-17,0,0,dataset_tiktok-comments-scraper_2026-02-16_12-29-41-619.csv,tiktok,"Los de 2010 tienen 14 años, no pueden donar hasta que cumplan los 18",😂
"yo nací en los 80 y soy re machote, hasta que aparece sangre jajaj",https://www.tiktok.com/@nachter/video/7357337111676079392,2024-04-20 13:12:26+00:00,2024-04-20,0,0,dataset_tiktok-comments-scraper_2026-02-16_12-29-41-619.csv,tiktok,"yo nací en los 80 y soy re machote, hasta que aparece sangre jajaj",
xd yo tengo problemas con las agujas por culpa de unas idiotas ahora cada vez que veo una me paniqueo,https://www.tiktok.com/@nachter/video/7357337111676079392,2025-06-24 20:10:12+00:00,2025-06-24,0,0,dataset_tiktok-comments-scraper_2026-02-16_12-29-41-619.csv,tiktok,xd yo tengo problemas con las agujas por culpa de unas idiotas ahora cada vez que veo una me paniqueo,
Soy 010 y confirmo por mi generación xd,https://www.tiktok.com/@nachter/video/7357337111676079392,2024-04-22 20:20:01+00:00,2024-04-22,0,0,dataset_tiktok-comments-scraper_2026-02-16_12-29-41-619.csv,tiktok,Soy 010 y confirmo por mi generación xd,
EL DE 2010 NO PODRIA DONAR LEGALMENTE 😅✌💀,https://www.tiktok.com/@nachter/video/7357337111676079392,2024-04-16 00:17:32+00:00,2024-04-16,0,0,dataset_tiktok-comments-scraper_2026-02-16_12-29-41-619.csv,tiktok,EL DE 2010 NO PODRIA DONAR LEGALMENTE,😅✌💀
😂😂😂😂,https://www.tiktok.com/@nachter/video/7357337111676079392,2024-04-22 21:21:43+00:00,2024-04-22,0,0,dataset_tiktok-comments-scraper_2026-02-16_12-29-41-619.csv,tiktok,,😂😂😂😂
"yo si me desmayo, pero también dono.
ya 4 veces 🤭",https://www.tiktok.com/@nachter/video/7357337111676079392,2024-04-16 04:45:38+00:00,2024-04-16,0,0,dataset_tiktok-comments-scraper_2026-02-16_12-29-41-619.csv,tiktok,"yo si me desmayo, pero también dono. ya 4 veces",🤭
"ni dono,ni trasfusiones de sangre que luego pasa lo q pasa... cuando piensan q la sangre salva vidas🤦🏽🤦🏽",https://www.tiktok.com/@nachter/video/7357337111676079392,2024-05-25 20:49:54+00:00,2024-05-25,0,0,dataset_tiktok-comments-scraper_2026-02-16_12-29-41-619.csv,tiktok,"ni dono,ni trasfusiones de sangre que luego pasa lo q pasa... cuando piensan q la sangre salva vidas",🤦🏽🤦🏽
i el clon?😂,https://www.tiktok.com/@nachter/video/7357337111676079392,2024-05-19 17:57:31+00:00,2024-05-19,0,0,dataset_tiktok-comments-scraper_2026-02-16_12-29-41-619.csv,tiktok,i el clon?,😂
ansieedad😅🤣,https://www.tiktok.com/@nachter/video/7357337111676079392,2024-06-11 16:07:25+00:00,2024-06-11,0,0,dataset_tiktok-comments-scraper_2026-02-16_12-29-41-619.csv,tiktok,ansieedad,😅🤣
los del 2010 no podemos donar sangre 😅,https://www.tiktok.com/@nachter/video/7357337111676079392,2024-06-25 22:16:37+00:00,2024-06-25,0,0,dataset_tiktok-comments-scraper_2026-02-16_12-29-41-619.csv,tiktok,los del 2010 no podemos donar sangre,😅
no puedo donar sangre porque soy impertenso,https://www.tiktok.com/@nachter/video/7357337111676079392,2024-12-26 00:02:37+00:00,2024-12-26,0,0,dataset_tiktok-comments-scraper_2026-02-16_12-29-41-619.csv,tiktok,no puedo donar sangre porque soy impertenso,
Los menores de edad donan sangre?,https://www.tiktok.com/@nachter/video/7357337111676079392,2024-09-06 13:40:07+00:00,2024-09-06,0,0,dataset_tiktok-comments-scraper_2026-02-16_12-29-41-619.csv,tiktok,Los menores de edad donan sangre?,
Vaya triple te has tirao,https://www.tiktok.com/@nachter/video/7357337111676079392,2024-04-16 13:42:33+00:00,2024-04-16,1,0,dataset_tiktok-comments-scraper_2026-02-16_12-29-41-619.csv,tiktok,Vaya triple te has tirao,
Que grande!!,https://www.tiktok.com/@nachter/video/7357337111676079392,2024-04-14 12:35:22+00:00,2024-04-14,0,0,dataset_tiktok-comments-scraper_2026-02-16_12-29-41-619.csv,tiktok,Que grande!!,
El del fondo con la ansiedad 😂😂😂😂😂,https://www.tiktok.com/@nachter/video/7357337111676079392,2024-04-13 13:39:14+00:00,2024-04-13,1,0,dataset_tiktok-comments-scraper_2026-02-16_12-29-41-619.csv,tiktok,El del fondo con la ansiedad,😂😂😂😂😂
cuatro veces al año?,https://www.tiktok.com/@nachter/video/7357337111676079392,2024-04-15 18:01:53+00:00,2024-04-15,1,0,dataset_tiktok-comments-scraper_2026-02-16_12-29-41-619.csv,tiktok,cuatro veces al año?,
¡Me encantó ese mensaje para concientizar a las personas!🥰👌👌👍👍,https://www.tiktok.com/@nachter/video/7357337111676079392,2024-04-14 18:51:36+00:00,2024-04-14,0,0,dataset_tiktok-comments-scraper_2026-02-16_12-29-41-619.csv,tiktok,¡Me encantó ese mensaje para concientizar a las personas!,🥰👌👌👍👍
yo le tengo fobia jaja😭😹,https://www.tiktok.com/@nachter/video/7357337111676079392,2024-04-14 13:55:32+00:00,2024-04-14,0,0,dataset_tiktok-comments-scraper_2026-02-16_12-29-41-619.csv,tiktok,yo le tengo fobia jaja,😭😹
yo tengo que distraerme con algo por que si me pinchan asi sin más se me baja lq presion 😔,https://www.tiktok.com/@nachter/video/7357337111676079392,2024-04-15 21:13:29+00:00,2024-04-15,1,0,dataset_tiktok-comments-scraper_2026-02-16_12-29-41-619.csv,tiktok,yo tengo que distraerme con algo por que si me pinchan asi sin más se me baja lq presion,😔
mil gracias 😎😉,https://www.tiktok.com/@nachter/video/7357337111676079392,2024-04-13 13:23:25+00:00,2024-04-13,1,0,dataset_tiktok-comments-scraper_2026-02-16_12-29-41-619.csv,tiktok,mil gracias,😎😉
los diabéticos podemos donar,https://www.tiktok.com/@nachter/video/7357337111676079392,2024-04-14 15:40:54+00:00,2024-04-14,0,0,dataset_tiktok-comments-scraper_2026-02-16_12-29-41-619.csv,tiktok,los diabéticos podemos donar,
a donar mi gente,https://www.tiktok.com/@nachter/video/7357337111676079392,2024-04-14 11:01:28+00:00,2024-04-14,0,0,dataset_tiktok-comments-scraper_2026-02-16_12-29-41-619.csv,tiktok,a donar mi gente,
"Yo soy de los 90, pero creo que soy más como los de los 80.😂",https://www.tiktok.com/@nachter/video/7357337111676079392,2024-04-14 09:59:11+00:00,2024-04-14,0,0,dataset_tiktok-comments-scraper_2026-02-16_12-29-41-619.csv,tiktok,"Yo soy de los 90, pero creo que soy más como los de los 80.",😂
yo no puedo donar sangre :c,https://www.tiktok.com/@nachter/video/7357337111676079392,2024-04-21 00:06:11+00:00,2024-04-21,0,0,dataset_tiktok-comments-scraper_2026-02-16_12-29-41-619.csv,tiktok,yo no puedo donar sangre :c,
a mi me encantaria donar pero tengo una medicación de por vida y no puedo... me da mucha rabia...,https://www.tiktok.com/@nachter/video/7357337111676079392,2024-04-14 10:47:40+00:00,2024-04-14,0,0,dataset_tiktok-comments-scraper_2026-02-16_12-29-41-619.csv,tiktok,a mi me encantaria donar pero tengo una medicación de por vida y no puedo... me da mucha rabia...,
"eres fenomenal amigo, gracias por tu humor",https://www.tiktok.com/@nachter/video/7357337111676079392,2024-04-14 21:54:17+00:00,2024-04-14,0,0,dataset_tiktok-comments-scraper_2026-02-16_12-29-41-619.csv,tiktok,"eres fenomenal amigo, gracias por tu humor",
Yo solo pude donar un vez hasta que me diagnosticaron trastorno bipolar y no puedo por los medicamentos,https://www.tiktok.com/@nachter/video/7357337111676079392,2024-04-14 08:50:34+00:00,2024-04-14,0,0,dataset_tiktok-comments-scraper_2026-02-16_12-29-41-619.csv,tiktok,Yo solo pude donar un vez hasta que me diagnosticaron trastorno bipolar y no puedo por los medicamentos,
"Voy cada mes y dono plaquetas en la aferesis.
En 4 bolsas de sangre sacas una de plaquetas y puedes ir cada mes.",https://www.tiktok.com/@nachter/video/7357337111676079392,2024-04-14 09:29:21+00:00,2024-04-14,0,0,dataset_tiktok-comments-scraper_2026-02-16_12-29-41-619.csv,tiktok,Voy cada mes y dono plaquetas en la aferesis. En 4 bolsas de sangre sacas una de plaquetas y puedes ir cada mes.,
buena conclusión final,https://www.tiktok.com/@nachter/video/7357337111676079392,2024-04-14 09:53:49+00:00,2024-04-14,0,0,dataset_tiktok-comments-scraper_2026-02-16_12-29-41-619.csv,tiktok,buena conclusión final,
jsjsjsj los del 2006 que este año podemos donar,https://www.tiktok.com/@nachter/video/7357337111676079392,2024-04-14 06:18:05+00:00,2024-04-14,0,0,dataset_tiktok-comments-scraper_2026-02-16_12-29-41-619.csv,tiktok,jsjsjsj los del 2006 que este año podemos donar,
la última vez que me sacaron sangre ( era pa un laboratorio) si casi me desmayo JAJAJA,https://www.tiktok.com/@nachter/video/7357337111676079392,2024-04-14 06:23:07+00:00,2024-04-14,0,0,dataset_tiktok-comments-scraper_2026-02-16_12-29-41-619.csv,tiktok,la última vez que me sacaron sangre ( era pa un laboratorio) si casi me desmayo JAJAJA,
Felicidades por la iniciativa. Dios te bendiga.,https://www.tiktok.com/@nachter/video/7357337111676079392,2024-04-14 04:23:27+00:00,2024-04-14,0,0,dataset_tiktok-comments-scraper_2026-02-16_12-29-41-619.csv,tiktok,Felicidades por la iniciativa. Dios te bendiga.,
si soy. done una vez y luego de donar me desvanecí. me quedé muy triste,https://www.tiktok.com/@nachter/video/7357337111676079392,2024-04-14 03:51:10+00:00,2024-04-14,0,0,dataset_tiktok-comments-scraper_2026-02-16_12-29-41-619.csv,tiktok,si soy. done una vez y luego de donar me desvanecí. me quedé muy triste,
jajajajaj las caraa por cada geracion es un poema jajajaj,https://www.tiktok.com/@nachter/video/7357337111676079392,2024-04-14 21:13:24+00:00,2024-04-14,0,0,dataset_tiktok-comments-scraper_2026-02-16_12-29-41-619.csv,tiktok,jajajajaj las caraa por cada geracion es un poema jajajaj,
He visto trasplantes de riñón y cirugías de emergencia sin sangre alogenica. Si un cirujano te dice que no puede operarte porque no hay tu tipo de sangre pues cambia de cirujano.,https://www.tiktok.com/@nachter/video/7357337111676079392,2024-04-14 18:31:02+00:00,2024-04-14,0,0,dataset_tiktok-comments-scraper_2026-02-16_12-29-41-619.csv,tiktok,He visto trasplantes de riñón y cirugías de emergencia sin sangre alogenica. Si un cirujano te dice que no puede operarte porque no hay tu tipo de sangre pues cambia de cirujano.,
jajajjajajaja 💚 hermoso,https://www.tiktok.com/@nachter/video/7357337111676079392,2024-04-14 16:43:59+00:00,2024-04-14,0,0,dataset_tiktok-comments-scraper_2026-02-16_12-29-41-619.csv,tiktok,jajajjajajaja hermoso,💚
Felicidades que buen canal,https://www.tiktok.com/@nachter/video/7357337111676079392,2024-04-14 14:35:58+00:00,2024-04-14,0,0,dataset_tiktok-comments-scraper_2026-02-16_12-29-41-619.csv,tiktok,Felicidades que buen canal,
"no soy donante ,pero me parece que no puedo serlo",https://www.tiktok.com/@nachter/video/7357337111676079392,2024-04-14 13:23:50+00:00,2024-04-14,0,0,dataset_tiktok-comments-scraper_2026-02-16_12-29-41-619.csv,tiktok,"no soy donante ,pero me parece que no puedo serlo",
jajaaja amo tus videos,https://www.tiktok.com/@nachter/video/7357337111676079392,2024-04-14 12:50:46+00:00,2024-04-14,0,0,dataset_tiktok-comments-scraper_2026-02-16_12-29-41-619.csv,tiktok,jajaaja amo tus videos,
👏👏👏👏👏👏👏 yo soy donante siempre 💪,https://www.tiktok.com/@nachter/video/7357337111676079392,2024-04-14 12:56:20+00:00,2024-04-14,0,0,dataset_tiktok-comments-scraper_2026-02-16_12-29-41-619.csv,tiktok,yo soy donante siempre,👏👏👏👏👏👏👏 💪
que genio me encanta verte. desde bs.as. besos,https://www.tiktok.com/@nachter/video/7357337111676079392,2024-04-14 10:38:55+00:00,2024-04-14,0,0,dataset_tiktok-comments-scraper_2026-02-16_12-29-41-619.csv,tiktok,que genio me encanta verte. desde bs.as. besos,
Los de 2010 no pueden donar,https://www.tiktok.com/@nachter/video/7357337111676079392,2024-04-14 11:51:22+00:00,2024-04-14,0,0,dataset_tiktok-comments-scraper_2026-02-16_12-29-41-619.csv,tiktok,Los de 2010 no pueden donar,
en unos años se vienen los memes de los del 2020 jajajajaa,https://www.tiktok.com/@nachter/video/7357337111676079392,2024-04-15 01:09:42+00:00,2024-04-15,0,0,dataset_tiktok-comments-scraper_2026-02-16_12-29-41-619.csv,tiktok,en unos años se vienen los memes de los del 2020 jajajajaa,
"yo soy donante de sangre, es muy importante hacerlo. ♥️",https://www.tiktok.com/@nachter/video/7357337111676079392,2024-04-13 13:35:15+00:00,2024-04-13,7,1,dataset_tiktok-comments-scraper_2026-02-16_12-29-41-619.csv,tiktok,"yo soy donante de sangre, es muy importante hacerlo.",♥️
Yo he ido 3 veces a donar y siempre me dicen que no puedo porque tomo ácido valprohico,https://www.tiktok.com/@nachter/video/7357337111676079392,2024-04-16 04:48:27+00:00,2024-04-16,2,2,dataset_tiktok-comments-scraper_2026-02-16_12-29-41-619.csv,tiktok,Yo he ido 3 veces a donar y siempre me dicen que no puedo porque tomo ácido valprohico,
"En mi país, se implemento los siguiente en los hospitales: Para una cirugía programada te solicitan 2 donantes de sangre. Si no hay donación altruista, deben conseguir sangre de otra forma.",https://www.tiktok.com/@nachter/video/7357337111676079392,2024-04-13 18:03:30+00:00,2024-04-13,1,1,dataset_tiktok-comments-scraper_2026-02-16_12-29-41-619.csv,tiktok,"En mi país, se implemento los siguiente en los hospitales: Para una cirugía programada te solicitan 2 donantes de sangre. Si no hay donación altruista, deben conseguir sangre de otra forma.",
tengo sangre tipo O- espero estar muy pronto en la comunidad valenciana y seguir siendo donante como lo hago en Colombia,https://www.tiktok.com/@nachter/video/7357337111676079392,2024-04-13 14:26:31+00:00,2024-04-13,5,0,dataset_tiktok-comments-scraper_2026-02-16_12-29-41-619.csv,tiktok,tengo sangre tipo O- espero estar muy pronto en la comunidad valenciana y seguir siendo donante como lo hago en Colombia,
yo soy donante activa desde que vivo en España me gusta ayudar de esta forma 🥰,https://www.tiktok.com/@nachter/video/7357337111676079392,2024-04-14 21:14:43+00:00,2024-04-14,2,0,dataset_tiktok-comments-scraper_2026-02-16_12-29-41-619.csv,tiktok,yo soy donante activa desde que vivo en España me gusta ayudar de esta forma,🥰
yo estoy esperando a que pasen los seis meses de que me hice mi tatuaje para poder donar🥺,https://www.tiktok.com/@nachter/video/7357337111676079392,2024-04-15 01:11:40+00:00,2024-04-15,0,0,dataset_tiktok-comments-scraper_2026-02-16_12-29-41-619.csv,tiktok,yo estoy esperando a que pasen los seis meses de que me hice mi tatuaje para poder donar,🥺
🥀,https://www.tiktok.com/@nachter/video/7357337111676079392,2025-03-01 01:33:31+00:00,2025-03-01,0,0,dataset_tiktok-comments-scraper_2026-02-16_12-29-41-619.csv,tiktok,,🥀
😳,https://www.tiktok.com/@nachter/video/7357337111676079392,2025-01-26 18:47:37+00:00,2025-01-26,0,0,dataset_tiktok-comments-scraper_2026-02-16_12-29-41-619.csv,tiktok,,😳
💙💛❤️,https://www.tiktok.com/@nachter/video/7357337111676079392,2024-05-05 11:58:05+00:00,2024-05-05,0,0,dataset_tiktok-comments-scraper_2026-02-16_12-29-41-619.csv,tiktok,,💙💛❤️
💕💕💕,https://www.tiktok.com/@nachter/video/7357337111676079392,2024-04-20 19:35:17+00:00,2024-04-20,0,0,dataset_tiktok-comments-scraper_2026-02-16_12-29-41-619.csv,tiktok,,💕💕💕
🙏🥰🙏😂😂,https://www.tiktok.com/@nachter/video/7357337111676079392,2024-04-13 20:18:13+00:00,2024-04-13,0,0,dataset_tiktok-comments-scraper_2026-02-16_12-29-41-619.csv,tiktok,,🙏🥰🙏😂😂
🥰🥰🥰,https://www.tiktok.com/@nachter/video/7357337111676079392,2024-04-13 20:36:31+00:00,2024-04-13,0,0,dataset_tiktok-comments-scraper_2026-02-16_12-29-41-619.csv,tiktok,,🥰🥰🥰
👍👍👏👏,https://www.tiktok.com/@nachter/video/7357337111676079392,2024-04-13 19:06:52+00:00,2024-04-13,0,0,dataset_tiktok-comments-scraper_2026-02-16_12-29-41-619.csv,tiktok,,👍👍👏👏
💯💯💯💯,https://www.tiktok.com/@nachter/video/7357337111676079392,2024-04-13 19:41:38+00:00,2024-04-13,0,0,dataset_tiktok-comments-scraper_2026-02-16_12-29-41-619.csv,tiktok,,💯💯💯💯
🤩🤩🤩,https://www.tiktok.com/@nachter/video/7357337111676079392,2024-04-13 19:46:35+00:00,2024-04-13,0,0,dataset_tiktok-comments-scraper_2026-02-16_12-29-41-619.csv,tiktok,,🤩🤩🤩
💖💖💖,https://www.tiktok.com/@nachter/video/7357337111676079392,2024-04-13 18:23:13+00:00,2024-04-13,0,0,dataset_tiktok-comments-scraper_2026-02-16_12-29-41-619.csv,tiktok,,💖💖💖
🖤🖤🖤,https://www.tiktok.com/@nachter/video/7357337111676079392,2024-04-13 18:14:37+00:00,2024-04-13,0,0,dataset_tiktok-comments-scraper_2026-02-16_12-29-41-619.csv,tiktok,,🖤🖤🖤
😂😂😂❤️,https://www.tiktok.com/@nachter/video/7357337111676079392,2024-04-13 17:27:55+00:00,2024-04-13,0,0,dataset_tiktok-comments-scraper_2026-02-16_12-29-41-619.csv,tiktok,,😂😂😂❤️
👍👍,https://www.tiktok.com/@nachter/video/7357337111676079392,2024-04-13 17:21:52+00:00,2024-04-13,0,0,dataset_tiktok-comments-scraper_2026-02-16_12-29-41-619.csv,tiktok,,👍👍
👏👏👏👏👏👏,https://www.tiktok.com/@nachter/video/7357337111676079392,2024-04-13 16:48:58+00:00,2024-04-13,0,0,dataset_tiktok-comments-scraper_2026-02-16_12-29-41-619.csv,tiktok,,👏👏👏👏👏👏
😍😍😍,https://www.tiktok.com/@nachter/video/7357337111676079392,2024-04-13 16:45:43+00:00,2024-04-13,0,0,dataset_tiktok-comments-scraper_2026-02-16_12-29-41-619.csv,tiktok,,😍😍😍
😂😎😍,https://www.tiktok.com/@nachter/video/7357337111676079392,2024-04-13 16:13:55+00:00,2024-04-13,0,0,dataset_tiktok-comments-scraper_2026-02-16_12-29-41-619.csv,tiktok,,😂😎😍
🥰🥰🙏🙏,https://www.tiktok.com/@nachter/video/7357337111676079392,2024-04-13 15:50:40+00:00,2024-04-13,0,0,dataset_tiktok-comments-scraper_2026-02-16_12-29-41-619.csv,tiktok,,🥰🥰🙏🙏
Te has olvidado algo importante! Bocata y bebida gratis!😎 A donar tod@s!!!!,https://www.tiktok.com/@nachter/video/7357337111676079392,2024-04-13 15:37:51+00:00,2024-04-13,2,0,dataset_tiktok-comments-scraper_2026-02-16_12-29-41-619.csv,tiktok,Te has olvidado algo importante! Bocata y bebida gratis! A donar tod@s!!!!,😎
"Eres un crack. Cuando sale ansiedad, me descojono. Real como la vida misma 😂",https://www.tiktok.com/@nachter/video/7357337111676079392,2024-04-13 15:48:59+00:00,2024-04-13,1,0,dataset_tiktok-comments-scraper_2026-02-16_12-29-41-619.csv,tiktok,"Eres un crack. Cuando sale ansiedad, me descojono. Real como la vida misma",😂
TE AMOOOOOO 👏👏👏😂😂😂,https://www.tiktok.com/@nachter/video/7357337111676079392,2024-04-18 20:25:24+00:00,2024-04-18,0,0,dataset_tiktok-comments-scraper_2026-02-16_12-29-41-619.csv,tiktok,TE AMOOOOOO,👏👏👏😂😂😂
Grande natcher,https://www.tiktok.com/@nachter/video/7357337111676079392,2024-04-13 14:09:31+00:00,2024-04-13,2,0,dataset_tiktok-comments-scraper_2026-02-16_12-29-41-619.csv,tiktok,Grande natcher,
pq solo 4 veces al año? según yo si te alimentas bien y tales al día siguiente ya recompensas la sangre y PS bueno ya como mínimo donar cada 3 días si se quisiera,https://www.tiktok.com/@nachter/video/7357337111676079392,2025-02-18 23:03:11+00:00,2025-02-18,0,0,dataset_tiktok-comments-scraper_2026-02-16_12-29-41-619.csv,tiktok,pq solo 4 veces al año? según yo si te alimentas bien y tales al día siguiente ya recompensas la sangre y PS bueno ya como mínimo donar cada 3 días si se quisiera,
yo siendo 0- pero no puedo donar porque soy diabético :(,https://www.tiktok.com/@nachter/video/7357337111676079392,2024-04-14 08:03:17+00:00,2024-04-14,3,0,dataset_tiktok-comments-scraper_2026-02-16_12-29-41-619.csv,tiktok,yo siendo 0- pero no puedo donar porque soy diabético :(,
Si a la persona que yo le done sangre le hacen una prueba de ADN 🧬 tendríamos algún parentesco?,https://www.tiktok.com/@nachter/video/7357337111676079392,2024-12-30 06:00:35+00:00,2024-12-30,0,0,dataset_tiktok-comments-scraper_2026-02-16_12-29-41-619.csv,tiktok,Si a la persona que yo le done sangre le hacen una prueba de ADN tendríamos algún parentesco?,🧬
"Me encantan tus videos, un poco de humor y concientizacion 🥰",https://www.tiktok.com/@nachter/video/7357337111676079392,2024-04-15 00:34:42+00:00,2024-04-15,0,0,dataset_tiktok-comments-scraper_2026-02-16_12-29-41-619.csv,tiktok,"Me encantan tus videos, un poco de humor y concientizacion",🥰
Adi es! Gracias!,https://www.tiktok.com/@nachter/video/7357337111676079392,2024-04-14 00:08:33+00:00,2024-04-14,1,0,dataset_tiktok-comments-scraper_2026-02-16_12-29-41-619.csv,tiktok,Adi es! Gracias!,
Soy donante altruista y me dan desayuno y también una bolsa de dulce o algo igual de barato como una forma de agradecer mi donación,https://www.tiktok.com/@nachter/video/7357337111676079392,2024-04-13 18:04:09+00:00,2024-04-13,0,0,dataset_tiktok-comments-scraper_2026-02-16_12-29-41-619.csv,tiktok,Soy donante altruista y me dan desayuno y también una bolsa de dulce o algo igual de barato como una forma de agradecer mi donación,
tal vez hubo un avance o no sé una técnica diferente con algún tratamiento pero siempre quise poner el granito de arena para ayudar,https://www.tiktok.com/@nachter/video/7357337111676079392,2024-04-16 12:02:55+00:00,2024-04-16,0,0,dataset_tiktok-comments-scraper_2026-02-16_12-29-41-619.csv,tiktok,tal vez hubo un avance o no sé una técnica diferente con algún tratamiento pero siempre quise poner el granito de arena para ayudar,
y pa que vas si ya te dijeron eso,https://www.tiktok.com/@nachter/video/7357337111676079392,2024-04-16 06:14:39+00:00,2024-04-16,0,0,dataset_tiktok-comments-scraper_2026-02-16_12-29-41-619.csv,tiktok,y pa que vas si ya te dijeron eso,
👍🏻👍🏻👍🏻😂😂😂,https://www.tiktok.com/@nachter/video/7357337111676079392,2024-04-14 12:55:09+00:00,2024-04-14,0,0,dataset_tiktok-comments-scraper_2026-02-16_12-29-41-619.csv,tiktok,,👍🏻👍🏻👍🏻😂😂😂
🥰🥰❤️,https://www.tiktok.com/@nachter/video/7357337111676079392,2024-04-14 17:43:19+00:00,2024-04-14,0,0,dataset_tiktok-comments-scraper_2026-02-16_12-29-41-619.csv,tiktok,,🥰🥰❤️
🤣,https://www.tiktok.com/@nachter/video/7357337111676079392,2024-04-14 13:17:57+00:00,2024-04-14,0,0,dataset_tiktok-comments-scraper_2026-02-16_12-29-41-619.csv,tiktok,,🤣
los del 2010 aún no pueden donar porque tienes que tener 18 años🥰,https://www.tiktok.com/@nachter/video/7357337111676079392,2024-04-14 23:26:33+00:00,2024-04-14,0,0,dataset_tiktok-comments-scraper_2026-02-16_12-29-41-619.csv,tiktok,los del 2010 aún no pueden donar porque tienes que tener 18 años,🥰
🤣🙂.,https://www.tiktok.com/@nachter/video/7357337111676079392,2024-04-14 21:24:22+00:00,2024-04-14,0,0,dataset_tiktok-comments-scraper_2026-02-16_12-29-41-619.csv,tiktok,.,🤣🙂
🥰🥰,https://www.tiktok.com/@nachter/video/7357337111676079392,2024-04-14 21:51:44+00:00,2024-04-14,0,0,dataset_tiktok-comments-scraper_2026-02-16_12-29-41-619.csv,tiktok,,🥰🥰
sopas,https://www.tiktok.com/@nachter/video/7357337111676079392,2024-04-14 22:20:49+00:00,2024-04-14,0,0,dataset_tiktok-comments-scraper_2026-02-16_12-29-41-619.csv,tiktok,sopas,
🥰🥰🥰🥰🥰🥰,https://www.tiktok.com/@nachter/video/7357337111676079392,2024-04-14 22:33:00+00:00,2024-04-14,0,0,dataset_tiktok-comments-scraper_2026-02-16_12-29-41-619.csv,tiktok,,🥰🥰🥰🥰🥰🥰
"Yo done una vez, pero no donaría nunca más, es el ciclo de la vida.",https://www.tiktok.com/@nachter/video/7357337111676079392,2024-04-14 23:23:13+00:00,2024-04-14,0,0,dataset_tiktok-comments-scraper_2026-02-16_12-29-41-619.csv,tiktok,"Yo done una vez, pero no donaría nunca más, es el ciclo de la vida.",
yo nunca done me da cosa 😳,https://www.tiktok.com/@nachter/video/7357337111676079392,2024-04-15 00:22:30+00:00,2024-04-15,0,0,dataset_tiktok-comments-scraper_2026-02-16_12-29-41-619.csv,tiktok,yo nunca done me da cosa,😳
🤣🤣🤣,https://www.tiktok.com/@nachter/video/7357337111676079392,2024-04-15 00:36:51+00:00,2024-04-15,0,0,dataset_tiktok-comments-scraper_2026-02-16_12-29-41-619.csv,tiktok,,🤣🤣🤣
👍👍👍,https://www.tiktok.com/@nachter/video/7357337111676079392,2024-04-15 00:42:51+00:00,2024-04-15,0,0,dataset_tiktok-comments-scraper_2026-02-16_12-29-41-619.csv,tiktok,,👍👍👍
cómo me alegra el día cuando me sale un vídeo tuyo 😂😂😂😂😂 todo lo he vivido y si no lo veo de cerca😂😂😂😂,https://www.tiktok.com/@nachter/video/7357337111676079392,2024-04-15 00:46:38+00:00,2024-04-15,0,0,dataset_tiktok-comments-scraper_2026-02-16_12-29-41-619.csv,tiktok,cómo me alegra el día cuando me sale un vídeo tuyo todo lo he vivido y si no lo veo de cerca,😂😂😂😂😂 😂😂😂😂
💙💙💙,https://www.tiktok.com/@nachter/video/7357337111676079392,2024-04-14 19:43:29+00:00,2024-04-14,0,0,dataset_tiktok-comments-scraper_2026-02-16_12-29-41-619.csv,tiktok,,💙💙💙
🤣🤣,https://www.tiktok.com/@nachter/video/7357337111676079392,2024-04-14 17:52:05+00:00,2024-04-14,0,0,dataset_tiktok-comments-scraper_2026-02-16_12-29-41-619.csv,tiktok,,🤣🤣
"Anda, veo TODOS tus videos y lo de hoy NO me lo esperaba🥰🥰🥰🥰, me parto contigo",https://www.tiktok.com/@nachter/video/7357337111676079392,2024-04-13 16:52:19+00:00,2024-04-13,0,0,dataset_tiktok-comments-scraper_2026-02-16_12-29-41-619.csv,tiktok,"Anda, veo TODOS tus videos y lo de hoy NO me lo esperaba , me parto contigo",🥰🥰🥰🥰
Cuando nos hace falta si nos acordamos,https://www.tiktok.com/@nachter/video/7357337111676079392,2024-04-13 16:29:24+00:00,2024-04-13,0,0,dataset_tiktok-comments-scraper_2026-02-16_12-29-41-619.csv,tiktok,Cuando nos hace falta si nos acordamos,
"ERES UN GENIO JAJAJAJA
SALUDOS DESDE CARACAS VENEZUELA UN ABRAZO",https://www.tiktok.com/@nachter/video/7357337111676079392,2024-04-13 16:50:39+00:00,2024-04-13,0,0,dataset_tiktok-comments-scraper_2026-02-16_12-29-41-619.csv,tiktok,ERES UN GENIO JAJAJAJA SALUDOS DESDE CARACAS VENEZUELA UN ABRAZO,
ets molt gran!!!👍,https://www.tiktok.com/@nachter/video/7357337111676079392,2024-04-13 17:28:10+00:00,2024-04-13,0,0,dataset_tiktok-comments-scraper_2026-02-16_12-29-41-619.csv,tiktok,ets molt gran!!!,👍
Yo quiero 🤑🤑,https://www.tiktok.com/@nachter/video/7357337111676079392,2024-04-13 16:31:05+00:00,2024-04-13,0,0,dataset_tiktok-comments-scraper_2026-02-16_12-29-41-619.csv,tiktok,Yo quiero,🤑🤑
siempre me divierten los videos y rio mucho pero si se puede donar ayuda mucho,https://www.tiktok.com/@nachter/video/7357337111676079392,2024-04-13 16:40:34+00:00,2024-04-13,0,0,dataset_tiktok-comments-scraper_2026-02-16_12-29-41-619.csv,tiktok,siempre me divierten los videos y rio mucho pero si se puede donar ayuda mucho,
soy donante desde 1996 y lo que me queda.,https://www.tiktok.com/@nachter/video/7357337111676079392,2024-04-13 15:47:43+00:00,2024-04-13,0,0,dataset_tiktok-comments-scraper_2026-02-16_12-29-41-619.csv,tiktok,soy donante desde 1996 y lo que me queda.,
Usted vende la sangre o la dona?,https://www.tiktok.com/@nachter/video/7357337111676079392,2024-04-13 17:28:52+00:00,2024-04-13,0,0,dataset_tiktok-comments-scraper_2026-02-16_12-29-41-619.csv,tiktok,Usted vende la sangre o la dona?,
Genial!! ❤ 👏🏻👏🏻👏🏻,https://www.tiktok.com/@nachter/video/7357337111676079392,2024-04-13 17:06:46+00:00,2024-04-13,0,0,dataset_tiktok-comments-scraper_2026-02-16_12-29-41-619.csv,tiktok,Genial!!,❤ 👏🏻👏🏻👏🏻
👏👏👏👏,https://www.tiktok.com/@nachter/video/7357337111676079392,2024-05-01 23:57:18+00:00,2024-05-01,0,0,dataset_tiktok-comments-scraper_2026-02-16_12-29-41-619.csv,tiktok,,👏👏👏👏
"@Cuenta oficial de PSOE @Sumar Q tenga que hacer una petición un ciudadano y no haya campañas publicitarias en los grandes medios de comunicación, ahora, amnistía pa un rato ehhh eso sí",https://www.tiktok.com/@nachter/video/7357337111676079392,2024-04-14 18:13:52+00:00,2024-04-14,0,0,dataset_tiktok-comments-scraper_2026-02-16_12-29-41-619.csv,tiktok,"@Cuenta oficial de PSOE @Sumar Q tenga que hacer una petición un ciudadano y no haya campañas publicitarias en los grandes medios de comunicación, ahora, amnistía pa un rato ehhh eso sí",
"entonces no se llamaría DONACION ,ya t contesto yo espléndido , ojalá nunca necesites una transfusión",https://www.tiktok.com/@nachter/video/7357337111676079392,2024-04-14 20:41:56+00:00,2024-04-14,0,0,dataset_tiktok-comments-scraper_2026-02-16_12-29-41-619.csv,tiktok,"entonces no se llamaría DONACION ,ya t contesto yo espléndido , ojalá nunca necesites una transfusión",
🤣🤣🤣🤣,https://www.tiktok.com/@nachter/video/7357337111676079392,2024-05-05 03:17:42+00:00,2024-05-05,0,0,dataset_tiktok-comments-scraper_2026-02-16_12-29-41-619.csv,tiktok,,🤣🤣🤣🤣
😂😂😂🤣🤣,https://www.tiktok.com/@nachter/video/7357337111676079392,2024-05-01 21:32:52+00:00,2024-05-01,0,0,dataset_tiktok-comments-scraper_2026-02-16_12-29-41-619.csv,tiktok,,😂😂😂🤣🤣
🤣🤣🤣m convenciste ya mismo arranco a donarle sangre a toda esa gente q m crítica 🤣🤣🤣,https://www.tiktok.com/@nachter/video/7357337111676079392,2024-05-06 19:58:25+00:00,2024-05-06,0,0,dataset_tiktok-comments-scraper_2026-02-16_12-29-41-619.csv,tiktok,m convenciste ya mismo arranco a donarle sangre a toda esa gente q m crítica,🤣🤣🤣 🤣🤣🤣
yo viví a mi lado cuando donde algo bastante traumanete,https://www.tiktok.com/@nachter/video/7357337111676079392,2024-05-07 03:14:37+00:00,2024-05-07,0,0,dataset_tiktok-comments-scraper_2026-02-16_12-29-41-619.csv,tiktok,yo viví a mi lado cuando donde algo bastante traumanete,
yo no puedo donar 🥺 he intentado pero se me coabula la sangre y no les sirve 😅,https://www.tiktok.com/@nachter/video/7357337111676079392,2024-04-14 01:41:05+00:00,2024-04-14,0,0,dataset_tiktok-comments-scraper_2026-02-16_12-29-41-619.csv,tiktok,yo no puedo donar he intentado pero se me coabula la sangre y no les sirve,🥺 😅
"Usa el icono de edición para fijar, añadir o eliminar clips.",https://www.tiktok.com/@nachter/video/7357337111676079392,2024-04-13 20:33:55+00:00,2024-04-13,0,0,dataset_tiktok-comments-scraper_2026-02-16_12-29-41-619.csv,tiktok,"Usa el icono de edición para fijar, añadir o eliminar clips.",
yo donaba sangre y nací en los 70,https://www.tiktok.com/@nachter/video/7357337111676079392,2024-04-13 19:58:14+00:00,2024-04-13,0,0,dataset_tiktok-comments-scraper_2026-02-16_12-29-41-619.csv,tiktok,yo donaba sangre y nací en los 70,
Ohh❤️,https://www.tiktok.com/@nachter/video/7357337111676079392,2024-04-13 20:22:27+00:00,2024-04-13,0,0,dataset_tiktok-comments-scraper_2026-02-16_12-29-41-619.csv,tiktok,Ohh,❤️
En Perú donamos sangre para que el seguro la venda por lo bajo y saquen beneficio económico 😔,https://www.tiktok.com/@nachter/video/7357337111676079392,2024-04-13 20:07:20+00:00,2024-04-13,0,0,dataset_tiktok-comments-scraper_2026-02-16_12-29-41-619.csv,tiktok,En Perú donamos sangre para que el seguro la venda por lo bajo y saquen beneficio económico,😔
❤Ansiedad😂🥰❤,https://www.tiktok.com/@nachter/video/7357337111676079392,2024-04-13 19:48:01+00:00,2024-04-13,0,0,dataset_tiktok-comments-scraper_2026-02-16_12-29-41-619.csv,tiktok,Ansiedad,❤ 😂🥰❤
ama tu grupo de WhatsApp,https://www.tiktok.com/@nachter/video/7357337111676079392,2024-04-13 19:49:09+00:00,2024-04-13,0,0,dataset_tiktok-comments-scraper_2026-02-16_12-29-41-619.csv,tiktok,ama tu grupo de WhatsApp,
"😂 soy 87, pero parezco un 2010... me desmayo con una aguja! 😂",https://www.tiktok.com/@nachter/video/7357337111676079392,2024-04-13 19:55:27+00:00,2024-04-13,0,0,dataset_tiktok-comments-scraper_2026-02-16_12-29-41-619.csv,tiktok,"soy 87, pero parezco un 2010... me desmayo con una aguja!",😂 😂
yo me desmaye porque no me comí el lunch que te dan 🤣🥺,https://www.tiktok.com/@nachter/video/7357337111676079392,2024-04-13 18:01:11+00:00,2024-04-13,0,0,dataset_tiktok-comments-scraper_2026-02-16_12-29-41-619.csv,tiktok,yo me desmaye porque no me comí el lunch que te dan,🤣🥺
pronto iré a hacerlo sin duda💯💯💯👍,https://www.tiktok.com/@nachter/video/7357337111676079392,2024-04-13 19:19:33+00:00,2024-04-13,0,0,dataset_tiktok-comments-scraper_2026-02-16_12-29-41-619.csv,tiktok,pronto iré a hacerlo sin duda,💯💯💯👍
eres un crack 😂,https://www.tiktok.com/@nachter/video/7357337111676079392,2024-04-13 19:12:40+00:00,2024-04-13,0,0,dataset_tiktok-comments-scraper_2026-02-16_12-29-41-619.csv,tiktok,eres un crack,😂
😅😅😅😅😅no puedo yo dono sangre . 👌,https://www.tiktok.com/@nachter/video/7357337111676079392,2024-04-13 18:51:34+00:00,2024-04-13,0,0,dataset_tiktok-comments-scraper_2026-02-16_12-29-41-619.csv,tiktok,no puedo yo dono sangre .,😅😅😅😅😅 👌
Estemos donde estemos…cualquier día del año…donemos sangre…salvemos vidas…saludos desde Perú,https://www.tiktok.com/@nachter/video/7357337111676079392,2024-04-13 18:24:54+00:00,2024-04-13,0,0,dataset_tiktok-comments-scraper_2026-02-16_12-29-41-619.csv,tiktok,Estemos donde estemos…cualquier día del año…donemos sangre…salvemos vidas…saludos desde Perú,
Bravo,https://www.tiktok.com/@nachter/video/7357337111676079392,2024-04-13 18:55:40+00:00,2024-04-13,0,0,dataset_tiktok-comments-scraper_2026-02-16_12-29-41-619.csv,tiktok,Bravo,
Admiro como describes las generaciones con sus reacciones ante cada situación 👏👏👏,https://www.tiktok.com/@nachter/video/7357337111676079392,2024-04-13 19:07:08+00:00,2024-04-13,0,0,dataset_tiktok-comments-scraper_2026-02-16_12-29-41-619.csv,tiktok,Admiro como describes las generaciones con sus reacciones ante cada situación,👏👏👏
Eres un gran actor con mucha originalidad.,https://www.tiktok.com/@nachter/video/7357337111676079392,2024-04-13 18:51:08+00:00,2024-04-13,0,0,dataset_tiktok-comments-scraper_2026-02-16_12-29-41-619.csv,tiktok,Eres un gran actor con mucha originalidad.,
Muy importante !!!!❤️❤️,https://www.tiktok.com/@nachter/video/7357337111676079392,2024-04-13 13:18:14+00:00,2024-04-13,31,1,dataset_tiktok-comments-scraper_2026-02-16_12-29-41-619.csv,tiktok,Muy importante !!!!,❤️❤️
😂soy la última jeje...,https://www.tiktok.com/@nachter/video/7357337111676079392,2024-04-15 01:32:13+00:00,2024-04-15,0,0,dataset_tiktok-comments-scraper_2026-02-16_12-29-41-619.csv,tiktok,soy la última jeje...,😂
Yo he querido donar y me ponen pegas por el peso .,https://www.tiktok.com/@nachter/video/7357337111676079392,2024-05-17 09:36:43+00:00,2024-05-17,0,0,dataset_tiktok-comments-scraper_2026-02-16_12-29-41-619.csv,tiktok,Yo he querido donar y me ponen pegas por el peso .,
"españoles así que cueros, pero pienso en pique y se me olvida hasta la donación",https://www.tiktok.com/@nachter/video/7357337111676079392,2024-04-20 14:01:37+00:00,2024-04-20,0,0,dataset_tiktok-comments-scraper_2026-02-16_12-29-41-619.csv,tiktok,"españoles así que cueros, pero pienso en pique y se me olvida hasta la donación",
😂😂😂😂😂😂😂,https://www.tiktok.com/@nachter/video/7357337111676079392,2024-04-22 12:22:26+00:00,2024-04-22,0,0,dataset_tiktok-comments-scraper_2026-02-16_12-29-41-619.csv,tiktok,,😂😂😂😂😂😂😂
pues ya desmayado se le puede sacar la sangre jajajajajaa,https://www.tiktok.com/@nachter/video/7357337111676079392,2024-04-23 04:44:05+00:00,2024-04-23,0,0,dataset_tiktok-comments-scraper_2026-02-16_12-29-41-619.csv,tiktok,pues ya desmayado se le puede sacar la sangre jajajajajaa,
💗,https://www.tiktok.com/@nachter/video/7357337111676079392,2025-02-16 13:48:41+00:00,2025-02-16,0,0,dataset_tiktok-comments-scraper_2026-02-16_12-29-41-619.csv,tiktok,,💗
Salvas vidas 😁,https://www.tiktok.com/@nachter/video/7357337111676079392,2024-04-13 13:36:58+00:00,2024-04-13,1,0,dataset_tiktok-comments-scraper_2026-02-16_12-29-41-619.csv,tiktok,Salvas vidas,😁
"tambien se deberia de tocar mas el tema de la donacion de organos , 1 cuerpo podria salvar varias vidas 💖",https://www.tiktok.com/@nachter/video/7357337111676079392,2024-04-19 20:58:18+00:00,2024-04-19,0,0,dataset_tiktok-comments-scraper_2026-02-16_12-29-41-619.csv,tiktok,"tambien se deberia de tocar mas el tema de la donacion de organos , 1 cuerpo podria salvar varias vidas",💖
saben por qué son así ahora no?,https://www.tiktok.com/@nachter/video/7357337111676079392,2025-02-07 21:53:39+00:00,2025-02-07,0,0,dataset_tiktok-comments-scraper_2026-02-16_12-29-41-619.csv,tiktok,saben por qué son así ahora no?,
🙈,https://www.tiktok.com/@nachter/video/7357337111676079392,2025-02-15 15:08:57+00:00,2025-02-15,0,0,dataset_tiktok-comments-scraper_2026-02-16_12-29-41-619.csv,tiktok,,🙈
los de los 80 no le darían gratis nada a nadie,https://www.tiktok.com/@nachter/video/7357337111676079392,2024-04-16 20:05:53+00:00,2024-04-16,0,0,dataset_tiktok-comments-scraper_2026-02-16_12-29-41-619.csv,tiktok,los de los 80 no le darían gratis nada a nadie,
😂😂😂😂😂,https://www.tiktok.com/@nachter/video/7357337111676079392,2024-04-16 13:20:47+00:00,2024-04-16,0,0,dataset_tiktok-comments-scraper_2026-02-16_12-29-41-619.csv,tiktok,,😂😂😂😂😂
👍🏻👍🏻👍🏻👍🏻👍🏻👏👏👏👏👏,https://www.tiktok.com/@nachter/video/7357337111676079392,2024-04-16 14:36:40+00:00,2024-04-16,0,0,dataset_tiktok-comments-scraper_2026-02-16_12-29-41-619.csv,tiktok,,👍🏻👍🏻👍🏻👍🏻👍🏻👏👏👏👏👏
me encantaría donar pero hay que cumplir requisitos,https://www.tiktok.com/@nachter/video/7357337111676079392,2024-04-14 07:42:36+00:00,2024-04-14,0,0,dataset_tiktok-comments-scraper_2026-02-16_12-29-41-619.csv,tiktok,me encantaría donar pero hay que cumplir requisitos,
yo quiero donar pero le tengo fobia a las agujas 🥲,https://www.tiktok.com/@nachter/video/7357337111676079392,2024-04-14 05:20:14+00:00,2024-04-14,0,0,dataset_tiktok-comments-scraper_2026-02-16_12-29-41-619.csv,tiktok,yo quiero donar pero le tengo fobia a las agujas,🥲
😂😂😂eres estupendo... 😳😳ansiedad!!!!,https://www.tiktok.com/@nachter/video/7357337111676079392,2024-04-14 05:02:12+00:00,2024-04-14,0,0,dataset_tiktok-comments-scraper_2026-02-16_12-29-41-619.csv,tiktok,eres estupendo... ansiedad!!!!,😂😂😂 😳😳
Jajajaja,https://www.tiktok.com/@nachter/video/7357337111676079392,2024-04-14 02:24:32+00:00,2024-04-14,0,0,dataset_tiktok-comments-scraper_2026-02-16_12-29-41-619.csv,tiktok,Jajajaja,
Exactamente así es!!!,https://www.tiktok.com/@nachter/video/7357337111676079392,2024-04-14 02:30:44+00:00,2024-04-14,0,0,dataset_tiktok-comments-scraper_2026-02-16_12-29-41-619.csv,tiktok,Exactamente así es!!!,
"en tres ocasiones quise donar sangre para personas hospitalizadas pero tengo plaquetas bajas, el sig...😞",https://www.tiktok.com/@nachter/video/7357337111676079392,2024-04-14 03:44:13+00:00,2024-04-14,0,0,dataset_tiktok-comments-scraper_2026-02-16_12-29-41-619.csv,tiktok,"en tres ocasiones quise donar sangre para personas hospitalizadas pero tengo plaquetas bajas, el sig...",😞
excelente,https://www.tiktok.com/@nachter/video/7357337111676079392,2024-04-14 01:42:20+00:00,2024-04-14,0,0,dataset_tiktok-comments-scraper_2026-02-16_12-29-41-619.csv,tiktok,excelente,
yo fui donante mucho tiempo,https://www.tiktok.com/@nachter/video/7357337111676079392,2024-04-14 00:39:26+00:00,2024-04-14,0,0,dataset_tiktok-comments-scraper_2026-02-16_12-29-41-619.csv,tiktok,yo fui donante mucho tiempo,
Jaja la de veses que he visto una aguja,https://www.tiktok.com/@nachter/video/7357337111676079392,2024-04-14 01:20:21+00:00,2024-04-14,0,0,dataset_tiktok-comments-scraper_2026-02-16_12-29-41-619.csv,tiktok,Jaja la de veses que he visto una aguja,
alguien con 14 años puede donar sangre en España porque acá en Argentina no solo mayores de 18,https://www.tiktok.com/@nachter/video/7357337111676079392,2024-04-14 00:09:21+00:00,2024-04-14,0,0,dataset_tiktok-comments-scraper_2026-02-16_12-29-41-619.csv,tiktok,alguien con 14 años puede donar sangre en España porque acá en Argentina no solo mayores de 18,
Totalmente de acuerdo,https://www.tiktok.com/@nachter/video/7357337111676079392,2024-04-13 22:23:57+00:00,2024-04-13,0,0,dataset_tiktok-comments-scraper_2026-02-16_12-29-41-619.csv,tiktok,Totalmente de acuerdo,
yo tenía toda la voluntad de donar y no me dejaron porque tenía una cirugía del corazón :'v,https://www.tiktok.com/@nachter/video/7357337111676079392,2024-04-13 22:38:45+00:00,2024-04-13,0,0,dataset_tiktok-comments-scraper_2026-02-16_12-29-41-619.csv,tiktok,yo tenía toda la voluntad de donar y no me dejaron porque tenía una cirugía del corazón :'v,
"no puedo donar, nunca llego con el peso minimo🥺😭",https://www.tiktok.com/@nachter/video/7357337111676079392,2024-04-13 22:09:41+00:00,2024-04-13,0,0,dataset_tiktok-comments-scraper_2026-02-16_12-29-41-619.csv,tiktok,"no puedo donar, nunca llego con el peso minimo",🥺😭
espectacular,https://www.tiktok.com/@nachter/video/7357337111676079392,2024-04-13 22:25:56+00:00,2024-04-13,0,0,dataset_tiktok-comments-scraper_2026-02-16_12-29-41-619.csv,tiktok,espectacular,
Excelente 👏👏👏👏,https://www.tiktok.com/@nachter/video/7357337111676079392,2024-04-13 22:02:01+00:00,2024-04-13,0,0,dataset_tiktok-comments-scraper_2026-02-16_12-29-41-619.csv,tiktok,Excelente,👏👏👏👏
"TIENES RAZON, QUE CARA TAN ESPECIAL Y GRACIOSA Q TIENES. GRACIAS",https://www.tiktok.com/@nachter/video/7357337111676079392,2024-04-13 22:55:15+00:00,2024-04-13,0,0,dataset_tiktok-comments-scraper_2026-02-16_12-29-41-619.csv,tiktok,"TIENES RAZON, QUE CARA TAN ESPECIAL Y GRACIOSA Q TIENES. GRACIAS",
"Si algún día voy a Valencia, me encantaría conocerlo🤗👍",https://www.tiktok.com/@nachter/video/7357337111676079392,2024-04-13 22:37:48+00:00,2024-04-13,0,0,dataset_tiktok-comments-scraper_2026-02-16_12-29-41-619.csv,tiktok,"Si algún día voy a Valencia, me encantaría conocerlo",🤗👍
yo soy donante de sangre y de organos🌸🌸🌸,https://www.tiktok.com/@nachter/video/7357337111676079392,2024-04-13 21:53:34+00:00,2024-04-13,0,0,dataset_tiktok-comments-scraper_2026-02-16_12-29-41-619.csv,tiktok,yo soy donante de sangre y de organos,🌸🌸🌸
para que? para que hagan negocio con mi sangre? paso,https://www.tiktok.com/@nachter/video/7357337111676079392,2024-04-14 13:56:02+00:00,2024-04-14,0,0,dataset_tiktok-comments-scraper_2026-02-16_12-29-41-619.csv,tiktok,para que? para que hagan negocio con mi sangre? paso,
😄😆😅,https://www.tiktok.com/@nachter/video/7357337111676079392,2024-04-14 16:40:05+00:00,2024-04-14,0,0,dataset_tiktok-comments-scraper_2026-02-16_12-29-41-619.csv,tiktok,,😄😆😅
✨✨✨,https://www.tiktok.com/@nachter/video/7357337111676079392,2024-04-14 16:59:42+00:00,2024-04-14,0,0,dataset_tiktok-comments-scraper_2026-02-16_12-29-41-619.csv,tiktok,,✨✨✨
🤣🤣🤣🤣🤣,https://www.tiktok.com/@nachter/video/7357337111676079392,2024-04-14 11:59:53+00:00,2024-04-14,0,0,dataset_tiktok-comments-scraper_2026-02-16_12-29-41-619.csv,tiktok,,🤣🤣🤣🤣🤣
si está desmayado es más fácil sacarle la sangre,https://www.tiktok.com/@nachter/video/7357337111676079392,2024-04-14 12:35:02+00:00,2024-04-14,0,0,dataset_tiktok-comments-scraper_2026-02-16_12-29-41-619.csv,tiktok,si está desmayado es más fácil sacarle la sangre,
👍👍👍👏👏👏,https://www.tiktok.com/@nachter/video/7357337111676079392,2024-04-14 12:35:29+00:00,2024-04-14,0,0,dataset_tiktok-comments-scraper_2026-02-16_12-29-41-619.csv,tiktok,,👍👍👍👏👏👏
♥️♥️♥️♥️,https://www.tiktok.com/@nachter/video/7357337111676079392,2024-04-16 18:34:15+00:00,2024-04-16,0,0,dataset_tiktok-comments-scraper_2026-02-16_12-29-41-619.csv,tiktok,,♥️♥️♥️♥️
"soy la que jamás se ha dejado ni se dejará sacar sangre nunca. Antes me muero, tampoco quiero sangre de nadie. Cuestiones personales, anulo cualquier maldición y que vuelva a quien las eche X 1000",https://www.tiktok.com/@nachter/video/7357337111676079392,2024-04-16 20:29:34+00:00,2024-04-16,0,0,dataset_tiktok-comments-scraper_2026-02-16_12-29-41-619.csv,tiktok,"soy la que jamás se ha dejado ni se dejará sacar sangre nunca. Antes me muero, tampoco quiero sangre de nadie. Cuestiones personales, anulo cualquier maldición y que vuelva a quien las eche X 1000",
😆😂😅😄😂,https://www.tiktok.com/@nachter/video/7357337111676079392,2024-04-16 20:59:21+00:00,2024-04-16,0,0,dataset_tiktok-comments-scraper_2026-02-16_12-29-41-619.csv,tiktok,,😆😂😅😄😂
a mí me saldo la vida,https://www.tiktok.com/@nachter/video/7357337111676079392,2024-04-17 01:13:03+00:00,2024-04-17,0,0,dataset_tiktok-comments-scraper_2026-02-16_12-29-41-619.csv,tiktok,a mí me saldo la vida,
"He donado sagre y plaquetas varias veces, me parece completamente ridículo el miedo que le tiene la gente a las agujas. 🙄",https://www.tiktok.com/@nachter/video/7357337111676079392,2024-04-15 20:57:52+00:00,2024-04-15,0,0,dataset_tiktok-comments-scraper_2026-02-16_12-29-41-619.csv,tiktok,"He donado sagre y plaquetas varias veces, me parece completamente ridículo el miedo que le tiene la gente a las agujas.",🙄
que tiene este con los de 2010,https://www.tiktok.com/@nachter/video/7357337111676079392,2024-04-15 21:46:07+00:00,2024-04-15,0,0,dataset_tiktok-comments-scraper_2026-02-16_12-29-41-619.csv,tiktok,que tiene este con los de 2010,
😈😈😈,https://www.tiktok.com/@nachter/video/7357337111676079392,2024-04-15 21:48:04+00:00,2024-04-15,0,0,dataset_tiktok-comments-scraper_2026-02-16_12-29-41-619.csv,tiktok,,😈😈😈
👏👏,https://www.tiktok.com/@nachter/video/7357337111676079392,2024-04-15 21:59:38+00:00,2024-04-15,0,0,dataset_tiktok-comments-scraper_2026-02-16_12-29-41-619.csv,tiktok,,👏👏
💕,https://www.tiktok.com/@nachter/video/7357337111676079392,2024-04-15 22:22:33+00:00,2024-04-15,0,0,dataset_tiktok-comments-scraper_2026-02-16_12-29-41-619.csv,tiktok,,💕
Jajaj ya extrañaba a ANCIEDAD 🤣🤣🤣,https://www.tiktok.com/@nachter/video/7357337111676079392,2024-04-16 01:28:09+00:00,2024-04-16,0,0,dataset_tiktok-comments-scraper_2026-02-16_12-29-41-619.csv,tiktok,Jajaj ya extrañaba a ANCIEDAD,🤣🤣🤣
♥️♥️♥️,https://www.tiktok.com/@nachter/video/7357337111676079392,2024-04-16 02:40:05+00:00,2024-04-16,0,0,dataset_tiktok-comments-scraper_2026-02-16_12-29-41-619.csv,tiktok,,♥️♥️♥️
ansiedad!!!! 🤣🤣🤣🤣🤣🤣,https://www.tiktok.com/@nachter/video/7357337111676079392,2024-04-16 02:57:32+00:00,2024-04-16,0,0,dataset_tiktok-comments-scraper_2026-02-16_12-29-41-619.csv,tiktok,ansiedad!!!!,🤣🤣🤣🤣🤣🤣
👌❤️,https://www.tiktok.com/@nachter/video/7357337111676079392,2024-04-14 07:12:58+00:00,2024-04-14,0,0,dataset_tiktok-comments-scraper_2026-02-16_12-29-41-619.csv,tiktok,,👌❤️
😅😅😅😅,https://www.tiktok.com/@nachter/video/7357337111676079392,2024-04-14 05:58:20+00:00,2024-04-14,0,0,dataset_tiktok-comments-scraper_2026-02-16_12-29-41-619.csv,tiktok,,😅😅😅😅
💯💪👏,https://www.tiktok.com/@nachter/video/7357337111676079392,2024-04-14 04:21:39+00:00,2024-04-14,0,0,dataset_tiktok-comments-scraper_2026-02-16_12-29-41-619.csv,tiktok,,💯💪👏
😳😳😳,https://www.tiktok.com/@nachter/video/7357337111676079392,2024-04-13 23:13:03+00:00,2024-04-13,0,0,dataset_tiktok-comments-scraper_2026-02-16_12-29-41-619.csv,tiktok,,😳😳😳
😅😅😅,https://www.tiktok.com/@nachter/video/7357337111676079392,2024-04-13 23:37:31+00:00,2024-04-13,0,0,dataset_tiktok-comments-scraper_2026-02-16_12-29-41-619.csv,tiktok,,😅😅😅
😎😎😎,https://www.tiktok.com/@nachter/video/7357337111676079392,2024-04-13 23:37:56+00:00,2024-04-13,0,0,dataset_tiktok-comments-scraper_2026-02-16_12-29-41-619.csv,tiktok,,😎😎😎
👏👏👏👏👏👏👏,https://www.tiktok.com/@nachter/video/7357337111676079392,2024-04-13 23:09:43+00:00,2024-04-13,0,0,dataset_tiktok-comments-scraper_2026-02-16_12-29-41-619.csv,tiktok,,👏👏👏👏👏👏👏
👍🏻,https://www.tiktok.com/@nachter/video/7357337111676079392,2024-04-13 21:53:01+00:00,2024-04-13,0,0,dataset_tiktok-comments-scraper_2026-02-16_12-29-41-619.csv,tiktok,,👍🏻
👏👏👏👏😍😍,https://www.tiktok.com/@nachter/video/7357337111676079392,2024-04-13 21:23:23+00:00,2024-04-13,0,0,dataset_tiktok-comments-scraper_2026-02-16_12-29-41-619.csv,tiktok,,👏👏👏👏😍😍
👀👀👀👀,https://www.tiktok.com/@nachter/video/7357337111676079392,2024-04-13 21:34:50+00:00,2024-04-13,0,0,dataset_tiktok-comments-scraper_2026-02-16_12-29-41-619.csv,tiktok,,👀👀👀👀
🥰🥰🥰🥰🥰,https://www.tiktok.com/@nachter/video/7357337111676079392,2024-04-18 11:56:02+00:00,2024-04-18,0,0,dataset_tiktok-comments-scraper_2026-02-16_12-29-41-619.csv,tiktok,,🥰🥰🥰🥰🥰
❤️,https://www.tiktok.com/@nachter/video/7357337111676079392,2024-04-19 00:24:08+00:00,2024-04-19,0,0,dataset_tiktok-comments-scraper_2026-02-16_12-29-41-619.csv,tiktok,,❤️
❤️❤️❤️,https://www.tiktok.com/@nachter/video/7357337111676079392,2024-04-19 04:48:57+00:00,2024-04-19,0,0,dataset_tiktok-comments-scraper_2026-02-16_12-29-41-619.csv,tiktok,,❤️❤️❤️
ansiedad 😂😂😂😂 sabía 🤣🤣🤣,https://www.tiktok.com/@nachter/video/7357337111676079392,2024-04-19 05:13:00+00:00,2024-04-19,0,0,dataset_tiktok-comments-scraper_2026-02-16_12-29-41-619.csv,tiktok,ansiedad sabía,😂😂😂😂 🤣🤣🤣
"Yo quiero donar sangre pero mis papás no quieren😭😭
Me llenaron de miedo de que si dono voy a engordar como cerdo",https://www.tiktok.com/@nachter/video/7357337111676079392,2024-04-17 16:28:43+00:00,2024-04-17,0,1,dataset_tiktok-comments-scraper_2026-02-16_12-29-41-619.csv,tiktok,Yo quiero donar sangre pero mis papás no quieren Me llenaron de miedo de que si dono voy a engordar como cerdo,😭😭
😂🤣😂🤣😂🤣,https://www.tiktok.com/@nachter/video/7357337111676079392,2024-04-17 05:50:15+00:00,2024-04-17,0,0,dataset_tiktok-comments-scraper_2026-02-16_12-29-41-619.csv,tiktok,,😂🤣😂🤣😂🤣
🤣🤣👌👌👌👌,https://www.tiktok.com/@nachter/video/7357337111676079392,2024-04-17 14:07:23+00:00,2024-04-17,0,0,dataset_tiktok-comments-scraper_2026-02-16_12-29-41-619.csv,tiktok,,🤣🤣👌👌👌👌
😃😃😃😃😃,https://www.tiktok.com/@nachter/video/7357337111676079392,2024-04-17 15:57:38+00:00,2024-04-17,0,0,dataset_tiktok-comments-scraper_2026-02-16_12-29-41-619.csv,tiktok,,😃😃😃😃😃
extrañaba mucho el ansiedad😂,https://www.tiktok.com/@nachter/video/7357337111676079392,2024-04-17 17:30:09+00:00,2024-04-17,0,0,dataset_tiktok-comments-scraper_2026-02-16_12-29-41-619.csv,tiktok,extrañaba mucho el ansiedad,😂
😂😂😂😂 super,https://www.tiktok.com/@nachter/video/7357337111676079392,2024-04-13 20:55:36+00:00,2024-04-13,0,0,dataset_tiktok-comments-scraper_2026-02-16_12-29-41-619.csv,tiktok,super,😂😂😂😂
ansiedad 😂❤️,https://www.tiktok.com/@nachter/video/7357337111676079392,2024-04-13 21:09:17+00:00,2024-04-13,0,0,dataset_tiktok-comments-scraper_2026-02-16_12-29-41-619.csv,tiktok,ansiedad,😂❤️
siempre doné mientras mi edad me lo permitió ❤️,https://www.tiktok.com/@nachter/video/7357337111676079392,2024-04-13 21:09:48+00:00,2024-04-13,0,0,dataset_tiktok-comments-scraper_2026-02-16_12-29-41-619.csv,tiktok,siempre doné mientras mi edad me lo permitió,❤️
Estoy de acuerdo,https://www.tiktok.com/@nachter/video/7357337111676079392,2024-04-13 20:53:15+00:00,2024-04-13,0,0,dataset_tiktok-comments-scraper_2026-02-16_12-29-41-619.csv,tiktok,Estoy de acuerdo,
te quiero 🥰,https://www.tiktok.com/@nachter/video/7357337111676079392,2024-04-13 21:35:06+00:00,2024-04-13,0,0,dataset_tiktok-comments-scraper_2026-02-16_12-29-41-619.csv,tiktok,te quiero,🥰
😍😍😍😍😍,https://www.tiktok.com/@nachter/video/7357337111676079392,2024-04-15 17:03:10+00:00,2024-04-15,0,0,dataset_tiktok-comments-scraper_2026-02-16_12-29-41-619.csv,tiktok,,😍😍😍😍😍
💪💪💪,https://www.tiktok.com/@nachter/video/7357337111676079392,2024-04-15 12:27:18+00:00,2024-04-15,0,0,dataset_tiktok-comments-scraper_2026-02-16_12-29-41-619.csv,tiktok,,💪💪💪
❤❤❤,https://www.tiktok.com/@nachter/video/7357337111676079392,2024-04-14 14:05:46+00:00,2024-04-14,0,0,dataset_tiktok-comments-scraper_2026-02-16_12-29-41-619.csv,tiktok,,❤❤❤
😂😂👏👏🥰,https://www.tiktok.com/@nachter/video/7357337111676079392,2024-04-14 10:38:51+00:00,2024-04-14,0,0,dataset_tiktok-comments-scraper_2026-02-16_12-29-41-619.csv,tiktok,,😂😂👏👏🥰
si tan bien mi mamá me lo dijo pero el medico me dijo que es un mito,https://www.tiktok.com/@nachter/video/7357337111676079392,2024-04-18 05:59:09+00:00,2024-04-18,1,0,dataset_tiktok-comments-scraper_2026-02-16_12-29-41-619.csv,tiktok,si tan bien mi mamá me lo dijo pero el medico me dijo que es un mito,
🤣🤣🤣🤣🤣ay que me parto cada vez que se cae engarrotado y se quiebra 🤣🤣🤣🤣,https://www.tiktok.com/@nachter/video/7357337111676079392,2024-04-18 01:07:03+00:00,2024-04-18,0,0,dataset_tiktok-comments-scraper_2026-02-16_12-29-41-619.csv,tiktok,ay que me parto cada vez que se cae engarrotado y se quiebra,🤣🤣🤣🤣🤣 🤣🤣🤣🤣
no es bueno donar ..😏,https://www.tiktok.com/@nachter/video/7357337111676079392,2024-04-18 08:16:22+00:00,2024-04-18,0,0,dataset_tiktok-comments-scraper_2026-02-16_12-29-41-619.csv,tiktok,no es bueno donar ..,😏
ansiedad 😂😂😂😂🤣🤣🤣,https://www.tiktok.com/@nachter/video/7357337111676079392,2024-04-13 16:15:05+00:00,2024-04-13,0,0,dataset_tiktok-comments-scraper_2026-02-16_12-29-41-619.csv,tiktok,ansiedad,😂😂😂😂🤣🤣🤣
lo malo es que no puedo donar sangre por mi enfermedad,https://www.tiktok.com/@nachter/video/7357337111676079392,2024-04-13 16:32:47+00:00,2024-04-13,0,0,dataset_tiktok-comments-scraper_2026-02-16_12-29-41-619.csv,tiktok,lo malo es que no puedo donar sangre por mi enfermedad,
son dos???😂😂😂😂😂,https://www.tiktok.com/@nachter/video/7357337111676079392,2024-04-13 16:47:17+00:00,2024-04-13,0,0,dataset_tiktok-comments-scraper_2026-02-16_12-29-41-619.csv,tiktok,son dos???,😂😂😂😂😂
"en México donar es una pesadilla por la burocracia, al menos en las instalaciones públicas a las que voy, desalienta a todos a ayudar.",https://www.tiktok.com/@nachter/video/7357337111676079392,2024-04-13 16:53:48+00:00,2024-04-13,0,1,dataset_tiktok-comments-scraper_2026-02-16_12-29-41-619.csv,tiktok,"en México donar es una pesadilla por la burocracia, al menos en las instalaciones públicas a las que voy, desalienta a todos a ayudar.",
aaa pero a mí me votan 🤔🤔,https://www.tiktok.com/@nachter/video/7357337111676079392,2024-04-13 15:30:14+00:00,2024-04-13,0,0,dataset_tiktok-comments-scraper_2026-02-16_12-29-41-619.csv,tiktok,aaa pero a mí me votan,🤔🤔
osea me mareo cuando me sacan la aguja de sacar un bote que es mas fina imaginate con esa que es mas gorda..,https://www.tiktok.com/@nachter/video/7357337111676079392,2024-04-13 15:07:04+00:00,2024-04-13,0,0,dataset_tiktok-comments-scraper_2026-02-16_12-29-41-619.csv,tiktok,osea me mareo cuando me sacan la aguja de sacar un bote que es mas fina imaginate con esa que es mas gorda..,
"jaja yo un día fui a donar, pero me desmayo y me dijo la doctora que mejor dijera que no podia.",https://www.tiktok.com/@nachter/video/7357337111676079392,2024-04-13 15:12:29+00:00,2024-04-13,0,0,dataset_tiktok-comments-scraper_2026-02-16_12-29-41-619.csv,tiktok,"jaja yo un día fui a donar, pero me desmayo y me dijo la doctora que mejor dijera que no podia.",
@M,https://www.tiktok.com/@nachter/video/7357337111676079392,2024-04-13 15:13:33+00:00,2024-04-13,0,0,dataset_tiktok-comments-scraper_2026-02-16_12-29-41-619.csv,tiktok,@M,
de los 80 y con mi carné de donante desde los 18😁,https://www.tiktok.com/@nachter/video/7357337111676079392,2024-04-13 15:24:41+00:00,2024-04-13,0,0,dataset_tiktok-comments-scraper_2026-02-16_12-29-41-619.csv,tiktok,de los 80 y con mi carné de donante desde los 18,😁
y yo que quiero donar no puedo 🥺,https://www.tiktok.com/@nachter/video/7357337111676079392,2024-04-13 15:31:35+00:00,2024-04-13,0,0,dataset_tiktok-comments-scraper_2026-02-16_12-29-41-619.csv,tiktok,y yo que quiero donar no puedo,🥺
@Valentina A ¡★! @𝙿𝚒𝚎𝚛𝚒𝚗𝚊 👸🏽,https://www.tiktok.com/@nachter/video/7357337111676079392,2024-04-15 05:15:40+00:00,2024-04-15,1,0,dataset_tiktok-comments-scraper_2026-02-16_12-29-41-619.csv,tiktok,@Valentina A ¡ ! @,★ 𝙿𝚒𝚎𝚛𝚒𝚗𝚊 👸🏽
😁😁😁,https://www.tiktok.com/@nachter/video/7357337111676079392,2024-04-14 19:19:44+00:00,2024-04-14,1,0,dataset_tiktok-comments-scraper_2026-02-16_12-29-41-619.csv,tiktok,,😁😁😁
@Alexis castilloo anciedad ?,https://www.tiktok.com/@nachter/video/7357337111676079392,2024-04-14 04:31:22+00:00,2024-04-14,0,0,dataset_tiktok-comments-scraper_2026-02-16_12-29-41-619.csv,tiktok,@Alexis castilloo anciedad ?,
"se que esté tiktok no es para México namas datos que nadie pidió.
igual seguimos donando",https://www.tiktok.com/@nachter/video/7357337111676079392,2024-04-13 16:54:41+00:00,2024-04-13,0,0,dataset_tiktok-comments-scraper_2026-02-16_12-29-41-619.csv,tiktok,se que esté tiktok no es para México namas datos que nadie pidió. igual seguimos donando,
140,https://www.tiktok.com/@nachter/video/7357337111676079392,2024-04-13 16:25:32+00:00,2024-04-13,1,0,dataset_tiktok-comments-scraper_2026-02-16_12-29-41-619.csv,tiktok,140,
"Ya nadie habla de lo de trini
　　　
10h 　 Responder 　 　 　 　 　 ♡896
　　　
● 𝓑𝓮𝓪💗
cai JAJAJA 🥲",https://www.tiktok.com/@nachter/video/7357337111676079392,2024-04-13 15:21:46+00:00,2024-04-13,1,0,dataset_tiktok-comments-scraper_2026-02-16_12-29-41-619.csv,tiktok,Ya nadie habla de lo de trini 10h Responder 896 cai JAJAJA,　　　 　 　 　 　 　 　 ♡ 　　　 ● 𝓑𝓮𝓪💗 🥲
Que aprovechen que se ha desmayao el de la ansiedad 🤣🤣,https://www.tiktok.com/@nachter/video/7357337111676079392,2024-04-13 13:31:49+00:00,2024-04-13,1,0,dataset_tiktok-comments-scraper_2026-02-16_12-29-41-619.csv,tiktok,Que aprovechen que se ha desmayao el de la ansiedad,🤣🤣
jajajja,https://www.tiktok.com/@nachter/video/7357337111676079392,2024-04-13 13:16:45+00:00,2024-04-13,1,0,dataset_tiktok-comments-scraper_2026-02-16_12-29-41-619.csv,tiktok,jajajja,
"Es importante, pero yo jamás la donaría por motivos espirituales",https://www.tiktok.com/@nachter/video/7357337111676079392,2024-04-13 16:13:27+00:00,2024-04-13,0,0,dataset_tiktok-comments-scraper_2026-02-16_12-29-41-619.csv,tiktok,"Es importante, pero yo jamás la donaría por motivos espirituales",
tiene un hermano gemelo.,https://www.tiktok.com/@nachter/video/7357337111676079392,2024-04-13 18:44:00+00:00,2024-04-13,0,0,dataset_tiktok-comments-scraper_2026-02-16_12-29-41-619.csv,tiktok,tiene un hermano gemelo.,
"No sólo en Valencia necesitan donadores. En todos los países del mundo se ha registrado una merma de donadores, no sólo de sangre sino de órganos también 😔
Donemos, no cuesta nada
Saludos",https://www.tiktok.com/@nachter/video/7357337111676079392,2024-04-13 18:21:59+00:00,2024-04-13,0,0,dataset_tiktok-comments-scraper_2026-02-16_12-29-41-619.csv,tiktok,"No sólo en Valencia necesitan donadores. En todos los países del mundo se ha registrado una merma de donadores, no sólo de sangre sino de órganos también Donemos, no cuesta nada Saludos",😔
donaciones de sangre es un negocio.,https://www.tiktok.com/@nachter/video/7357337111676079392,2024-04-13 18:43:04+00:00,2024-04-13,0,0,dataset_tiktok-comments-scraper_2026-02-16_12-29-41-619.csv,tiktok,donaciones de sangre es un negocio.,
"es verdad, mi hermana que es O negativo casi se muere por tanta gente egoista 🙄",https://www.tiktok.com/@nachter/video/7357337111676079392,2024-04-13 18:43:39+00:00,2024-04-13,0,0,dataset_tiktok-comments-scraper_2026-02-16_12-29-41-619.csv,tiktok,"es verdad, mi hermana que es O negativo casi se muere por tanta gente egoista",🙄
ahora ni aunque pagues consigues donadores,https://www.tiktok.com/@nachter/video/7357337111676079392,2024-04-13 18:44:32+00:00,2024-04-13,0,0,dataset_tiktok-comments-scraper_2026-02-16_12-29-41-619.csv,tiktok,ahora ni aunque pagues consigues donadores,
yo semen 😂😂😂😂😂,https://www.tiktok.com/@nachter/video/7357337111676079392,2024-04-13 18:53:52+00:00,2024-04-13,0,0,dataset_tiktok-comments-scraper_2026-02-16_12-29-41-619.csv,tiktok,yo semen,😂😂😂😂😂
Donar Sangre también es positivo para nuestro sistema inmunológico ya que generamos plaquetas etc....Buena campaña,https://www.tiktok.com/@nachter/video/7357337111676079392,2024-04-13 19:04:02+00:00,2024-04-13,0,0,dataset_tiktok-comments-scraper_2026-02-16_12-29-41-619.csv,tiktok,Donar Sangre también es positivo para nuestro sistema inmunológico ya que generamos plaquetas etc....Buena campaña,
👏🏻👏🏻👏🏻,https://www.tiktok.com/@nachter/video/7357337111676079392,2024-04-13 15:55:59+00:00,2024-04-13,0,0,dataset_tiktok-comments-scraper_2026-02-16_12-29-41-619.csv,tiktok,,👏🏻👏🏻👏🏻
😂😂😂😂😂😂👍👍,https://www.tiktok.com/@nachter/video/7357337111676079392,2024-04-15 13:45:59+00:00,2024-04-15,0,0,dataset_tiktok-comments-scraper_2026-02-16_12-29-41-619.csv,tiktok,,😂😂😂😂😂😂👍👍
"╭━╮
╰━╮
╰━╯𝑼𝑷𝑬𝑹",https://www.tiktok.com/@nachter/video/7357337111676079392,2024-04-14 15:41:28+00:00,2024-04-14,0,0,dataset_tiktok-comments-scraper_2026-02-16_12-29-41-619.csv,tiktok,,╭━╮ ╰━╮ ╰━╯𝑼𝑷𝑬𝑹
😳😳😳😂😂😂😂😂😂😂ansiedad,https://www.tiktok.com/@nachter/video/7357337111676079392,2024-04-14 10:23:20+00:00,2024-04-14,0,0,dataset_tiktok-comments-scraper_2026-02-16_12-29-41-619.csv,tiktok,ansiedad,😳😳😳😂😂😂😂😂😂😂
"Done una sola vez, no me sentí mal. Ahora no puedo.donar tengo una enfermedad autoinmune. Quise donar médula y no.me aceptan en el INCUCAI soy de Argentina..",https://www.tiktok.com/@nachter/video/7357337111676079392,2024-04-13 17:35:21+00:00,2024-04-13,0,0,dataset_tiktok-comments-scraper_2026-02-16_12-29-41-619.csv,tiktok,"Done una sola vez, no me sentí mal. Ahora no puedo.donar tengo una enfermedad autoinmune. Quise donar médula y no.me aceptan en el INCUCAI soy de Argentina..",
no te pagan por donar sangre vdd?,https://www.tiktok.com/@nachter/video/7357337111676079392,2024-04-15 00:55:52+00:00,2024-04-15,5,4,dataset_tiktok-comments-scraper_2026-02-16_12-29-41-619.csv,tiktok,no te pagan por donar sangre vdd?,
no todos somos así los del 2010🥺,https://www.tiktok.com/@nachter/video/7357337111676079392,2024-04-16 07:48:40+00:00,2024-04-16,2,0,dataset_tiktok-comments-scraper_2026-02-16_12-29-41-619.csv,tiktok,no todos somos así los del 2010,🥺
2010 bro como así quien del 2010 llora 💀💀💀,https://www.tiktok.com/@nachter/video/7357337111676079392,2024-04-15 22:05:48+00:00,2024-04-15,1,0,dataset_tiktok-comments-scraper_2026-02-16_12-29-41-619.csv,tiktok,2010 bro como así quien del 2010 llora,💀💀💀
q cosa donamos sangre gratis y cuando la necesitamos no la cobra q cosas no,https://www.tiktok.com/@nachter/video/7357337111676079392,2024-04-15 02:12:08+00:00,2024-04-15,1,0,dataset_tiktok-comments-scraper_2026-02-16_12-29-41-619.csv,tiktok,q cosa donamos sangre gratis y cuando la necesitamos no la cobra q cosas no,
Yo tengo 30 hago show antes de que me pinchen con la aguja 😅😅😅,https://www.tiktok.com/@nachter/video/7357337111676079392,2024-04-13 18:02:12+00:00,2024-04-13,0,0,dataset_tiktok-comments-scraper_2026-02-16_12-29-41-619.csv,tiktok,Yo tengo 30 hago show antes de que me pinchen con la aguja,😅😅😅
❤️❤️💯🤟,https://www.tiktok.com/@nachter/video/7357337111676079392,2024-04-13 13:42:09+00:00,2024-04-13,0,0,dataset_tiktok-comments-scraper_2026-02-16_12-29-41-619.csv,tiktok,,❤️❤️💯🤟
😂😂😂😂😂👏👏👏👏👏por fin volvió Ansiedad 😂😂😂,https://www.tiktok.com/@nachter/video/7357337111676079392,2024-04-13 13:28:56+00:00,2024-04-13,0,0,dataset_tiktok-comments-scraper_2026-02-16_12-29-41-619.csv,tiktok,por fin volvió Ansiedad,😂😂😂😂😂👏👏👏👏👏 😂😂😂
muy 😂😁 bueno,https://www.tiktok.com/@nachter/video/7357337111676079392,2024-04-13 13:31:53+00:00,2024-04-13,0,0,dataset_tiktok-comments-scraper_2026-02-16_12-29-41-619.csv,tiktok,muy bueno,😂😁
Yo solo puedo una vez ala ñap,https://www.tiktok.com/@nachter/video/7357337111676079392,2024-04-13 13:33:54+00:00,2024-04-13,0,0,dataset_tiktok-comments-scraper_2026-02-16_12-29-41-619.csv,tiktok,Yo solo puedo una vez ala ñap,
😅😅😅😅. muy cierto juntos podemos más,https://www.tiktok.com/@nachter/video/7357337111676079392,2024-04-13 13:34:26+00:00,2024-04-13,0,0,dataset_tiktok-comments-scraper_2026-02-16_12-29-41-619.csv,tiktok,. muy cierto juntos podemos más,😅😅😅😅
Es muy importante donar. Una pena que yo con mi discapacidad no pueda,https://www.tiktok.com/@nachter/video/7357337111676079392,2024-04-13 13:41:47+00:00,2024-04-13,0,0,dataset_tiktok-comments-scraper_2026-02-16_12-29-41-619.csv,tiktok,Es muy importante donar. Una pena que yo con mi discapacidad no pueda,
Che y el Fontanero 🤨🤨🤨,https://www.tiktok.com/@nachter/video/7357337111676079392,2024-04-13 13:25:15+00:00,2024-04-13,0,0,dataset_tiktok-comments-scraper_2026-02-16_12-29-41-619.csv,tiktok,Che y el Fontanero,🤨🤨🤨
👍👍👍👍,https://www.tiktok.com/@nachter/video/7357337111676079392,2024-04-13 13:46:06+00:00,2024-04-13,0,0,dataset_tiktok-comments-scraper_2026-02-16_12-29-41-619.csv,tiktok,,👍👍👍👍
"yo me desmayo por bajada de tensión al perder sangre, yo quiero donar pero no me dejan😂😂😂",https://www.tiktok.com/@nachter/video/7357337111676079392,2024-04-13 13:46:27+00:00,2024-04-13,0,0,dataset_tiktok-comments-scraper_2026-02-16_12-29-41-619.csv,tiktok,"yo me desmayo por bajada de tensión al perder sangre, yo quiero donar pero no me dejan",😂😂😂
🍀🍀🍀,https://www.tiktok.com/@nachter/video/7357337111676079392,2024-04-13 13:52:44+00:00,2024-04-13,0,0,dataset_tiktok-comments-scraper_2026-02-16_12-29-41-619.csv,tiktok,,🍀🍀🍀
GRACIAS🥰,https://www.tiktok.com/@nachter/video/7357337111676079392,2024-04-13 13:59:48+00:00,2024-04-13,0,0,dataset_tiktok-comments-scraper_2026-02-16_12-29-41-619.csv,tiktok,GRACIAS,🥰
Entonces no sería donar,https://www.tiktok.com/@nachter/video/7357337111676079392,2024-04-15 21:18:51+00:00,2024-04-15,1,0,dataset_tiktok-comments-scraper_2026-02-16_12-29-41-619.csv,tiktok,Entonces no sería donar,
esque hay paises que si pagan,https://www.tiktok.com/@nachter/video/7357337111676079392,2024-04-16 02:12:04+00:00,2024-04-16,1,0,dataset_tiktok-comments-scraper_2026-02-16_12-29-41-619.csv,tiktok,esque hay paises que si pagan,
por algo es donación y no vender sangre,https://www.tiktok.com/@nachter/video/7357337111676079392,2024-04-15 06:41:38+00:00,2024-04-15,1,0,dataset_tiktok-comments-scraper_2026-02-16_12-29-41-619.csv,tiktok,por algo es donación y no vender sangre,
te dan un bocadillo despues,https://www.tiktok.com/@nachter/video/7357337111676079392,2024-04-15 12:44:44+00:00,2024-04-15,0,0,dataset_tiktok-comments-scraper_2026-02-16_12-29-41-619.csv,tiktok,te dan un bocadillo despues,
"epa yo nunca le e tenido miedo a las agujas, y la ves que done sangre esa madre si me asusto XD igual doen sin problemas pero me asusto ese tuvo que me clavaron en la vena",https://www.tiktok.com/@nachter/video/7357337111676079392,2024-04-13 14:00:31+00:00,2024-04-13,0,0,dataset_tiktok-comments-scraper_2026-02-16_12-29-41-619.csv,tiktok,"epa yo nunca le e tenido miedo a las agujas, y la ves que done sangre esa madre si me asusto XD igual doen sin problemas pero me asusto ese tuvo que me clavaron en la vena",
hola,https://www.tiktok.com/@nachter/video/7357337111676079392,2024-04-13 13:14:01+00:00,2024-04-13,0,0,dataset_tiktok-comments-scraper_2026-02-16_12-29-41-619.csv,tiktok,hola,
Segundo,https://www.tiktok.com/@nachter/video/7357337111676079392,2024-04-13 13:09:12+00:00,2024-04-13,0,0,dataset_tiktok-comments-scraper_2026-02-16_12-29-41-619.csv,tiktok,Segundo,
💋,https://www.tiktok.com/@nachter/video/7357337111676079392,2024-04-13 13:09:25+00:00,2024-04-13,0,0,dataset_tiktok-comments-scraper_2026-02-16_12-29-41-619.csv,tiktok,,💋
hola me sigues pls,https://www.tiktok.com/@nachter/video/7357337111676079392,2024-04-13 13:09:48+00:00,2024-04-13,0,0,dataset_tiktok-comments-scraper_2026-02-16_12-29-41-619.csv,tiktok,hola me sigues pls,
soy tu primer like,https://www.tiktok.com/@nachter/video/7357337111676079392,2024-04-13 13:10:19+00:00,2024-04-13,0,0,dataset_tiktok-comments-scraper_2026-02-16_12-29-41-619.csv,tiktok,soy tu primer like,
Hola,https://www.tiktok.com/@nachter/video/7357337111676079392,2024-04-13 13:11:54+00:00,2024-04-13,0,0,dataset_tiktok-comments-scraper_2026-02-16_12-29-41-619.csv,tiktok,Hola,
7,https://www.tiktok.com/@nachter/video/7357337111676079392,2024-04-13 13:12:26+00:00,2024-04-13,0,0,dataset_tiktok-comments-scraper_2026-02-16_12-29-41-619.csv,tiktok,7,
"Donen a Drácula, salvemos a la especie",https://www.tiktok.com/@nachter/video/7357337111676079392,2024-04-13 13:13:03+00:00,2024-04-13,0,0,dataset_tiktok-comments-scraper_2026-02-16_12-29-41-619.csv,tiktok,"Donen a Drácula, salvemos a la especie",
😂😂,https://www.tiktok.com/@nachter/video/7357337111676079392,2024-04-13 13:17:04+00:00,2024-04-13,0,0,dataset_tiktok-comments-scraper_2026-02-16_12-29-41-619.csv,tiktok,,😂😂
👏🏻👏🏻👏🏻👏🏻,https://www.tiktok.com/@nachter/video/7357337111676079392,2024-04-13 13:19:17+00:00,2024-04-13,0,0,dataset_tiktok-comments-scraper_2026-02-16_12-29-41-619.csv,tiktok,,👏🏻👏🏻👏🏻👏🏻
😂😂anciedad,https://www.tiktok.com/@nachter/video/7357337111676079392,2024-04-13 13:22:36+00:00,2024-04-13,0,0,dataset_tiktok-comments-scraper_2026-02-16_12-29-41-619.csv,tiktok,anciedad,😂😂
ansiedad 😂,https://www.tiktok.com/@nachter/video/7357337111676079392,2024-04-13 13:24:36+00:00,2024-04-13,0,0,dataset_tiktok-comments-scraper_2026-02-16_12-29-41-619.csv,tiktok,ansiedad,😂
🙌🏻🙌🏻🙌🏻🙌🏻🙌🏻🙌🏻,https://www.tiktok.com/@nachter/video/7357337111676079392,2024-04-13 14:58:08+00:00,2024-04-13,0,0,dataset_tiktok-comments-scraper_2026-02-16_12-29-41-619.csv,tiktok,,🙌🏻🙌🏻🙌🏻🙌🏻🙌🏻🙌🏻
😁😁😁😁😁,https://www.tiktok.com/@nachter/video/7357337111676079392,2024-04-13 14:45:58+00:00,2024-04-13,0,0,dataset_tiktok-comments-scraper_2026-02-16_12-29-41-619.csv,tiktok,,😁😁😁😁😁
😂😂😂👍👍👍,https://www.tiktok.com/@nachter/video/7357337111676079392,2024-04-13 14:48:35+00:00,2024-04-13,0,0,dataset_tiktok-comments-scraper_2026-02-16_12-29-41-619.csv,tiktok,,😂😂😂👍👍👍
Eres muy bueno.👏👏👏👍,https://www.tiktok.com/@nachter/video/7357337111676079392,2024-04-13 14:49:32+00:00,2024-04-13,0,0,dataset_tiktok-comments-scraper_2026-02-16_12-29-41-619.csv,tiktok,Eres muy bueno.,👏👏👏👍
"Fui donadora y ahora ya no puedo, pero es muy gratificante poder ayudar un poco 😍",https://www.tiktok.com/@nachter/video/7357337111676079392,2024-04-13 14:51:38+00:00,2024-04-13,0,0,dataset_tiktok-comments-scraper_2026-02-16_12-29-41-619.csv,tiktok,"Fui donadora y ahora ya no puedo, pero es muy gratificante poder ayudar un poco",😍
😃😃😃,https://www.tiktok.com/@nachter/video/7357337111676079392,2024-04-13 14:51:41+00:00,2024-04-13,0,0,dataset_tiktok-comments-scraper_2026-02-16_12-29-41-619.csv,tiktok,,😃😃😃
"grande pibe, un fenómeno!",https://www.tiktok.com/@nachter/video/7357337111676079392,2024-04-13 15:00:22+00:00,2024-04-13,0,0,dataset_tiktok-comments-scraper_2026-02-16_12-29-41-619.csv,tiktok,"grande pibe, un fenómeno!",
"yo quiero donar, luego te dan tremendo bocata de jamón",https://www.tiktok.com/@nachter/video/7357337111676079392,2024-04-13 19:17:11+00:00,2024-04-13,0,0,dataset_tiktok-comments-scraper_2026-02-16_12-29-41-619.csv,tiktok,"yo quiero donar, luego te dan tremendo bocata de jamón",
ANSIEDAD,https://www.tiktok.com/@nachter/video/7357337111676079392,2024-04-14 02:27:10+00:00,2024-04-14,0,0,dataset_tiktok-comments-scraper_2026-02-16_12-29-41-619.csv,tiktok,ANSIEDAD,
ANSIEDAD ANSIEDAD,https://www.tiktok.com/@nachter/video/7357337111676079392,2024-04-14 02:27:32+00:00,2024-04-14,0,0,dataset_tiktok-comments-scraper_2026-02-16_12-29-41-619.csv,tiktok,ANSIEDAD ANSIEDAD,
👌💀,https://www.tiktok.com/@nachter/video/7357337111676079392,2024-04-14 01:15:16+00:00,2024-04-14,0,0,dataset_tiktok-comments-scraper_2026-02-16_12-29-41-619.csv,tiktok,,👌💀
los de 14 años pueden donar sangre??? no sabía,https://www.tiktok.com/@nachter/video/7357337111676079392,2024-04-14 00:36:52+00:00,2024-04-14,0,0,dataset_tiktok-comments-scraper_2026-02-16_12-29-41-619.csv,tiktok,los de 14 años pueden donar sangre??? no sabía,
ya done 🗿 gracias por el aviso Bro,https://www.tiktok.com/@nachter/video/7357337111676079392,2024-04-14 00:45:14+00:00,2024-04-14,0,0,dataset_tiktok-comments-scraper_2026-02-16_12-29-41-619.csv,tiktok,ya done gracias por el aviso Bro,🗿
soy donante desde siempre y la mia es la peor de todas ab+,https://www.tiktok.com/@nachter/video/7357337111676079392,2024-04-14 00:13:24+00:00,2024-04-14,0,0,dataset_tiktok-comments-scraper_2026-02-16_12-29-41-619.csv,tiktok,soy donante desde siempre y la mia es la peor de todas ab+,
son tres hermanos 0 dos😱🤭😅,https://www.tiktok.com/@nachter/video/7357337111676079392,2024-04-13 23:48:15+00:00,2024-04-13,0,0,dataset_tiktok-comments-scraper_2026-02-16_12-29-41-619.csv,tiktok,son tres hermanos 0 dos,😱🤭😅
La gente tiene que concienzarse. Yo ya he donado 32 veces y como consejo no miréis la aguja. Extremadura la primera en donaciones 💪💚🤍🖤🇪🇸,https://www.tiktok.com/@nachter/video/7357337111676079392,2024-04-13 23:05:55+00:00,2024-04-13,0,0,dataset_tiktok-comments-scraper_2026-02-16_12-29-41-619.csv,tiktok,La gente tiene que concienzarse. Yo ya he donado 32 veces y como consejo no miréis la aguja. Extremadura la primera en donaciones,💪💚🤍🖤🇪🇸
😂😂😂😂 ya extrañaba esa ansiedad😂😂😂😂😂,https://www.tiktok.com/@nachter/video/7357337111676079392,2024-04-13 22:36:19+00:00,2024-04-13,0,0,dataset_tiktok-comments-scraper_2026-02-16_12-29-41-619.csv,tiktok,ya extrañaba esa ansiedad,😂😂😂😂 😂😂😂😂😂
😁😂,https://www.tiktok.com/@nachter/video/7357337111676079392,2024-04-13 22:40:59+00:00,2024-04-13,0,0,dataset_tiktok-comments-scraper_2026-02-16_12-29-41-619.csv,tiktok,,😁😂
Es de ansiedad es el mejor,https://www.tiktok.com/@nachter/video/7357337111676079392,2024-04-13 22:42:12+00:00,2024-04-13,0,0,dataset_tiktok-comments-scraper_2026-02-16_12-29-41-619.csv,tiktok,Es de ansiedad es el mejor,
me la comi entera,https://www.tiktok.com/@nachter/video/7357337111676079392,2024-04-13 21:57:44+00:00,2024-04-13,0,0,dataset_tiktok-comments-scraper_2026-02-16_12-29-41-619.csv,tiktok,me la comi entera,
kkkkkk,https://www.tiktok.com/@nachter/video/7357337111676079392,2024-04-13 22:08:50+00:00,2024-04-13,0,0,dataset_tiktok-comments-scraper_2026-02-16_12-29-41-619.csv,tiktok,kkkkkk,
oye esa caída si se escucho fuerte no te dolió??,https://www.tiktok.com/@nachter/video/7357337111676079392,2024-04-13 21:36:00+00:00,2024-04-13,0,0,dataset_tiktok-comments-scraper_2026-02-16_12-29-41-619.csv,tiktok,oye esa caída si se escucho fuerte no te dolió??,
Ni te enteras cuando te ponen la aguja 🤣🤣🤣🤣🤣,https://www.tiktok.com/@nachter/video/7357337111676079392,2024-04-13 21:12:32+00:00,2024-04-13,0,0,dataset_tiktok-comments-scraper_2026-02-16_12-29-41-619.csv,tiktok,Ni te enteras cuando te ponen la aguja,🤣🤣🤣🤣🤣
😅😅😅😅😅😅,https://www.tiktok.com/@nachter/video/7357337111676079392,2024-04-13 21:21:18+00:00,2024-04-13,0,0,dataset_tiktok-comments-scraper_2026-02-16_12-29-41-619.csv,tiktok,,😅😅😅😅😅😅
Mi marido ( del 78) es como el 2010,https://www.tiktok.com/@nachter/video/7357337111676079392,2024-04-13 15:05:40+00:00,2024-04-13,0,0,dataset_tiktok-comments-scraper_2026-02-16_12-29-41-619.csv,tiktok,Mi marido ( del 78) es como el 2010,
😂😂😅,https://www.tiktok.com/@nachter/video/7357337111676079392,2024-04-13 14:20:52+00:00,2024-04-13,0,0,dataset_tiktok-comments-scraper_2026-02-16_12-29-41-619.csv,tiktok,,😂😂😅
😅🙏,https://www.tiktok.com/@nachter/video/7357337111676079392,2024-04-13 14:09:28+00:00,2024-04-13,0,0,dataset_tiktok-comments-scraper_2026-02-16_12-29-41-619.csv,tiktok,,😅🙏
x2,https://www.tiktok.com/@nachter/video/7357337111676079392,2024-04-13 14:11:56+00:00,2024-04-13,0,0,dataset_tiktok-comments-scraper_2026-02-16_12-29-41-619.csv,tiktok,x2,
"a mi me salvo la vida una donación, estuve apunto de desangrarme al parir",https://www.tiktok.com/@nachter/video/7357337111676079392,2024-04-13 14:16:37+00:00,2024-04-13,0,0,dataset_tiktok-comments-scraper_2026-02-16_12-29-41-619.csv,tiktok,"a mi me salvo la vida una donación, estuve apunto de desangrarme al parir",
Yo donaba 4 veces al año antes de tener diabetes. Donar es dar vida,https://www.tiktok.com/@nachter/video/7357337111676079392,2024-04-13 14:19:27+00:00,2024-04-13,0,0,dataset_tiktok-comments-scraper_2026-02-16_12-29-41-619.csv,tiktok,Yo donaba 4 veces al año antes de tener diabetes. Donar es dar vida,
🤣🤣🤣🤣🤣🤣,https://www.tiktok.com/@nachter/video/7357337111676079392,2024-04-13 19:04:44+00:00,2024-04-13,0,0,dataset_tiktok-comments-scraper_2026-02-16_12-29-41-619.csv,tiktok,,🤣🤣🤣🤣🤣🤣
muy importante🥰,https://www.tiktok.com/@nachter/video/7357337111676079392,2024-04-13 14:25:05+00:00,2024-04-13,0,0,dataset_tiktok-comments-scraper_2026-02-16_12-29-41-619.csv,tiktok,muy importante,🥰
🤣🤣🤣👏🏻👏🏻👏🏻,https://www.tiktok.com/@nachter/video/7357337111676079392,2024-04-13 14:37:10+00:00,2024-04-13,0,0,dataset_tiktok-comments-scraper_2026-02-16_12-29-41-619.csv,tiktok,,🤣🤣🤣👏🏻👏🏻👏🏻
🤣🤣🤣 me encantan tus vídeos tu humor en estos momentos se agradece,https://www.tiktok.com/@nachter/video/7357337111676079392,2024-04-13 14:39:37+00:00,2024-04-13,0,0,dataset_tiktok-comments-scraper_2026-02-16_12-29-41-619.csv,tiktok,me encantan tus vídeos tu humor en estos momentos se agradece,🤣🤣🤣
ansiedad😂😂😂😂,https://www.tiktok.com/@nachter/video/7357337111676079392,2024-04-14 04:05:22+00:00,2024-04-14,0,0,dataset_tiktok-comments-scraper_2026-02-16_12-29-41-619.csv,tiktok,ansiedad,😂😂😂😂
"Tuve una amiga a la que le tuvieron que poner suero, así que salió peor jajajaja",https://www.tiktok.com/@nachter/video/7357337111676079392,2024-04-14 04:18:12+00:00,2024-04-14,0,0,dataset_tiktok-comments-scraper_2026-02-16_12-29-41-619.csv,tiktok,"Tuve una amiga a la que le tuvieron que poner suero, así que salió peor jajajaja",
primero,https://www.tiktok.com/@nachter/video/7357337111676079392,2024-04-13 13:08:32+00:00,2024-04-13,0,0,dataset_tiktok-comments-scraper_2026-02-16_12-29-41-619.csv,tiktok,primero,
eres un puto crack,https://www.tiktok.com/@nachter/video/7357337111676079392,2024-04-14 08:18:37+00:00,2024-04-14,0,0,dataset_tiktok-comments-scraper_2026-02-16_12-29-41-619.csv,tiktok,eres un puto crack,
done sangre hace 2 meses y tampoco es para tanto el pinchazo,https://www.tiktok.com/@nachter/video/7357337111676079392,2024-04-14 09:21:49+00:00,2024-04-14,0,0,dataset_tiktok-comments-scraper_2026-02-16_12-29-41-619.csv,tiktok,done sangre hace 2 meses y tampoco es para tanto el pinchazo,
"Mi mamita que nació en el se desmayó varias veces al hacer donaciones de sangre, así que no es algo de la generación Z 😂😆",https://www.tiktok.com/@nachter/video/7357337111676079392,2024-04-14 04:26:11+00:00,2024-04-14,0,0,dataset_tiktok-comments-scraper_2026-02-16_12-29-41-619.csv,tiktok,"Mi mamita que nació en el se desmayó varias veces al hacer donaciones de sangre, así que no es algo de la generación Z",😂😆
"donde vivo, en algunos lugares tenés que tener 1 año sin sex para donar y tatuajes después del año de hacerlo podés donar",https://www.tiktok.com/@nachter/video/7357337111676079392,2024-04-14 04:30:15+00:00,2024-04-14,0,0,dataset_tiktok-comments-scraper_2026-02-16_12-29-41-619.csv,tiktok,"donde vivo, en algunos lugares tenés que tener 1 año sin sex para donar y tatuajes después del año de hacerlo podés donar",
el pozole,https://www.tiktok.com/@nachter/video/7357337111676079392,2024-04-14 05:18:11+00:00,2024-04-14,0,0,dataset_tiktok-comments-scraper_2026-02-16_12-29-41-619.csv,tiktok,el pozole,
oy yo soy de los 90 y si dono dos veces al año sin miedo ni nada,https://www.tiktok.com/@nachter/video/7357337111676079392,2024-04-14 06:19:38+00:00,2024-04-14,0,0,dataset_tiktok-comments-scraper_2026-02-16_12-29-41-619.csv,tiktok,oy yo soy de los 90 y si dono dos veces al año sin miedo ni nada,
Te damos la bienvenida al portapapeles de Gboard. Aquí se guardarán los textos que copies.,https://www.tiktok.com/@nachter/video/7357337111676079392,2024-04-13 20:33:45+00:00,2024-04-13,0,0,dataset_tiktok-comments-scraper_2026-02-16_12-29-41-619.csv,tiktok,Te damos la bienvenida al portapapeles de Gboard. Aquí se guardarán los textos que copies.,
si Goku le tiene miedo a las agujas imagínense yo,https://www.tiktok.com/@nachter/video/7357337111676079392,2024-04-13 20:07:23+00:00,2024-04-13,0,0,dataset_tiktok-comments-scraper_2026-02-16_12-29-41-619.csv,tiktok,si Goku le tiene miedo a las agujas imagínense yo,
"Donen sangre por favor, plasma e inscribirte como donador de órganos",https://www.tiktok.com/@nachter/video/7357337111676079392,2024-04-13 20:27:14+00:00,2024-04-13,0,0,dataset_tiktok-comments-scraper_2026-02-16_12-29-41-619.csv,tiktok,"Donen sangre por favor, plasma e inscribirte como donador de órganos",
😂😂😂😅😅,https://www.tiktok.com/@nachter/video/7357337111676079392,2024-04-13 20:33:14+00:00,2024-04-13,0,0,dataset_tiktok-comments-scraper_2026-02-16_12-29-41-619.csv,tiktok,,😂😂😂😅😅
no duele solo es piquete,https://www.tiktok.com/@nachter/video/7357337111676079392,2024-04-13 20:02:25+00:00,2024-04-13,0,0,dataset_tiktok-comments-scraper_2026-02-16_12-29-41-619.csv,tiktok,no duele solo es piquete,
Simplemente pienso en mis cosas y ya a no ser que te toque un@ inútil que no sepa ni hacer la O con un canuto,https://www.tiktok.com/@nachter/video/7357337111676079392,2024-04-13 20:47:25+00:00,2024-04-13,0,0,dataset_tiktok-comments-scraper_2026-02-16_12-29-41-619.csv,tiktok,Simplemente pienso en mis cosas y ya a no ser que te toque un@ inútil que no sepa ni hacer la O con un canuto,
Cada vez más valientes 😂,https://www.tiktok.com/@nachter/video/7357337111676079392,2024-04-14 11:35:58+00:00,2024-04-14,0,0,dataset_tiktok-comments-scraper_2026-02-16_12-29-41-619.csv,tiktok,Cada vez más valientes,😂
gracias a mi mujer que me donó su riñón yo sigo vivo. gracias a los donantes,https://www.tiktok.com/@nachter/video/7357337111676079392,2024-04-15 20:32:19+00:00,2024-04-15,0,0,dataset_tiktok-comments-scraper_2026-02-16_12-29-41-619.csv,tiktok,gracias a mi mujer que me donó su riñón yo sigo vivo. gracias a los donantes,
donar sangre tiene algún riesgo?,https://www.tiktok.com/@miguelassal/video/7144407447413787909,2022-09-17 17:55:40+00:00,2022-09-17,31,9,miguel_assal_tiktok.csv,tiktok,donar sangre tiene algún riesgo?,
"Claro que tiene riesgo, aumenta tu bienestar y tu carma. Corres el riesgo de ser feliz o, incluso, de estar orgulloso de ti.",https://www.tiktok.com/@miguelassal/video/7144407447413787909,2022-09-18 01:27:09+00:00,2022-09-18,94,0,miguel_assal_tiktok.csv,tiktok,"Claro que tiene riesgo, aumenta tu bienestar y tu carma. Corres el riesgo de ser feliz o, incluso, de estar orgulloso de ti.",
quisiera donar no más que no me gustan las agujas y el dolor es fuerte así q tenemos un dilema XD,https://www.tiktok.com/@miguelassal/video/7144407447413787909,2022-09-17 18:16:39+00:00,2022-09-17,22,6,miguel_assal_tiktok.csv,tiktok,quisiera donar no más que no me gustan las agujas y el dolor es fuerte así q tenemos un dilema XD,
Hoy done sangre y siempre lo hago O- Donante Universal.,https://www.tiktok.com/@miguelassal/video/7144407447413787909,2024-07-12 12:31:15+00:00,2024-07-12,7,0,miguel_assal_tiktok.csv,tiktok,Hoy done sangre y siempre lo hago O- Donante Universal.,
puede aver un sintoma para el donante?,https://www.tiktok.com/@miguelassal/video/7144407447413787909,2022-09-17 17:59:51+00:00,2022-09-17,2,1,miguel_assal_tiktok.csv,tiktok,puede aver un sintoma para el donante?,
yo voy a ir a donar sangre para ayudar,https://www.tiktok.com/@miguelassal/video/7144407447413787909,2022-12-04 20:20:24+00:00,2022-12-04,2,0,miguel_assal_tiktok.csv,tiktok,yo voy a ir a donar sangre para ayudar,
soy donante. regular cada 4 meses cuando me envian un mensaje de que mi sangre ha sido enviada al hospital para un paciente lloro de emoción me da un bien estar y satisfacción,https://www.tiktok.com/@miguelassal/video/7144407447413787909,2025-12-23 16:12:39+00:00,2025-12-23,1,0,miguel_assal_tiktok.csv,tiktok,soy donante. regular cada 4 meses cuando me envian un mensaje de que mi sangre ha sido enviada al hospital para un paciente lloro de emoción me da un bien estar y satisfacción,
corres el riesgo de ser feliz 🙂,https://www.tiktok.com/@miguelassal/video/7144407447413787909,2025-08-14 22:42:36+00:00,2025-08-14,1,0,miguel_assal_tiktok.csv,tiktok,corres el riesgo de ser feliz,🙂
si dono sangre y quiero hacer ejercicio tengo que esperar un tiempo? si es así cuanto tiempo,https://www.tiktok.com/@miguelassal/video/7144407447413787909,2022-12-06 04:31:22+00:00,2022-12-06,1,2,miguel_assal_tiktok.csv,tiktok,si dono sangre y quiero hacer ejercicio tengo que esperar un tiempo? si es así cuanto tiempo,
yo quise donar pero no me dejaron por tener hidrocefalia 😅,https://www.tiktok.com/@miguelassal/video/7144407447413787909,2022-09-18 15:33:34+00:00,2022-09-18,1,1,miguel_assal_tiktok.csv,tiktok,yo quise donar pero no me dejaron por tener hidrocefalia,😅
se puede donar con 17 años?,https://www.tiktok.com/@miguelassal/video/7144407447413787909,2022-09-20 12:55:52+00:00,2022-09-20,1,4,miguel_assal_tiktok.csv,tiktok,se puede donar con 17 años?,
puedo donar sangre con tensión alta ?,https://www.tiktok.com/@miguelassal/video/7144407447413787909,2022-09-17 22:11:14+00:00,2022-09-17,1,5,miguel_assal_tiktok.csv,tiktok,puedo donar sangre con tensión alta ?,
grande,https://www.tiktok.com/@miguelassal/video/7144407447413787909,2022-09-17 20:06:52+00:00,2022-09-17,0,0,miguel_assal_tiktok.csv,tiktok,grande,
Gracias por la información campeón,https://www.tiktok.com/@miguelassal/video/7144407447413787909,2026-01-07 13:01:27+00:00,2026-01-07,0,0,miguel_assal_tiktok.csv,tiktok,Gracias por la información campeón,
"a mi me han tenido que trasfundir seis bolsas de Sangre, Gracias a los que donan",https://www.tiktok.com/@miguelassal/video/7144407447413787909,2025-04-07 17:12:32+00:00,2025-04-07,0,0,miguel_assal_tiktok.csv,tiktok,"a mi me han tenido que trasfundir seis bolsas de Sangre, Gracias a los que donan",
los que tiene diabetes no deben donar ?,https://www.tiktok.com/@miguelassal/video/7144407447413787909,2025-05-25 05:42:23+00:00,2025-05-25,0,0,miguel_assal_tiktok.csv,tiktok,los que tiene diabetes no deben donar ?,
hoy tocó!! 💪💪💪,https://www.tiktok.com/@miguelassal/video/7144407447413787909,2025-03-27 20:23:32+00:00,2025-03-27,0,0,miguel_assal_tiktok.csv,tiktok,hoy tocó!!,💪💪💪
pero a mí me dijeron que no podía donar plaquetas ya que mi vena era muy delgada 🤔,https://www.tiktok.com/@miguelassal/video/7144407447413787909,2025-05-07 19:14:50+00:00,2025-05-07,0,0,miguel_assal_tiktok.csv,tiktok,pero a mí me dijeron que no podía donar plaquetas ya que mi vena era muy delgada,🤔
mi familia se puso de cabeza al enterarse que done sangre 😔,https://www.tiktok.com/@miguelassal/video/7144407447413787909,2023-10-15 19:29:18+00:00,2023-10-15,0,1,miguel_assal_tiktok.csv,tiktok,mi familia se puso de cabeza al enterarse que done sangre,😔
Miguel ¿Hay algún efecto secundario de donar sangre cada 3 meses de manera constante?,https://www.tiktok.com/@miguelassal/video/7144407447413787909,2024-12-26 23:37:36+00:00,2024-12-26,0,0,miguel_assal_tiktok.csv,tiktok,Miguel ¿Hay algún efecto secundario de donar sangre cada 3 meses de manera constante?,
Se puede llevar un historial de donación para cuando yo o algún conocido necesite sangre?,https://www.tiktok.com/@miguelassal/video/7144407447413787909,2024-03-31 06:49:56+00:00,2024-03-31,0,1,miguel_assal_tiktok.csv,tiktok,Se puede llevar un historial de donación para cuando yo o algún conocido necesite sangre?,
no he podido donar sargre ya que tuve anemia espero volver hacerlo muy pronto.,https://www.tiktok.com/@miguelassal/video/7144407447413787909,2022-09-18 08:46:15+00:00,2022-09-18,0,0,miguel_assal_tiktok.csv,tiktok,no he podido donar sargre ya que tuve anemia espero volver hacerlo muy pronto.,
Sabes poner vias?,https://www.tiktok.com/@miguelassal/video/7144407447413787909,2022-09-18 13:04:35+00:00,2022-09-18,0,0,miguel_assal_tiktok.csv,tiktok,Sabes poner vias?,
Has pensado ser profesor algún día?🥰,https://www.tiktok.com/@miguelassal/video/7144407447413787909,2022-09-19 18:56:35+00:00,2022-09-19,0,0,miguel_assal_tiktok.csv,tiktok,Has pensado ser profesor algún día?,🥰
Cuanta sangre puedo Donar? y cada cuanto tiempo? peso 105 kilos y mido 1.90,https://www.tiktok.com/@miguelassal/video/7144407447413787909,2023-09-07 16:26:45+00:00,2023-09-07,0,0,miguel_assal_tiktok.csv,tiktok,Cuanta sangre puedo Donar? y cada cuanto tiempo? peso 105 kilos y mido 1.90,
cada vez que donas sangre hacen negocio con ella y la venden.,https://www.tiktok.com/@miguelassal/video/7144407447413787909,2026-01-12 23:07:09+00:00,2026-01-12,0,0,miguel_assal_tiktok.csv,tiktok,cada vez que donas sangre hacen negocio con ella y la venden.,
cuanto pagan?,https://www.tiktok.com/@miguelassal/video/7144407447413787909,2022-09-21 18:28:34+00:00,2022-09-21,0,1,miguel_assal_tiktok.csv,tiktok,cuanto pagan?,
yo dono y no hay riesgos,https://www.tiktok.com/@miguelassal/video/7144407447413787909,2022-09-22 05:44:37+00:00,2022-09-22,0,0,miguel_assal_tiktok.csv,tiktok,yo dono y no hay riesgos,
"ojalá pudiera donar, pero mis 47kg no me lo permiten 😔",https://www.tiktok.com/@miguelassal/video/7144407447413787909,2022-09-20 11:15:06+00:00,2022-09-20,0,0,miguel_assal_tiktok.csv,tiktok,"ojalá pudiera donar, pero mis 47kg no me lo permiten",😔
1erooo y gran video,https://www.tiktok.com/@miguelassal/video/7144407447413787909,2022-09-17 17:53:27+00:00,2022-09-17,0,0,miguel_assal_tiktok.csv,tiktok,1erooo y gran video,
yo quiero donar sangre pero soy menor,https://www.tiktok.com/@miguelassal/video/7144407447413787909,2022-09-18 00:51:49+00:00,2022-09-18,0,1,miguel_assal_tiktok.csv,tiktok,yo quiero donar sangre pero soy menor,
olaaaaa,https://www.tiktok.com/@miguelassal/video/7144407447413787909,2022-09-17 17:57:55+00:00,2022-09-17,0,0,miguel_assal_tiktok.csv,tiktok,olaaaaa,
"👌😌 los varones deberían donar sangre cada 3 meses, porque ellos no tienen por dónde sacar las sangré antigua como las mujeres cada mes lo hacemos👌😌",https://www.tiktok.com/@miguelassal/video/7144407447413787909,2025-04-22 19:58:34+00:00,2025-04-22,0,0,miguel_assal_tiktok.csv,tiktok,"los varones deberían donar sangre cada 3 meses, porque ellos no tienen por dónde sacar las sangré antigua como las mujeres cada mes lo hacemos",👌😌 👌😌
yo era donante pero ya no soy enfermo de Crohn lo siento,https://www.tiktok.com/@miguelassal/video/7144407447413787909,2022-09-17 18:01:03+00:00,2022-09-17,0,0,miguel_assal_tiktok.csv,tiktok,yo era donante pero ya no soy enfermo de Crohn lo siento,
además te dan un bocata,https://www.tiktok.com/@miguelassal/video/7144407447413787909,2022-10-01 08:22:53+00:00,2022-10-01,0,0,miguel_assal_tiktok.csv,tiktok,además te dan un bocata,
lo que no se entiende es por qué los que ya estamos curados de cáncer no podemos donar si dicen que estamos sanos pero supongo que no vale nuestra san,https://www.tiktok.com/@miguelassal/video/7144407447413787909,2022-09-18 04:38:07+00:00,2022-09-18,0,0,miguel_assal_tiktok.csv,tiktok,lo que no se entiende es por qué los que ya estamos curados de cáncer no podemos donar si dicen que estamos sanos pero supongo que no vale nuestra san,
hola! cuanto tiempo debe pasar si te tatuas y quieres donar?,https://www.tiktok.com/@miguelassal/video/7144407447413787909,2022-09-17 18:04:11+00:00,2022-09-17,0,3,miguel_assal_tiktok.csv,tiktok,hola! cuanto tiempo debe pasar si te tatuas y quieres donar?,
Done pero me dio anemia,https://www.tiktok.com/@miguelassal/video/7144407447413787909,2022-10-16 00:24:07+00:00,2022-10-16,0,1,miguel_assal_tiktok.csv,tiktok,Done pero me dio anemia,
GTACIAS.,https://www.tiktok.com/@miguelassal/video/7144407447413787909,2022-09-18 03:18:04+00:00,2022-09-18,0,0,miguel_assal_tiktok.csv,tiktok,GTACIAS.,
1 dia😌,https://www.tiktok.com/@miguelassal/video/7144407447413787909,2023-02-15 17:16:19+00:00,2023-02-15,3,0,miguel_assal_tiktok.csv,tiktok,1 dia,😌
la sangre en sagrada no se debe trasnfundir además tiene riesgo de contraer enfermedades,https://www.tiktok.com/@miguelassal/video/7144407447413787909,2022-09-30 03:01:31+00:00,2022-09-30,0,0,miguel_assal_tiktok.csv,tiktok,la sangre en sagrada no se debe trasnfundir además tiene riesgo de contraer enfermedades,
"Hermano excelente contenidos los que haces, Dios quiera y cada día sean más tus seguidores ya que contenidos como el tuyo si nutren en conocimientos👍",https://www.tiktok.com/@miguelassal/video/7144407447413787909,2022-09-18 02:19:57+00:00,2022-09-18,0,0,miguel_assal_tiktok.csv,tiktok,"Hermano excelente contenidos los que haces, Dios quiera y cada día sean más tus seguidores ya que contenidos como el tuyo si nutren en conocimientos",👍
Pues yo si te felicito 👍,https://www.tiktok.com/@miguelassal/video/7144407447413787909,2024-02-05 03:13:20+00:00,2024-02-05,1,0,miguel_assal_tiktok.csv,tiktok,Pues yo si te felicito,👍
solo que salvas vidas y renuevas sangre,https://www.tiktok.com/@miguelassal/video/7144407447413787909,2022-09-22 05:45:39+00:00,2022-09-22,0,0,miguel_assal_tiktok.csv,tiktok,solo que salvas vidas y renuevas sangre,
gracias xd,https://www.tiktok.com/@miguelassal/video/7144407447413787909,2022-09-17 19:09:53+00:00,2022-09-17,0,0,miguel_assal_tiktok.csv,tiktok,gracias xd,
En serio?,https://www.tiktok.com/@miguelassal/video/7144407447413787909,2025-04-08 19:29:46+00:00,2025-04-08,1,0,miguel_assal_tiktok.csv,tiktok,En serio?,
En algunas clínicas te analizan la sangre y te dicen que es lo que tiene tu cuerpo. Es un examen médico y te lo pueden imprimir en una hoja.,https://www.tiktok.com/@miguelassal/video/7144407447413787909,2024-04-03 06:18:11+00:00,2024-04-03,0,0,miguel_assal_tiktok.csv,tiktok,En algunas clínicas te analizan la sangre y te dicen que es lo que tiene tu cuerpo. Es un examen médico y te lo pueden imprimir en una hoja.,
si puedes yo dóne hoy y yo pregunte antes de hacer el papeleo y la enfermera me dijo que siii todo bien,https://www.tiktok.com/@miguelassal/video/7144407447413787909,2023-11-18 22:40:00+00:00,2023-11-18,0,0,miguel_assal_tiktok.csv,tiktok,si puedes yo dóne hoy y yo pregunte antes de hacer el papeleo y la enfermera me dijo que siii todo bien,
"Yo pregunté a mi dr. Y me dijo que no volveré a preguntarle, saludos 👍",https://www.tiktok.com/@miguelassal/video/7144407447413787909,2023-11-20 12:38:06+00:00,2023-11-20,1,0,miguel_assal_tiktok.csv,tiktok,"Yo pregunté a mi dr. Y me dijo que no volveré a preguntarle, saludos",👍
No 👍,https://www.tiktok.com/@miguelassal/video/7144407447413787909,2022-10-25 12:13:37+00:00,2022-10-25,0,0,miguel_assal_tiktok.csv,tiktok,No,👍
si yo dóne hoy y soy hipertensan,https://www.tiktok.com/@miguelassal/video/7144407447413787909,2023-11-18 22:38:40+00:00,2023-11-18,0,0,miguel_assal_tiktok.csv,tiktok,si yo dóne hoy y soy hipertensan,
No. Te rebotan.,https://www.tiktok.com/@miguelassal/video/7144407447413787909,2024-04-03 06:19:03+00:00,2024-04-03,0,0,miguel_assal_tiktok.csv,tiktok,No. Te rebotan.,
para donar sangre no había que tener más de 18 años?,https://www.tiktok.com/@miguelassal/video/7144407447413787909,2022-12-27 01:52:18+00:00,2022-12-27,2,0,miguel_assal_tiktok.csv,tiktok,para donar sangre no había que tener más de 18 años?,
"jajaja, solo dono sangre por el desayuno gratis",https://www.tiktok.com/@miguelassal/video/7144407447413787909,2022-09-18 11:02:21+00:00,2022-09-18,7,0,miguel_assal_tiktok.csv,tiktok,"jajaja, solo dono sangre por el desayuno gratis",
Tienes que ser una persona sana para donar.,https://www.tiktok.com/@miguelassal/video/7144407447413787909,2024-04-03 06:18:30+00:00,2024-04-03,0,0,miguel_assal_tiktok.csv,tiktok,Tienes que ser una persona sana para donar.,
18 años en adelante 👍,https://www.tiktok.com/@miguelassal/video/7144407447413787909,2022-10-25 12:16:14+00:00,2022-10-25,0,0,miguel_assal_tiktok.csv,tiktok,18 años en adelante,👍
no lo entiendo?,https://www.tiktok.com/@miguelassal/video/7144407447413787909,2025-12-11 20:09:04+00:00,2025-12-11,0,0,miguel_assal_tiktok.csv,tiktok,no lo entiendo?,
"no, siempre y cuando se haga con el protocolo adecuado y en un lugar sanitizado con aguja y jeringa estériles 😁",https://www.tiktok.com/@miguelassal/video/7144407447413787909,2022-09-17 18:10:25+00:00,2022-09-17,26,0,miguel_assal_tiktok.csv,tiktok,"no, siempre y cuando se haga con el protocolo adecuado y en un lugar sanitizado con aguja y jeringa estériles",😁
es decir... ayudo a los demás y a mí mismo😳 no hay nada que perder 👍,https://www.tiktok.com/@miguelassal/video/7144407447413787909,2022-09-17 18:15:20+00:00,2022-09-17,0,0,miguel_assal_tiktok.csv,tiktok,es decir... ayudo a los demás y a mí mismo no hay nada que perder,😳 👍
Hay algún beneficio de salud por donar plasma?,https://www.tiktok.com/@miguelassal/video/7144407447413787909,2025-11-09 14:41:36+00:00,2025-11-09,0,0,miguel_assal_tiktok.csv,tiktok,Hay algún beneficio de salud por donar plasma?,
🙏🙏,https://www.tiktok.com/@miguelassal/video/7144407447413787909,2024-09-20 18:38:53+00:00,2024-09-20,0,0,miguel_assal_tiktok.csv,tiktok,,🙏🙏
@pologuerrero.med confirma esto,https://www.tiktok.com/@miguelassal/video/7144407447413787909,2022-09-18 19:09:27+00:00,2022-09-18,0,0,miguel_assal_tiktok.csv,tiktok,@pologuerrero.med confirma esto,
❤️,https://www.tiktok.com/@miguelassal/video/7144407447413787909,2025-03-10 03:32:20+00:00,2025-03-10,0,0,miguel_assal_tiktok.csv,tiktok,,❤️
🤣🤣🤣,https://www.tiktok.com/@miguelassal/video/7144407447413787909,2025-04-01 04:36:37+00:00,2025-04-01,0,0,miguel_assal_tiktok.csv,tiktok,,🤣🤣🤣
😂,https://www.tiktok.com/@miguelassal/video/7144407447413787909,2025-05-25 05:45:47+00:00,2025-05-25,0,0,miguel_assal_tiktok.csv,tiktok,,😂
🚑🚑😍😍,https://www.tiktok.com/@miguelassal/video/7144407447413787909,2022-09-28 19:15:31+00:00,2022-09-28,0,0,miguel_assal_tiktok.csv,tiktok,,🚑🚑😍😍
Si a la persona que yo le done sangre le hacen una prueba de ADN 🧬 tendríamos algún parentesco?,https://www.tiktok.com/@miguelassal/video/7144407447413787909,2024-12-30 06:01:26+00:00,2024-12-30,0,0,miguel_assal_tiktok.csv,tiktok,Si a la persona que yo le done sangre le hacen una prueba de ADN tendríamos algún parentesco?,🧬
y los que están enfermos pueden donar sangré???🤔 no creó,https://www.tiktok.com/@miguelassal/video/7144407447413787909,2025-04-22 19:52:04+00:00,2025-04-22,0,0,miguel_assal_tiktok.csv,tiktok,y los que están enfermos pueden donar sangré??? no creó,🤔
no te voy a mentir yo solo dono sangre por el desayuno gratis jajaja,https://www.tiktok.com/@miguelassal/video/7144407447413787909,2022-09-17 18:43:33+00:00,2022-09-17,2,1,miguel_assal_tiktok.csv,tiktok,no te voy a mentir yo solo dono sangre por el desayuno gratis jajaja,
"Hoy done sangre, sean valientes gente",https://www.tiktok.com/@miguelassal/video/7144407447413787909,2023-09-14 03:06:29+00:00,2023-09-14,2,0,miguel_assal_tiktok.csv,tiktok,"Hoy done sangre, sean valientes gente",
desventaja: la aguja JAJAJAJJA,https://www.tiktok.com/@miguelassal/video/7144407447413787909,2022-09-17 17:58:09+00:00,2022-09-17,1,0,miguel_assal_tiktok.csv,tiktok,desventaja: la aguja JAJAJAJJA,
pierdo sangre y yo no pierdo 😂😂😂,https://www.tiktok.com/@miguelassal/video/7144407447413787909,2022-09-21 16:57:02+00:00,2022-09-21,1,0,miguel_assal_tiktok.csv,tiktok,pierdo sangre y yo no pierdo,😂😂😂
si después me invitan a una comida voy de una 😂😅,https://www.tiktok.com/@miguelassal/video/7144407447413787909,2022-09-17 23:29:46+00:00,2022-09-17,0,0,miguel_assal_tiktok.csv,tiktok,si después me invitan a una comida voy de una,😂😅
la O - negativo puede ser transferible para todos los tipos de sangré.sabian eso ?😳,https://www.tiktok.com/@miguelassal/video/7144407447413787909,2025-04-22 19:55:21+00:00,2025-04-22,0,0,miguel_assal_tiktok.csv,tiktok,la O - negativo puede ser transferible para todos los tipos de sangré.sabian eso ?,😳
si pero tres días sin gim,https://www.tiktok.com/@miguelassal/video/7144407447413787909,2022-09-17 18:27:17+00:00,2022-09-17,0,0,miguel_assal_tiktok.csv,tiktok,si pero tres días sin gim,
yo soy donante más que nada por qué tengo grupo sanguíneo 0 negativo es la que le vale a todo el mundo,https://www.tiktok.com/@miguelassal/video/7144407447413787909,2022-09-17 19:00:55+00:00,2022-09-17,0,0,miguel_assal_tiktok.csv,tiktok,yo soy donante más que nada por qué tengo grupo sanguíneo 0 negativo es la que le vale a todo el mundo,
"yo hoy lo hice. háganlo chicos v"":",https://www.tiktok.com/@miguelassal/video/7144407447413787909,2022-10-19 23:04:34+00:00,2022-10-19,0,0,miguel_assal_tiktok.csv,tiktok,"yo hoy lo hice. háganlo chicos v"":",
de 6 a 12 meses luego de una perforación o tatuaje.,https://www.tiktok.com/@miguelassal/video/7144407447413787909,2024-04-03 06:20:56+00:00,2024-04-03,2,0,miguel_assal_tiktok.csv,tiktok,de 6 a 12 meses luego de una perforación o tatuaje.,
gracias! preguntaré entonces en mi centro de salud,https://www.tiktok.com/@miguelassal/video/7144407447413787909,2022-09-18 08:02:08+00:00,2022-09-18,1,0,miguel_assal_tiktok.csv,tiktok,gracias! preguntaré entonces en mi centro de salud,
depende del centro de salud al que acudas ya que en algunos es medio año y en otros es un año o más,https://www.tiktok.com/@miguelassal/video/7144407447413787909,2022-09-17 20:28:56+00:00,2022-09-17,2,0,miguel_assal_tiktok.csv,tiktok,depende del centro de salud al que acudas ya que en algunos es medio año y en otros es un año o más,
Tienes que ser mayor de edad,https://www.tiktok.com/@miguelassal/video/7144407447413787909,2024-04-03 06:19:50+00:00,2024-04-03,0,0,miguel_assal_tiktok.csv,tiktok,Tienes que ser mayor de edad,
tienes que ser ahuevo mayor de edad,https://www.tiktok.com/@miguelassal/video/7144407447413787909,2023-10-07 07:11:58+00:00,2023-10-07,0,0,miguel_assal_tiktok.csv,tiktok,tienes que ser ahuevo mayor de edad,
"En chile si se puede, con la autorización escrita del tutor legal",https://www.tiktok.com/@miguelassal/video/7144407447413787909,2022-11-08 15:32:52+00:00,2022-11-08,0,0,miguel_assal_tiktok.csv,tiktok,"En chile si se puede, con la autorización escrita del tutor legal",
al Chile no se puede Bro,https://www.tiktok.com/@miguelassal/video/7144407447413787909,2023-10-07 07:11:45+00:00,2023-10-07,0,0,miguel_assal_tiktok.csv,tiktok,al Chile no se puede Bro,
"La donación debe de ser gratuita al menos así es en México, en EU. Ahí si pagan x la sangre 👍",https://www.tiktok.com/@miguelassal/video/7144407447413787909,2022-10-25 12:15:49+00:00,2022-10-25,0,0,miguel_assal_tiktok.csv,tiktok,"La donación debe de ser gratuita al menos así es en México, en EU. Ahí si pagan x la sangre",👍
quiero estudiar paramédico que me recomiendas,https://www.tiktok.com/@miguelassal/video/7144407447413787909,2022-09-18 04:00:38+00:00,2022-09-18,0,0,miguel_assal_tiktok.csv,tiktok,quiero estudiar paramédico que me recomiendas,
A las mujeres se les dificulta más el donar por tener la famosa regla y por tener menos hierro en la sangre.,https://www.tiktok.com/@miguelassal/video/7144407447413787909,2024-04-03 06:21:57+00:00,2024-04-03,0,0,miguel_assal_tiktok.csv,tiktok,A las mujeres se les dificulta más el donar por tener la famosa regla y por tener menos hierro en la sangre.,
"Será el almuerzo, porque recomiendan que antes de donar tienes que desayunar bien sólido.",https://www.tiktok.com/@miguelassal/video/7144407447413787909,2024-04-03 06:20:36+00:00,2024-04-03,0,0,miguel_assal_tiktok.csv,tiktok,"Será el almuerzo, porque recomiendan que antes de donar tienes que desayunar bien sólido.",
"salvó 3 vidas, pero en el proceso me voy yo",https://www.tiktok.com/@miguelassal/video/7144407447413787909,2022-09-17 18:17:18+00:00,2022-09-17,0,0,miguel_assal_tiktok.csv,tiktok,"salvó 3 vidas, pero en el proceso me voy yo",
"menos para la gente como yo que tiene ansiedad, y se marea con las agujas y la sangre 🥺",https://www.tiktok.com/@miguelassal/video/7144407447413787909,2022-09-17 18:52:37+00:00,2022-09-17,0,0,miguel_assal_tiktok.csv,tiktok,"menos para la gente como yo que tiene ansiedad, y se marea con las agujas y la sangre",🥺
🥰,https://www.tiktok.com/@miguelassal/video/7144407447413787909,2024-12-19 18:59:18+00:00,2024-12-19,0,0,miguel_assal_tiktok.csv,tiktok,,🥰
@Soy como el fenix🦅,https://www.tiktok.com/@miguelassal/video/7144407447413787909,2023-06-20 18:42:30+00:00,2023-06-20,0,0,miguel_assal_tiktok.csv,tiktok,@Soy como el fenix,🦅
Si me pagan si de gracias uno no vive,https://www.tiktok.com/@miguelassal/video/7144407447413787909,2022-09-18 20:04:12+00:00,2022-09-18,1,1,miguel_assal_tiktok.csv,tiktok,Si me pagan si de gracias uno no vive,
😘,https://www.tiktok.com/@miguelassal/video/7144407447413787909,2025-06-08 04:10:46+00:00,2025-06-08,0,0,miguel_assal_tiktok.csv,tiktok,,😘
"Me gustaría donar, pero consumo ácido valproico 😔",https://www.tiktok.com/@miguelassal/video/7144407447413787909,2022-09-18 01:16:42+00:00,2022-09-18,0,0,miguel_assal_tiktok.csv,tiktok,"Me gustaría donar, pero consumo ácido valproico",😔
La sangre no se compra y ni se vende.,https://www.tiktok.com/@miguelassal/video/7144407447413787909,2024-04-03 06:19:38+00:00,2024-04-03,0,0,miguel_assal_tiktok.csv,tiktok,La sangre no se compra y ni se vende.,
"En la prueba casi me desmayo parecía un simson :""v",https://www.tiktok.com/@miguelassal/video/7144407447413787909,2022-11-28 00:15:58+00:00,2022-11-28,0,0,miguel_assal_tiktok.csv,tiktok,"En la prueba casi me desmayo parecía un simson :""v",
que buen video tercero bro😁,https://www.tiktok.com/@miguelassal/video/7144407447413787909,2022-09-17 17:56:24+00:00,2022-09-17,2,0,miguel_assal_tiktok.csv,tiktok,que buen video tercero bro,😁
"molesta un poco la aguja pero nada , lo dice un donante, y q lindo cuando te llega un mensaje dándote las gracias",https://www.tiktok.com/@grupo_quironsalud/video/7525373252911303958,2025-07-17 23:58:32+00:00,2025-07-17,5,0,quiron_salud_tiktok.csv,tiktok,"molesta un poco la aguja pero nada , lo dice un donante, y q lindo cuando te llega un mensaje dándote las gracias",
ahora la sangre esta contaminada con los productos de las vacunas,https://www.tiktok.com/@grupo_quironsalud/video/7525373252911303958,2026-02-12 12:18:32+00:00,2026-02-12,0,0,quiron_salud_tiktok.csv,tiktok,ahora la sangre esta contaminada con los productos de las vacunas,
sobre todo a quiron que vaya la marquesa y los pelotaris😂😂😂😂😂,https://www.tiktok.com/@grupo_quironsalud/video/7525373252911303958,2025-07-18 14:45:49+00:00,2025-07-18,1,0,quiron_salud_tiktok.csv,tiktok,sobre todo a quiron que vaya la marquesa y los pelotaris,😂😂😂😂😂
quiero donar sangre pero tengo 17 años 🥀,https://www.tiktok.com/@grupo_quironsalud/video/7525373252911303958,2025-10-28 12:40:07+00:00,2025-10-28,0,0,quiron_salud_tiktok.csv,tiktok,quiero donar sangre pero tengo 17 años,🥀
Una persona que tenga colesterol puede donar sangre,https://www.tiktok.com/@grupo_quironsalud/video/7525373252911303958,2025-07-19 10:10:11+00:00,2025-07-19,0,0,quiron_salud_tiktok.csv,tiktok,Una persona que tenga colesterol puede donar sangre,
yo soi donante .y Ami me operaron enla Quirón en Albacete el cirujano monteriu fabuloso,https://www.tiktok.com/@grupo_quironsalud/video/7525373252911303958,2025-07-17 15:51:38+00:00,2025-07-17,1,0,quiron_salud_tiktok.csv,tiktok,yo soi donante .y Ami me operaron enla Quirón en Albacete el cirujano monteriu fabuloso,
Yo soy donante 🥰,https://www.tiktok.com/@grupo_quironsalud/video/7525373252911303958,2025-07-19 18:36:25+00:00,2025-07-19,0,0,quiron_salud_tiktok.csv,tiktok,Yo soy donante,🥰
bien no puedo donar sangreee,https://www.tiktok.com/@grupo_quironsalud/video/7525373252911303958,2025-07-19 22:53:16+00:00,2025-07-19,1,0,quiron_salud_tiktok.csv,tiktok,bien no puedo donar sangreee,
yo soy donante de sangre,https://www.tiktok.com/@grupo_quironsalud/video/7525373252911303958,2025-07-18 18:50:21+00:00,2025-07-18,0,0,quiron_salud_tiktok.csv,tiktok,yo soy donante de sangre,
Y QUE VOY TENER DE ESTO ????,https://www.tiktok.com/@grupo_quironsalud/video/7525373252911303958,2025-07-19 12:02:45+00:00,2025-07-19,0,0,quiron_salud_tiktok.csv,tiktok,Y QUE VOY TENER DE ESTO ????,
vivo en valencia y quiero donar,https://www.tiktok.com/@grupo_quironsalud/video/7525373252911303958,2025-07-18 14:40:02+00:00,2025-07-18,1,0,quiron_salud_tiktok.csv,tiktok,vivo en valencia y quiero donar,
amen amen amen,https://www.tiktok.com/@grupo_quironsalud/video/7525373252911303958,2025-07-18 20:15:13+00:00,2025-07-18,0,0,quiron_salud_tiktok.csv,tiktok,amen amen amen,
yo he donado muchas veces y es un acto muy gratificante ❣️,https://www.tiktok.com/@grupo_quironsalud/video/7525373252911303958,2025-07-19 04:48:53+00:00,2025-07-19,3,1,quiron_salud_tiktok.csv,tiktok,yo he donado muchas veces y es un acto muy gratificante,❣️
"faltan criterios clave. Fui a donar sangre, y como tengo los dos brazos tatuados, al pinchar dijo... ui no... porque contamina. Tenerlo en cuenta!",https://www.tiktok.com/@grupo_quironsalud/video/7525373252911303958,2025-07-18 19:27:45+00:00,2025-07-18,1,0,quiron_salud_tiktok.csv,tiktok,"faltan criterios clave. Fui a donar sangre, y como tengo los dos brazos tatuados, al pinchar dijo... ui no... porque contamina. Tenerlo en cuenta!",
"he sido donante mucho tiempo, ahora por la edad no puedo, pero da una gran satisfacción hacerlo y saber qué con ese gesto ayudas a muchas personas.",https://www.tiktok.com/@grupo_quironsalud/video/7525373252911303958,2025-07-20 14:22:44+00:00,2025-07-20,2,0,quiron_salud_tiktok.csv,tiktok,"he sido donante mucho tiempo, ahora por la edad no puedo, pero da una gran satisfacción hacerlo y saber qué con ese gesto ayudas a muchas personas.",
"puedo donar sangre tomando adiro, Eutirox y siendo diabética??",https://www.tiktok.com/@grupo_quironsalud/video/7525373252911303958,2025-07-18 00:21:37+00:00,2025-07-18,2,0,quiron_salud_tiktok.csv,tiktok,"puedo donar sangre tomando adiro, Eutirox y siendo diabética??",
Y si tienes tatuajes se puede??,https://www.tiktok.com/@grupo_quironsalud/video/7525373252911303958,2025-07-20 00:02:25+00:00,2025-07-20,1,1,quiron_salud_tiktok.csv,tiktok,Y si tienes tatuajes se puede??,
"tengo una pregunta
¿cuando una persona recibe sangre y no está vacunada(COVID) y si recibe de un donador k ha sido vacunado. ahy el que recibe la sangre ya estaría contagiado x la vacuna?
disculpa x mi ignorancia. gracias 😊",https://www.tiktok.com/@grupo_quironsalud/video/7525373252911303958,2025-07-16 10:09:24+00:00,2025-07-16,2,2,quiron_salud_tiktok.csv,tiktok,tengo una pregunta ¿cuando una persona recibe sangre y no está vacunada(COVID) y si recibe de un donador k ha sido vacunado. ahy el que recibe la sangre ya estaría contagiado x la vacuna? disculpa x mi ignorancia. gracias,😊
en mi país donde 5 beses tengo 44 años nose si puedo donar,https://www.tiktok.com/@grupo_quironsalud/video/7525373252911303958,2025-07-17 23:05:39+00:00,2025-07-17,1,1,quiron_salud_tiktok.csv,tiktok,en mi país donde 5 beses tengo 44 años nose si puedo donar,
no me da miedo no quiero que mi sangre que regalo de manera altruista le sirva a la cruz roja para hacer negocio 1000€ por unidad de plasma 100ml o sea que algo que yo regalo lo convierten en un negocio muy lucrativo por eso no dono,https://www.tiktok.com/@grupo_quironsalud/video/7525373252911303958,2025-07-17 16:42:51+00:00,2025-07-17,2,1,quiron_salud_tiktok.csv,tiktok,no me da miedo no quiero que mi sangre que regalo de manera altruista le sirva a la cruz roja para hacer negocio 1000€ por unidad de plasma 100ml o sea que algo que yo regalo lo convierten en un negocio muy lucrativo por eso no dono,
puro negocio.,https://www.tiktok.com/@grupo_quironsalud/video/7525373252911303958,2025-07-17 16:26:41+00:00,2025-07-17,0,0,quiron_salud_tiktok.csv,tiktok,puro negocio.,
🥰🥰🥰🥰,https://www.tiktok.com/@grupo_quironsalud/video/7525373252911303958,2025-07-17 18:50:15+00:00,2025-07-17,0,0,quiron_salud_tiktok.csv,tiktok,,🥰🥰🥰🥰
"no me da miedo donar, me desmayo al ver una aguja",https://www.tiktok.com/@grupo_quironsalud/video/7525373252911303958,2025-07-17 22:30:49+00:00,2025-07-17,1,0,quiron_salud_tiktok.csv,tiktok,"no me da miedo donar, me desmayo al ver una aguja",
YO DONABA ANTES SANGRE Y PLAQUETAS PERO CONO CAMBIE DE PUEBLO HABISE POR TELEFONO Y NO ME HICIERON CASO Y AHORA NO TENGO DONDE DONAR Y ESO QUE DICEN QUE NECESITAN GENTE QUE DONE SANGRE,https://www.tiktok.com/@grupo_quironsalud/video/7525373252911303958,2025-07-17 16:01:32+00:00,2025-07-17,1,0,quiron_salud_tiktok.csv,tiktok,YO DONABA ANTES SANGRE Y PLAQUETAS PERO CONO CAMBIE DE PUEBLO HABISE POR TELEFONO Y NO ME HICIERON CASO Y AHORA NO TENGO DONDE DONAR Y ESO QUE DICEN QUE NECESITAN GENTE QUE DONE SANGRE,
hola yo soy de Colombia y en Colombia donaba 2 veces al año y me llamaban más frecuentemente para donar q tengo q ser para donar,https://www.tiktok.com/@grupo_quironsalud/video/7525373252911303958,2025-07-18 22:29:06+00:00,2025-07-18,0,0,quiron_salud_tiktok.csv,tiktok,hola yo soy de Colombia y en Colombia donaba 2 veces al año y me llamaban más frecuentemente para donar q tengo q ser para donar,
me gustaría volver a donar,https://www.tiktok.com/@grupo_quironsalud/video/7525373252911303958,2025-07-17 23:06:37+00:00,2025-07-17,0,0,quiron_salud_tiktok.csv,tiktok,me gustaría volver a donar,
yo dono con 60,https://www.tiktok.com/@grupo_quironsalud/video/7525373252911303958,2025-07-20 14:32:42+00:00,2025-07-20,0,0,quiron_salud_tiktok.csv,tiktok,yo dono con 60,
pues no la dones en cruz roja,https://www.tiktok.com/@grupo_quironsalud/video/7525373252911303958,2025-07-20 14:34:27+00:00,2025-07-20,0,0,quiron_salud_tiktok.csv,tiktok,pues no la dones en cruz roja,
"hay que dejar pasar un tiempo, creo que 6 meses",https://www.tiktok.com/@grupo_quironsalud/video/7525373252911303958,2025-07-20 14:33:25+00:00,2025-07-20,1,0,quiron_salud_tiktok.csv,tiktok,"hay que dejar pasar un tiempo, creo que 6 meses",
CLARO QUE SI..VIRUS DE VACUNA PASA A TU CUERPO.. !!! ES LOGICO !! ANQUE VAN TE DECIR MENTIRAS MEJOR NO LO CREES ¡!!,https://www.tiktok.com/@grupo_quironsalud/video/7525373252911303958,2025-07-19 12:03:57+00:00,2025-07-19,0,0,quiron_salud_tiktok.csv,tiktok,CLARO QUE SI..VIRUS DE VACUNA PASA A TU CUERPO.. !!! ES LOGICO !! ANQUE VAN TE DECIR MENTIRAS MEJOR NO LO CREES ¡!!,
"si, y de la mala leche q tenga, vaya tela",https://www.tiktok.com/@grupo_quironsalud/video/7525373252911303958,2025-07-17 20:02:24+00:00,2025-07-17,1,0,quiron_salud_tiktok.csv,tiktok,"si, y de la mala leche q tenga, vaya tela",
yo también e donado muchas veces y es un acto de amor y me hace feliz,https://www.tiktok.com/@grupo_quironsalud/video/7525373252911303958,2026-02-04 11:37:59+00:00,2026-02-04,0,0,quiron_salud_tiktok.csv,tiktok,yo también e donado muchas veces y es un acto de amor y me hace feliz,
yo soy donadora y será ya la costumbre pero ni me mareo ni nada jeje es una felicidad el poder ayudar a alguien,https://www.tiktok.com/@roche_es/video/7515628725707214112,2025-10-03 14:07:37+00:00,2025-10-03,79,8,roche_spain_tiktok.csv,tiktok,yo soy donadora y será ya la costumbre pero ni me mareo ni nada jeje es una felicidad el poder ayudar a alguien,
aunque yo me sentí un poco débil Pero lindo ser altruista,https://www.tiktok.com/@roche_es/video/7515628725707214112,2025-08-14 22:40:21+00:00,2025-08-14,14,0,roche_spain_tiktok.csv,tiktok,aunque yo me sentí un poco débil Pero lindo ser altruista,
¿A cada cuánto puedo donar?.,https://www.tiktok.com/@roche_es/video/7515628725707214112,2026-02-23 01:17:20+00:00,2026-02-23,0,0,roche_spain_tiktok.csv,tiktok,¿A cada cuánto puedo donar?.,
"Me sentí débil y un pequeño mareo, pero la ayuda y satisfacción que da luego lo compensa",https://www.tiktok.com/@roche_es/video/7515628725707214112,2025-09-27 21:14:08+00:00,2025-09-27,28,0,roche_spain_tiktok.csv,tiktok,"Me sentí débil y un pequeño mareo, pero la ayuda y satisfacción que da luego lo compensa",
Y porque estoy tan debil. Done hce un mes estuve Hospitalizada hidratación hierro ácido fólico. Y aun sigo débil,https://www.tiktok.com/@roche_es/video/7515628725707214112,2025-07-17 09:58:47+00:00,2025-07-17,24,0,roche_spain_tiktok.csv,tiktok,Y porque estoy tan debil. Done hce un mes estuve Hospitalizada hidratación hierro ácido fólico. Y aun sigo débil,
Yo done ayer y como sin nada 🙏✨💖🥰,https://www.tiktok.com/@roche_es/video/7515628725707214112,2025-12-12 13:03:24+00:00,2025-12-12,0,0,roche_spain_tiktok.csv,tiktok,Yo done ayer y como sin nada,🙏✨💖🥰
"donar sangre es bueno y se debería hacer al menos dos veces al año el cuerpo hace un proceso de regeneración celular es como descartar las vi3jas para que salgan otras nuevas y mas fuertes evita enfermedades de base a futuro y aumentas positiva mente el sistema imonolgico y también nos circular mejor la sangre y podemos evitar padecer de enfermedades como diabetes hipertencion ya que por no donar se hace una sobre carga de hierro y es malo, el cuerpo si necesita hierro pero no tanto también evita posibles enfermedades cardiovasculares diabetes la anemia mejora el estado de ánimo y aumenta la vitalidad mas o menos en eso consiste",https://www.tiktok.com/@roche_es/video/7515628725707214112,2025-10-23 20:05:24+00:00,2025-10-23,0,0,roche_spain_tiktok.csv,tiktok,"donar sangre es bueno y se debería hacer al menos dos veces al año el cuerpo hace un proceso de regeneración celular es como descartar las vi3jas para que salgan otras nuevas y mas fuertes evita enfermedades de base a futuro y aumentas positiva mente el sistema imonolgico y también nos circular mejor la sangre y podemos evitar padecer de enfermedades como diabetes hipertencion ya que por no donar se hace una sobre carga de hierro y es malo, el cuerpo si necesita hierro pero no tanto también evita posibles enfermedades cardiovasculares diabetes la anemia mejora el estado de ánimo y aumenta la vitalidad mas o menos en eso consiste",
yo dono hace 14 años cada 3 meses,https://www.tiktok.com/@roche_es/video/7515628725707214112,2025-12-15 03:28:46+00:00,2025-12-15,1,0,roche_spain_tiktok.csv,tiktok,yo dono hace 14 años cada 3 meses,
y mi papá regañando me por sentirme cansada y agotada jajaja,https://www.tiktok.com/@roche_es/video/7515628725707214112,2025-06-27 03:07:38+00:00,2025-06-27,7,0,roche_spain_tiktok.csv,tiktok,y mi papá regañando me por sentirme cansada y agotada jajaja,
Hola buenos noches necesito una persona que pueda Donar sangre para mi mamá qué la va a operar de un rinion no importa cuanto de Dinero los pidan 🥰,https://www.tiktok.com/@roche_es/video/7515628725707214112,2025-12-09 00:16:24+00:00,2025-12-09,0,0,roche_spain_tiktok.csv,tiktok,Hola buenos noches necesito una persona que pueda Donar sangre para mi mamá qué la va a operar de un rinion no importa cuanto de Dinero los pidan,🥰
hoy me marieeee,https://www.tiktok.com/@roche_es/video/7515628725707214112,2025-10-31 01:39:54+00:00,2025-10-31,0,0,roche_spain_tiktok.csv,tiktok,hoy me marieeee,
Yo le done al turista,https://www.tiktok.com/@roche_es/video/7515628725707214112,2025-09-24 23:06:20+00:00,2025-09-24,0,0,roche_spain_tiktok.csv,tiktok,Yo le done al turista,
Excelente información.,https://www.tiktok.com/@roche_es/video/7515628725707214112,2025-07-04 17:52:04+00:00,2025-07-04,1,0,roche_spain_tiktok.csv,tiktok,Excelente información.,
acabo de donar y ando como si nada jajaja,https://www.tiktok.com/@roche_es/video/7515628725707214112,2025-11-27 17:12:40+00:00,2025-11-27,2,0,roche_spain_tiktok.csv,tiktok,acabo de donar y ando como si nada jajaja,
hermoso Dios te bendiga,https://www.tiktok.com/@roche_es/video/7515628725707214112,2025-08-23 23:29:25+00:00,2025-08-23,0,0,roche_spain_tiktok.csv,tiktok,hermoso Dios te bendiga,
en honor a la verdad me sentí débil casi un mes recién me recupere,https://www.tiktok.com/@roche_es/video/7515628725707214112,2025-09-27 21:07:54+00:00,2025-09-27,4,0,roche_spain_tiktok.csv,tiktok,en honor a la verdad me sentí débil casi un mes recién me recupere,
y si no absorve el hierro y tengo menopaucia q pasara,https://www.tiktok.com/@roche_es/video/7515628725707214112,2025-06-27 18:13:04+00:00,2025-06-27,5,0,roche_spain_tiktok.csv,tiktok,y si no absorve el hierro y tengo menopaucia q pasara,
"Es la primera ves que lo voy hacer, más tarde iré a entrenar que me recomiendan",https://www.tiktok.com/@roche_es/video/7515628725707214112,2025-11-27 19:37:37+00:00,2025-11-27,1,0,roche_spain_tiktok.csv,tiktok,"Es la primera ves que lo voy hacer, más tarde iré a entrenar que me recomiendan",
"es curioso que siempre que dono sangre no me siento mal, pero que tal me pongo muy chillona",https://www.tiktok.com/@roche_es/video/7515628725707214112,2026-01-07 19:45:49+00:00,2026-01-07,0,0,roche_spain_tiktok.csv,tiktok,"es curioso que siempre que dono sangre no me siento mal, pero que tal me pongo muy chillona",
🤔algo no cuadra.,https://www.tiktok.com/@roche_es/video/7515628725707214112,2025-07-12 14:43:00+00:00,2025-07-12,1,0,roche_spain_tiktok.csv,tiktok,algo no cuadra.,🤔
😂,https://www.tiktok.com/@roche_es/video/7515628725707214112,2025-12-21 16:15:20+00:00,2025-12-21,0,0,roche_spain_tiktok.csv,tiktok,,😂
😊,https://www.tiktok.com/@roche_es/video/7515628725707214112,2025-12-04 01:17:20+00:00,2025-12-04,0,0,roche_spain_tiktok.csv,tiktok,,😊
🥰,https://www.tiktok.com/@roche_es/video/7515628725707214112,2025-12-19 17:35:19+00:00,2025-12-19,0,0,roche_spain_tiktok.csv,tiktok,,🥰
🤣,https://www.tiktok.com/@roche_es/video/7515628725707214112,2025-08-13 22:00:11+00:00,2025-08-13,0,0,roche_spain_tiktok.csv,tiktok,,🤣
😁,https://www.tiktok.com/@roche_es/video/7515628725707214112,2025-12-04 19:53:42+00:00,2025-12-04,0,0,roche_spain_tiktok.csv,tiktok,,😁
mi pereo dona sangre🙄,https://www.tiktok.com/@roche_es/video/7515628725707214112,2025-06-14 09:44:37+00:00,2025-06-14,0,0,roche_spain_tiktok.csv,tiktok,mi pereo dona sangre,🙄
"Vamos veeeeee, apuñoya!",https://www.tiktok.com/@roche_es/video/7515628725707214112,2025-07-27 11:40:41+00:00,2025-07-27,0,0,roche_spain_tiktok.csv,tiktok,"Vamos veeeeee, apuñoya!",
pudiera donar si tengo 16?,https://www.tiktok.com/@roche_es/video/7515628725707214112,2025-09-05 00:38:34+00:00,2025-09-05,0,0,roche_spain_tiktok.csv,tiktok,pudiera donar si tengo 16?,
❤,https://www.tiktok.com/@roche_es/video/7515628725707214112,2025-11-13 05:20:52+00:00,2025-11-13,0,0,roche_spain_tiktok.csv,tiktok,,❤
😅,https://www.tiktok.com/@roche_es/video/7515628725707214112,2025-10-23 03:05:36+00:00,2025-10-23,0,0,roche_spain_tiktok.csv,tiktok,,😅
👍👍👍,https://www.tiktok.com/@roche_es/video/7515628725707214112,2025-10-14 18:15:36+00:00,2025-10-14,0,0,roche_spain_tiktok.csv,tiktok,,👍👍👍
👍,https://www.tiktok.com/@roche_es/video/7515628725707214112,2025-10-07 17:44:02+00:00,2025-10-07,0,0,roche_spain_tiktok.csv,tiktok,,👍
☺,https://www.tiktok.com/@roche_es/video/7515628725707214112,2025-09-25 17:54:21+00:00,2025-09-25,0,0,roche_spain_tiktok.csv,tiktok,,☺
😏,https://www.tiktok.com/@roche_es/video/7515628725707214112,2025-09-09 20:36:33+00:00,2025-09-09,0,0,roche_spain_tiktok.csv,tiktok,,😏
🙏,https://www.tiktok.com/@roche_es/video/7515628725707214112,2025-09-06 17:11:54+00:00,2025-09-06,0,0,roche_spain_tiktok.csv,tiktok,,🙏
"Hola, tengo 15 años, pronto tendré un cirugía a corazón abierto, necesito donadores de sangre y de plaquetas, estaría muy agradecida si a alguien le interesara ayudarme 🥺 pueden contactarse a @ayuda a Mili",https://www.tiktok.com/@roche_es/video/7515628725707214112,2025-08-15 14:57:14+00:00,2025-08-15,5,9,roche_spain_tiktok.csv,tiktok,"Hola, tengo 15 años, pronto tendré un cirugía a corazón abierto, necesito donadores de sangre y de plaquetas, estaría muy agradecida si a alguien le interesara ayudarme pueden contactarse a @ayuda a Mili",🥺
Es un acto de amor pero estoy súper débil y mareada Dios mío que ya se me pase,https://www.tiktok.com/@roche_es/video/7515628725707214112,2025-09-09 04:44:38+00:00,2025-09-09,0,0,roche_spain_tiktok.csv,tiktok,Es un acto de amor pero estoy súper débil y mareada Dios mío que ya se me pase,
😂😂😂,https://www.tiktok.com/@roche_es/video/7515628725707214112,2025-11-06 17:04:55+00:00,2025-11-06,0,0,roche_spain_tiktok.csv,tiktok,,😂😂😂
😎,https://www.tiktok.com/@roche_es/video/7515628725707214112,2025-09-19 05:53:21+00:00,2025-09-19,0,0,roche_spain_tiktok.csv,tiktok,,😎
💯,https://www.tiktok.com/@roche_es/video/7515628725707214112,2025-09-06 17:11:58+00:00,2025-09-06,0,0,roche_spain_tiktok.csv,tiktok,,💯
😢,https://www.tiktok.com/@roche_es/video/7515628725707214112,2025-08-20 13:39:22+00:00,2025-08-20,0,0,roche_spain_tiktok.csv,tiktok,,😢
🥰🥰🥰,https://www.tiktok.com/@roche_es/video/7515628725707214112,2025-08-13 20:07:01+00:00,2025-08-13,0,0,roche_spain_tiktok.csv,tiktok,,🥰🥰🥰
💪,https://www.tiktok.com/@roche_es/video/7515628725707214112,2025-08-11 17:34:17+00:00,2025-08-11,0,0,roche_spain_tiktok.csv,tiktok,,💪
🤣🤣🤣,https://www.tiktok.com/@roche_es/video/7515628725707214112,2025-07-15 20:05:58+00:00,2025-07-15,0,0,roche_spain_tiktok.csv,tiktok,,🤣🤣🤣
yo apenas mañana iré a donar sangre 🤍,https://www.tiktok.com/@roche_es/video/7515628725707214112,2026-02-22 18:50:08+00:00,2026-02-22,0,0,roche_spain_tiktok.csv,tiktok,yo apenas mañana iré a donar sangre,🤍
es lo mejor que puedas hacer 🥰,https://www.tiktok.com/@roche_es/video/7515628725707214112,2026-02-22 18:50:45+00:00,2026-02-22,0,0,roche_spain_tiktok.csv,tiktok,es lo mejor que puedas hacer,🥰
tengo un amigo con leucemia y necesita donadores,https://www.tiktok.com/@roche_es/video/7515628725707214112,2025-10-28 11:20:35+00:00,2025-10-28,0,0,roche_spain_tiktok.csv,tiktok,tengo un amigo con leucemia y necesita donadores,
me pasa igual no me da mareo ni nada donar ❣,https://www.tiktok.com/@roche_es/video/7515628725707214112,2025-10-08 23:01:16+00:00,2025-10-08,0,0,roche_spain_tiktok.csv,tiktok,me pasa igual no me da mareo ni nada donar,❣
es cierto que engordan?,https://www.tiktok.com/@roche_es/video/7515628725707214112,2025-10-04 00:35:33+00:00,2025-10-04,0,0,roche_spain_tiktok.csv,tiktok,es cierto que engordan?,
yo estoy igual de gorda jajaja 🤣🤣,https://www.tiktok.com/@roche_es/video/7515628725707214112,2025-10-04 01:53:33+00:00,2025-10-04,1,0,roche_spain_tiktok.csv,tiktok,yo estoy igual de gorda jajaja,🤣🤣
"jajaja no diga eso, esta muy linda!!",https://www.tiktok.com/@roche_es/video/7515628725707214112,2025-10-04 02:11:27+00:00,2025-10-04,0,0,roche_spain_tiktok.csv,tiktok,"jajaja no diga eso, esta muy linda!!",
😄😄😄,https://www.tiktok.com/@roche_es/video/7515628725707214112,2026-01-03 01:23:54+00:00,2026-01-03,0,0,roche_spain_tiktok.csv,tiktok,,😄😄😄
"saliste bien?, yo empecé a donar sangre",https://www.tiktok.com/@roche_es/video/7515628725707214112,2025-11-04 15:22:23+00:00,2025-11-04,1,0,roche_spain_tiktok.csv,tiktok,"saliste bien?, yo empecé a donar sangre",
"Aún no me operan, me falta un donador 🥺",https://www.tiktok.com/@roche_es/video/7515628725707214112,2025-11-04 23:18:05+00:00,2025-11-04,0,0,roche_spain_tiktok.csv,tiktok,"Aún no me operan, me falta un donador",🥺
"ahh, iba ayudar pero yo soy de Perú JAJAJJA",https://www.tiktok.com/@roche_es/video/7515628725707214112,2025-11-05 00:56:54+00:00,2025-11-05,1,0,roche_spain_tiktok.csv,tiktok,"ahh, iba ayudar pero yo soy de Perú JAJAJJA",
"Está bien, muchas gracias aún así gracias por el interés 😃",https://www.tiktok.com/@roche_es/video/7515628725707214112,2025-11-05 04:57:30+00:00,2025-11-05,0,0,roche_spain_tiktok.csv,tiktok,"Está bien, muchas gracias aún así gracias por el interés",😃
espero te vaya bien;),https://www.tiktok.com/@roche_es/video/7515628725707214112,2025-11-06 05:55:11+00:00,2025-11-06,1,0,roche_spain_tiktok.csv,tiktok,espero te vaya bien;),
"Muchas gracias, mañana veremos que sucede 😃",https://www.tiktok.com/@roche_es/video/7515628725707214112,2025-11-18 05:02:21+00:00,2025-11-18,0,0,roche_spain_tiktok.csv,tiktok,"Muchas gracias, mañana veremos que sucede",😃
"fua, se que todo saldrá bien, ten fé en Dios:)",https://www.tiktok.com/@roche_es/video/7515628725707214112,2025-11-18 06:24:46+00:00,2025-11-18,0,0,roche_spain_tiktok.csv,tiktok,"fua, se que todo saldrá bien, ten fé en Dios:)",
Que tipo de sangre es,https://www.tiktok.com/@roche_es/video/7515628725707214112,2025-09-01 04:53:18+00:00,2025-09-01,1,0,roche_spain_tiktok.csv,tiktok,Que tipo de sangre es,
Cualquier tipo de sangre me funciona 😊,https://www.tiktok.com/@roche_es/video/7515628725707214112,2025-09-01 11:06:33+00:00,2025-09-01,0,0,roche_spain_tiktok.csv,tiktok,Cualquier tipo de sangre me funciona,😊
