comment_id,body,score,created_utc,depth,text,post_permalink,created_date,_origen,fuente,clean_text,fecha,likes,respuestas,text_clean,emojis
n350r2r,"Yo soy donante de sangre habitual, ya me toca volver a donar pero estoy vago.",7,1752524376.0,0.0,"Yo soy donante de sangre habitual, ya me toca volver a donar pero estoy vago.",,2025-07-14 20:19:36+00:00,comments_single_post.csv,reddit,,2025-07-14,0,0,"Yo soy donante de sangre habitual, ya me toca volver a donar pero estoy vago.",
n352d8u,"Bueno, ya haces mucho más que otros que no pueden hacerlo o no tienen los recursos para hacerlo, te de a ti pereza o no :D",2,1752524823.0,1.0,"Bueno, ya haces mucho más que otros que no pueden hacerlo o no tienen los recursos para hacerlo, te de a ti pereza o no :D",,2025-07-14 20:27:03+00:00,comments_single_post.csv,reddit,,2025-07-14,0,0,"Bueno, ya haces mucho más que otros que no pueden hacerlo o no tienen los recursos para hacerlo, te de a ti pereza o no :D",
n36igek,si done varias veces a familiares y familiares de amigos. mientras no tengas dramas con las agujas no es nada del otro mundo. al terminar te suelen dar algun desayuno ya que luego de donar es posiblemque te baje la presion.,5,1752541185.0,0.0,si done varias veces a familiares y familiares de amigos. mientras no tengas dramas con las agujas no es nada del otro mundo. al terminar te suelen dar algun desayuno ya que luego de donar es posiblemque te baje la presion.,,2025-07-15 00:59:45+00:00,comments_single_post.csv,reddit,,2025-07-15,0,0,si done varias veces a familiares y familiares de amigos. mientras no tengas dramas con las agujas no es nada del otro mundo. al terminar te suelen dar algun desayuno ya que luego de donar es posiblemque te baje la presion.,
n3ggttl,"Gracias por tu comentario. Para mí suerte, nunca he tenido problemas con las agujas así que no será ningún drama. De nuevo, gracias por pararte a escribir aquí",1,1752677834.0,1.0,"Gracias por tu comentario. Para mí suerte, nunca he tenido problemas con las agujas así que no será ningún drama. De nuevo, gracias por pararte a escribir aquí",,2025-07-16 14:57:14+00:00,comments_single_post.csv,reddit,,2025-07-16,0,0,"Gracias por tu comentario. Para mí suerte, nunca he tenido problemas con las agujas así que no será ningún drama. De nuevo, gracias por pararte a escribir aquí",
n39uj3u,"Buenas ! Soy donante de sangre y encima 0- que significa que cada 4 meses me asaltan a mensajes para sacarme sangre si o si, no tienen compasión 😂 De médula o plasma a día de hoy no me atrevo, pero soy donante de órganos también llegado a su debido momento.",3,1752592036.0,0.0,"Buenas ! Soy donante de sangre y encima 0- que significa que cada 4 meses me asaltan a mensajes para sacarme sangre si o si, no tienen compasión 😂 De médula o plasma a día de hoy no me atrevo, pero soy donante de órganos también llegado a su debido momento.",,2025-07-15 15:07:16+00:00,comments_single_post.csv,reddit,,2025-07-15,0,0,"Buenas ! Soy donante de sangre y encima 0- que significa que cada 4 meses me asaltan a mensajes para sacarme sangre si o si, no tienen compasión De médula o plasma a día de hoy no me atrevo, pero soy donante de órganos también llegado a su debido momento.",😂
n3gfwjo,"Qué bueno. Realmente creo que tienes mucho valor por haber donado alguna vez, aparte del tema de los órganos. Gracias por tu comentario y un saludo",2,1752677580.0,1.0,"Qué bueno. Realmente creo que tienes mucho valor por haber donado alguna vez, aparte del tema de los órganos. Gracias por tu comentario y un saludo",,2025-07-16 14:53:00+00:00,comments_single_post.csv,reddit,,2025-07-16,0,0,"Qué bueno. Realmente creo que tienes mucho valor por haber donado alguna vez, aparte del tema de los órganos. Gracias por tu comentario y un saludo",
n3922ni,"No puedo. En cambio, he recibido sangre y órganos.",3,1752583180.0,0.0,"No puedo. En cambio, he recibido sangre y órganos.",,2025-07-15 12:39:40+00:00,comments_single_post.csv,reddit,,2025-07-15,0,0,"No puedo. En cambio, he recibido sangre y órganos.",
n3ggm8x,Pues tu comentario me parece una motivación y muy a tener en cuenta. El hecho de que aparezca alguien que diga abiertamente que ha tenido donaciones dice que donar sirve para algo si llega a Personas como tú. Gracias por tu comentario y un saludo !,2,1752677776.0,1.0,Pues tu comentario me parece una motivación y muy a tener en cuenta. El hecho de que aparezca alguien que diga abiertamente que ha tenido donaciones dice que donar sirve para algo si llega a Personas como tú. Gracias por tu comentario y un saludo !,,2025-07-16 14:56:16+00:00,comments_single_post.csv,reddit,,2025-07-16,0,0,Pues tu comentario me parece una motivación y muy a tener en cuenta. El hecho de que aparezca alguien que diga abiertamente que ha tenido donaciones dice que donar sirve para algo si llega a Personas como tú. Gracias por tu comentario y un saludo !,
n3a4mhi,"Yo no me he muerto en ninguna de las veces que he donado cuando pasa el autobús de cruz roja por el pueblo, pero a lo mejor he salvado alguna vida, así que ¿Por qué no donar?",3,1752594861.0,0.0,"Yo no me he muerto en ninguna de las veces que he donado cuando pasa el autobús de cruz roja por el pueblo, pero a lo mejor he salvado alguna vida, así que ¿Por qué no donar?",,2025-07-15 15:54:21+00:00,comments_single_post.csv,reddit,,2025-07-15,0,0,"Yo no me he muerto en ninguna de las veces que he donado cuando pasa el autobús de cruz roja por el pueblo, pero a lo mejor he salvado alguna vida, así que ¿Por qué no donar?",
n3gg2ha,Pues tienes razón. Realmente me parece un comentario con mucha lógica el tuyo.  Gracias por pararte a escribir y un saludo !,1,1752677625.0,1.0,Pues tienes razón. Realmente me parece un comentario con mucha lógica el tuyo.  Gracias por pararte a escribir y un saludo !,,2025-07-16 14:53:45+00:00,comments_single_post.csv,reddit,,2025-07-16,0,0,Pues tienes razón. Realmente me parece un comentario con mucha lógica el tuyo. Gracias por pararte a escribir y un saludo !,
n37imve,"Sí, en mi familia tenemos la costumbre de cada cierto tiempo donar sangre.
Si no te molestan las agujas es muy buena ayuda para la gente que lo necesita.",2,1752555079.0,0.0,"Sí, en mi familia tenemos la costumbre de cada cierto tiempo donar sangre.
Si no te molestan las agujas es muy buena ayuda para la gente que lo necesita.",,2025-07-15 04:51:19+00:00,comments_single_post.csv,reddit,,2025-07-15,0,0,"Sí, en mi familia tenemos la costumbre de cada cierto tiempo donar sangre. Si no te molestan las agujas es muy buena ayuda para la gente que lo necesita.",
n3gejty,"Al contrario que algún amigo mío, no me asuntan los pinchazos o las agujas, así que creo que no tengo problemas en ese sentido. Gracias por tu comentario, fue motivante :)",1,1752677202.0,1.0,"Al contrario que algún amigo mío, no me asuntan los pinchazos o las agujas, así que creo que no tengo problemas en ese sentido. Gracias por tu comentario, fue motivante :)",,2025-07-16 14:46:42+00:00,comments_single_post.csv,reddit,,2025-07-16,0,0,"Al contrario que algún amigo mío, no me asuntan los pinchazos o las agujas, así que creo que no tengo problemas en ese sentido. Gracias por tu comentario, fue motivante :)",
n37sm82,Por ahora solo sangre,2,1752560087.0,0.0,Por ahora solo sangre,,2025-07-15 06:14:47+00:00,comments_single_post.csv,reddit,,2025-07-15,0,0,Por ahora solo sangre,
n3gecpn,"Pues eso es mucho mejor que nada  :)
Hay gente como yo que nunca ha podido o tuvo la oportunidad de empezar a donar",1,1752677146.0,1.0,"Pues eso es mucho mejor que nada  :)
Hay gente como yo que nunca ha podido o tuvo la oportunidad de empezar a donar",,2025-07-16 14:45:46+00:00,comments_single_post.csv,reddit,,2025-07-16,0,0,Pues eso es mucho mejor que nada :) Hay gente como yo que nunca ha podido o tuvo la oportunidad de empezar a donar,
n3gqxf1,"No sé si vives en España, en donde vivo, sean barrios o pequeños pueblos siempre de vez en cuando se ve carteles del centro de hemodonación.",2,1752680590.0,2.0,"No sé si vives en España, en donde vivo, sean barrios o pequeños pueblos siempre de vez en cuando se ve carteles del centro de hemodonación.",,2025-07-16 15:43:10+00:00,comments_single_post.csv,reddit,,2025-07-16,0,0,"No sé si vives en España, en donde vivo, sean barrios o pequeños pueblos siempre de vez en cuando se ve carteles del centro de hemodonación.",
n3ged6a,"Solía donar regularmente, ahora he parado porque me tatuo más a menudo de lo que recomiendan esperar entre tatuaje y donación",2,1752677150.0,0.0,"Solía donar regularmente, ahora he parado porque me tatuo más a menudo de lo que recomiendan esperar entre tatuaje y donación",,2025-07-16 14:45:50+00:00,comments_single_post.csv,reddit,,2025-07-16,0,0,"Solía donar regularmente, ahora he parado porque me tatuo más a menudo de lo que recomiendan esperar entre tatuaje y donación",
n3gh6ga,"Bueno, el hecho de que hayas donado alguna vez antes del asunto del tatuado me parece que es algo que merece la pena contar por la buena acción que hiciste en el pasado. Al menos yo lo veo así, gracias por tu comentario por cierto",1,1752677931.0,1.0,"Bueno, el hecho de que hayas donado alguna vez antes del asunto del tatuado me parece que es algo que merece la pena contar por la buena acción que hiciste en el pasado. Al menos yo lo veo así, gracias por tu comentario por cierto",,2025-07-16 14:58:51+00:00,comments_single_post.csv,reddit,,2025-07-16,0,0,"Bueno, el hecho de que hayas donado alguna vez antes del asunto del tatuado me parece que es algo que merece la pena contar por la buena acción que hiciste en el pasado. Al menos yo lo veo así, gracias por tu comentario por cierto",
n3ghk8y,"Empecé cuando venía una campaña al instituto y seguí durante años,  no cuesta nada y seguramente ayude",2,1752678037.0,2.0,"Empecé cuando venía una campaña al instituto y seguí durante años,  no cuesta nada y seguramente ayude",,2025-07-16 15:00:37+00:00,comments_single_post.csv,reddit,,2025-07-16,0,0,"Empecé cuando venía una campaña al instituto y seguí durante años, no cuesta nada y seguramente ayude",
n3gi4o4,"Pues sí, tienes razón.  Yo en mi caso donde estudiaba nunca hubo campañas de ningún tipo pero me alegra ver que en otros lugares es una práctica algo más común y como tú dices algo de ayuda aportas de esa forma también",1,1752678195.0,3.0,"Pues sí, tienes razón.  Yo en mi caso donde estudiaba nunca hubo campañas de ningún tipo pero me alegra ver que en otros lugares es una práctica algo más común y como tú dices algo de ayuda aportas de esa forma también",,2025-07-16 15:03:15+00:00,comments_single_post.csv,reddit,,2025-07-16,0,0,"Pues sí, tienes razón. Yo en mi caso donde estudiaba nunca hubo campañas de ningún tipo pero me alegra ver que en otros lugares es una práctica algo más común y como tú dices algo de ayuda aportas de esa forma también",
n3joxb7,soy donante de todo (órganos y tejidos) pero últimamente no he podido donar sangre pq estoy baja de peso.,2,1752712657.0,0.0,soy donante de todo (órganos y tejidos) pero últimamente no he podido donar sangre pq estoy baja de peso.,,2025-07-17 00:37:37+00:00,comments_single_post.csv,reddit,,2025-07-17,0,0,soy donante de todo (órganos y tejidos) pero últimamente no he podido donar sangre pq estoy baja de peso.,
n3uqpiu,"Realmente, creo que la gente como tú tenéis mucho mérito, por hacer un acto voluntario de ese tipo. Espero que recuperes dentro de poco tu peso ideal. Gracias por el comentario y un saludo !",1,1752860218.0,1.0,"Realmente, creo que la gente como tú tenéis mucho mérito, por hacer un acto voluntario de ese tipo. Espero que recuperes dentro de poco tu peso ideal. Gracias por el comentario y un saludo !",,2025-07-18 17:36:58+00:00,comments_single_post.csv,reddit,,2025-07-18,0,0,"Realmente, creo que la gente como tú tenéis mucho mérito, por hacer un acto voluntario de ese tipo. Espero que recuperes dentro de poco tu peso ideal. Gracias por el comentario y un saludo !",
n3mfkrs,3 veces,2,1752756835.0,0.0,3 veces,,2025-07-17 12:53:55+00:00,comments_single_post.csv,reddit,,2025-07-17,0,0,3 veces,
n3uqgvt,Me alegro. Ya has hecho más esfuerzo que muchos que nunca lo han hecho por ciertos motivos o simplemente por pereza. Un saludo y gracias por el comentario!,1,1752860150.0,1.0,Me alegro. Ya has hecho más esfuerzo que muchos que nunca lo han hecho por ciertos motivos o simplemente por pereza. Un saludo y gracias por el comentario!,,2025-07-18 17:35:50+00:00,comments_single_post.csv,reddit,,2025-07-18,0,0,Me alegro. Ya has hecho más esfuerzo que muchos que nunca lo han hecho por ciertos motivos o simplemente por pereza. Un saludo y gracias por el comentario!,
n3ogqj2,Más bien soy la q ha recibido 🫠 si estás en capacidad de donar puedes hacerlo. A alguien le ayudarás :0,2,1752777660.0,0.0,Más bien soy la q ha recibido 🫠 si estás en capacidad de donar puedes hacerlo. A alguien le ayudarás :0,,2025-07-17 18:41:00+00:00,comments_single_post.csv,reddit,,2025-07-17,0,0,Más bien soy la q ha recibido si estás en capacidad de donar puedes hacerlo. A alguien le ayudarás :0,🫠
n3uqc7z,"Pues muchas gracias. Tu comentario es una motivación, leer que a alguien le ayuda actos como estos pues es una inspiración.  Gracias por tu comentario !",1,1752860114.0,1.0,"Pues muchas gracias. Tu comentario es una motivación, leer que a alguien le ayuda actos como estos pues es una inspiración.  Gracias por tu comentario !",,2025-07-18 17:35:14+00:00,comments_single_post.csv,reddit,,2025-07-18,0,0,"Pues muchas gracias. Tu comentario es una motivación, leer que a alguien le ayuda actos como estos pues es una inspiración. Gracias por tu comentario !",
n370uo2,"Qué bueno que te animes a donar, sirve un montón a las personas que lo necesitan!",1,1752547666.0,0.0,"Qué bueno que te animes a donar, sirve un montón a las personas que lo necesitan!",,2025-07-15 02:47:46+00:00,comments_single_post.csv,reddit,,2025-07-15,0,0,"Qué bueno que te animes a donar, sirve un montón a las personas que lo necesitan!",
n3gf1ck,Muchas gracias ! Tu comentario es una motivación para mi. Ahora empiezo mi épica de vacaciones y me parece un buen momento para acercarme a un hospital y empezar a hacerlo. Gracias por el comentario y un saludo !,1,1752677338.0,1.0,Muchas gracias ! Tu comentario es una motivación para mi. Ahora empiezo mi épica de vacaciones y me parece un buen momento para acercarme a un hospital y empezar a hacerlo. Gracias por el comentario y un saludo !,,2025-07-16 14:48:58+00:00,comments_single_post.csv,reddit,,2025-07-16,0,0,Muchas gracias ! Tu comentario es una motivación para mi. Ahora empiezo mi épica de vacaciones y me parece un buen momento para acercarme a un hospital y empezar a hacerlo. Gracias por el comentario y un saludo !,
n3hsaiq,"No hay de qué! Yo soy voluntaria en una ONG donde constantemente estamos dando una mano con donaciones de sangre y siempre me llamó mucho la atención la cantidad de personas que donan de manera habitual. Es un hermoso gesto que salva vidas, así que ánimo y mucha suerte. Ojalá sea una bonita experiencia para vos y que veas el gran impacto que tiene ❤️",2,1752692223.0,2.0,"No hay de qué! Yo soy voluntaria en una ONG donde constantemente estamos dando una mano con donaciones de sangre y siempre me llamó mucho la atención la cantidad de personas que donan de manera habitual. Es un hermoso gesto que salva vidas, así que ánimo y mucha suerte. Ojalá sea una bonita experiencia para vos y que veas el gran impacto que tiene ❤️",,2025-07-16 18:57:03+00:00,comments_single_post.csv,reddit,,2025-07-16,0,0,"No hay de qué! Yo soy voluntaria en una ONG donde constantemente estamos dando una mano con donaciones de sangre y siempre me llamó mucho la atención la cantidad de personas que donan de manera habitual. Es un hermoso gesto que salva vidas, así que ánimo y mucha suerte. Ojalá sea una bonita experiencia para vos y que veas el gran impacto que tiene",❤️
n3huhdy,"Muchas gracias por tus ánimos. Realmente me animas. También, gracias por toda la labor que haces y tu hermoso gesto. Más gente como tú necesita el mundo. Un saludo y gracias de nuevo por todo :D",1,1752692830.0,3.0,"Muchas gracias por tus ánimos. Realmente me animas. También, gracias por toda la labor que haces y tu hermoso gesto. Más gente como tú necesita el mundo. Un saludo y gracias de nuevo por todo :D",,2025-07-16 19:07:10+00:00,comments_single_post.csv,reddit,,2025-07-16,0,0,"Muchas gracias por tus ánimos. Realmente me animas. También, gracias por toda la labor que haces y tu hermoso gesto. Más gente como tú necesita el mundo. Un saludo y gracias de nuevo por todo :D",
n3v7eoe,Muchas gracias 🫂 Luego contanos como te fue donando!,2,1752865027.0,4.0,Muchas gracias 🫂 Luego contanos como te fue donando!,,2025-07-18 18:57:07+00:00,comments_single_post.csv,reddit,,2025-07-18,0,0,Muchas gracias Luego contanos como te fue donando!,🫂
n37d5h8,Vaias veces..,1,1752552607.0,0.0,Vaias veces..,,2025-07-15 04:10:07+00:00,comments_single_post.csv,reddit,,2025-07-15,0,0,Vaias veces..,
n3geu3x,"Me alegro, pese a los pinchazos de la aguja, seguro que fue un orgullo hacerlo y alguien te lo habrá agradecido en algún lugar del mundo. Un saludo !",1,1752677282.0,1.0,"Me alegro, pese a los pinchazos de la aguja, seguro que fue un orgullo hacerlo y alguien te lo habrá agradecido en algún lugar del mundo. Un saludo !",,2025-07-16 14:48:02+00:00,comments_single_post.csv,reddit,,2025-07-16,0,0,"Me alegro, pese a los pinchazos de la aguja, seguro que fue un orgullo hacerlo y alguien te lo habrá agradecido en algún lugar del mundo. Un saludo !",
n3hq7ae,"Si, lo hice principalmente para conocidos y parientes de amigos, hasta que me pesque una hepatits y el medico me dijo que ya no podria continuar donando..
Si puedes hacerlo, pues esta muy bien ayudar, sobre todo esto. No mucha gente lo hace.  Un saludo para vos también.",2,1752691654.0,2.0,"Si, lo hice principalmente para conocidos y parientes de amigos, hasta que me pesque una hepatits y el medico me dijo que ya no podria continuar donando..
Si puedes hacerlo, pues esta muy bien ayudar, sobre todo esto. No mucha gente lo hace.  Un saludo para vos también.",,2025-07-16 18:47:34+00:00,comments_single_post.csv,reddit,,2025-07-16,0,0,"Si, lo hice principalmente para conocidos y parientes de amigos, hasta que me pesque una hepatits y el medico me dijo que ya no podria continuar donando.. Si puedes hacerlo, pues esta muy bien ayudar, sobre todo esto. No mucha gente lo hace. Un saludo para vos también.",
n3hqplh,"Vaya, espero que estés ahora mejor. En cualquier caso, te doy las gracias por las donaciones que hiciste a gente en su momento, incluso si fueron conocidos tuyos",1,1752691792.0,3.0,"Vaya, espero que estés ahora mejor. En cualquier caso, te doy las gracias por las donaciones que hiciste a gente en su momento, incluso si fueron conocidos tuyos",,2025-07-16 18:49:52+00:00,comments_single_post.csv,reddit,,2025-07-16,0,0,"Vaya, espero que estés ahora mejor. En cualquier caso, te doy las gracias por las donaciones que hiciste a gente en su momento, incluso si fueron conocidos tuyos",
n3hrtxr,"Si, por suerte sali bien de esa, como 2 meses en cama pase.. Segun el medico, si vuelvo a donar la pasare el virus que quedo en mi sangre, pudiendo generar la enfermedad en el receptor",2,1752692098.0,4.0,"Si, por suerte sali bien de esa, como 2 meses en cama pase.. Segun el medico, si vuelvo a donar la pasare el virus que quedo en mi sangre, pudiendo generar la enfermedad en el receptor",,2025-07-16 18:54:58+00:00,comments_single_post.csv,reddit,,2025-07-16,0,0,"Si, por suerte sali bien de esa, como 2 meses en cama pase.. Segun el medico, si vuelvo a donar la pasare el virus que quedo en mi sangre, pudiendo generar la enfermedad en el receptor",
n3hu74p,"Entonces lo mejor es que te cuides tú primero. La salud de uno es más importante que otras cosas. En serio, cuídate. Pero me alegra leer que saliste bien de eso :)",1,1752692750.0,5.0,"Entonces lo mejor es que te cuides tú primero. La salud de uno es más importante que otras cosas. En serio, cuídate. Pero me alegra leer que saliste bien de eso :)",,2025-07-16 19:05:50+00:00,comments_single_post.csv,reddit,,2025-07-16,0,0,"Entonces lo mejor es que te cuides tú primero. La salud de uno es más importante que otras cosas. En serio, cuídate. Pero me alegra leer que saliste bien de eso :)",
n3hulh4,Ya hace 30 años de eso. 😅,2,1752692862.0,6.0,Ya hace 30 años de eso. 😅,,2025-07-16 19:07:42+00:00,comments_single_post.csv,reddit,,2025-07-16,0,0,Ya hace 30 años de eso.,😅
n3i5bbz,"Ah, de acuerdo 😅",1,1752695918.0,7.0,"Ah, de acuerdo 😅",,2025-07-16 19:58:38+00:00,comments_single_post.csv,reddit,,2025-07-16,0,0,"Ah, de acuerdo",😅
n38m9hm,"Soy donante de sangre y plasma desde los 18, ahora voy a cumplir 30. Es verdad que llevo un tiempo sin poder donar por medicación, pero estoy deseando que me la bajen para poder volver a hacerlo.

También me apunté al registro de médula. Hay gente que no lo sabe, pero te sacan un botecito y, si en algún momento eres compatible con alguien, entonces se realiza la donación. Y normalmente es también como una donación de plasma.

Si te apetece, siempre es bienvenido, más en verano que hay pocas reservas.",1,1752576682.0,0.0,"Soy donante de sangre y plasma desde los 18, ahora voy a cumplir 30. Es verdad que llevo un tiempo sin poder donar por medicación, pero estoy deseando que me la bajen para poder volver a hacerlo.

También me apunté al registro de médula. Hay gente que no lo sabe, pero te sacan un botecito y, si en algún momento eres compatible con alguien, entonces se realiza la donación. Y normalmente es también como una donación de plasma.

Si te apetece, siempre es bienvenido, más en verano que hay pocas reservas.",,2025-07-15 10:51:22+00:00,comments_single_post.csv,reddit,,2025-07-15,0,0,"Soy donante de sangre y plasma desde los 18, ahora voy a cumplir 30. Es verdad que llevo un tiempo sin poder donar por medicación, pero estoy deseando que me la bajen para poder volver a hacerlo. También me apunté al registro de médula. Hay gente que no lo sabe, pero te sacan un botecito y, si en algún momento eres compatible con alguien, entonces se realiza la donación. Y normalmente es también como una donación de plasma. Si te apetece, siempre es bienvenido, más en verano que hay pocas reservas.",
n3ge7sq,"Honestamente, creo que debes de sentir orgullo por haber hecho donaciones durante tanto tiempo. Yo al menos me sentiría así si estuviera en tu lugar. Gracias por la información de lo de la médula, me lo pensaré. Un saludo 👋",1,1752677108.0,1.0,"Honestamente, creo que debes de sentir orgullo por haber hecho donaciones durante tanto tiempo. Yo al menos me sentiría así si estuviera en tu lugar. Gracias por la información de lo de la médula, me lo pensaré. Un saludo 👋",,2025-07-16 14:45:08+00:00,comments_single_post.csv,reddit,,2025-07-16,0,0,"Honestamente, creo que debes de sentir orgullo por haber hecho donaciones durante tanto tiempo. Yo al menos me sentiría así si estuviera en tu lugar. Gracias por la información de lo de la médula, me lo pensaré. Un saludo",👋
n39f7yg,"La sangre es un negocio que mueve millones de euros.

Haced por vosotros mismos una búsqueda por internet de cómo se mueve ese negocio y cómo a través de este, instituciones como Cruz Roja ingresan dinero en sus arcas.",1,1752587586.0,0.0,"La sangre es un negocio que mueve millones de euros.

Haced por vosotros mismos una búsqueda por internet de cómo se mueve ese negocio y cómo a través de este, instituciones como Cruz Roja ingresan dinero en sus arcas.",,2025-07-15 13:53:06+00:00,comments_single_post.csv,reddit,,2025-07-15,0,0,"La sangre es un negocio que mueve millones de euros. Haced por vosotros mismos una búsqueda por internet de cómo se mueve ese negocio y cómo a través de este, instituciones como Cruz Roja ingresan dinero en sus arcas.",
n3gdxsp,"Gracias por tu comentario. Por lo que he podido leer de otros compañeros, me han comentado que la forma más segura de que eso no pase es que me vaya directamente al hospital de la ciudad a hacer una donación y que no me vaya a intermediarios tipo la Cruz Roja, de forma que creo que así lo haré. Gracias por tu escrito y un saludo",1,1752677028.0,1.0,"Gracias por tu comentario. Por lo que he podido leer de otros compañeros, me han comentado que la forma más segura de que eso no pase es que me vaya directamente al hospital de la ciudad a hacer una donación y que no me vaya a intermediarios tipo la Cruz Roja, de forma que creo que así lo haré. Gracias por tu escrito y un saludo",,2025-07-16 14:43:48+00:00,comments_single_post.csv,reddit,,2025-07-16,0,0,"Gracias por tu comentario. Por lo que he podido leer de otros compañeros, me han comentado que la forma más segura de que eso no pase es que me vaya directamente al hospital de la ciudad a hacer una donación y que no me vaya a intermediarios tipo la Cruz Roja, de forma que creo que así lo haré. Gracias por tu escrito y un saludo",
n3bqce2,"yo aún no porque recién alcancé la mayoría de edad, pero mi papá fue donante de sangre durante muchos años cuando nació mi hermana menor.


ella tenía una sangre poco común que él le heredó y al investigar de algunas cosas porque quería ser un buen padre para ella, se decidió por empezar a donar para otras personas con el mismo tipo de sangre para ayudar a otras personas.",1,1752610829.0,0.0,"yo aún no porque recién alcancé la mayoría de edad, pero mi papá fue donante de sangre durante muchos años cuando nació mi hermana menor.


ella tenía una sangre poco común que él le heredó y al investigar de algunas cosas porque quería ser un buen padre para ella, se decidió por empezar a donar para otras personas con el mismo tipo de sangre para ayudar a otras personas.",,2025-07-15 20:20:29+00:00,comments_single_post.csv,reddit,,2025-07-15,0,0,"yo aún no porque recién alcancé la mayoría de edad, pero mi papá fue donante de sangre durante muchos años cuando nació mi hermana menor. ella tenía una sangre poco común que él le heredó y al investigar de algunas cosas porque quería ser un buen padre para ella, se decidió por empezar a donar para otras personas con el mismo tipo de sangre para ayudar a otras personas.",
n3gd5jl,"Esa es una muy buena historia ! Realmente me ha gustado leerla. Creo que tu pare intentó hacer un mundo mejor haciendo eso, y eso siempre está bien. Gracias por tu comentario y un saludo",1,1752676808.0,1.0,"Esa es una muy buena historia ! Realmente me ha gustado leerla. Creo que tu pare intentó hacer un mundo mejor haciendo eso, y eso siempre está bien. Gracias por tu comentario y un saludo",,2025-07-16 14:40:08+00:00,comments_single_post.csv,reddit,,2025-07-16,0,0,"Esa es una muy buena historia ! Realmente me ha gustado leerla. Creo que tu pare intentó hacer un mundo mejor haciendo eso, y eso siempre está bien. Gracias por tu comentario y un saludo",
n43qegw,"un saludo. y si estabas pensando en donar sangre, entonces faitin",2,1752979956.0,2.0,"un saludo. y si estabas pensando en donar sangre, entonces faitin",,2025-07-20 02:52:36+00:00,comments_single_post.csv,reddit,,2025-07-20,0,0,"un saludo. y si estabas pensando en donar sangre, entonces faitin",
n3dosfm,"No he donado pq básicamente me ha dado pereza jaja, pero si lo haces es una gran ayuda a la comunidad sanitaria, sobretodo dependiendo de tu tipo de sangre.


Si eres un O- básicamente estarías obligado a donar por las oportunidades q das, en mi caso q soy AB+ pues si dono o no tampoco será gran diferencia",1,1752633895.0,0.0,"No he donado pq básicamente me ha dado pereza jaja, pero si lo haces es una gran ayuda a la comunidad sanitaria, sobretodo dependiendo de tu tipo de sangre.


Si eres un O- básicamente estarías obligado a donar por las oportunidades q das, en mi caso q soy AB+ pues si dono o no tampoco será gran diferencia",,2025-07-16 02:44:55+00:00,comments_single_post.csv,reddit,,2025-07-16,0,0,"No he donado pq básicamente me ha dado pereza jaja, pero si lo haces es una gran ayuda a la comunidad sanitaria, sobretodo dependiendo de tu tipo de sangre. Si eres un O- básicamente estarías obligado a donar por las oportunidades q das, en mi caso q soy AB+ pues si dono o no tampoco será gran diferencia",
n3gcwhx,"Bueno, quien sabe. Una donación venga de donde venga puede ser una gran ayuda. Yo no daría por perdida la oportunidad pese a que el tipo de sangre sea más o menos parecida. Aún tengo que saber cuál es la mía. Gracias  por el comentario y un saludo !",1,1752676736.0,1.0,"Bueno, quien sabe. Una donación venga de donde venga puede ser una gran ayuda. Yo no daría por perdida la oportunidad pese a que el tipo de sangre sea más o menos parecida. Aún tengo que saber cuál es la mía. Gracias  por el comentario y un saludo !",,2025-07-16 14:38:56+00:00,comments_single_post.csv,reddit,,2025-07-16,0,0,"Bueno, quien sabe. Una donación venga de donde venga puede ser una gran ayuda. Yo no daría por perdida la oportunidad pese a que el tipo de sangre sea más o menos parecida. Aún tengo que saber cuál es la mía. Gracias por el comentario y un saludo !",
n3enna0,"Donaba, pero deje de hacerlo por tanta enfermera que no sabe encontrarme la vena o que directamente es una salvaje con ella. Las ultimas veces se me dormia el brazo, acaba con un moraton y a veces me dolia el moverlo 1-3 dias. Deben mejorar las tecninas y mira que soy o+ y mi sangre es cotizada.",1,1752650320.0,0.0,"Donaba, pero deje de hacerlo por tanta enfermera que no sabe encontrarme la vena o que directamente es una salvaje con ella. Las ultimas veces se me dormia el brazo, acaba con un moraton y a veces me dolia el moverlo 1-3 dias. Deben mejorar las tecninas y mira que soy o+ y mi sangre es cotizada.",,2025-07-16 07:18:40+00:00,comments_single_post.csv,reddit,,2025-07-16,0,0,"Donaba, pero deje de hacerlo por tanta enfermera que no sabe encontrarme la vena o que directamente es una salvaje con ella. Las ultimas veces se me dormia el brazo, acaba con un moraton y a veces me dolia el moverlo 1-3 dias. Deben mejorar las tecninas y mira que soy o+ y mi sangre es cotizada.",
n3gcm58,"Pues ya lo siento mucho, porque no hayan sabido hacértelo bien. Supongo que hay profesionales y profesionales en el mundo de la medicina. Un saludo y  gracias por el comentario",1,1752676654.0,1.0,"Pues ya lo siento mucho, porque no hayan sabido hacértelo bien. Supongo que hay profesionales y profesionales en el mundo de la medicina. Un saludo y  gracias por el comentario",,2025-07-16 14:37:34+00:00,comments_single_post.csv,reddit,,2025-07-16,0,0,"Pues ya lo siento mucho, porque no hayan sabido hacértelo bien. Supongo que hay profesionales y profesionales en el mundo de la medicina. Un saludo y gracias por el comentario",
n3f0xyy,"Mi madre era donante habitual y está muy bien porque le hacen una analítica básica a la sangre que le llega por correo, así que de paso es un buen control constante. Ahora no le permiten ya donar por la edad. Yo no puedo por el peso, si estás por debajo de un umbral no te permiten.",1,1752658029.0,0.0,"Mi madre era donante habitual y está muy bien porque le hacen una analítica básica a la sangre que le llega por correo, así que de paso es un buen control constante. Ahora no le permiten ya donar por la edad. Yo no puedo por el peso, si estás por debajo de un umbral no te permiten.",,2025-07-16 09:27:09+00:00,comments_single_post.csv,reddit,,2025-07-16,0,0,"Mi madre era donante habitual y está muy bien porque le hacen una analítica básica a la sangre que le llega por correo, así que de paso es un buen control constante. Ahora no le permiten ya donar por la edad. Yo no puedo por el peso, si estás por debajo de un umbral no te permiten.",
n3gcedl,"Creo que es un orgullo que tu madre haya donado.  En mi familia no hay nadie que lo haya hecho, así que en mi caso. Yo sería el primero. Un saludo y gracias por el comentario",1,1752676593.0,1.0,"Creo que es un orgullo que tu madre haya donado.  En mi familia no hay nadie que lo haya hecho, así que en mi caso. Yo sería el primero. Un saludo y gracias por el comentario",,2025-07-16 14:36:33+00:00,comments_single_post.csv,reddit,,2025-07-16,0,0,"Creo que es un orgullo que tu madre haya donado. En mi familia no hay nadie que lo haya hecho, así que en mi caso. Yo sería el primero. Un saludo y gracias por el comentario",
n3shqmm,Una vez nos sacaron muestras en clase para ver si podíamos donar (veíamos clase en el hospital) y así descubrí que tenía anemia,1,1752833895.0,0.0,Una vez nos sacaron muestras en clase para ver si podíamos donar (veíamos clase en el hospital) y así descubrí que tenía anemia,,2025-07-18 10:18:15+00:00,comments_single_post.csv,reddit,,2025-07-18,0,0,Una vez nos sacaron muestras en clase para ver si podíamos donar (veíamos clase en el hospital) y así descubrí que tenía anemia,
n3uq71c,"Bueno, al menos sirvió para algo y pudisteis ver tempranamente que lo tenías. Supongo que habría sido peor si lo hubieras descubierto mucho tiempo después",1,1752860073.0,1.0,"Bueno, al menos sirvió para algo y pudisteis ver tempranamente que lo tenías. Supongo que habría sido peor si lo hubieras descubierto mucho tiempo después",,2025-07-18 17:34:33+00:00,comments_single_post.csv,reddit,,2025-07-18,0,0,"Bueno, al menos sirvió para algo y pudisteis ver tempranamente que lo tenías. Supongo que habría sido peor si lo hubieras descubierto mucho tiempo después",
n3559vl,"Yo paso, te roban el alma y los trigliceridos.",1,1752525636.0,0.0,"Yo paso, te roban el alma y los trigliceridos.",,2025-07-14 20:40:36+00:00,comments_single_post.csv,reddit,,2025-07-14,0,0,"Yo paso, te roban el alma y los trigliceridos.",
n357x3k,"Hombre, tanto como el alma no sé que decirte, pero yo no soy el mejor para responder que soy un novato en eso 😄",3,1752526379.0,1.0,"Hombre, tanto como el alma no sé que decirte, pero yo no soy el mejor para responder que soy un novato en eso 😄",,2025-07-14 20:52:59+00:00,comments_single_post.csv,reddit,,2025-07-14,0,0,"Hombre, tanto como el alma no sé que decirte, pero yo no soy el mejor para responder que soy un novato en eso",😄
n37f9of,"Estaba ironizando. Dona la sangre siempre que puedas en hospitales públicos, no en centros de hemodonación privados. Y no presumas de ello.",3,1752553544.0,2.0,"Estaba ironizando. Dona la sangre siempre que puedas en hospitales públicos, no en centros de hemodonación privados. Y no presumas de ello.",,2025-07-15 04:25:44+00:00,comments_single_post.csv,reddit,,2025-07-15,0,0,"Estaba ironizando. Dona la sangre siempre que puedas en hospitales públicos, no en centros de hemodonación privados. Y no presumas de ello.",
n3gfciw,"Muchas gracias por el comentario, lo tengo en cuenta. Realmente no creo que vaya a intermediarios y me vaya directamente al hospital a hacer una donación. No soy mucho de presumir, la verdad. Ya que creo que le quita valor a las cosas. Gracias por tu comentario y un saludo",1,1752677424.0,3.0,"Muchas gracias por el comentario, lo tengo en cuenta. Realmente no creo que vaya a intermediarios y me vaya directamente al hospital a hacer una donación. No soy mucho de presumir, la verdad. Ya que creo que le quita valor a las cosas. Gracias por tu comentario y un saludo",,2025-07-16 14:50:24+00:00,comments_single_post.csv,reddit,,2025-07-16,0,0,"Muchas gracias por el comentario, lo tengo en cuenta. Realmente no creo que vaya a intermediarios y me vaya directamente al hospital a hacer una donación. No soy mucho de presumir, la verdad. Ya que creo que le quita valor a las cosas. Gracias por tu comentario y un saludo",
j0bii46,"* **Respeta a los demás.** Debate y discute los méritos de las ideas presentadas, pero no ataques o insultes a otros usuarios.
    
* Si ves a otros usuarios violando las normas, por favor usa el **botón de Report**.",1,1671110537.0,0.0,"* **Respeta a los demás.** Debate y discute los méritos de las ideas presentadas, pero no ataques o insultes a otros usuarios.
    
* Si ves a otros usuarios violando las normas, por favor usa el **botón de Report**.",https://www.reddit.com/r/spain/comments/zmkypt/acudid_a_donar_sangre_quien_pueda_hace_falta/,2022-12-15 13:22:17+00:00,reddit_comments.csv,reddit,,2022-12-15,0,0,"* **Respeta a los demás.** Debate y discute los méritos de las ideas presentadas, pero no ataques o insultes a otros usuarios. * Si ves a otros usuarios violando las normas, por favor usa el **botón de Report**.",
j0bu7si,"No soy español pero vivo aqui desde hace 3 años y desde entonces acudo cada 4 o 5 meses para donar. Es algo que hacia ya en mi pais de origen y que queria seguir aqui tambien. De hecho, queria ir de nuevo para mi cuarta donacion este año hace 2 semanas pero tuve un resfrio y todavia no estoy recuperado pero en cuanto este (y me imagino que no deberia tardar mucho ya) a 100%, volveré para ""completar"" el año. Es una cosilla pequeñita que puedo hacer para ayudar a los demas y me parece un acto muy importante de solidaridad. Si, es verdad que no te dan muchas ventajas aqui en España siendo donante (en mi pais de origen te dan el dia libre, 2 tickets restaurant (eso serian unos 12 euros) y 50% descuento a la hora de comprarte una tarjeta de transporte - y aun asi la gente no va para donar) pero al final no lo hago para que me den estas cositas, sino porque es muy sencillo y ademas despues me siento mejor conmigo mismo :) Asi que gente, a donar!",79,1671115938.0,0.0,"No soy español pero vivo aqui desde hace 3 años y desde entonces acudo cada 4 o 5 meses para donar. Es algo que hacia ya en mi pais de origen y que queria seguir aqui tambien. De hecho, queria ir de nuevo para mi cuarta donacion este año hace 2 semanas pero tuve un resfrio y todavia no estoy recuperado pero en cuanto este (y me imagino que no deberia tardar mucho ya) a 100%, volveré para ""completar"" el año. Es una cosilla pequeñita que puedo hacer para ayudar a los demas y me parece un acto muy importante de solidaridad. Si, es verdad que no te dan muchas ventajas aqui en España siendo donante (en mi pais de origen te dan el dia libre, 2 tickets restaurant (eso serian unos 12 euros) y 50% descuento a la hora de comprarte una tarjeta de transporte - y aun asi la gente no va para donar) pero al final no lo hago para que me den estas cositas, sino porque es muy sencillo y ademas despues me siento mejor conmigo mismo :) Asi que gente, a donar!",https://www.reddit.com/r/spain/comments/zmkypt/acudid_a_donar_sangre_quien_pueda_hace_falta/,2022-12-15 14:52:18+00:00,reddit_comments.csv,reddit,,2022-12-15,0,0,"No soy español pero vivo aqui desde hace 3 años y desde entonces acudo cada 4 o 5 meses para donar. Es algo que hacia ya en mi pais de origen y que queria seguir aqui tambien. De hecho, queria ir de nuevo para mi cuarta donacion este año hace 2 semanas pero tuve un resfrio y todavia no estoy recuperado pero en cuanto este (y me imagino que no deberia tardar mucho ya) a 100%, volveré para ""completar"" el año. Es una cosilla pequeñita que puedo hacer para ayudar a los demas y me parece un acto muy importante de solidaridad. Si, es verdad que no te dan muchas ventajas aqui en España siendo donante (en mi pais de origen te dan el dia libre, 2 tickets restaurant (eso serian unos 12 euros) y 50% descuento a la hora de comprarte una tarjeta de transporte - y aun asi la gente no va para donar) pero al final no lo hago para que me den estas cositas, sino porque es muy sencillo y ademas despues me siento mejor conmigo mismo :) Asi que gente, a donar!",
j0f1xi4,Aquí te dan un bocadillo de puta madre y una cocacola. No es mucho pero tampoco necesito más!,7,1671163536.0,1.0,Aquí te dan un bocadillo de puta madre y una cocacola. No es mucho pero tampoco necesito más!,https://www.reddit.com/r/spain/comments/zmkypt/acudid_a_donar_sangre_quien_pueda_hace_falta/,2022-12-16 04:05:36+00:00,reddit_comments.csv,reddit,,2022-12-16,0,0,Aquí te dan un bocadillo de puta madre y una cocacola. No es mucho pero tampoco necesito más!,
j0fo7ls,En Málaga te dan bollería mala y zumos malos,2,1671177933.0,2.0,En Málaga te dan bollería mala y zumos malos,https://www.reddit.com/r/spain/comments/zmkypt/acudid_a_donar_sangre_quien_pueda_hace_falta/,2022-12-16 08:05:33+00:00,reddit_comments.csv,reddit,,2022-12-16,0,0,En Málaga te dan bollería mala y zumos malos,
j0fswe9,Donde acudo yo (Valencia) te dan un zumito/una botella de agua y frutos secos o rosquilletas. A veces te dan un boli o algo asi :) Parece que es diferente en cada comunidad autonoma,1,1671181844.0,3.0,Donde acudo yo (Valencia) te dan un zumito/una botella de agua y frutos secos o rosquilletas. A veces te dan un boli o algo asi :) Parece que es diferente en cada comunidad autonoma,https://www.reddit.com/r/spain/comments/zmkypt/acudid_a_donar_sangre_quien_pueda_hace_falta/,2022-12-16 09:10:44+00:00,reddit_comments.csv,reddit,,2022-12-16,0,0,Donde acudo yo (Valencia) te dan un zumito/una botella de agua y frutos secos o rosquilletas. A veces te dan un boli o algo asi :) Parece que es diferente en cada comunidad autonoma,
j0gcqei,"Oye a mi me gustan los bollos! Yo personalmente no puedo donar porque tube cáncer de sangre, pero de las 14 ciudades en las que he vivido la bollería de Málaga de las mejores.",1,1671196398.0,3.0,"Oye a mi me gustan los bollos! Yo personalmente no puedo donar porque tube cáncer de sangre, pero de las 14 ciudades en las que he vivido la bollería de Málaga de las mejores.",https://www.reddit.com/r/spain/comments/zmkypt/acudid_a_donar_sangre_quien_pueda_hace_falta/,2022-12-16 13:13:18+00:00,reddit_comments.csv,reddit,,2022-12-16,0,0,"Oye a mi me gustan los bollos! Yo personalmente no puedo donar porque tube cáncer de sangre, pero de las 14 ciudades en las que he vivido la bollería de Málaga de las mejores.",
j0dj343,Muchas gracias por tu ayuda.,6,1671139483.0,1.0,Muchas gracias por tu ayuda.,https://www.reddit.com/r/spain/comments/zmkypt/acudid_a_donar_sangre_quien_pueda_hace_falta/,2022-12-15 21:24:43+00:00,reddit_comments.csv,reddit,,2022-12-15,0,0,Muchas gracias por tu ayuda.,
j0dt201,[removed],3,1671143444.0,1.0,[removed],https://www.reddit.com/r/spain/comments/zmkypt/acudid_a_donar_sangre_quien_pueda_hace_falta/,2022-12-15 22:30:44+00:00,reddit_comments.csv,reddit,,2022-12-15,0,0,[removed],
j0fsy10,Rumania,6,1671181883.0,2.0,Rumania,https://www.reddit.com/r/spain/comments/zmkypt/acudid_a_donar_sangre_quien_pueda_hace_falta/,2022-12-16 09:11:23+00:00,reddit_comments.csv,reddit,,2022-12-16,0,0,Rumania,
j0egslp,No va un poco contra el espíritu de donar algo que lo estés diciendo todo el dia,-12,1671153683.0,1.0,No va un poco contra el espíritu de donar algo que lo estés diciendo todo el dia,https://www.reddit.com/r/spain/comments/zmkypt/acudid_a_donar_sangre_quien_pueda_hace_falta/,2022-12-16 01:21:23+00:00,reddit_comments.csv,reddit,,2022-12-16,0,0,No va un poco contra el espíritu de donar algo que lo estés diciendo todo el dia,
j0f2nyk,"Cómo llegas a esa conclusión?

Yo creo que es al contrario. Alguien dona sangre porque lo ve como algo necesario. Como cree que está haciendo una buena acción, se enorgullece y presume de ello, además, también trata de persuadir a los demás para que sigan con su ejemplo.

No hay nada que se contradiga en esa situación. 

Otro gallo cantaría si fuese como por ejemplo los youtubers que se graban donando dinero a sintechos por la calle. Ahí ellos están ganando muchísimo más de lo que le están dando a esa persona, además de ganar fama de buena persona en las redes, están sacando un rédito económico de esa acción por todas partes.

Pero un random en Reddit que dice que dona sangre... Al siguiente post que lo leas poner algo no vas a acordarte de que era él, no está ganando ni buena ni mala fama porque no es un personaje público. No hay nada reprochable aquí.

Además dices que ""lo estés diciendo todo el día"" porque ha puesto UN COMENTARIO sobre ello... Tampoco sé de dónde sacas que está todo el día hablando de lo mismo.",13,1671163905.0,2.0,"Cómo llegas a esa conclusión?

Yo creo que es al contrario. Alguien dona sangre porque lo ve como algo necesario. Como cree que está haciendo una buena acción, se enorgullece y presume de ello, además, también trata de persuadir a los demás para que sigan con su ejemplo.

No hay nada que se contradiga en esa situación. 

Otro gallo cantaría si fuese como por ejemplo los youtubers que se graban donando dinero a sintechos por la calle. Ahí ellos están ganando muchísimo más de lo que le están dando a esa persona, además de ganar fama de buena persona en las redes, están sacando un rédito económico de esa acción por todas partes.

Pero un random en Reddit que dice que dona sangre... Al siguiente post que lo leas poner algo no vas a acordarte de que era él, no está ganando ni buena ni mala fama porque no es un personaje público. No hay nada reprochable aquí.

Además dices que ""lo estés diciendo todo el día"" porque ha puesto UN COMENTARIO sobre ello... Tampoco sé de dónde sacas que está todo el día hablando de lo mismo.",https://www.reddit.com/r/spain/comments/zmkypt/acudid_a_donar_sangre_quien_pueda_hace_falta/,2022-12-16 04:11:45+00:00,reddit_comments.csv,reddit,,2022-12-16,0,0,"Cómo llegas a esa conclusión? Yo creo que es al contrario. Alguien dona sangre porque lo ve como algo necesario. Como cree que está haciendo una buena acción, se enorgullece y presume de ello, además, también trata de persuadir a los demás para que sigan con su ejemplo. No hay nada que se contradiga en esa situación. Otro gallo cantaría si fuese como por ejemplo los youtubers que se graban donando dinero a sintechos por la calle. Ahí ellos están ganando muchísimo más de lo que le están dando a esa persona, además de ganar fama de buena persona en las redes, están sacando un rédito económico de esa acción por todas partes. Pero un random en Reddit que dice que dona sangre... Al siguiente post que lo leas poner algo no vas a acordarte de que era él, no está ganando ni buena ni mala fama porque no es un personaje público. No hay nada reprochable aquí. Además dices que ""lo estés diciendo todo el día"" porque ha puesto UN COMENTARIO sobre ello... Tampoco sé de dónde sacas que está todo el día hablando de lo mismo.",
j0ep3cl,"Si donas sangre periodicamente como si quieres llevar una bandera, mientras haya gente q no tenga problemas por falta de sangre dpm",9,1671157476.0,2.0,"Si donas sangre periodicamente como si quieres llevar una bandera, mientras haya gente q no tenga problemas por falta de sangre dpm",https://www.reddit.com/r/spain/comments/zmkypt/acudid_a_donar_sangre_quien_pueda_hace_falta/,2022-12-16 02:24:36+00:00,reddit_comments.csv,reddit,,2022-12-16,0,0,"Si donas sangre periodicamente como si quieres llevar una bandera, mientras haya gente q no tenga problemas por falta de sangre dpm",
j0fo8wh,Se trata del efecto llamada,1,1671177962.0,2.0,Se trata del efecto llamada,https://www.reddit.com/r/spain/comments/zmkypt/acudid_a_donar_sangre_quien_pueda_hace_falta/,2022-12-16 08:06:02+00:00,reddit_comments.csv,reddit,,2022-12-16,0,0,Se trata del efecto llamada,
j0fofdd,"No veo que esté echándose flores, lo veo más bien como animando al resto a hacerlo",1,1671178105.0,2.0,"No veo que esté echándose flores, lo veo más bien como animando al resto a hacerlo",https://www.reddit.com/r/spain/comments/zmkypt/acudid_a_donar_sangre_quien_pueda_hace_falta/,2022-12-16 08:08:25+00:00,reddit_comments.csv,reddit,,2022-12-16,0,0,"No veo que esté echándose flores, lo veo más bien como animando al resto a hacerlo",
j0blotj,"Son 20 minutillos cada 3 meses (4 las mujeres) y te dan un bocata y un zumo, esta guay",89,1671112123.0,0.0,"Son 20 minutillos cada 3 meses (4 las mujeres) y te dan un bocata y un zumo, esta guay",https://www.reddit.com/r/spain/comments/zmkypt/acudid_a_donar_sangre_quien_pueda_hace_falta/,2022-12-15 13:48:43+00:00,reddit_comments.csv,reddit,,2022-12-15,0,0,"Son 20 minutillos cada 3 meses (4 las mujeres) y te dan un bocata y un zumo, esta guay",
j0bxmci,Antes de que no me dejaran donar por gordo me gustaba ir periódicamente. Mi meta actual es adelgazar lo suficiente para que me dejen de nuevo,13,1671117358.0,1.0,Antes de que no me dejaran donar por gordo me gustaba ir periódicamente. Mi meta actual es adelgazar lo suficiente para que me dejen de nuevo,https://www.reddit.com/r/spain/comments/zmkypt/acudid_a_donar_sangre_quien_pueda_hace_falta/,2022-12-15 15:15:58+00:00,reddit_comments.csv,reddit,,2022-12-15,0,0,Antes de que no me dejaran donar por gordo me gustaba ir periódicamente. Mi meta actual es adelgazar lo suficiente para que me dejen de nuevo,
j0d1acy,donabas demasiado que engordaste?,-1,1671132656.0,2.0,donabas demasiado que engordaste?,https://www.reddit.com/r/spain/comments/zmkypt/acudid_a_donar_sangre_quien_pueda_hace_falta/,2022-12-15 19:30:56+00:00,reddit_comments.csv,reddit,,2022-12-15,0,0,donabas demasiado que engordaste?,
j0gcwnq,"Debería de ser al revés, donar sangre es lo que más calorías gasta. No le dejarán ahora porque los niveles de grasas en la sangre son demasiado altos.",1,1671196495.0,3.0,"Debería de ser al revés, donar sangre es lo que más calorías gasta. No le dejarán ahora porque los niveles de grasas en la sangre son demasiado altos.",https://www.reddit.com/r/spain/comments/zmkypt/acudid_a_donar_sangre_quien_pueda_hace_falta/,2022-12-16 13:14:55+00:00,reddit_comments.csv,reddit,,2022-12-16,0,0,"Debería de ser al revés, donar sangre es lo que más calorías gasta. No le dejarán ahora porque los niveles de grasas en la sangre son demasiado altos.",
j0gjsa5,lo se solo era una broma estupida aunque gracias por la explicación,1,1671199900.0,4.0,lo se solo era una broma estupida aunque gracias por la explicación,https://www.reddit.com/r/spain/comments/zmkypt/acudid_a_donar_sangre_quien_pueda_hace_falta/,2022-12-16 14:11:40+00:00,reddit_comments.csv,reddit,,2022-12-16,0,0,lo se solo era una broma estupida aunque gracias por la explicación,
j0boxfj,"Creo que lo del bocata ya no se hace, mi padre suele donar siempre y diria que es algo que ya no esta.",21,1671113624.0,1.0,"Creo que lo del bocata ya no se hace, mi padre suele donar siempre y diria que es algo que ya no esta.",https://www.reddit.com/r/spain/comments/zmkypt/acudid_a_donar_sangre_quien_pueda_hace_falta/,2022-12-15 14:13:44+00:00,reddit_comments.csv,reddit,,2022-12-15,0,0,"Creo que lo del bocata ya no se hace, mi padre suele donar siempre y diria que es algo que ya no esta.",
j0bqi2m,"Si se hace. Ayer en Madrid me dieron bocadillo, refresco y boli de regalo 😅",25,1671114328.0,2.0,"Si se hace. Ayer en Madrid me dieron bocadillo, refresco y boli de regalo 😅",https://www.reddit.com/r/spain/comments/zmkypt/acudid_a_donar_sangre_quien_pueda_hace_falta/,2022-12-15 14:25:28+00:00,reddit_comments.csv,reddit,,2022-12-15,0,0,"Si se hace. Ayer en Madrid me dieron bocadillo, refresco y boli de regalo",😅
j0br61k,"Igual depende del sitio o la comunidad autónoma. He ido un montón de veces, pero siempre en Valencia y en la universidad, y me dan un paquete de rosquilletas (o pan de pipas en el resto de España) y un zumo.",17,1671114621.0,3.0,"Igual depende del sitio o la comunidad autónoma. He ido un montón de veces, pero siempre en Valencia y en la universidad, y me dan un paquete de rosquilletas (o pan de pipas en el resto de España) y un zumo.",https://www.reddit.com/r/spain/comments/zmkypt/acudid_a_donar_sangre_quien_pueda_hace_falta/,2022-12-15 14:30:21+00:00,reddit_comments.csv,reddit,,2022-12-15,0,0,"Igual depende del sitio o la comunidad autónoma. He ido un montón de veces, pero siempre en Valencia y en la universidad, y me dan un paquete de rosquilletas (o pan de pipas en el resto de España) y un zumo.",
j0c021r,"Sera eso, o incluso cambiará de centro a centro, a mi me dieron hace cosa de un mes, aunque esta vez eran sándwiches guarrillos del mercadona como comenta alguien mas abajo, espero que haya sido cosa de un dia",7,1671118333.0,4.0,"Sera eso, o incluso cambiará de centro a centro, a mi me dieron hace cosa de un mes, aunque esta vez eran sándwiches guarrillos del mercadona como comenta alguien mas abajo, espero que haya sido cosa de un dia",https://www.reddit.com/r/spain/comments/zmkypt/acudid_a_donar_sangre_quien_pueda_hace_falta/,2022-12-15 15:32:13+00:00,reddit_comments.csv,reddit,,2022-12-15,0,0,"Sera eso, o incluso cambiará de centro a centro, a mi me dieron hace cosa de un mes, aunque esta vez eran sándwiches guarrillos del mercadona como comenta alguien mas abajo, espero que haya sido cosa de un dia",
j0e10qo,Yo solo fui una vez en mi comunidad y daban helados 🤤 a parte del bocadillo y el refresco,3,1671146781.0,5.0,Yo solo fui una vez en mi comunidad y daban helados 🤤 a parte del bocadillo y el refresco,https://www.reddit.com/r/spain/comments/zmkypt/acudid_a_donar_sangre_quien_pueda_hace_falta/,2022-12-15 23:26:21+00:00,reddit_comments.csv,reddit,,2022-12-15,0,0,Yo solo fui una vez en mi comunidad y daban helados a parte del bocadillo y el refresco,🤤
j0bv2o7,Yo soy de la comunidad valenciana y ni siquiera de una capital xD,2,1671116299.0,4.0,Yo soy de la comunidad valenciana y ni siquiera de una capital xD,https://www.reddit.com/r/spain/comments/zmkypt/acudid_a_donar_sangre_quien_pueda_hace_falta/,2022-12-15 14:58:19+00:00,reddit_comments.csv,reddit,,2022-12-15,0,0,Yo soy de la comunidad valenciana y ni siquiera de una capital xD,
j0dyibq,Hace unos meses había donaciones en mi universidad y quería ir ahora que tengo 18 pero resulta que no llego al peso.,1,1671145702.0,4.0,Hace unos meses había donaciones en mi universidad y quería ir ahora que tengo 18 pero resulta que no llego al peso.,https://www.reddit.com/r/spain/comments/zmkypt/acudid_a_donar_sangre_quien_pueda_hace_falta/,2022-12-15 23:08:22+00:00,reddit_comments.csv,reddit,,2022-12-15,0,0,Hace unos meses había donaciones en mi universidad y quería ir ahora que tengo 18 pero resulta que no llego al peso.,
j0bxqzj,A mi me dieron un sandwich la ultima vez y no he vuelto. Bocadillo o huelga,2,1671117410.0,3.0,A mi me dieron un sandwich la ultima vez y no he vuelto. Bocadillo o huelga,https://www.reddit.com/r/spain/comments/zmkypt/acudid_a_donar_sangre_quien_pueda_hace_falta/,2022-12-15 15:16:50+00:00,reddit_comments.csv,reddit,,2022-12-15,0,0,A mi me dieron un sandwich la ultima vez y no he vuelto. Bocadillo o huelga,
j0carzh,"Siii, cuando done me dieron una caja con agua, galletas, zumo y un bocata.

Además de un hub USB que sigo usando a día de hoy y una botellita de cristal con funda ambos con el logo del centro de transfusiones.",1,1671122517.0,3.0,"Siii, cuando done me dieron una caja con agua, galletas, zumo y un bocata.

Además de un hub USB que sigo usando a día de hoy y una botellita de cristal con funda ambos con el logo del centro de transfusiones.",https://www.reddit.com/r/spain/comments/zmkypt/acudid_a_donar_sangre_quien_pueda_hace_falta/,2022-12-15 16:41:57+00:00,reddit_comments.csv,reddit,,2022-12-15,0,0,"Siii, cuando done me dieron una caja con agua, galletas, zumo y un bocata. Además de un hub USB que sigo usando a día de hoy y una botellita de cristal con funda ambos con el logo del centro de transfusiones.",
j0fo9yh,En Málaga zumo y bollería malos,1,1671177987.0,3.0,En Málaga zumo y bollería malos,https://www.reddit.com/r/spain/comments/zmkypt/acudid_a_donar_sangre_quien_pueda_hace_falta/,2022-12-16 08:06:27+00:00,reddit_comments.csv,reddit,,2022-12-16,0,0,En Málaga zumo y bollería malos,
j0bxop7,en salamanca ponen sandwiches de esos cutres del mercadona,4,1671117384.0,2.0,en salamanca ponen sandwiches de esos cutres del mercadona,https://www.reddit.com/r/spain/comments/zmkypt/acudid_a_donar_sangre_quien_pueda_hace_falta/,2022-12-15 15:16:24+00:00,reddit_comments.csv,reddit,,2022-12-15,0,0,en salamanca ponen sandwiches de esos cutres del mercadona,
j0bzpmn,"La última vez que fui, hace cosa de un mes, habia de estos. Espero que sea cosa de un dia o me tendre que llevar mi propia merienda",1,1671118194.0,3.0,"La última vez que fui, hace cosa de un mes, habia de estos. Espero que sea cosa de un dia o me tendre que llevar mi propia merienda",https://www.reddit.com/r/spain/comments/zmkypt/acudid_a_donar_sangre_quien_pueda_hace_falta/,2022-12-15 15:29:54+00:00,reddit_comments.csv,reddit,,2022-12-15,0,0,"La última vez que fui, hace cosa de un mes, habia de estos. Espero que sea cosa de un dia o me tendre que llevar mi propia merienda",
j0c07az,"llevo sin ir desde la pandemia. Pero en salamanca solo he visto de esos durante años, no se en otros sitios",1,1671118393.0,4.0,"llevo sin ir desde la pandemia. Pero en salamanca solo he visto de esos durante años, no se en otros sitios",https://www.reddit.com/r/spain/comments/zmkypt/acudid_a_donar_sangre_quien_pueda_hace_falta/,2022-12-15 15:33:13+00:00,reddit_comments.csv,reddit,,2022-12-15,0,0,"llevo sin ir desde la pandemia. Pero en salamanca solo he visto de esos durante años, no se en otros sitios",
j0d0ssw,Te entiendo si al menos fueran gourmet. Es broma.,1,1671132465.0,3.0,Te entiendo si al menos fueran gourmet. Es broma.,https://www.reddit.com/r/spain/comments/zmkypt/acudid_a_donar_sangre_quien_pueda_hace_falta/,2022-12-15 19:27:45+00:00,reddit_comments.csv,reddit,,2022-12-15,0,0,Te entiendo si al menos fueran gourmet. Es broma.,
j0c5ngp,En mi comunidad son munchitos (bolsas de patatas fritas) chocolatinas y frutos secos. Luego agua y zumo. Y son súper generosos te dejan cuanto necesites.,2,1671120529.0,2.0,En mi comunidad son munchitos (bolsas de patatas fritas) chocolatinas y frutos secos. Luego agua y zumo. Y son súper generosos te dejan cuanto necesites.,https://www.reddit.com/r/spain/comments/zmkypt/acudid_a_donar_sangre_quien_pueda_hace_falta/,2022-12-15 16:08:49+00:00,reddit_comments.csv,reddit,,2022-12-15,0,0,En mi comunidad son munchitos (bolsas de patatas fritas) chocolatinas y frutos secos. Luego agua y zumo. Y son súper generosos te dejan cuanto necesites.,
j0cad0t,Que va tio! La ultima vez que done en La Fe me dieron orxata y fartons (cutrecillos claro pero que valenciano dice que no a una orxata?)  =),1,1671122359.0,2.0,Que va tio! La ultima vez que done en La Fe me dieron orxata y fartons (cutrecillos claro pero que valenciano dice que no a una orxata?)  =),https://www.reddit.com/r/spain/comments/zmkypt/acudid_a_donar_sangre_quien_pueda_hace_falta/,2022-12-15 16:39:19+00:00,reddit_comments.csv,reddit,,2022-12-15,0,0,Que va tio! La ultima vez que done en La Fe me dieron orxata y fartons (cutrecillos claro pero que valenciano dice que no a una orxata?) =),
j0cxczg,Bocata tal vez no es tan común pero a mi siempre me han dado a elegir entre patatas un bollo y cosas así y me han hecho comermelo antes de poder irme.,1,1671131123.0,2.0,Bocata tal vez no es tan común pero a mi siempre me han dado a elegir entre patatas un bollo y cosas así y me han hecho comermelo antes de poder irme.,https://www.reddit.com/r/spain/comments/zmkypt/acudid_a_donar_sangre_quien_pueda_hace_falta/,2022-12-15 19:05:23+00:00,reddit_comments.csv,reddit,,2022-12-15,0,0,Bocata tal vez no es tan común pero a mi siempre me han dado a elegir entre patatas un bollo y cosas así y me han hecho comermelo antes de poder irme.,
j0fgoz2,Fui hace pocos meses a donar y me dieron un zumo y un bocadillo.,1,1671172263.0,2.0,Fui hace pocos meses a donar y me dieron un zumo y un bocadillo.,https://www.reddit.com/r/spain/comments/zmkypt/acudid_a_donar_sangre_quien_pueda_hace_falta/,2022-12-16 06:31:03+00:00,reddit_comments.csv,reddit,,2022-12-16,0,0,Fui hace pocos meses a donar y me dieron un zumo y un bocadillo.,
j0fuuxu,"En Galicia el otro día me dieron un bocadillo de jamón de puta madre, y como me quedé con hambre le pedí al tío otro y me lo dio también. Y eso junto con un par de aquarius y una bolsa (fea de cojones por cierto)",1,1671183536.0,2.0,"En Galicia el otro día me dieron un bocadillo de jamón de puta madre, y como me quedé con hambre le pedí al tío otro y me lo dio también. Y eso junto con un par de aquarius y una bolsa (fea de cojones por cierto)",https://www.reddit.com/r/spain/comments/zmkypt/acudid_a_donar_sangre_quien_pueda_hace_falta/,2022-12-16 09:38:56+00:00,reddit_comments.csv,reddit,,2022-12-16,0,0,"En Galicia el otro día me dieron un bocadillo de jamón de puta madre, y como me quedé con hambre le pedí al tío otro y me lo dio también. Y eso junto con un par de aquarius y una bolsa (fea de cojones por cierto)",
j0fwjdx,"Tendré que irme a Galicia entonces, también hacia mas frio, no?",1,1671185009.0,3.0,"Tendré que irme a Galicia entonces, también hacia mas frio, no?",https://www.reddit.com/r/spain/comments/zmkypt/acudid_a_donar_sangre_quien_pueda_hace_falta/,2022-12-16 10:03:29+00:00,reddit_comments.csv,reddit,,2022-12-16,0,0,"Tendré que irme a Galicia entonces, también hacia mas frio, no?",
j0go93j,"Sí, eso sí, pero en verano se está aceptable y no mueres de calor",1,1671201863.0,4.0,"Sí, eso sí, pero en verano se está aceptable y no mueres de calor",https://www.reddit.com/r/spain/comments/zmkypt/acudid_a_donar_sangre_quien_pueda_hace_falta/,2022-12-16 14:44:23+00:00,reddit_comments.csv,reddit,,2022-12-16,0,0,"Sí, eso sí, pero en verano se está aceptable y no mueres de calor",
j0bqji4,Tengo curiosidad. ¿Por qué el tiempo de espera entre donaciones en hombres es 3 meses y las mujeres 4?,2,1671114345.0,1.0,Tengo curiosidad. ¿Por qué el tiempo de espera entre donaciones en hombres es 3 meses y las mujeres 4?,https://www.reddit.com/r/spain/comments/zmkypt/acudid_a_donar_sangre_quien_pueda_hace_falta/,2022-12-15 14:25:45+00:00,reddit_comments.csv,reddit,,2022-12-15,0,0,Tengo curiosidad. ¿Por qué el tiempo de espera entre donaciones en hombres es 3 meses y las mujeres 4?,
j0bvbmi,"[Fuente](https://www.donarsangre.org/todo-sobre-la-sangre/preguntas-frecuentes/)

""¿Con qué frecuencia se puede donar sangre?

Se puede donar sangre con un intervalo mínimo de 2 meses. Los hombres pueden donar hasta 4 veces en un año natural, y las mujeres 3. Esta diferencia no es discriminación, sino para compensar las pérdidas que tienen las mujeres por la regla.""",21,1671116403.0,2.0,"[Fuente](https://www.donarsangre.org/todo-sobre-la-sangre/preguntas-frecuentes/)

""¿Con qué frecuencia se puede donar sangre?

Se puede donar sangre con un intervalo mínimo de 2 meses. Los hombres pueden donar hasta 4 veces en un año natural, y las mujeres 3. Esta diferencia no es discriminación, sino para compensar las pérdidas que tienen las mujeres por la regla.""",https://www.reddit.com/r/spain/comments/zmkypt/acudid_a_donar_sangre_quien_pueda_hace_falta/,2022-12-15 15:00:03+00:00,reddit_comments.csv,reddit,,2022-12-15,0,0,"[Fuente](https://www.donarsangre.org/todo-sobre-la-sangre/preguntas-frecuentes/) ""¿Con qué frecuencia se puede donar sangre? Se puede donar sangre con un intervalo mínimo de 2 meses. Los hombres pueden donar hasta 4 veces en un año natural, y las mujeres 3. Esta diferencia no es discriminación, sino para compensar las pérdidas que tienen las mujeres por la regla.""",
j0bve70,a,2,1671116434.0,3.0,a,https://www.reddit.com/r/spain/comments/zmkypt/acudid_a_donar_sangre_quien_pueda_hace_falta/,2022-12-15 15:00:34+00:00,reddit_comments.csv,reddit,,2022-12-15,0,0,a,
j0cnk2k,Por el maldito hetero-patriarcado,0,1671127364.0,2.0,Por el maldito hetero-patriarcado,https://www.reddit.com/r/spain/comments/zmkypt/acudid_a_donar_sangre_quien_pueda_hace_falta/,2022-12-15 18:02:44+00:00,reddit_comments.csv,reddit,,2022-12-15,0,0,Por el maldito hetero-patriarcado,
j0dxu2r,Pregunta seria. El sexo con condón con alguien que no es tu pareja habitual cuenta como relación de riesgo y por lo tanto descalifica a la hora de donar?,2,1671145418.0,1.0,Pregunta seria. El sexo con condón con alguien que no es tu pareja habitual cuenta como relación de riesgo y por lo tanto descalifica a la hora de donar?,https://www.reddit.com/r/spain/comments/zmkypt/acudid_a_donar_sangre_quien_pueda_hace_falta/,2022-12-15 23:03:38+00:00,reddit_comments.csv,reddit,,2022-12-15,0,0,Pregunta seria. El sexo con condón con alguien que no es tu pareja habitual cuenta como relación de riesgo y por lo tanto descalifica a la hora de donar?,
j0dyx0t,"Si no recuerdo mal, la pregunta al respecto (hay un listado antes de donar con unas 15 preguntas de respuesta si/no) es si has tenido relaciones sexuales SIN protección con alguien que no es tu pareja habitual, el sexo con condón te permitiría donar. La verdad es que no la recuerdo muy bien porque como se que esa no la he incumplido ni me la leo, pero estoy bastante convencido.",4,1671145878.0,2.0,"Si no recuerdo mal, la pregunta al respecto (hay un listado antes de donar con unas 15 preguntas de respuesta si/no) es si has tenido relaciones sexuales SIN protección con alguien que no es tu pareja habitual, el sexo con condón te permitiría donar. La verdad es que no la recuerdo muy bien porque como se que esa no la he incumplido ni me la leo, pero estoy bastante convencido.",https://www.reddit.com/r/spain/comments/zmkypt/acudid_a_donar_sangre_quien_pueda_hace_falta/,2022-12-15 23:11:18+00:00,reddit_comments.csv,reddit,,2022-12-15,0,0,"Si no recuerdo mal, la pregunta al respecto (hay un listado antes de donar con unas 15 preguntas de respuesta si/no) es si has tenido relaciones sexuales SIN protección con alguien que no es tu pareja habitual, el sexo con condón te permitiría donar. La verdad es que no la recuerdo muy bien porque como se que esa no la he incumplido ni me la leo, pero estoy bastante convencido.",
j0e1xj8,"Bueno es saberlo, la verdad que estaba evitando donar por no tener pareja",1,1671147161.0,3.0,"Bueno es saberlo, la verdad que estaba evitando donar por no tener pareja",https://www.reddit.com/r/spain/comments/zmkypt/acudid_a_donar_sangre_quien_pueda_hace_falta/,2022-12-15 23:32:41+00:00,reddit_comments.csv,reddit,,2022-12-15,0,0,"Bueno es saberlo, la verdad que estaba evitando donar por no tener pareja",
j0fvfzo,Yo voy con frecuencia y te confirmo que lo que se pregunta es si has tenido relaciones SIN protección.,2,1671184057.0,4.0,Yo voy con frecuencia y te confirmo que lo que se pregunta es si has tenido relaciones SIN protección.,https://www.reddit.com/r/spain/comments/zmkypt/acudid_a_donar_sangre_quien_pueda_hace_falta/,2022-12-16 09:47:37+00:00,reddit_comments.csv,reddit,,2022-12-16,0,0,Yo voy con frecuencia y te confirmo que lo que se pregunta es si has tenido relaciones SIN protección.,
j0fw4xy,¿Pero no hacen ya un análisis de la sangre una vez extraida para ver si hay infecciones?,1,1671184656.0,2.0,¿Pero no hacen ya un análisis de la sangre una vez extraida para ver si hay infecciones?,https://www.reddit.com/r/spain/comments/zmkypt/acudid_a_donar_sangre_quien_pueda_hace_falta/,2022-12-16 09:57:36+00:00,reddit_comments.csv,reddit,,2022-12-16,0,0,¿Pero no hacen ya un análisis de la sangre una vez extraida para ver si hay infecciones?,
j0g0vq5,"Según tengo entendido si, y en caso de tener alguna ETS u otra enfermedad te avisarían. Pero aún así se desaconseja donar si sabes que hay riesgo, quizás por logística? Eso no lo sé",1,1671188652.0,3.0,"Según tengo entendido si, y en caso de tener alguna ETS u otra enfermedad te avisarían. Pero aún así se desaconseja donar si sabes que hay riesgo, quizás por logística? Eso no lo sé",https://www.reddit.com/r/spain/comments/zmkypt/acudid_a_donar_sangre_quien_pueda_hace_falta/,2022-12-16 11:04:12+00:00,reddit_comments.csv,reddit,,2022-12-16,0,0,"Según tengo entendido si, y en caso de tener alguna ETS u otra enfermedad te avisarían. Pero aún así se desaconseja donar si sabes que hay riesgo, quizás por logística? Eso no lo sé",
j0bpuuj,[removed],18,1671114041.0,0.0,[removed],https://www.reddit.com/r/spain/comments/zmkypt/acudid_a_donar_sangre_quien_pueda_hace_falta/,2022-12-15 14:20:41+00:00,reddit_comments.csv,reddit,,2022-12-15,0,0,[removed],
j0ce5i5,"Yo no puedo porque vivía en Reino Unido durante los años 90s. :(

Pero, sí, tienes que tener al menos 18 años.",14,1671123792.0,1.0,"Yo no puedo porque vivía en Reino Unido durante los años 90s. :(

Pero, sí, tienes que tener al menos 18 años.",https://www.reddit.com/r/spain/comments/zmkypt/acudid_a_donar_sangre_quien_pueda_hace_falta/,2022-12-15 17:03:12+00:00,reddit_comments.csv,reddit,,2022-12-15,0,0,"Yo no puedo porque vivía en Reino Unido durante los años 90s. :( Pero, sí, tienes que tener al menos 18 años.",
j0cqwfl,"Anda, y eso? Es por lo de las vacas locas o algo así?",9,1671128647.0,2.0,"Anda, y eso? Es por lo de las vacas locas o algo así?",https://www.reddit.com/r/spain/comments/zmkypt/acudid_a_donar_sangre_quien_pueda_hace_falta/,2022-12-15 18:24:07+00:00,reddit_comments.csv,reddit,,2022-12-15,0,0,"Anda, y eso? Es por lo de las vacas locas o algo así?",
j0cs7s5,"&gt;las vacas locas

Exacto eso.

&gt; Enfermedad de Creutzfeld-Jacob. Las personas que hayan residido por un periodo acumulativo de 1 año en Reino Unido en el periodo 1980-1996.

https://www.comunidad.madrid/servicios/salud/donacion-sangre",14,1671129149.0,3.0,"&gt;las vacas locas

Exacto eso.

&gt; Enfermedad de Creutzfeld-Jacob. Las personas que hayan residido por un periodo acumulativo de 1 año en Reino Unido en el periodo 1980-1996.

https://www.comunidad.madrid/servicios/salud/donacion-sangre",https://www.reddit.com/r/spain/comments/zmkypt/acudid_a_donar_sangre_quien_pueda_hace_falta/,2022-12-15 18:32:29+00:00,reddit_comments.csv,reddit,,2022-12-15,0,0,&gt;las vacas locas Exacto eso. &gt; Enfermedad de Creutzfeld-Jacob. Las personas que hayan residido por un periodo acumulativo de 1 año en Reino Unido en el periodo 1980-1996. https://www.comunidad.madrid/servicios/salud/donacion-sangre,
j0cun2e,"Yo también, es una lástima que no nos permiten donar sangre 😪",3,1671130076.0,2.0,"Yo también, es una lástima que no nos permiten donar sangre 😪",https://www.reddit.com/r/spain/comments/zmkypt/acudid_a_donar_sangre_quien_pueda_hace_falta/,2022-12-15 18:47:56+00:00,reddit_comments.csv,reddit,,2022-12-15,0,0,"Yo también, es una lástima que no nos permiten donar sangre",😪
j0c5fqu,"Me llamaron de la red transfusional de Canarias para donar que era necesaria mi sangre por ser ""valiosa"" (0+), me concertaron cita en un centro de mayores pero he acudido ya dos veces y me lo encuentro cerrado. Se ve que la persona que comunican conmigo no es local y se equivocan con los puntos de donación. Estoy esperando a ver el puesto ambulante pero parece que no quieren que done :(",18,1671120446.0,0.0,"Me llamaron de la red transfusional de Canarias para donar que era necesaria mi sangre por ser ""valiosa"" (0+), me concertaron cita en un centro de mayores pero he acudido ya dos veces y me lo encuentro cerrado. Se ve que la persona que comunican conmigo no es local y se equivocan con los puntos de donación. Estoy esperando a ver el puesto ambulante pero parece que no quieren que done :(",https://www.reddit.com/r/spain/comments/zmkypt/acudid_a_donar_sangre_quien_pueda_hace_falta/,2022-12-15 16:07:26+00:00,reddit_comments.csv,reddit,,2022-12-15,0,0,"Me llamaron de la red transfusional de Canarias para donar que era necesaria mi sangre por ser ""valiosa"" (0+), me concertaron cita en un centro de mayores pero he acudido ya dos veces y me lo encuentro cerrado. Se ve que la persona que comunican conmigo no es local y se equivocan con los puntos de donación. Estoy esperando a ver el puesto ambulante pero parece que no quieren que done :(",
j0cds86,Vete a un hospital o pregunta en un centro de salud.,11,1671123647.0,1.0,Vete a un hospital o pregunta en un centro de salud.,https://www.reddit.com/r/spain/comments/zmkypt/acudid_a_donar_sangre_quien_pueda_hace_falta/,2022-12-15 17:00:47+00:00,reddit_comments.csv,reddit,,2022-12-15,0,0,Vete a un hospital o pregunta en un centro de salud.,
j0chd0m,Eso haré en cuanto vuelva a mi localidad gracias,4,1671125015.0,2.0,Eso haré en cuanto vuelva a mi localidad gracias,https://www.reddit.com/r/spain/comments/zmkypt/acudid_a_donar_sangre_quien_pueda_hace_falta/,2022-12-15 17:23:35+00:00,reddit_comments.csv,reddit,,2022-12-15,0,0,Eso haré en cuanto vuelva a mi localidad gracias,
j0d5hp9,[Aquí](https://efectodonacion.com/) tienes un montón de información. Y sino en la página del gobierno de Canarias también tienes dónde estará el punto itinerante. Ahora puedes hasta pedir cita y no pillas cola.,4,1671134270.0,1.0,[Aquí](https://efectodonacion.com/) tienes un montón de información. Y sino en la página del gobierno de Canarias también tienes dónde estará el punto itinerante. Ahora puedes hasta pedir cita y no pillas cola.,https://www.reddit.com/r/spain/comments/zmkypt/acudid_a_donar_sangre_quien_pueda_hace_falta/,2022-12-15 19:57:50+00:00,reddit_comments.csv,reddit,,2022-12-15,0,0,[Aquí](https://efectodonacion.com/) tienes un montón de información. Y sino en la página del gobierno de Canarias también tienes dónde estará el punto itinerante. Ahora puedes hasta pedir cita y no pillas cola.,
j0dfqt6,"He pedido cita anteriormente, lo que me obligan a ir a la capital a hacerlo y no estoy muy disponible para hacer ese trayecto, pero estaré al loro de la unidad móvil gracias.",1,1671138184.0,2.0,"He pedido cita anteriormente, lo que me obligan a ir a la capital a hacerlo y no estoy muy disponible para hacer ese trayecto, pero estaré al loro de la unidad móvil gracias.",https://www.reddit.com/r/spain/comments/zmkypt/acudid_a_donar_sangre_quien_pueda_hace_falta/,2022-12-15 21:03:04+00:00,reddit_comments.csv,reddit,,2022-12-15,0,0,"He pedido cita anteriormente, lo que me obligan a ir a la capital a hacerlo y no estoy muy disponible para hacer ese trayecto, pero estaré al loro de la unidad móvil gracias.",
j0fipq8,"Si por casualidad estás en Las Palmas en el Hospital Negrín tienen un punto de donación de sangre en una de sus plantas, me enteré hace poco menos de un mes mientras visitaba a un familiar ingresado y aproveché para donar. No sé si sigue activo pero tenían hasta unas flechas por el suelo del hospital que te guiaban osea que dudo que fuera cosa de una semana pero no estoy seguro.",1,1671173705.0,1.0,"Si por casualidad estás en Las Palmas en el Hospital Negrín tienen un punto de donación de sangre en una de sus plantas, me enteré hace poco menos de un mes mientras visitaba a un familiar ingresado y aproveché para donar. No sé si sigue activo pero tenían hasta unas flechas por el suelo del hospital que te guiaban osea que dudo que fuera cosa de una semana pero no estoy seguro.",https://www.reddit.com/r/spain/comments/zmkypt/acudid_a_donar_sangre_quien_pueda_hace_falta/,2022-12-16 06:55:05+00:00,reddit_comments.csv,reddit,,2022-12-16,0,0,"Si por casualidad estás en Las Palmas en el Hospital Negrín tienen un punto de donación de sangre en una de sus plantas, me enteré hace poco menos de un mes mientras visitaba a un familiar ingresado y aproveché para donar. No sé si sigue activo pero tenían hasta unas flechas por el suelo del hospital que te guiaban osea que dudo que fuera cosa de una semana pero no estoy seguro.",
j0ce4e5,"Te juro por dios que yo quiero donar, pero peso muy poco para hacerlo, no es la primera vez q hago cola de 30 min para que me saquen sangre y q me digan q lo sienten mucho pero que no pueden por mi peso",12,1671123780.0,0.0,"Te juro por dios que yo quiero donar, pero peso muy poco para hacerlo, no es la primera vez q hago cola de 30 min para que me saquen sangre y q me digan q lo sienten mucho pero que no pueden por mi peso",https://www.reddit.com/r/spain/comments/zmkypt/acudid_a_donar_sangre_quien_pueda_hace_falta/,2022-12-15 17:03:00+00:00,reddit_comments.csv,reddit,,2022-12-15,0,0,"Te juro por dios que yo quiero donar, pero peso muy poco para hacerlo, no es la primera vez q hago cola de 30 min para que me saquen sangre y q me digan q lo sienten mucho pero que no pueden por mi peso",
j0cup92,"me pasa lo mismo, ademas la tension, debes tener 9 de maxima como poco, y yo siempre ando entorno a ese numero

&amp;#x200B;

Los medicos me dicen q no puedo donar, pero las veces q estoy en 9.5 no me psaa nunca nada

&amp;#x200B;

Podrian en todo caso poner una donacion de la mitad para estos casos digo yo",6,1671130099.0,1.0,"me pasa lo mismo, ademas la tension, debes tener 9 de maxima como poco, y yo siempre ando entorno a ese numero

&amp;#x200B;

Los medicos me dicen q no puedo donar, pero las veces q estoy en 9.5 no me psaa nunca nada

&amp;#x200B;

Podrian en todo caso poner una donacion de la mitad para estos casos digo yo",https://www.reddit.com/r/spain/comments/zmkypt/acudid_a_donar_sangre_quien_pueda_hace_falta/,2022-12-15 18:48:19+00:00,reddit_comments.csv,reddit,,2022-12-15,0,0,"me pasa lo mismo, ademas la tension, debes tener 9 de maxima como poco, y yo siempre ando entorno a ese numero &amp;#x200B; Los medicos me dicen q no puedo donar, pero las veces q estoy en 9.5 no me psaa nunca nada &amp;#x200B; Podrian en todo caso poner una donacion de la mitad para estos casos digo yo",
j0d77v3,"Las bolsas son siempre del mismo tamaño y no pueden sacarte más del 10% de tu sangre. Creo que deberían tener bolsas también para gente fina que no llegue a los 50kg, pero por algún motivo no lo hacen.",3,1671134931.0,1.0,"Las bolsas son siempre del mismo tamaño y no pueden sacarte más del 10% de tu sangre. Creo que deberían tener bolsas también para gente fina que no llegue a los 50kg, pero por algún motivo no lo hacen.",https://www.reddit.com/r/spain/comments/zmkypt/acudid_a_donar_sangre_quien_pueda_hace_falta/,2022-12-15 20:08:51+00:00,reddit_comments.csv,reddit,,2022-12-15,0,0,"Las bolsas son siempre del mismo tamaño y no pueden sacarte más del 10% de tu sangre. Creo que deberían tener bolsas también para gente fina que no llegue a los 50kg, pero por algún motivo no lo hacen.",
j0obnxn,Cual es el peso mínimo?,1,1671338357.0,1.0,Cual es el peso mínimo?,https://www.reddit.com/r/spain/comments/zmkypt/acudid_a_donar_sangre_quien_pueda_hace_falta/,2022-12-18 04:39:17+00:00,reddit_comments.csv,reddit,,2022-12-18,0,0,Cual es el peso mínimo?,
j0ck473,"A mi no me dejan porque me medico, y me da rabia, me gustaría devolver las 15 bolsas que me pusieron a mi cuando tuve en accidente en 2008… son muchas bolsas no? Creo que alguien exageraba cuando me lo contaron… o no, que sabré yo!",11,1671126059.0,0.0,"A mi no me dejan porque me medico, y me da rabia, me gustaría devolver las 15 bolsas que me pusieron a mi cuando tuve en accidente en 2008… son muchas bolsas no? Creo que alguien exageraba cuando me lo contaron… o no, que sabré yo!",https://www.reddit.com/r/spain/comments/zmkypt/acudid_a_donar_sangre_quien_pueda_hace_falta/,2022-12-15 17:40:59+00:00,reddit_comments.csv,reddit,,2022-12-15,0,0,"A mi no me dejan porque me medico, y me da rabia, me gustaría devolver las 15 bolsas que me pusieron a mi cuando tuve en accidente en 2008… son muchas bolsas no? Creo que alguien exageraba cuando me lo contaron… o no, que sabré yo!",
j0ccu67,"Por desgracia, me gustaría donar sangre pero, porque soy de Irlanda y viví allí durante la epidemia de la enfermedad de las “vacas locas”, no me dejen.",9,1671123292.0,0.0,"Por desgracia, me gustaría donar sangre pero, porque soy de Irlanda y viví allí durante la epidemia de la enfermedad de las “vacas locas”, no me dejen.",https://www.reddit.com/r/spain/comments/zmkypt/acudid_a_donar_sangre_quien_pueda_hace_falta/,2022-12-15 16:54:52+00:00,reddit_comments.csv,reddit,,2022-12-15,0,0,"Por desgracia, me gustaría donar sangre pero, porque soy de Irlanda y viví allí durante la epidemia de la enfermedad de las “vacas locas”, no me dejen.",
j0c2p0a,"En Galicia suelen venir cada año a dar charlas sobre donar sangre y con el bus para quien quiera donar, está bastante bien que hagan cosas así por que muchas personas (o por lo menos donde estudio) se ofrecen a donar",6,1671119371.0,0.0,"En Galicia suelen venir cada año a dar charlas sobre donar sangre y con el bus para quien quiera donar, está bastante bien que hagan cosas así por que muchas personas (o por lo menos donde estudio) se ofrecen a donar",https://www.reddit.com/r/spain/comments/zmkypt/acudid_a_donar_sangre_quien_pueda_hace_falta/,2022-12-15 15:49:31+00:00,reddit_comments.csv,reddit,,2022-12-15,0,0,"En Galicia suelen venir cada año a dar charlas sobre donar sangre y con el bus para quien quiera donar, está bastante bien que hagan cosas así por que muchas personas (o por lo menos donde estudio) se ofrecen a donar",
j0cagu6,"La última vez que fui no me dejaron porque tenía la tensión muy alta :/

A LA MIERDA LOS MAREOS DEJADME DONAR MI PUTA SANGRE AAAAAAAAAAAA",6,1671122399.0,0.0,"La última vez que fui no me dejaron porque tenía la tensión muy alta :/

A LA MIERDA LOS MAREOS DEJADME DONAR MI PUTA SANGRE AAAAAAAAAAAA",https://www.reddit.com/r/spain/comments/zmkypt/acudid_a_donar_sangre_quien_pueda_hace_falta/,2022-12-15 16:39:59+00:00,reddit_comments.csv,reddit,,2022-12-15,0,0,La última vez que fui no me dejaron porque tenía la tensión muy alta :/ A LA MIERDA LOS MAREOS DEJADME DONAR MI PUTA SANGRE AAAAAAAAAAAA,
j0bkpbn,Quiero donar y mi pueblo solo hace colectas cada 4 meses :(,5,1671111643.0,0.0,Quiero donar y mi pueblo solo hace colectas cada 4 meses :(,https://www.reddit.com/r/spain/comments/zmkypt/acudid_a_donar_sangre_quien_pueda_hace_falta/,2022-12-15 13:40:43+00:00,reddit_comments.csv,reddit,,2022-12-15,0,0,Quiero donar y mi pueblo solo hace colectas cada 4 meses :(,
j0bworq,A mí me llamaron hoy porque va a estar la unidad móvil por aquí pero no puedo por haber tomado antibióticos 😓. Esperemos que se anime mucha gente.,6,1671116977.0,0.0,A mí me llamaron hoy porque va a estar la unidad móvil por aquí pero no puedo por haber tomado antibióticos 😓. Esperemos que se anime mucha gente.,https://www.reddit.com/r/spain/comments/zmkypt/acudid_a_donar_sangre_quien_pueda_hace_falta/,2022-12-15 15:09:37+00:00,reddit_comments.csv,reddit,,2022-12-15,0,0,A mí me llamaron hoy porque va a estar la unidad móvil por aquí pero no puedo por haber tomado antibióticos . Esperemos que se anime mucha gente.,😓
j0cpwbd,"Incluso si a alguien le interesa el tema, podéis preguntar por donar por aféresis. Es un proceso lento, tardas una hora (o algo más o algo menos) y la clave del asunto es que te sacan la sangre separando sus componentes. A mi me lo ofrecieron en mi centro. La mejor parte es que te sacan lo que necesitan y te devuelven el resto, así que puedes hacerlo cada 2 meses. 

Creo que no lo he explicado del todo bien, pero bueno, ahí tenéis algo de información.",4,1671128268.0,0.0,"Incluso si a alguien le interesa el tema, podéis preguntar por donar por aféresis. Es un proceso lento, tardas una hora (o algo más o algo menos) y la clave del asunto es que te sacan la sangre separando sus componentes. A mi me lo ofrecieron en mi centro. La mejor parte es que te sacan lo que necesitan y te devuelven el resto, así que puedes hacerlo cada 2 meses. 

Creo que no lo he explicado del todo bien, pero bueno, ahí tenéis algo de información.",https://www.reddit.com/r/spain/comments/zmkypt/acudid_a_donar_sangre_quien_pueda_hace_falta/,2022-12-15 18:17:48+00:00,reddit_comments.csv,reddit,,2022-12-15,0,0,"Incluso si a alguien le interesa el tema, podéis preguntar por donar por aféresis. Es un proceso lento, tardas una hora (o algo más o algo menos) y la clave del asunto es que te sacan la sangre separando sus componentes. A mi me lo ofrecieron en mi centro. La mejor parte es que te sacan lo que necesitan y te devuelven el resto, así que puedes hacerlo cada 2 meses. Creo que no lo he explicado del todo bien, pero bueno, ahí tenéis algo de información.",
j0ccwzj,"Tengo hemocromatosis, no puedo donar. Antes de donar, preguntaos si podéis.",3,1671123321.0,0.0,"Tengo hemocromatosis, no puedo donar. Antes de donar, preguntaos si podéis.",https://www.reddit.com/r/spain/comments/zmkypt/acudid_a_donar_sangre_quien_pueda_hace_falta/,2022-12-15 16:55:21+00:00,reddit_comments.csv,reddit,,2022-12-15,0,0,"Tengo hemocromatosis, no puedo donar. Antes de donar, preguntaos si podéis.",
j0clk9d,Mejor le dejo ese trabajo a los médicos y enfermeros...,7,1671126604.0,1.0,Mejor le dejo ese trabajo a los médicos y enfermeros...,https://www.reddit.com/r/spain/comments/zmkypt/acudid_a_donar_sangre_quien_pueda_hace_falta/,2022-12-15 17:50:04+00:00,reddit_comments.csv,reddit,,2022-12-15,0,0,Mejor le dejo ese trabajo a los médicos y enfermeros...,
j0dzs7g,"Por un bocata,un zumo,y posiblemente salvarle la vida indirectamente a alguien,lo hago de una",3,1671146252.0,0.0,"Por un bocata,un zumo,y posiblemente salvarle la vida indirectamente a alguien,lo hago de una",https://www.reddit.com/r/spain/comments/zmkypt/acudid_a_donar_sangre_quien_pueda_hace_falta/,2022-12-15 23:17:32+00:00,reddit_comments.csv,reddit,,2022-12-15,0,0,"Por un bocata,un zumo,y posiblemente salvarle la vida indirectamente a alguien,lo hago de una",
j0easd3,"Hemofilico aquí, donad por favor",3,1671150953.0,0.0,"Hemofilico aquí, donad por favor",https://www.reddit.com/r/spain/comments/zmkypt/acudid_a_donar_sangre_quien_pueda_hace_falta/,2022-12-16 00:35:53+00:00,reddit_comments.csv,reddit,,2022-12-16,0,0,"Hemofilico aquí, donad por favor",
j0cpkzf,A mí no me dejan porque no llego al peso mínimo 😞,2,1671128148.0,0.0,A mí no me dejan porque no llego al peso mínimo 😞,https://www.reddit.com/r/spain/comments/zmkypt/acudid_a_donar_sangre_quien_pueda_hace_falta/,2022-12-15 18:15:48+00:00,reddit_comments.csv,reddit,,2022-12-15,0,0,A mí no me dejan porque no llego al peso mínimo,😞
j0cua41,Cuál es? Hombre o mujer?,1,1671129941.0,1.0,Cuál es? Hombre o mujer?,https://www.reddit.com/r/spain/comments/zmkypt/acudid_a_donar_sangre_quien_pueda_hace_falta/,2022-12-15 18:45:41+00:00,reddit_comments.csv,reddit,,2022-12-15,0,0,Cuál es? Hombre o mujer?,
j0cxxd2,Mujer,0,1671131342.0,2.0,Mujer,https://www.reddit.com/r/spain/comments/zmkypt/acudid_a_donar_sangre_quien_pueda_hace_falta/,2022-12-15 19:09:02+00:00,reddit_comments.csv,reddit,,2022-12-15,0,0,Mujer,
j0cr51y,"O-
Años donando y pensando que era una rara avis y resulta que aquí (Asturias) hay una gran proporción de O- respecto a otras provincias/comunidades.",2,1671128737.0,0.0,"O-
Años donando y pensando que era una rara avis y resulta que aquí (Asturias) hay una gran proporción de O- respecto a otras provincias/comunidades.",https://www.reddit.com/r/spain/comments/zmkypt/acudid_a_donar_sangre_quien_pueda_hace_falta/,2022-12-15 18:25:37+00:00,reddit_comments.csv,reddit,,2022-12-15,0,0,O- Años donando y pensando que era una rara avis y resulta que aquí (Asturias) hay una gran proporción de O- respecto a otras provincias/comunidades.,
j0d6xlm,"No puedo porque estuve hace tres semanas, pero lo he visto y están todos los grupos bajísimos. Chicos, animaos. Es un momento, y te van a medir antes la hemoglobina para asegurarse que estás bien.",2,1671134821.0,0.0,"No puedo porque estuve hace tres semanas, pero lo he visto y están todos los grupos bajísimos. Chicos, animaos. Es un momento, y te van a medir antes la hemoglobina para asegurarse que estás bien.",https://www.reddit.com/r/spain/comments/zmkypt/acudid_a_donar_sangre_quien_pueda_hace_falta/,2022-12-15 20:07:01+00:00,reddit_comments.csv,reddit,,2022-12-15,0,0,"No puedo porque estuve hace tres semanas, pero lo he visto y están todos los grupos bajísimos. Chicos, animaos. Es un momento, y te van a medir antes la hemoglobina para asegurarse que estás bien.",
j0dbowf,Si tomo anticonceptivas puedo donar?,2,1671136646.0,0.0,Si tomo anticonceptivas puedo donar?,https://www.reddit.com/r/spain/comments/zmkypt/acudid_a_donar_sangre_quien_pueda_hace_falta/,2022-12-15 20:37:26+00:00,reddit_comments.csv,reddit,,2022-12-15,0,0,Si tomo anticonceptivas puedo donar?,
j0dcz12,"Si, no hay ningún problema.",3,1671137136.0,1.0,"Si, no hay ningún problema.",https://www.reddit.com/r/spain/comments/zmkypt/acudid_a_donar_sangre_quien_pueda_hace_falta/,2022-12-15 20:45:36+00:00,reddit_comments.csv,reddit,,2022-12-15,0,0,"Si, no hay ningún problema.",
j0dwda6,"Gracias a cada uno de vosotros que donan. 
Durante los últimos 8 meses he tenido una transfusión de sangre o plaquetas casi todas las semanas. He estado libre de transfusiones durante casi 3 semanas después de un transplante de médula osea. 
Has ayudado a salvar mi vida.",2,1671144814.0,0.0,"Gracias a cada uno de vosotros que donan. 
Durante los últimos 8 meses he tenido una transfusión de sangre o plaquetas casi todas las semanas. He estado libre de transfusiones durante casi 3 semanas después de un transplante de médula osea. 
Has ayudado a salvar mi vida.",https://www.reddit.com/r/spain/comments/zmkypt/acudid_a_donar_sangre_quien_pueda_hace_falta/,2022-12-15 22:53:34+00:00,reddit_comments.csv,reddit,,2022-12-15,0,0,Gracias a cada uno de vosotros que donan. Durante los últimos 8 meses he tenido una transfusión de sangre o plaquetas casi todas las semanas. He estado libre de transfusiones durante casi 3 semanas después de un transplante de médula osea. Has ayudado a salvar mi vida.,
j0fv1x8,"En mi familia cercana he tenido dos casos de leucemia, ambos con necesidad de transfusiones. Jamás hubo ningún comentario negativo o juicio por la cantidad de sangre usada, sólo una necesidad vital cubierta.

Después de esa experiencia llevo 23 donaciones (0-), y las que vendrán. Además, me dejan arramplar con los cacahuetes de la sala post-donación, y siempre se agradecen cacahuetes.

Espero que te vaya todo bien con el transplante!",1,1671183710.0,1.0,"En mi familia cercana he tenido dos casos de leucemia, ambos con necesidad de transfusiones. Jamás hubo ningún comentario negativo o juicio por la cantidad de sangre usada, sólo una necesidad vital cubierta.

Después de esa experiencia llevo 23 donaciones (0-), y las que vendrán. Además, me dejan arramplar con los cacahuetes de la sala post-donación, y siempre se agradecen cacahuetes.

Espero que te vaya todo bien con el transplante!",https://www.reddit.com/r/spain/comments/zmkypt/acudid_a_donar_sangre_quien_pueda_hace_falta/,2022-12-16 09:41:50+00:00,reddit_comments.csv,reddit,,2022-12-16,0,0,"En mi familia cercana he tenido dos casos de leucemia, ambos con necesidad de transfusiones. Jamás hubo ningún comentario negativo o juicio por la cantidad de sangre usada, sólo una necesidad vital cubierta. Después de esa experiencia llevo 23 donaciones (0-), y las que vendrán. Además, me dejan arramplar con los cacahuetes de la sala post-donación, y siempre se agradecen cacahuetes. Espero que te vaya todo bien con el transplante!",
j0f62la,"Venga. En serio, mañana dono sangre. Por la mañana, que no tengo nada que hacer.

Soy donante habitual y 0-",2,1671165688.0,0.0,"Venga. En serio, mañana dono sangre. Por la mañana, que no tengo nada que hacer.

Soy donante habitual y 0-",https://www.reddit.com/r/spain/comments/zmkypt/acudid_a_donar_sangre_quien_pueda_hace_falta/,2022-12-16 04:41:28+00:00,reddit_comments.csv,reddit,,2022-12-16,0,0,"Venga. En serio, mañana dono sangre. Por la mañana, que no tengo nada que hacer. Soy donante habitual y 0-",
j0gimid,No me dejan por haberme tatuado. Es puto absurdo,2,1671199364.0,0.0,No me dejan por haberme tatuado. Es puto absurdo,https://www.reddit.com/r/spain/comments/zmkypt/acudid_a_donar_sangre_quien_pueda_hace_falta/,2022-12-16 14:02:44+00:00,reddit_comments.csv,reddit,,2022-12-16,0,0,No me dejan por haberme tatuado. Es puto absurdo,
j0gzuom,"Debes esperar 4 meses, como he hecho yo hace poco. No es absurdo, tiene sentido. Después de esos 4 meses puedes ir las veces que quieras",1,1671206575.0,1.0,"Debes esperar 4 meses, como he hecho yo hace poco. No es absurdo, tiene sentido. Después de esos 4 meses puedes ir las veces que quieras",https://www.reddit.com/r/spain/comments/zmkypt/acudid_a_donar_sangre_quien_pueda_hace_falta/,2022-12-16 16:02:55+00:00,reddit_comments.csv,reddit,,2022-12-16,0,0,"Debes esperar 4 meses, como he hecho yo hace poco. No es absurdo, tiene sentido. Después de esos 4 meses puedes ir las veces que quieras",
j0i77td,Es absurdo porque igualmente deberían estar haciéndole pruebas a la sangre. La gente puede tener algo y no haberse tatuado,2,1671223672.0,2.0,Es absurdo porque igualmente deberían estar haciéndole pruebas a la sangre. La gente puede tener algo y no haberse tatuado,https://www.reddit.com/r/spain/comments/zmkypt/acudid_a_donar_sangre_quien_pueda_hace_falta/,2022-12-16 20:47:52+00:00,reddit_comments.csv,reddit,,2022-12-16,0,0,Es absurdo porque igualmente deberían estar haciéndole pruebas a la sangre. La gente puede tener algo y no haberse tatuado,
j0ih8p4,"Es por el periodo de ventana y es comprensible de que se aseguren de ello por responsabilidad con el recipiente de la sangre

https://efectodonacion.com/preguntas-frecuentes/que-es-el-periodo-ventana/

Si, la gente puede tener algo pero igualmente firmas un papel en el que aceptas las condiciones para donar y conoces las condiciones para no donar.",1,1671227853.0,3.0,"Es por el periodo de ventana y es comprensible de que se aseguren de ello por responsabilidad con el recipiente de la sangre

https://efectodonacion.com/preguntas-frecuentes/que-es-el-periodo-ventana/

Si, la gente puede tener algo pero igualmente firmas un papel en el que aceptas las condiciones para donar y conoces las condiciones para no donar.",https://www.reddit.com/r/spain/comments/zmkypt/acudid_a_donar_sangre_quien_pueda_hace_falta/,2022-12-16 21:57:33+00:00,reddit_comments.csv,reddit,,2022-12-16,0,0,"Es por el periodo de ventana y es comprensible de que se aseguren de ello por responsabilidad con el recipiente de la sangre https://efectodonacion.com/preguntas-frecuentes/que-es-el-periodo-ventana/ Si, la gente puede tener algo pero igualmente firmas un papel en el que aceptas las condiciones para donar y conoces las condiciones para no donar.",
j0drg3j,"50€ y de ahí no bajo! Si a mi generación nos vaís a vender casas por un pastizal y nos vais a quitar medio sueldo para mantener a media población jubilada, me pagáis la sangre! 

Un saludo y buenas noches.",-3,1671142813.0,0.0,"50€ y de ahí no bajo! Si a mi generación nos vaís a vender casas por un pastizal y nos vais a quitar medio sueldo para mantener a media población jubilada, me pagáis la sangre! 

Un saludo y buenas noches.",https://www.reddit.com/r/spain/comments/zmkypt/acudid_a_donar_sangre_quien_pueda_hace_falta/,2022-12-15 22:20:13+00:00,reddit_comments.csv,reddit,,2022-12-15,0,0,"50€ y de ahí no bajo! Si a mi generación nos vaís a vender casas por un pastizal y nos vais a quitar medio sueldo para mantener a media población jubilada, me pagáis la sangre! Un saludo y buenas noches.",
j0e5ube,"Se te va un poco la pinza. Si donas sangre el que la va a usar es tu vecino. No ""esos que te están quitando la posibilidad de comprar una casa o que te hacen pagar impuestos"". No confundamos las cosas. Es una manera absurda de ser egoísta.",5,1671148838.0,1.0,"Se te va un poco la pinza. Si donas sangre el que la va a usar es tu vecino. No ""esos que te están quitando la posibilidad de comprar una casa o que te hacen pagar impuestos"". No confundamos las cosas. Es una manera absurda de ser egoísta.",https://www.reddit.com/r/spain/comments/zmkypt/acudid_a_donar_sangre_quien_pueda_hace_falta/,2022-12-16 00:00:38+00:00,reddit_comments.csv,reddit,,2022-12-16,0,0,"Se te va un poco la pinza. Si donas sangre el que la va a usar es tu vecino. No ""esos que te están quitando la posibilidad de comprar una casa o que te hacen pagar impuestos"". No confundamos las cosas. Es una manera absurda de ser egoísta.",
j0co9en,"A mi no me dejan por calvo!! 

Antes cuanto no tenia pareja estable tampoco me dejaban...y ahora que tengo pareja pero no quiero quedarme calvo tampoco puedo por estar tomando finasterida....lo que me hace plantear quán chunga debe ser si no puedo donar sangre mientras la tome.",-1,1671127638.0,0.0,"A mi no me dejan por calvo!! 

Antes cuanto no tenia pareja estable tampoco me dejaban...y ahora que tengo pareja pero no quiero quedarme calvo tampoco puedo por estar tomando finasterida....lo que me hace plantear quán chunga debe ser si no puedo donar sangre mientras la tome.",https://www.reddit.com/r/spain/comments/zmkypt/acudid_a_donar_sangre_quien_pueda_hace_falta/,2022-12-15 18:07:18+00:00,reddit_comments.csv,reddit,,2022-12-15,0,0,A mi no me dejan por calvo!! Antes cuanto no tenia pareja estable tampoco me dejaban...y ahora que tengo pareja pero no quiero quedarme calvo tampoco puedo por estar tomando finasterida....lo que me hace plantear quán chunga debe ser si no puedo donar sangre mientras la tome.,
j0e3eb7,"Que me paguen, que mucho donar y mucha caridad pero luego ellos la venden",-2,1671147790.0,0.0,"Que me paguen, que mucho donar y mucha caridad pero luego ellos la venden",https://www.reddit.com/r/spain/comments/zmkypt/acudid_a_donar_sangre_quien_pueda_hace_falta/,2022-12-15 23:43:10+00:00,reddit_comments.csv,reddit,,2022-12-15,0,0,"Que me paguen, que mucho donar y mucha caridad pero luego ellos la venden",
j0e61e5,No digas tonterías.,2,1671148925.0,1.0,No digas tonterías.,https://www.reddit.com/r/spain/comments/zmkypt/acudid_a_donar_sangre_quien_pueda_hace_falta/,2022-12-16 00:02:05+00:00,reddit_comments.csv,reddit,,2022-12-16,0,0,No digas tonterías.,
j0d00dy,Sin sangre llevamos desde la primera mentira de Pedro Sánchez,-7,1671132159.0,0.0,Sin sangre llevamos desde la primera mentira de Pedro Sánchez,https://www.reddit.com/r/spain/comments/zmkypt/acudid_a_donar_sangre_quien_pueda_hace_falta/,2022-12-15 19:22:39+00:00,reddit_comments.csv,reddit,,2022-12-15,0,0,Sin sangre llevamos desde la primera mentira de Pedro Sánchez,
j0cizuh,[deleted],-9,1671125635.0,0.0,[deleted],https://www.reddit.com/r/spain/comments/zmkypt/acudid_a_donar_sangre_quien_pueda_hace_falta/,2022-12-15 17:33:55+00:00,reddit_comments.csv,reddit,,2022-12-15,0,0,[deleted],
j0clirc,La posibilidad de salvar una vida,12,1671126589.0,1.0,La posibilidad de salvar una vida,https://www.reddit.com/r/spain/comments/zmkypt/acudid_a_donar_sangre_quien_pueda_hace_falta/,2022-12-15 17:49:49+00:00,reddit_comments.csv,reddit,,2022-12-15,0,0,La posibilidad de salvar una vida,
j0cfnlf,Hay límite de edad para donar? Tengo 15 y no sé si me dejarían,1,1671124367.0,0.0,Hay límite de edad para donar? Tengo 15 y no sé si me dejarían,https://www.reddit.com/r/spain/comments/zmkypt/acudid_a_donar_sangre_quien_pueda_hace_falta/,2022-12-15 17:12:47+00:00,reddit_comments.csv,reddit,,2022-12-15,0,0,Hay límite de edad para donar? Tengo 15 y no sé si me dejarían,
j0cfy9i,18 años creo,3,1671124480.0,1.0,18 años creo,https://www.reddit.com/r/spain/comments/zmkypt/acudid_a_donar_sangre_quien_pueda_hace_falta/,2022-12-15 17:14:40+00:00,reddit_comments.csv,reddit,,2022-12-15,0,0,18 años creo,
j0d9k7a,"Correcto, 18 años",1,1671135832.0,2.0,"Correcto, 18 años",https://www.reddit.com/r/spain/comments/zmkypt/acudid_a_donar_sangre_quien_pueda_hace_falta/,2022-12-15 20:23:52+00:00,reddit_comments.csv,reddit,,2022-12-15,0,0,"Correcto, 18 años",
j0d73c2,"Ni idea de que tipo de sangre tengo, hace falta de todos o de un tipo en concreto?",1,1671134883.0,0.0,"Ni idea de que tipo de sangre tengo, hace falta de todos o de un tipo en concreto?",https://www.reddit.com/r/spain/comments/zmkypt/acudid_a_donar_sangre_quien_pueda_hace_falta/,2022-12-15 20:08:03+00:00,reddit_comments.csv,reddit,,2022-12-15,0,0,"Ni idea de que tipo de sangre tengo, hace falta de todos o de un tipo en concreto?",
j0d9qyq,De todas 😉,1,1671135906.0,1.0,De todas 😉,https://www.reddit.com/r/spain/comments/zmkypt/acudid_a_donar_sangre_quien_pueda_hace_falta/,2022-12-15 20:25:06+00:00,reddit_comments.csv,reddit,,2022-12-15,0,0,De todas,😉
j0dehax,"A mi me encanta ir a donar, por desgracia dónde yo donó suele ser de 16h a 18h y casi siempre me pilla currando...",1,1671137700.0,0.0,"A mi me encanta ir a donar, por desgracia dónde yo donó suele ser de 16h a 18h y casi siempre me pilla currando...",https://www.reddit.com/r/spain/comments/zmkypt/acudid_a_donar_sangre_quien_pueda_hace_falta/,2022-12-15 20:55:00+00:00,reddit_comments.csv,reddit,,2022-12-15,0,0,"A mi me encanta ir a donar, por desgracia dónde yo donó suele ser de 16h a 18h y casi siempre me pilla currando...",
j0dmqwy,Oye pero si fumas maria puedes donar? Diria que no y me jode un monton,1,1671140936.0,0.0,Oye pero si fumas maria puedes donar? Diria que no y me jode un monton,https://www.reddit.com/r/spain/comments/zmkypt/acudid_a_donar_sangre_quien_pueda_hace_falta/,2022-12-15 21:48:56+00:00,reddit_comments.csv,reddit,,2022-12-15,0,0,Oye pero si fumas maria puedes donar? Diria que no y me jode un monton,
j0e5x2p,Creo que no importa,2,1671148872.0,1.0,Creo que no importa,https://www.reddit.com/r/spain/comments/zmkypt/acudid_a_donar_sangre_quien_pueda_hace_falta/,2022-12-16 00:01:12+00:00,reddit_comments.csv,reddit,,2022-12-16,0,0,Creo que no importa,
j0dtcce,No me dejan donar a pesar de ser del grupo más común.,1,1671143562.0,0.0,No me dejan donar a pesar de ser del grupo más común.,https://www.reddit.com/r/spain/comments/zmkypt/acudid_a_donar_sangre_quien_pueda_hace_falta/,2022-12-15 22:32:42+00:00,reddit_comments.csv,reddit,,2022-12-15,0,0,No me dejan donar a pesar de ser del grupo más común.,
j0dwpu3,"La próxima vez que veo la posibilidad, voy a donar. Mi pareja tiene unos problemas con su tensión últimamente y no quiero excluirla.",1,1671144957.0,0.0,"La próxima vez que veo la posibilidad, voy a donar. Mi pareja tiene unos problemas con su tensión últimamente y no quiero excluirla.",https://www.reddit.com/r/spain/comments/zmkypt/acudid_a_donar_sangre_quien_pueda_hace_falta/,2022-12-15 22:55:57+00:00,reddit_comments.csv,reddit,,2022-12-15,0,0,"La próxima vez que veo la posibilidad, voy a donar. Mi pareja tiene unos problemas con su tensión últimamente y no quiero excluirla.",
j0eltj4,"Si dejasen donar más lo haría, no por altruismo, sino porque en los bancos de sangre de Cataluña dan unas patatas tostadas con sabor a tomate y orégano que son Cristo bendito. Ah, y también por altruismo, voy religiosamente cada 3 meses (salvo pandemia)",1,1671155976.0,0.0,"Si dejasen donar más lo haría, no por altruismo, sino porque en los bancos de sangre de Cataluña dan unas patatas tostadas con sabor a tomate y orégano que son Cristo bendito. Ah, y también por altruismo, voy religiosamente cada 3 meses (salvo pandemia)",https://www.reddit.com/r/spain/comments/zmkypt/acudid_a_donar_sangre_quien_pueda_hace_falta/,2022-12-16 01:59:36+00:00,reddit_comments.csv,reddit,,2022-12-16,0,0,"Si dejasen donar más lo haría, no por altruismo, sino porque en los bancos de sangre de Cataluña dan unas patatas tostadas con sabor a tomate y orégano que son Cristo bendito. Ah, y también por altruismo, voy religiosamente cada 3 meses (salvo pandemia)",
j0enaku,Sangre llena de graf3n0 para todos!,1,1671156644.0,0.0,Sangre llena de graf3n0 para todos!,https://www.reddit.com/r/spain/comments/zmkypt/acudid_a_donar_sangre_quien_pueda_hace_falta/,2022-12-16 02:10:44+00:00,reddit_comments.csv,reddit,,2022-12-16,0,0,Sangre llena de graf3n0 para todos!,
j0fgn9y,Aaaaamigo por eso me spamean el correo electrónico para ir a donar... bueno en ese caso habrá que ir.,1,1671172230.0,0.0,Aaaaamigo por eso me spamean el correo electrónico para ir a donar... bueno en ese caso habrá que ir.,https://www.reddit.com/r/spain/comments/zmkypt/acudid_a_donar_sangre_quien_pueda_hace_falta/,2022-12-16 06:30:30+00:00,reddit_comments.csv,reddit,,2022-12-16,0,0,Aaaaamigo por eso me spamean el correo electrónico para ir a donar... bueno en ese caso habrá que ir.,
j0fquig,"Porque nunca sabes lo que la vida tiene preparado para ti...

Hazte Donante de Medula ósea: Lo más seguro es que nunca te llamen pero al menos estarás en una base de datos por si alguna persona compatible que necesite médula pueda usar tu ayuda.

Da permiso para transplante de órganos y tejidos (llegado el momento) y por supuesto donante de sangre.",1,1671180106.0,0.0,"Porque nunca sabes lo que la vida tiene preparado para ti...

Hazte Donante de Medula ósea: Lo más seguro es que nunca te llamen pero al menos estarás en una base de datos por si alguna persona compatible que necesite médula pueda usar tu ayuda.

Da permiso para transplante de órganos y tejidos (llegado el momento) y por supuesto donante de sangre.",https://www.reddit.com/r/spain/comments/zmkypt/acudid_a_donar_sangre_quien_pueda_hace_falta/,2022-12-16 08:41:46+00:00,reddit_comments.csv,reddit,,2022-12-16,0,0,Porque nunca sabes lo que la vida tiene preparado para ti... Hazte Donante de Medula ósea: Lo más seguro es que nunca te llamen pero al menos estarás en una base de datos por si alguna persona compatible que necesite médula pueda usar tu ayuda. Da permiso para transplante de órganos y tejidos (llegado el momento) y por supuesto donante de sangre.,
j0fzvhw,"Es una pena, pero me da a mí que llegará un día que estaremos bajo mínimos y tendrán que dar incentivos aun mayores para que la gente acuda a donar sangre...",1,1671187849.0,0.0,"Es una pena, pero me da a mí que llegará un día que estaremos bajo mínimos y tendrán que dar incentivos aun mayores para que la gente acuda a donar sangre...",https://www.reddit.com/r/spain/comments/zmkypt/acudid_a_donar_sangre_quien_pueda_hace_falta/,2022-12-16 10:50:49+00:00,reddit_comments.csv,reddit,,2022-12-16,0,0,"Es una pena, pero me da a mí que llegará un día que estaremos bajo mínimos y tendrán que dar incentivos aun mayores para que la gente acuda a donar sangre...",
j0g0kei,"Si dono desde otra Comunidad, van a enviar la sangre allí? O se la quedara mi territorio",1,1671188398.0,0.0,"Si dono desde otra Comunidad, van a enviar la sangre allí? O se la quedara mi territorio",https://www.reddit.com/r/spain/comments/zmkypt/acudid_a_donar_sangre_quien_pueda_hace_falta/,2022-12-16 10:59:58+00:00,reddit_comments.csv,reddit,,2022-12-16,0,0,"Si dono desde otra Comunidad, van a enviar la sangre allí? O se la quedara mi territorio",
j0g2cp6,No era que España es el país donde más sangre se dona? Cómo se ha llegado a esta situación?,1,1671189803.0,0.0,No era que España es el país donde más sangre se dona? Cómo se ha llegado a esta situación?,https://www.reddit.com/r/spain/comments/zmkypt/acudid_a_donar_sangre_quien_pueda_hace_falta/,2022-12-16 11:23:23+00:00,reddit_comments.csv,reddit,,2022-12-16,0,0,No era que España es el país donde más sangre se dona? Cómo se ha llegado a esta situación?,
j0glpiw,"Creo que bajó mucho desde la pandemia, y no sé exactamente cuando pero añadieron restricciones, la última vez que fui no me dejaron donar por haberme hecho la pedicura menos de un mes antes, antes no había problema con eso, ni te preguntaban por manicuras o pedicuras.",1,1671200760.0,1.0,"Creo que bajó mucho desde la pandemia, y no sé exactamente cuando pero añadieron restricciones, la última vez que fui no me dejaron donar por haberme hecho la pedicura menos de un mes antes, antes no había problema con eso, ni te preguntaban por manicuras o pedicuras.",https://www.reddit.com/r/spain/comments/zmkypt/acudid_a_donar_sangre_quien_pueda_hace_falta/,2022-12-16 14:26:00+00:00,reddit_comments.csv,reddit,,2022-12-16,0,0,"Creo que bajó mucho desde la pandemia, y no sé exactamente cuando pero añadieron restricciones, la última vez que fui no me dejaron donar por haberme hecho la pedicura menos de un mes antes, antes no había problema con eso, ni te preguntaban por manicuras o pedicuras.",
j0hs0sd,"Acabo de ir esta mañana por primera vez, contenta de aportar mi granito de arena 🤝🩸",1,1671217505.0,0.0,"Acabo de ir esta mañana por primera vez, contenta de aportar mi granito de arena 🤝🩸",https://www.reddit.com/r/spain/comments/zmkypt/acudid_a_donar_sangre_quien_pueda_hace_falta/,2022-12-16 19:05:05+00:00,reddit_comments.csv,reddit,,2022-12-16,0,0,"Acabo de ir esta mañana por primera vez, contenta de aportar mi granito de arena",🤝🩸
h5uhdqp,"Lo que explicas se asemeja más a los años 80 que a la actualidad. 
El no proporcionar material de protección ( EPI) como guantes, es una negligencia por parte de la empresa. Sí los zapatos de protección te hacen daño, deben cambiarlos por otro modelo, los descansos deben estar regulados y él no poder ir al servicio demuestra un mal funcionamiento de dicha "" empresa"" . No te diré que lo denúncies porque con cinco horas a tus espaldas tienes poco que conseguir, dicho esto, lo habitual es lo contrario a lo que has vivido, la normativa en materia de seguridad y riesgos laborales es cada vez más estricta, aunque la aplicación de la misma depende de la voluntad del lugar donde trabajes. El consejo consiste en no rendirse y continuar buscando, seguro que encuentras un centro de trabajo serio que cumple con la normativa vigente.",53,1626761821.0,0.0,"Lo que explicas se asemeja más a los años 80 que a la actualidad. 
El no proporcionar material de protección ( EPI) como guantes, es una negligencia por parte de la empresa. Sí los zapatos de protección te hacen daño, deben cambiarlos por otro modelo, los descansos deben estar regulados y él no poder ir al servicio demuestra un mal funcionamiento de dicha "" empresa"" . No te diré que lo denúncies porque con cinco horas a tus espaldas tienes poco que conseguir, dicho esto, lo habitual es lo contrario a lo que has vivido, la normativa en materia de seguridad y riesgos laborales es cada vez más estricta, aunque la aplicación de la misma depende de la voluntad del lugar donde trabajes. El consejo consiste en no rendirse y continuar buscando, seguro que encuentras un centro de trabajo serio que cumple con la normativa vigente.",https://www.reddit.com/r/spain/comments/onv1ta/mi_primer_trabajo_fue_ayer_y_solo_he_durado_5h/,2021-07-20 06:17:01+00:00,reddit_comments.csv,reddit,,2021-07-20,0,0,"Lo que explicas se asemeja más a los años 80 que a la actualidad. El no proporcionar material de protección ( EPI) como guantes, es una negligencia por parte de la empresa. Sí los zapatos de protección te hacen daño, deben cambiarlos por otro modelo, los descansos deben estar regulados y él no poder ir al servicio demuestra un mal funcionamiento de dicha "" empresa"" . No te diré que lo denúncies porque con cinco horas a tus espaldas tienes poco que conseguir, dicho esto, lo habitual es lo contrario a lo que has vivido, la normativa en materia de seguridad y riesgos laborales es cada vez más estricta, aunque la aplicación de la misma depende de la voluntad del lugar donde trabajes. El consejo consiste en no rendirse y continuar buscando, seguro que encuentras un centro de trabajo serio que cumple con la normativa vigente.",
h5uhx4x,"Muchas gracias❤, lo se pero me mandaron de una ett y ahi me dieron las votas, al llegar todo el mundo llevaba guantes y cascos excepto los de la ett, y claro en la ett me dijieron que no me quejara que como es mi primer empleo y soy joven que aguante y gane experiencia para el futuro, lo que menos me gusto es que estaba a punto de desmayarme y ni ke dieron agua lo unico que hicieron es echarme",17,1626762256.0,1.0,"Muchas gracias❤, lo se pero me mandaron de una ett y ahi me dieron las votas, al llegar todo el mundo llevaba guantes y cascos excepto los de la ett, y claro en la ett me dijieron que no me quejara que como es mi primer empleo y soy joven que aguante y gane experiencia para el futuro, lo que menos me gusto es que estaba a punto de desmayarme y ni ke dieron agua lo unico que hicieron es echarme",https://www.reddit.com/r/spain/comments/onv1ta/mi_primer_trabajo_fue_ayer_y_solo_he_durado_5h/,2021-07-20 06:24:16+00:00,reddit_comments.csv,reddit,,2021-07-20,0,0,"Muchas gracias , lo se pero me mandaron de una ett y ahi me dieron las votas, al llegar todo el mundo llevaba guantes y cascos excepto los de la ett, y claro en la ett me dijieron que no me quejara que como es mi primer empleo y soy joven que aguante y gane experiencia para el futuro, lo que menos me gusto es que estaba a punto de desmayarme y ni ke dieron agua lo unico que hicieron es echarme",❤
h5v1n7v,Todo mentiras para explotar gente. Experiencia de un trabajo así vale nada,18,1626779334.0,2.0,Todo mentiras para explotar gente. Experiencia de un trabajo así vale nada,https://www.reddit.com/r/spain/comments/onv1ta/mi_primer_trabajo_fue_ayer_y_solo_he_durado_5h/,2021-07-20 11:08:54+00:00,reddit_comments.csv,reddit,,2021-07-20,0,0,Todo mentiras para explotar gente. Experiencia de un trabajo así vale nada,
h5uja7f,"En primer lugar calma, acabas de empezar y cuesta acostumbrarse a esta etapa. Las ETT tienen la obligación de proporcionar todo el material necesario en materia de protección ( EPI) que se necesite en función del tipo de empresa y la labor que deba desempeñarse en la misma salvo que sea la empresa, previo convenio, quién se haga cargo. 
Las botas que te han dado suelen ser bastante molestas , existen diversos modelos de calzado de seguridad, debes avisar del problema que te genera para que busquen una solución.
Lo importante es la actitud, ser responsable y cumplir con los horarios, ser serio , es la fórmula para superar estos inicios que siempre resultan complicados. También decirte que seguramente, encontrarás buena gente que estará dispuesta a echarte una mano.
Ánimo y a por todas.....💪🏽💪🏽",12,1626763365.0,2.0,"En primer lugar calma, acabas de empezar y cuesta acostumbrarse a esta etapa. Las ETT tienen la obligación de proporcionar todo el material necesario en materia de protección ( EPI) que se necesite en función del tipo de empresa y la labor que deba desempeñarse en la misma salvo que sea la empresa, previo convenio, quién se haga cargo. 
Las botas que te han dado suelen ser bastante molestas , existen diversos modelos de calzado de seguridad, debes avisar del problema que te genera para que busquen una solución.
Lo importante es la actitud, ser responsable y cumplir con los horarios, ser serio , es la fórmula para superar estos inicios que siempre resultan complicados. También decirte que seguramente, encontrarás buena gente que estará dispuesta a echarte una mano.
Ánimo y a por todas.....💪🏽💪🏽",https://www.reddit.com/r/spain/comments/onv1ta/mi_primer_trabajo_fue_ayer_y_solo_he_durado_5h/,2021-07-20 06:42:45+00:00,reddit_comments.csv,reddit,,2021-07-20,0,0,"En primer lugar calma, acabas de empezar y cuesta acostumbrarse a esta etapa. Las ETT tienen la obligación de proporcionar todo el material necesario en materia de protección ( EPI) que se necesite en función del tipo de empresa y la labor que deba desempeñarse en la misma salvo que sea la empresa, previo convenio, quién se haga cargo. Las botas que te han dado suelen ser bastante molestas , existen diversos modelos de calzado de seguridad, debes avisar del problema que te genera para que busquen una solución. Lo importante es la actitud, ser responsable y cumplir con los horarios, ser serio , es la fórmula para superar estos inicios que siempre resultan complicados. También decirte que seguramente, encontrarás buena gente que estará dispuesta a echarte una mano. Ánimo y a por todas.....",💪🏽💪🏽
h5uwg4g,"Yo soy del 82 y nunca me paso , pon un denuncia  anónima a la empresa si te pasa eso, mandaran a un inspector y preguntarán de todo a los empleados por separado , tu no estarás comprometido en nada , solo tiene que llamar , muy fácil",9,1626775028.0,1.0,"Yo soy del 82 y nunca me paso , pon un denuncia  anónima a la empresa si te pasa eso, mandaran a un inspector y preguntarán de todo a los empleados por separado , tu no estarás comprometido en nada , solo tiene que llamar , muy fácil",https://www.reddit.com/r/spain/comments/onv1ta/mi_primer_trabajo_fue_ayer_y_solo_he_durado_5h/,2021-07-20 09:57:08+00:00,reddit_comments.csv,reddit,,2021-07-20,0,0,"Yo soy del 82 y nunca me paso , pon un denuncia anónima a la empresa si te pasa eso, mandaran a un inspector y preguntarán de todo a los empleados por separado , tu no estarás comprometido en nada , solo tiene que llamar , muy fácil",
h5uywam,👍🏼,1,1626777150.0,2.0,👍🏼,https://www.reddit.com/r/spain/comments/onv1ta/mi_primer_trabajo_fue_ayer_y_solo_he_durado_5h/,2021-07-20 10:32:30+00:00,reddit_comments.csv,reddit,,2021-07-20,0,0,,👍🏼
h5unoey,[deleted],-15,1626767141.0,1.0,[deleted],https://www.reddit.com/r/spain/comments/onv1ta/mi_primer_trabajo_fue_ayer_y_solo_he_durado_5h/,2021-07-20 07:45:41+00:00,reddit_comments.csv,reddit,,2021-07-20,0,0,[deleted],
h5uodf4,"Llevo más de treinta años trabajando, quizás el flipao seas tú....☝🏼",13,1626767738.0,2.0,"Llevo más de treinta años trabajando, quizás el flipao seas tú....☝🏼",https://www.reddit.com/r/spain/comments/onv1ta/mi_primer_trabajo_fue_ayer_y_solo_he_durado_5h/,2021-07-20 07:55:38+00:00,reddit_comments.csv,reddit,,2021-07-20,0,0,"Llevo más de treinta años trabajando, quizás el flipao seas tú....",☝🏼
h5uonuv,[deleted],-4,1626767991.0,3.0,[deleted],https://www.reddit.com/r/spain/comments/onv1ta/mi_primer_trabajo_fue_ayer_y_solo_he_durado_5h/,2021-07-20 07:59:51+00:00,reddit_comments.csv,reddit,,2021-07-20,0,0,[deleted],
h5up2fz,"De hecho , estoy más cerca de los 40. Que haya sinvergüenzas que se aprovechen de la situación, sobre todo de la gente joven, no quiere decir que sea la norma, si te engañan tienes dos opciones, callar y dejar de quejarte o buscar otra cosa y una vez la encuentres, denunciar al sinvergüenza de turno. Por aquí han pasado muchos chavales de ETT, la mayoría de han acabado quedando en plantilla, los que no, han salido por ""méritos propios"" .",8,1626768339.0,4.0,"De hecho , estoy más cerca de los 40. Que haya sinvergüenzas que se aprovechen de la situación, sobre todo de la gente joven, no quiere decir que sea la norma, si te engañan tienes dos opciones, callar y dejar de quejarte o buscar otra cosa y una vez la encuentres, denunciar al sinvergüenza de turno. Por aquí han pasado muchos chavales de ETT, la mayoría de han acabado quedando en plantilla, los que no, han salido por ""méritos propios"" .",https://www.reddit.com/r/spain/comments/onv1ta/mi_primer_trabajo_fue_ayer_y_solo_he_durado_5h/,2021-07-20 08:05:39+00:00,reddit_comments.csv,reddit,,2021-07-20,0,0,"De hecho , estoy más cerca de los 40. Que haya sinvergüenzas que se aprovechen de la situación, sobre todo de la gente joven, no quiere decir que sea la norma, si te engañan tienes dos opciones, callar y dejar de quejarte o buscar otra cosa y una vez la encuentres, denunciar al sinvergüenza de turno. Por aquí han pasado muchos chavales de ETT, la mayoría de han acabado quedando en plantilla, los que no, han salido por ""méritos propios"" .",
h5upi30,[deleted],-5,1626768722.0,5.0,[deleted],https://www.reddit.com/r/spain/comments/onv1ta/mi_primer_trabajo_fue_ayer_y_solo_he_durado_5h/,2021-07-20 08:12:02+00:00,reddit_comments.csv,reddit,,2021-07-20,0,0,[deleted],
h5uquk9,"Hablas de comodidad!!!! 
Desde los 15 años haciendo trabajos desde jardinero, paleta o pintor, en fábricas con turnos de 12 horas de lunes a sábado, encadenando contratos de seis meses, hasta que llega el momento de revelarte y ponerte en pie de guerra, para conseguir la regularización de una situación totalmente ilegal, de eso hace unos cuantos años, muchos. Sí pretendes que los demás te solucionen los problemas, ya puedes ponerte cómodo. Como he dicho antes, si te callas no te quejes, la cosa está difícil pero hay que insistir y no dejar de buscar, ahh...y formarse, con formación tendrás más opciones. 
Atentamente:  "" el Pureta"" ...☝🏼",7,1626769936.0,6.0,"Hablas de comodidad!!!! 
Desde los 15 años haciendo trabajos desde jardinero, paleta o pintor, en fábricas con turnos de 12 horas de lunes a sábado, encadenando contratos de seis meses, hasta que llega el momento de revelarte y ponerte en pie de guerra, para conseguir la regularización de una situación totalmente ilegal, de eso hace unos cuantos años, muchos. Sí pretendes que los demás te solucionen los problemas, ya puedes ponerte cómodo. Como he dicho antes, si te callas no te quejes, la cosa está difícil pero hay que insistir y no dejar de buscar, ahh...y formarse, con formación tendrás más opciones. 
Atentamente:  "" el Pureta"" ...☝🏼",https://www.reddit.com/r/spain/comments/onv1ta/mi_primer_trabajo_fue_ayer_y_solo_he_durado_5h/,2021-07-20 08:32:16+00:00,reddit_comments.csv,reddit,,2021-07-20,0,0,"Hablas de comodidad!!!! Desde los 15 años haciendo trabajos desde jardinero, paleta o pintor, en fábricas con turnos de 12 horas de lunes a sábado, encadenando contratos de seis meses, hasta que llega el momento de revelarte y ponerte en pie de guerra, para conseguir la regularización de una situación totalmente ilegal, de eso hace unos cuantos años, muchos. Sí pretendes que los demás te solucionen los problemas, ya puedes ponerte cómodo. Como he dicho antes, si te callas no te quejes, la cosa está difícil pero hay que insistir y no dejar de buscar, ahh...y formarse, con formación tendrás más opciones. Atentamente: "" el Pureta"" ...",☝🏼
h5ur5pr,[deleted],-1,1626770221.0,7.0,[deleted],https://www.reddit.com/r/spain/comments/onv1ta/mi_primer_trabajo_fue_ayer_y_solo_he_durado_5h/,2021-07-20 08:37:01+00:00,reddit_comments.csv,reddit,,2021-07-20,0,0,[deleted],
h5uxsmn,"&gt;Campeon me echaron de una empresa por reclamar un descanso mio y de todos mis compañeros despues de cumplir la jornada laboral

Eso es una situación caramelito para cualquier sindicato. Si lo hubieras denunciado te hubiera caído una buena indemnización.

Pero como no lo denunciaste, la empresa siguió haciendo de las suyas, sin consecuencias.",3,1626776215.0,8.0,"&gt;Campeon me echaron de una empresa por reclamar un descanso mio y de todos mis compañeros despues de cumplir la jornada laboral

Eso es una situación caramelito para cualquier sindicato. Si lo hubieras denunciado te hubiera caído una buena indemnización.

Pero como no lo denunciaste, la empresa siguió haciendo de las suyas, sin consecuencias.",https://www.reddit.com/r/spain/comments/onv1ta/mi_primer_trabajo_fue_ayer_y_solo_he_durado_5h/,2021-07-20 10:16:55+00:00,reddit_comments.csv,reddit,,2021-07-20,0,0,"&gt;Campeon me echaron de una empresa por reclamar un descanso mio y de todos mis compañeros despues de cumplir la jornada laboral Eso es una situación caramelito para cualquier sindicato. Si lo hubieras denunciado te hubiera caído una buena indemnización. Pero como no lo denunciaste, la empresa siguió haciendo de las suyas, sin consecuencias.",
h5uzc4j,"Tienes razón, pero no siempre hay gente dispuesta a dar la cara en situaciones así. En el ámbito sindical, también son muchas las empresas, suelen ser pequeñas pimes, las que carecen de representación sindical, por lo que resulta más complicado luchar en condiciones por los derechos laborales. Se aprovechan de la situación y de la necesidad de algunos.",5,1626777507.0,9.0,"Tienes razón, pero no siempre hay gente dispuesta a dar la cara en situaciones así. En el ámbito sindical, también son muchas las empresas, suelen ser pequeñas pimes, las que carecen de representación sindical, por lo que resulta más complicado luchar en condiciones por los derechos laborales. Se aprovechan de la situación y de la necesidad de algunos.",https://www.reddit.com/r/spain/comments/onv1ta/mi_primer_trabajo_fue_ayer_y_solo_he_durado_5h/,2021-07-20 10:38:27+00:00,reddit_comments.csv,reddit,,2021-07-20,0,0,"Tienes razón, pero no siempre hay gente dispuesta a dar la cara en situaciones así. En el ámbito sindical, también son muchas las empresas, suelen ser pequeñas pimes, las que carecen de representación sindical, por lo que resulta más complicado luchar en condiciones por los derechos laborales. Se aprovechan de la situación y de la necesidad de algunos.",
h5urcmd,"Parece que crees que eres el único que puede tener una realidadsobre esto, siendo esta y sólo esta la unica posible...
No se donde vives tu, pero definitivamente el no entregar los EPIs no es algo común aqui en el norte. Mi primo con 19 años ha conseguido su primer trabajo (en un empresa agricola con invernaderos) y se le trata bien y se le aporta los EPIs que sean necesarios. En mi caso fue hace unos 8 años, pero mi primer trabajo fue en una fabrica de conservas y lo primero que hicieron (estando contratado por ETT) fue darme el EPI.
El mercado laboral es una mierda y todavía lo es más si tienes 20 años, pero de ahí a normalizar el trabajo semiesclavo hay un mundo.",3,1626770399.0,6.0,"Parece que crees que eres el único que puede tener una realidadsobre esto, siendo esta y sólo esta la unica posible...
No se donde vives tu, pero definitivamente el no entregar los EPIs no es algo común aqui en el norte. Mi primo con 19 años ha conseguido su primer trabajo (en un empresa agricola con invernaderos) y se le trata bien y se le aporta los EPIs que sean necesarios. En mi caso fue hace unos 8 años, pero mi primer trabajo fue en una fabrica de conservas y lo primero que hicieron (estando contratado por ETT) fue darme el EPI.
El mercado laboral es una mierda y todavía lo es más si tienes 20 años, pero de ahí a normalizar el trabajo semiesclavo hay un mundo.",https://www.reddit.com/r/spain/comments/onv1ta/mi_primer_trabajo_fue_ayer_y_solo_he_durado_5h/,2021-07-20 08:39:59+00:00,reddit_comments.csv,reddit,,2021-07-20,0,0,"Parece que crees que eres el único que puede tener una realidadsobre esto, siendo esta y sólo esta la unica posible... No se donde vives tu, pero definitivamente el no entregar los EPIs no es algo común aqui en el norte. Mi primo con 19 años ha conseguido su primer trabajo (en un empresa agricola con invernaderos) y se le trata bien y se le aporta los EPIs que sean necesarios. En mi caso fue hace unos 8 años, pero mi primer trabajo fue en una fabrica de conservas y lo primero que hicieron (estando contratado por ETT) fue darme el EPI. El mercado laboral es una mierda y todavía lo es más si tienes 20 años, pero de ahí a normalizar el trabajo semiesclavo hay un mundo.",
h5uqxsx,"Y por que aceptas esas condiciones?

Me parece a mí que las hostias te las estás llevando tú ya.",4,1626770017.0,2.0,"Y por que aceptas esas condiciones?

Me parece a mí que las hostias te las estás llevando tú ya.",https://www.reddit.com/r/spain/comments/onv1ta/mi_primer_trabajo_fue_ayer_y_solo_he_durado_5h/,2021-07-20 08:33:37+00:00,reddit_comments.csv,reddit,,2021-07-20,0,0,Y por que aceptas esas condiciones? Me parece a mí que las hostias te las estás llevando tú ya.,
h5ur9kp,[deleted],3,1626770318.0,3.0,[deleted],https://www.reddit.com/r/spain/comments/onv1ta/mi_primer_trabajo_fue_ayer_y_solo_he_durado_5h/,2021-07-20 08:38:38+00:00,reddit_comments.csv,reddit,,2021-07-20,0,0,[deleted],
h5vchn4,r/usernamechecksout,3,1626786249.0,4.0,r/usernamechecksout,https://www.reddit.com/r/spain/comments/onv1ta/mi_primer_trabajo_fue_ayer_y_solo_he_durado_5h/,2021-07-20 13:04:09+00:00,reddit_comments.csv,reddit,,2021-07-20,0,0,r/usernamechecksout,
h5uy8vn,Mucho asumes tú. Que sabrás de la vida de los demás. Pero yo no me dejó esclavizar por mucha necesidad que pase. También me lo he currado para poder vivir hoy cómodamente.,1,1626776599.0,4.0,Mucho asumes tú. Que sabrás de la vida de los demás. Pero yo no me dejó esclavizar por mucha necesidad que pase. También me lo he currado para poder vivir hoy cómodamente.,https://www.reddit.com/r/spain/comments/onv1ta/mi_primer_trabajo_fue_ayer_y_solo_he_durado_5h/,2021-07-20 10:23:19+00:00,reddit_comments.csv,reddit,,2021-07-20,0,0,Mucho asumes tú. Que sabrás de la vida de los demás. Pero yo no me dejó esclavizar por mucha necesidad que pase. También me lo he currado para poder vivir hoy cómodamente.,
h5uby7t,"Me paso algo parecido la primera vez que trabaje en linea :'v
No me dieron cuter ni guantes y las botas de ett pesaban 3 kilos. Literal el dia siguiente me lo tuve que traer todo de casa y tuve que comprarme otras botas. 
Cuanto mas grande la fábrica y cuanta mas gente de ett haya peor tratan a la gente. Hace poco estuve en una fábrica pequeña y me lo dieron todo sin problemas. 
El dolor corporal es normal, yo tambien me corte mucho al principio asi que al final me compre un abridor de cajas por amazon x'd.",17,1626757768.0,0.0,"Me paso algo parecido la primera vez que trabaje en linea :'v
No me dieron cuter ni guantes y las botas de ett pesaban 3 kilos. Literal el dia siguiente me lo tuve que traer todo de casa y tuve que comprarme otras botas. 
Cuanto mas grande la fábrica y cuanta mas gente de ett haya peor tratan a la gente. Hace poco estuve en una fábrica pequeña y me lo dieron todo sin problemas. 
El dolor corporal es normal, yo tambien me corte mucho al principio asi que al final me compre un abridor de cajas por amazon x'd.",https://www.reddit.com/r/spain/comments/onv1ta/mi_primer_trabajo_fue_ayer_y_solo_he_durado_5h/,2021-07-20 05:09:28+00:00,reddit_comments.csv,reddit,,2021-07-20,0,0,"Me paso algo parecido la primera vez que trabaje en linea :'v No me dieron cuter ni guantes y las botas de ett pesaban 3 kilos. Literal el dia siguiente me lo tuve que traer todo de casa y tuve que comprarme otras botas. Cuanto mas grande la fábrica y cuanta mas gente de ett haya peor tratan a la gente. Hace poco estuve en una fábrica pequeña y me lo dieron todo sin problemas. El dolor corporal es normal, yo tambien me corte mucho al principio asi que al final me compre un abridor de cajas por amazon x'd.",
h5ui6wa,De verdad que no entiendo porque si trabajas en linea no te dan una silla o algo madre mia te juro que ni me notaba los pies y ahora tengo astillas,3,1626762482.0,1.0,De verdad que no entiendo porque si trabajas en linea no te dan una silla o algo madre mia te juro que ni me notaba los pies y ahora tengo astillas,https://www.reddit.com/r/spain/comments/onv1ta/mi_primer_trabajo_fue_ayer_y_solo_he_durado_5h/,2021-07-20 06:28:02+00:00,reddit_comments.csv,reddit,,2021-07-20,0,0,De verdad que no entiendo porque si trabajas en linea no te dan una silla o algo madre mia te juro que ni me notaba los pies y ahora tengo astillas,
h5ul8hv,"El problema es que si estas sentando en linea y si algo va mal tardas mas en reaccionar(lo que me dijeron). 
Tambien estuve haciendo cajas como tu asi que se como te sientes. El primer dia trabando en cadena siempre es duro (yo no estaba en forma que digamos) y los dos primeros dias el encargado me grito dos veces a lo bruto :'). No me enseñaron nada al principio y me las tuve que arreglar como pude, fue un asco pero me seguieron llamando y cada vez trabajaba mas rapido asi que al final habian algunos puestos que solo yo podia hacer lel. 
He perdido la cuenta de gente que se iba a las dos horas de estar ahi, es normal.
PD: para el dolor en general te recomiendo que te compres la fisiocrem en la farmacia x'd.",8,1626764999.0,2.0,"El problema es que si estas sentando en linea y si algo va mal tardas mas en reaccionar(lo que me dijeron). 
Tambien estuve haciendo cajas como tu asi que se como te sientes. El primer dia trabando en cadena siempre es duro (yo no estaba en forma que digamos) y los dos primeros dias el encargado me grito dos veces a lo bruto :'). No me enseñaron nada al principio y me las tuve que arreglar como pude, fue un asco pero me seguieron llamando y cada vez trabajaba mas rapido asi que al final habian algunos puestos que solo yo podia hacer lel. 
He perdido la cuenta de gente que se iba a las dos horas de estar ahi, es normal.
PD: para el dolor en general te recomiendo que te compres la fisiocrem en la farmacia x'd.",https://www.reddit.com/r/spain/comments/onv1ta/mi_primer_trabajo_fue_ayer_y_solo_he_durado_5h/,2021-07-20 07:09:59+00:00,reddit_comments.csv,reddit,,2021-07-20,0,0,"El problema es que si estas sentando en linea y si algo va mal tardas mas en reaccionar(lo que me dijeron). Tambien estuve haciendo cajas como tu asi que se como te sientes. El primer dia trabando en cadena siempre es duro (yo no estaba en forma que digamos) y los dos primeros dias el encargado me grito dos veces a lo bruto :'). No me enseñaron nada al principio y me las tuve que arreglar como pude, fue un asco pero me seguieron llamando y cada vez trabajaba mas rapido asi que al final habian algunos puestos que solo yo podia hacer lel. He perdido la cuenta de gente que se iba a las dos horas de estar ahi, es normal. PD: para el dolor en general te recomiendo que te compres la fisiocrem en la farmacia x'd.",
h5ulqf6,Me parece denunciable que no te den el equipamiento necesario. Y si te lo tenías que comprar tú te lo tendrían que haber dicho de antemano y tú decidir si te parecía bien o no.,13,1626765425.0,0.0,Me parece denunciable que no te den el equipamiento necesario. Y si te lo tenías que comprar tú te lo tendrían que haber dicho de antemano y tú decidir si te parecía bien o no.,https://www.reddit.com/r/spain/comments/onv1ta/mi_primer_trabajo_fue_ayer_y_solo_he_durado_5h/,2021-07-20 07:17:05+00:00,reddit_comments.csv,reddit,,2021-07-20,0,0,Me parece denunciable que no te den el equipamiento necesario. Y si te lo tenías que comprar tú te lo tendrían que haber dicho de antemano y tú decidir si te parecía bien o no.,
h5um9j4,"Cuando ocurra algo así, denuncia y ponlo en conocimiento de las autoridades, grábalo y consigue las pruebas necesarias para que tu denuncia sea eficaz. Siempre habrá el pirata que no le importe los demás más que ganarse unos euros más en el bolsillo, pero para eso está la ley y funciona cuando se le aporta la información adecuada",13,1626765889.0,0.0,"Cuando ocurra algo así, denuncia y ponlo en conocimiento de las autoridades, grábalo y consigue las pruebas necesarias para que tu denuncia sea eficaz. Siempre habrá el pirata que no le importe los demás más que ganarse unos euros más en el bolsillo, pero para eso está la ley y funciona cuando se le aporta la información adecuada",https://www.reddit.com/r/spain/comments/onv1ta/mi_primer_trabajo_fue_ayer_y_solo_he_durado_5h/,2021-07-20 07:24:49+00:00,reddit_comments.csv,reddit,,2021-07-20,0,0,"Cuando ocurra algo así, denuncia y ponlo en conocimiento de las autoridades, grábalo y consigue las pruebas necesarias para que tu denuncia sea eficaz. Siempre habrá el pirata que no le importe los demás más que ganarse unos euros más en el bolsillo, pero para eso está la ley y funciona cuando se le aporta la información adecuada",
h5umsb3,"Se puede denunciar anónimamente? Es que sinceramente me da miedo porque solo estuve 5h y no tengo prueba alguna, solamente los moratones de los pies y las astillas de llevar los pales sin guantes",4,1626766349.0,1.0,"Se puede denunciar anónimamente? Es que sinceramente me da miedo porque solo estuve 5h y no tengo prueba alguna, solamente los moratones de los pies y las astillas de llevar los pales sin guantes",https://www.reddit.com/r/spain/comments/onv1ta/mi_primer_trabajo_fue_ayer_y_solo_he_durado_5h/,2021-07-20 07:32:29+00:00,reddit_comments.csv,reddit,,2021-07-20,0,0,"Se puede denunciar anónimamente? Es que sinceramente me da miedo porque solo estuve 5h y no tengo prueba alguna, solamente los moratones de los pies y las astillas de llevar los pales sin guantes",
h5uqop0,"Lamentablemente, y según el ministerio, no ya que han de tramitar la denuncia con todos los datos, pero tus datos personales jamás serán revelados a la empresa. Te ánimo a que denuncies, es la única forma de que cierta gente aprenda y se integre para mejorar nuestra sociedad (además de que servirá de ejemplo para que otros no hagan lo mismo y con el tiempo ya no encontrarás trabajos así en esa zona, te lo aseguro). Te dejo un enlace con más información:

https://www.mites.gob.es/itss/web/Utilidades/FAQs/IYP/iyp.html",9,1626769790.0,2.0,"Lamentablemente, y según el ministerio, no ya que han de tramitar la denuncia con todos los datos, pero tus datos personales jamás serán revelados a la empresa. Te ánimo a que denuncies, es la única forma de que cierta gente aprenda y se integre para mejorar nuestra sociedad (además de que servirá de ejemplo para que otros no hagan lo mismo y con el tiempo ya no encontrarás trabajos así en esa zona, te lo aseguro). Te dejo un enlace con más información:

https://www.mites.gob.es/itss/web/Utilidades/FAQs/IYP/iyp.html",https://www.reddit.com/r/spain/comments/onv1ta/mi_primer_trabajo_fue_ayer_y_solo_he_durado_5h/,2021-07-20 08:29:50+00:00,reddit_comments.csv,reddit,,2021-07-20,0,0,"Lamentablemente, y según el ministerio, no ya que han de tramitar la denuncia con todos los datos, pero tus datos personales jamás serán revelados a la empresa. Te ánimo a que denuncies, es la única forma de que cierta gente aprenda y se integre para mejorar nuestra sociedad (además de que servirá de ejemplo para que otros no hagan lo mismo y con el tiempo ya no encontrarás trabajos así en esa zona, te lo aseguro). Te dejo un enlace con más información: https://www.mites.gob.es/itss/web/Utilidades/FAQs/IYP/iyp.html",
h5uved6,Esto es el mundo de yupi. No funciona así. No le yenes la cabeza de tonterías porque la realidad es mucho mas triste,-2,1626774088.0,1.0,Esto es el mundo de yupi. No funciona así. No le yenes la cabeza de tonterías porque la realidad es mucho mas triste,https://www.reddit.com/r/spain/comments/onv1ta/mi_primer_trabajo_fue_ayer_y_solo_he_durado_5h/,2021-07-20 09:41:28+00:00,reddit_comments.csv,reddit,,2021-07-20,0,0,Esto es el mundo de yupi. No funciona así. No le yenes la cabeza de tonterías porque la realidad es mucho mas triste,
h5uzcgp,"Lamentablemente no soy capaz de entenderte, si quieres decir que denunciar no sirve de nada y que este acto pertenece y es llevado por gente que vive en el mundo de “yupi”, la verdad no puedo llegar a entenderte. Si puedieras explicarte un poco mejor, no expongas tus sentimientos sin tus razones",3,1626777515.0,2.0,"Lamentablemente no soy capaz de entenderte, si quieres decir que denunciar no sirve de nada y que este acto pertenece y es llevado por gente que vive en el mundo de “yupi”, la verdad no puedo llegar a entenderte. Si puedieras explicarte un poco mejor, no expongas tus sentimientos sin tus razones",https://www.reddit.com/r/spain/comments/onv1ta/mi_primer_trabajo_fue_ayer_y_solo_he_durado_5h/,2021-07-20 10:38:35+00:00,reddit_comments.csv,reddit,,2021-07-20,0,0,"Lamentablemente no soy capaz de entenderte, si quieres decir que denunciar no sirve de nada y que este acto pertenece y es llevado por gente que vive en el mundo de “yupi”, la verdad no puedo llegar a entenderte. Si puedieras explicarte un poco mejor, no expongas tus sentimientos sin tus razones",
h5v18jy,"Que lo unico que va a conseguir denunciando es que le pongan en la lista negra de la ett y no le vuelvan a llamar para nada.

Se cómo vsn estas cosas y lo mejor que puede hacer es, si no le gusta, pirsrae y ya está. Denunciando solo consigues herirte a ti mismo y que al dueño igual le pongan una multa (o igual no) de aquí a 5 años.

Si está en una ett es porque necesita pasta, no justicia social. Hay que saber poner en orden las prioridades",-1,1626779029.0,3.0,"Que lo unico que va a conseguir denunciando es que le pongan en la lista negra de la ett y no le vuelvan a llamar para nada.

Se cómo vsn estas cosas y lo mejor que puede hacer es, si no le gusta, pirsrae y ya está. Denunciando solo consigues herirte a ti mismo y que al dueño igual le pongan una multa (o igual no) de aquí a 5 años.

Si está en una ett es porque necesita pasta, no justicia social. Hay que saber poner en orden las prioridades",https://www.reddit.com/r/spain/comments/onv1ta/mi_primer_trabajo_fue_ayer_y_solo_he_durado_5h/,2021-07-20 11:03:49+00:00,reddit_comments.csv,reddit,,2021-07-20,0,0,"Que lo unico que va a conseguir denunciando es que le pongan en la lista negra de la ett y no le vuelvan a llamar para nada. Se cómo vsn estas cosas y lo mejor que puede hacer es, si no le gusta, pirsrae y ya está. Denunciando solo consigues herirte a ti mismo y que al dueño igual le pongan una multa (o igual no) de aquí a 5 años. Si está en una ett es porque necesita pasta, no justicia social. Hay que saber poner en orden las prioridades",
h5v1wyp,"Eso es falso, no existe tal lista ETT. No existe ninguna lista negra de trabajo temporal. La denuncia es anónima en referente a la empresa. Las denuncias son los únicos medios de que situaciones de este tipo no pasen, la seguridad social te llama de igual manera. De dónde has sacado eso de la lista? Por favor muestra un enlace, donde haya la información que tú estás reivindicando. Ya que hablas como el típico que le importa todo nada, y le da igual el avance social, principal problema de todos. Provocando que el trabajador no sepa sus derechos y cualquiera pueda abusar de él.",2,1626779543.0,4.0,"Eso es falso, no existe tal lista ETT. No existe ninguna lista negra de trabajo temporal. La denuncia es anónima en referente a la empresa. Las denuncias son los únicos medios de que situaciones de este tipo no pasen, la seguridad social te llama de igual manera. De dónde has sacado eso de la lista? Por favor muestra un enlace, donde haya la información que tú estás reivindicando. Ya que hablas como el típico que le importa todo nada, y le da igual el avance social, principal problema de todos. Provocando que el trabajador no sepa sus derechos y cualquiera pueda abusar de él.",https://www.reddit.com/r/spain/comments/onv1ta/mi_primer_trabajo_fue_ayer_y_solo_he_durado_5h/,2021-07-20 11:12:23+00:00,reddit_comments.csv,reddit,,2021-07-20,0,0,"Eso es falso, no existe tal lista ETT. No existe ninguna lista negra de trabajo temporal. La denuncia es anónima en referente a la empresa. Las denuncias son los únicos medios de que situaciones de este tipo no pasen, la seguridad social te llama de igual manera. De dónde has sacado eso de la lista? Por favor muestra un enlace, donde haya la información que tú estás reivindicando. Ya que hablas como el típico que le importa todo nada, y le da igual el avance social, principal problema de todos. Provocando que el trabajador no sepa sus derechos y cualquiera pueda abusar de él.",
h5v2pvc,"Vsmos a ver tu te crees que una fabricucha que hace esas cosas no tiene sospechas de algunos trabajadores? Yo eso lo he visto en persona. Llamar y decir no me vuelvas a mandar a esta porque va mucho al baño, a este porque pierde el tiempo y a este porque me contestó mal.

Que una cosa es la ley y otra cómo funciona la industria de verdad. Y para empresas pequeñas y jefes hijosdeputa eso está a la orden del dia. Sobre todo cuando el puesto lo cubren al dia siguiente",0,1626780139.0,5.0,"Vsmos a ver tu te crees que una fabricucha que hace esas cosas no tiene sospechas de algunos trabajadores? Yo eso lo he visto en persona. Llamar y decir no me vuelvas a mandar a esta porque va mucho al baño, a este porque pierde el tiempo y a este porque me contestó mal.

Que una cosa es la ley y otra cómo funciona la industria de verdad. Y para empresas pequeñas y jefes hijosdeputa eso está a la orden del dia. Sobre todo cuando el puesto lo cubren al dia siguiente",https://www.reddit.com/r/spain/comments/onv1ta/mi_primer_trabajo_fue_ayer_y_solo_he_durado_5h/,2021-07-20 11:22:19+00:00,reddit_comments.csv,reddit,,2021-07-20,0,0,"Vsmos a ver tu te crees que una fabricucha que hace esas cosas no tiene sospechas de algunos trabajadores? Yo eso lo he visto en persona. Llamar y decir no me vuelvas a mandar a esta porque va mucho al baño, a este porque pierde el tiempo y a este porque me contestó mal. Que una cosa es la ley y otra cómo funciona la industria de verdad. Y para empresas pequeñas y jefes hijosdeputa eso está a la orden del dia. Sobre todo cuando el puesto lo cubren al dia siguiente",
h5v3asa,"Y de hay la función de las denuncias, tú hablas de ir al baño y mala contestaciones, pero eso fueron comentarios sin importancia que hizo, así que no diluyas esta conversación en temas no punibles; los cuales si son no tener el equipo adecuado para la seguridad personal del trabajador, las mascarillas de protección, y demás irregularidades que ha visto. 
Las sospechas que una empresa crees que tiene sobre ti son absurdas sobretodo cómo bien dices el puesto de trabajo los cubren día si y día también. La empresa no hace un análisis del trabajador pensando este me va a denunciar. Tengo la total seguridad de que no tienes ni idea de lo que hablas dado tus comentarios. Incluso cuando un trabajador es despedido y al día siguiente aparece una denuncia en la empresa, la propia empresa no tiene ni idea de quién fue ya que por ese periodo de tiempo u otros más largos han pasado muchos trabajadores. Segundo, cuando una empresa te despide no esperes que algún día te vuelva a contratar, y mejor que no lo haga, ya habrá otras donde encajes mejor.
(Sigo esperando que nos aclares lo de la lista negra)",0,1626780554.0,6.0,"Y de hay la función de las denuncias, tú hablas de ir al baño y mala contestaciones, pero eso fueron comentarios sin importancia que hizo, así que no diluyas esta conversación en temas no punibles; los cuales si son no tener el equipo adecuado para la seguridad personal del trabajador, las mascarillas de protección, y demás irregularidades que ha visto. 
Las sospechas que una empresa crees que tiene sobre ti son absurdas sobretodo cómo bien dices el puesto de trabajo los cubren día si y día también. La empresa no hace un análisis del trabajador pensando este me va a denunciar. Tengo la total seguridad de que no tienes ni idea de lo que hablas dado tus comentarios. Incluso cuando un trabajador es despedido y al día siguiente aparece una denuncia en la empresa, la propia empresa no tiene ni idea de quién fue ya que por ese periodo de tiempo u otros más largos han pasado muchos trabajadores. Segundo, cuando una empresa te despide no esperes que algún día te vuelva a contratar, y mejor que no lo haga, ya habrá otras donde encajes mejor.
(Sigo esperando que nos aclares lo de la lista negra)",https://www.reddit.com/r/spain/comments/onv1ta/mi_primer_trabajo_fue_ayer_y_solo_he_durado_5h/,2021-07-20 11:29:14+00:00,reddit_comments.csv,reddit,,2021-07-20,0,0,"Y de hay la función de las denuncias, tú hablas de ir al baño y mala contestaciones, pero eso fueron comentarios sin importancia que hizo, así que no diluyas esta conversación en temas no punibles; los cuales si son no tener el equipo adecuado para la seguridad personal del trabajador, las mascarillas de protección, y demás irregularidades que ha visto. Las sospechas que una empresa crees que tiene sobre ti son absurdas sobretodo cómo bien dices el puesto de trabajo los cubren día si y día también. La empresa no hace un análisis del trabajador pensando este me va a denunciar. Tengo la total seguridad de que no tienes ni idea de lo que hablas dado tus comentarios. Incluso cuando un trabajador es despedido y al día siguiente aparece una denuncia en la empresa, la propia empresa no tiene ni idea de quién fue ya que por ese periodo de tiempo u otros más largos han pasado muchos trabajadores. Segundo, cuando una empresa te despide no esperes que algún día te vuelva a contratar, y mejor que no lo haga, ya habrá otras donde encajes mejor. (Sigo esperando que nos aclares lo de la lista negra)",
h5xsju9,"Lo que se refiere de la lista negra, se conoce como Buró Laboral, de las ett no tengo ni idea si existe, pero soy consciente que es una practica utilizada en españa, para una definición exacta de que es sería:

""El buró laboral es una herramienta para marginar a trabajadores, lo que constituye un acto de discriminación. La primera posibilidad de defensa de los trabajadores es acudir al Inai para presentar una queja o una denuncia. Otra es presentar una demanda por discriminación""

Es denunciable obviamente, pero puede tardar hasta años en salir adelante el juicio.

Sinceramente, después de ver donde el enchufismo, corrupción y demás son como el pan de cada día en este pais, ya no debería sorprendernos que ocurran cosas así, por desgracia...",0,1626824894.0,7.0,"Lo que se refiere de la lista negra, se conoce como Buró Laboral, de las ett no tengo ni idea si existe, pero soy consciente que es una practica utilizada en españa, para una definición exacta de que es sería:

""El buró laboral es una herramienta para marginar a trabajadores, lo que constituye un acto de discriminación. La primera posibilidad de defensa de los trabajadores es acudir al Inai para presentar una queja o una denuncia. Otra es presentar una demanda por discriminación""

Es denunciable obviamente, pero puede tardar hasta años en salir adelante el juicio.

Sinceramente, después de ver donde el enchufismo, corrupción y demás son como el pan de cada día en este pais, ya no debería sorprendernos que ocurran cosas así, por desgracia...",https://www.reddit.com/r/spain/comments/onv1ta/mi_primer_trabajo_fue_ayer_y_solo_he_durado_5h/,2021-07-20 23:48:14+00:00,reddit_comments.csv,reddit,,2021-07-20,0,0,"Lo que se refiere de la lista negra, se conoce como Buró Laboral, de las ett no tengo ni idea si existe, pero soy consciente que es una practica utilizada en españa, para una definición exacta de que es sería: ""El buró laboral es una herramienta para marginar a trabajadores, lo que constituye un acto de discriminación. La primera posibilidad de defensa de los trabajadores es acudir al Inai para presentar una queja o una denuncia. Otra es presentar una demanda por discriminación"" Es denunciable obviamente, pero puede tardar hasta años en salir adelante el juicio. Sinceramente, después de ver donde el enchufismo, corrupción y demás son como el pan de cada día en este pais, ya no debería sorprendernos que ocurran cosas así, por desgracia...",
h5zf91w,"El Buró Laboral; primero no tiene nada que ver con esa lista negra de la que hablaba. La práctica del buró laboral es temida en Mexico y por lo visto no corroborada y posiblemente bulo para amedrentar al trabajador de realizar quejas y denuncias (ya sabemos que America Latina está aún a años luz de Europa y se realizan prácticas delictivas en el ámbito empresarial sin perjuicio moral o legal), de todos modos, se realiza en ámbitos de grandes empresas como base de datos, no en las pequeñas, y en Méjico, además de que allí las denuncias han de reflejar los datos del denunciante por lo que tengo entendido, cosa que aquí no pasa, los datos han de ser recogidos por el ministerio, pero nunca serán revelados ya que el propio ministerio es quien actúa de oficio contra la empresa, no el ciudadano. Aquí en España no existe tal práctica y menos si proviene el empleado de la seguridad social ya que supondría un grave menoscabo a la legalidad española y seguridad del ciudadano.
No hay lista negra, y nunca ha existido! Dejad de promover bulos falsos e investigad o informaros a través de fuentes verídicas y no de blogs de dudosa procedencia o conspiraciones de medio pelo.",1,1626858822.0,8.0,"El Buró Laboral; primero no tiene nada que ver con esa lista negra de la que hablaba. La práctica del buró laboral es temida en Mexico y por lo visto no corroborada y posiblemente bulo para amedrentar al trabajador de realizar quejas y denuncias (ya sabemos que America Latina está aún a años luz de Europa y se realizan prácticas delictivas en el ámbito empresarial sin perjuicio moral o legal), de todos modos, se realiza en ámbitos de grandes empresas como base de datos, no en las pequeñas, y en Méjico, además de que allí las denuncias han de reflejar los datos del denunciante por lo que tengo entendido, cosa que aquí no pasa, los datos han de ser recogidos por el ministerio, pero nunca serán revelados ya que el propio ministerio es quien actúa de oficio contra la empresa, no el ciudadano. Aquí en España no existe tal práctica y menos si proviene el empleado de la seguridad social ya que supondría un grave menoscabo a la legalidad española y seguridad del ciudadano.
No hay lista negra, y nunca ha existido! Dejad de promover bulos falsos e investigad o informaros a través de fuentes verídicas y no de blogs de dudosa procedencia o conspiraciones de medio pelo.",https://www.reddit.com/r/spain/comments/onv1ta/mi_primer_trabajo_fue_ayer_y_solo_he_durado_5h/,2021-07-21 09:13:42+00:00,reddit_comments.csv,reddit,,2021-07-21,0,0,"El Buró Laboral; primero no tiene nada que ver con esa lista negra de la que hablaba. La práctica del buró laboral es temida en Mexico y por lo visto no corroborada y posiblemente bulo para amedrentar al trabajador de realizar quejas y denuncias (ya sabemos que America Latina está aún a años luz de Europa y se realizan prácticas delictivas en el ámbito empresarial sin perjuicio moral o legal), de todos modos, se realiza en ámbitos de grandes empresas como base de datos, no en las pequeñas, y en Méjico, además de que allí las denuncias han de reflejar los datos del denunciante por lo que tengo entendido, cosa que aquí no pasa, los datos han de ser recogidos por el ministerio, pero nunca serán revelados ya que el propio ministerio es quien actúa de oficio contra la empresa, no el ciudadano. Aquí en España no existe tal práctica y menos si proviene el empleado de la seguridad social ya que supondría un grave menoscabo a la legalidad española y seguridad del ciudadano. No hay lista negra, y nunca ha existido! Dejad de promover bulos falsos e investigad o informaros a través de fuentes verídicas y no de blogs de dudosa procedencia o conspiraciones de medio pelo.",
h607gky,"Perdona que te diga pero el que veo que no se informado y contrastado eres tu, pero no me informo de blogs, contrasto noticias de varias fuentes y voy tirando del hilo hasta dar con la información verifica y no por bulos, que estamos en 2021 no en 2015 que entonces si se creía que las listas negras eran ""cuentos de brujas"" y por entonces si te daría la razón.

Que por cierto, me parece que ni me has leído el primer párrafo completo, porque has obviado ""de las ett no tengo ni idea si existe"", por lo tanto no dado por hecho lo que el otro usuario a comentado de las ett, partiendo de eso, quiero que me lo refutas porque no existen.

Quieres datos? 

[https://www.eleconomista.es/civil/noticias/7161557/11/15/La-inclusion-en-listas-negras-vulnera-la-proteccion-de-datos.html](https://www.eleconomista.es/civil/noticias/7161557/11/15/La-inclusion-en-listas-negras-vulnera-la-proteccion-de-datos.html)

[https://noticias.juridicas.com/actualidad/jurisprudencia/10672-una-empresa-no-puede-comunicar-a-otra-la-causa-de-despido-de-un-trabajador-para-incluirlo-en-una-ldquo;lista-negrardquo;/](https://noticias.juridicas.com/actualidad/jurisprudencia/10672-una-empresa-no-puede-comunicar-a-otra-la-causa-de-despido-de-un-trabajador-para-incluirlo-en-una-ldquo;lista-negrardquo;/)

Quieres más datos, pues tan fácil como buscar en Google la información e ir contrastando, te lo pongo más fácil todavía con que copies y pegues lo siguiente en el buscador, y luego es cosa tuya de sacar tus conclusiones y no quedarte con la primera información que encuentres (sí es el caso  de no informarte ni me molestare en responder)

""Sentencia 609/2015 del Tribunal Supremo sobre listas negras de trabajadores. Agencia Española de Protección de Datos (AEPD). Informe 0201/2010.""

Pues creo que te lo dejado en bandeja de plata, de encontrar por ti mismo la información, ahora depende de ti si informarte o no como dicho.

Además el mundo no es de color de rosa, hay matices, si no las quieres contrastar pues como quieras, por cierto insisto en lo que dicho al principio de mi comentario ""quiero que me lo refutas porque no existen."" 

Por último, porque tan arisco? ni te faltado ni nada por el estilo, me parece que solo gusta lo que uno quiere oír, haber si te entrara en la cabeza que no todo el mundo respeta por igual la ley, habrá gente que sí, siempre existirá gente honrada y ladrones, buenos conductores y conductores temerarios, tanto si nos gusta como si no, es el mundo que nos a tocado vivir.

saludos.",1,1626877072.0,9.0,"Perdona que te diga pero el que veo que no se informado y contrastado eres tu, pero no me informo de blogs, contrasto noticias de varias fuentes y voy tirando del hilo hasta dar con la información verifica y no por bulos, que estamos en 2021 no en 2015 que entonces si se creía que las listas negras eran ""cuentos de brujas"" y por entonces si te daría la razón.

Que por cierto, me parece que ni me has leído el primer párrafo completo, porque has obviado ""de las ett no tengo ni idea si existe"", por lo tanto no dado por hecho lo que el otro usuario a comentado de las ett, partiendo de eso, quiero que me lo refutas porque no existen.

Quieres datos? 

[https://www.eleconomista.es/civil/noticias/7161557/11/15/La-inclusion-en-listas-negras-vulnera-la-proteccion-de-datos.html](https://www.eleconomista.es/civil/noticias/7161557/11/15/La-inclusion-en-listas-negras-vulnera-la-proteccion-de-datos.html)

[https://noticias.juridicas.com/actualidad/jurisprudencia/10672-una-empresa-no-puede-comunicar-a-otra-la-causa-de-despido-de-un-trabajador-para-incluirlo-en-una-ldquo;lista-negrardquo;/](https://noticias.juridicas.com/actualidad/jurisprudencia/10672-una-empresa-no-puede-comunicar-a-otra-la-causa-de-despido-de-un-trabajador-para-incluirlo-en-una-ldquo;lista-negrardquo;/)

Quieres más datos, pues tan fácil como buscar en Google la información e ir contrastando, te lo pongo más fácil todavía con que copies y pegues lo siguiente en el buscador, y luego es cosa tuya de sacar tus conclusiones y no quedarte con la primera información que encuentres (sí es el caso  de no informarte ni me molestare en responder)

""Sentencia 609/2015 del Tribunal Supremo sobre listas negras de trabajadores. Agencia Española de Protección de Datos (AEPD). Informe 0201/2010.""

Pues creo que te lo dejado en bandeja de plata, de encontrar por ti mismo la información, ahora depende de ti si informarte o no como dicho.

Además el mundo no es de color de rosa, hay matices, si no las quieres contrastar pues como quieras, por cierto insisto en lo que dicho al principio de mi comentario ""quiero que me lo refutas porque no existen."" 

Por último, porque tan arisco? ni te faltado ni nada por el estilo, me parece que solo gusta lo que uno quiere oír, haber si te entrara en la cabeza que no todo el mundo respeta por igual la ley, habrá gente que sí, siempre existirá gente honrada y ladrones, buenos conductores y conductores temerarios, tanto si nos gusta como si no, es el mundo que nos a tocado vivir.

saludos.",https://www.reddit.com/r/spain/comments/onv1ta/mi_primer_trabajo_fue_ayer_y_solo_he_durado_5h/,2021-07-21 14:17:52+00:00,reddit_comments.csv,reddit,,2021-07-21,0,0,"Perdona que te diga pero el que veo que no se informado y contrastado eres tu, pero no me informo de blogs, contrasto noticias de varias fuentes y voy tirando del hilo hasta dar con la información verifica y no por bulos, que estamos en 2021 no en 2015 que entonces si se creía que las listas negras eran ""cuentos de brujas"" y por entonces si te daría la razón. Que por cierto, me parece que ni me has leído el primer párrafo completo, porque has obviado ""de las ett no tengo ni idea si existe"", por lo tanto no dado por hecho lo que el otro usuario a comentado de las ett, partiendo de eso, quiero que me lo refutas porque no existen. Quieres datos? [https://www.eleconomista.es/civil/noticias/7161557/11/15/La-inclusion-en-listas-negras-vulnera-la-proteccion-de-datos.html](https://www.eleconomista.es/civil/noticias/7161557/11/15/La-inclusion-en-listas-negras-vulnera-la-proteccion-de-datos.html) [https://noticias.juridicas.com/actualidad/jurisprudencia/10672-una-empresa-no-puede-comunicar-a-otra-la-causa-de-despido-de-un-trabajador-para-incluirlo-en-una-ldquo;lista-negrardquo;/](https://noticias.juridicas.com/actualidad/jurisprudencia/10672-una-empresa-no-puede-comunicar-a-otra-la-causa-de-despido-de-un-trabajador-para-incluirlo-en-una-ldquo;lista-negrardquo;/) Quieres más datos, pues tan fácil como buscar en Google la información e ir contrastando, te lo pongo más fácil todavía con que copies y pegues lo siguiente en el buscador, y luego es cosa tuya de sacar tus conclusiones y no quedarte con la primera información que encuentres (sí es el caso de no informarte ni me molestare en responder) ""Sentencia 609/2015 del Tribunal Supremo sobre listas negras de trabajadores. Agencia Española de Protección de Datos (AEPD). Informe 0201/2010."" Pues creo que te lo dejado en bandeja de plata, de encontrar por ti mismo la información, ahora depende de ti si informarte o no como dicho. Además el mundo no es de color de rosa, hay matices, si no las quieres contrastar pues como quieras, por cierto insisto en lo que dicho al principio de mi comentario ""quiero que me lo refutas porque no existen."" Por último, porque tan arisco? ni te faltado ni nada por el estilo, me parece que solo gusta lo que uno quiere oír, haber si te entrara en la cabeza que no todo el mundo respeta por igual la ley, habrá gente que sí, siempre existirá gente honrada y ladrones, buenos conductores y conductores temerarios, tanto si nos gusta como si no, es el mundo que nos a tocado vivir. saludos.",
h5vji3k,"No existe ninguna lista negra de ETT ni de historial laboral ni zarandajas. Y si estos negreros no le vuelven a llamar es la mejor de las noticias posibles para su salud.

Si una empresa en un acto de locura decide crear su propia lista negra está violando la ley RGPD por las cuatro esquinas. Me encantaría ver las consecuencias.

[Aquí una recopilación de sentencias recientes a empresarios por robar y estafar](https://www.iberley.es/jurisprudencia/?voces%5B0%5D=Inspecci%C3%B3n+de+trabajo+y+Seguridad+Social&amp;sort=fecha)

[Enlace a Laboro Spain, blog de derecho laboral para trabajadores que es de lo mejorcito](https://laboro-spain.blogspot.com/)

/u/boredinlife9",1,1626789771.0,4.0,"No existe ninguna lista negra de ETT ni de historial laboral ni zarandajas. Y si estos negreros no le vuelven a llamar es la mejor de las noticias posibles para su salud.

Si una empresa en un acto de locura decide crear su propia lista negra está violando la ley RGPD por las cuatro esquinas. Me encantaría ver las consecuencias.

[Aquí una recopilación de sentencias recientes a empresarios por robar y estafar](https://www.iberley.es/jurisprudencia/?voces%5B0%5D=Inspecci%C3%B3n+de+trabajo+y+Seguridad+Social&amp;sort=fecha)

[Enlace a Laboro Spain, blog de derecho laboral para trabajadores que es de lo mejorcito](https://laboro-spain.blogspot.com/)

/u/boredinlife9",https://www.reddit.com/r/spain/comments/onv1ta/mi_primer_trabajo_fue_ayer_y_solo_he_durado_5h/,2021-07-20 14:02:51+00:00,reddit_comments.csv,reddit,,2021-07-20,0,0,"No existe ninguna lista negra de ETT ni de historial laboral ni zarandajas. Y si estos negreros no le vuelven a llamar es la mejor de las noticias posibles para su salud. Si una empresa en un acto de locura decide crear su propia lista negra está violando la ley RGPD por las cuatro esquinas. Me encantaría ver las consecuencias. [Aquí una recopilación de sentencias recientes a empresarios por robar y estafar](https://www.iberley.es/jurisprudencia/?voces%5B0%5D=Inspecci%C3%B3n+de+trabajo+y+Seguridad+Social&amp;sort=fecha) [Enlace a Laboro Spain, blog de derecho laboral para trabajadores que es de lo mejorcito](https://laboro-spain.blogspot.com/) /u/boredinlife9",
h5vjzfz,"Yo ya te he digo que es un secreto a voces. Vamos que a mi me lo dijeron en voz baja y fuera de la oficina.

 A las ETT hay que meterles mano legslmente por todas partes pero la putada es que hay tanta gente (sin estudios sobre todo) que depende de ellas para vivir que los muy hijosdeputa en la administración no se atreven.",1,1626789994.0,5.0,"Yo ya te he digo que es un secreto a voces. Vamos que a mi me lo dijeron en voz baja y fuera de la oficina.

 A las ETT hay que meterles mano legslmente por todas partes pero la putada es que hay tanta gente (sin estudios sobre todo) que depende de ellas para vivir que los muy hijosdeputa en la administración no se atreven.",https://www.reddit.com/r/spain/comments/onv1ta/mi_primer_trabajo_fue_ayer_y_solo_he_durado_5h/,2021-07-20 14:06:34+00:00,reddit_comments.csv,reddit,,2021-07-20,0,0,Yo ya te he digo que es un secreto a voces. Vamos que a mi me lo dijeron en voz baja y fuera de la oficina. A las ETT hay que meterles mano legslmente por todas partes pero la putada es que hay tanta gente (sin estudios sobre todo) que depende de ellas para vivir que los muy hijosdeputa en la administración no se atreven.,
h5vkcv2,"Experiencia personal: he trabajado para ETT grandes y pequeñas, he tenido movidas en ETT grandes y pequeñas y me han seguido llamando desde ETT grandes y pequeñas. O la lista negra no funciona o alguien te ha intentado impresionar.",1,1626790167.0,6.0,"Experiencia personal: he trabajado para ETT grandes y pequeñas, he tenido movidas en ETT grandes y pequeñas y me han seguido llamando desde ETT grandes y pequeñas. O la lista negra no funciona o alguien te ha intentado impresionar.",https://www.reddit.com/r/spain/comments/onv1ta/mi_primer_trabajo_fue_ayer_y_solo_he_durado_5h/,2021-07-20 14:09:27+00:00,reddit_comments.csv,reddit,,2021-07-20,0,0,"Experiencia personal: he trabajado para ETT grandes y pequeñas, he tenido movidas en ETT grandes y pequeñas y me han seguido llamando desde ETT grandes y pequeñas. O la lista negra no funciona o alguien te ha intentado impresionar.",
h5vkkgq,"Sinceramente. Espero que tengas razón y no sea así porque me dio tanto puto asco que dejé ese trabajo en cuanto pude. Yo solo se que la rotación era demasiado, y muchas veces por un par de jefes que echaban a todo dios",1,1626790266.0,7.0,"Sinceramente. Espero que tengas razón y no sea así porque me dio tanto puto asco que dejé ese trabajo en cuanto pude. Yo solo se que la rotación era demasiado, y muchas veces por un par de jefes que echaban a todo dios",https://www.reddit.com/r/spain/comments/onv1ta/mi_primer_trabajo_fue_ayer_y_solo_he_durado_5h/,2021-07-20 14:11:06+00:00,reddit_comments.csv,reddit,,2021-07-20,0,0,"Sinceramente. Espero que tengas razón y no sea así porque me dio tanto puto asco que dejé ese trabajo en cuanto pude. Yo solo se que la rotación era demasiado, y muchas veces por un par de jefes que echaban a todo dios",
h5um40e,"Hiciste bien en irte, la seguridad es lo primero, lo segundo sería avisar a inspección de trabajo porque si tú has sufrido esas irregularidades en el primer día ten por seguro que hay más, y lo tercero sería sindicatarte para que eso no vuelva a pasar. Ánimo",11,1626765752.0,0.0,"Hiciste bien en irte, la seguridad es lo primero, lo segundo sería avisar a inspección de trabajo porque si tú has sufrido esas irregularidades en el primer día ten por seguro que hay más, y lo tercero sería sindicatarte para que eso no vuelva a pasar. Ánimo",https://www.reddit.com/r/spain/comments/onv1ta/mi_primer_trabajo_fue_ayer_y_solo_he_durado_5h/,2021-07-20 07:22:32+00:00,reddit_comments.csv,reddit,,2021-07-20,0,0,"Hiciste bien en irte, la seguridad es lo primero, lo segundo sería avisar a inspección de trabajo porque si tú has sufrido esas irregularidades en el primer día ten por seguro que hay más, y lo tercero sería sindicatarte para que eso no vuelva a pasar. Ánimo",
h5umhgo,Yolanda diaz pisa ese sitio y les cierra el chiringuito en 3s,1,1626766088.0,1.0,Yolanda diaz pisa ese sitio y les cierra el chiringuito en 3s,https://www.reddit.com/r/spain/comments/onv1ta/mi_primer_trabajo_fue_ayer_y_solo_he_durado_5h/,2021-07-20 07:28:08+00:00,reddit_comments.csv,reddit,,2021-07-20,0,0,Yolanda diaz pisa ese sitio y les cierra el chiringuito en 3s,
h5up1px,"Denunciar en la inspección de trabajo es gratis y anónimo. A las 2 empresas, la ett y la demandante, no sólo por lo que te ocurrió, también por las condiciones de seguridad en general. Los/as trabajadores/as tenemos que denunciar este tipo de abusos o nadie lo hará, hay varias formas, comité de empresa, inspección, juzgado. Un trabajo en condiciones de esclavitud no es un trabajo que valga la pena, ni se debe consentir. Cuando alguien comienza una relación laboral, debe hacerlo de pleno derecho y con todas las garantías a las que tiene derecho. Es la única forma de que este maravilloso sistema de empleo pueda cambiarse, eso y la derogación de las reformas laborales del pp y psoe.",11,1626768322.0,0.0,"Denunciar en la inspección de trabajo es gratis y anónimo. A las 2 empresas, la ett y la demandante, no sólo por lo que te ocurrió, también por las condiciones de seguridad en general. Los/as trabajadores/as tenemos que denunciar este tipo de abusos o nadie lo hará, hay varias formas, comité de empresa, inspección, juzgado. Un trabajo en condiciones de esclavitud no es un trabajo que valga la pena, ni se debe consentir. Cuando alguien comienza una relación laboral, debe hacerlo de pleno derecho y con todas las garantías a las que tiene derecho. Es la única forma de que este maravilloso sistema de empleo pueda cambiarse, eso y la derogación de las reformas laborales del pp y psoe.",https://www.reddit.com/r/spain/comments/onv1ta/mi_primer_trabajo_fue_ayer_y_solo_he_durado_5h/,2021-07-20 08:05:22+00:00,reddit_comments.csv,reddit,,2021-07-20,0,0,"Denunciar en la inspección de trabajo es gratis y anónimo. A las 2 empresas, la ett y la demandante, no sólo por lo que te ocurrió, también por las condiciones de seguridad en general. Los/as trabajadores/as tenemos que denunciar este tipo de abusos o nadie lo hará, hay varias formas, comité de empresa, inspección, juzgado. Un trabajo en condiciones de esclavitud no es un trabajo que valga la pena, ni se debe consentir. Cuando alguien comienza una relación laboral, debe hacerlo de pleno derecho y con todas las garantías a las que tiene derecho. Es la única forma de que este maravilloso sistema de empleo pueda cambiarse, eso y la derogación de las reformas laborales del pp y psoe.",
h5zrd8h,Lo he hecho,2,1626868550.0,1.0,Lo he hecho,https://www.reddit.com/r/spain/comments/onv1ta/mi_primer_trabajo_fue_ayer_y_solo_he_durado_5h/,2021-07-21 11:55:50+00:00,reddit_comments.csv,reddit,,2021-07-21,0,0,Lo he hecho,
h60edjj,"Me alegro mucho. Bien por tí, ejemplar! 👌✊",2,1626880104.0,2.0,"Me alegro mucho. Bien por tí, ejemplar! 👌✊",https://www.reddit.com/r/spain/comments/onv1ta/mi_primer_trabajo_fue_ayer_y_solo_he_durado_5h/,2021-07-21 15:08:24+00:00,reddit_comments.csv,reddit,,2021-07-21,0,0,"Me alegro mucho. Bien por tí, ejemplar!",👌✊
h5uatoq,"Yo he trabajado en fábricas pero como ingeniero y te digo que no había oído nada ni parecido. Al principio te iba a acusar de invent. Es que me parece increible. Pillan a esa fabrica sin medidas justas de protección y le meten una multa al dueño que lo dejan en bancarrota.

Por lo menos en mi experiencia la seguridad del personal operario es la primera prioridad. Y no lo digo ni en broma, del dinero se ocupan los de arriba, en planta primero va la seguridad y luego ya la calidad. Tambien esverdad que mis fabricas eran modernas jajaja. No de cajas",13,1626757002.0,0.0,"Yo he trabajado en fábricas pero como ingeniero y te digo que no había oído nada ni parecido. Al principio te iba a acusar de invent. Es que me parece increible. Pillan a esa fabrica sin medidas justas de protección y le meten una multa al dueño que lo dejan en bancarrota.

Por lo menos en mi experiencia la seguridad del personal operario es la primera prioridad. Y no lo digo ni en broma, del dinero se ocupan los de arriba, en planta primero va la seguridad y luego ya la calidad. Tambien esverdad que mis fabricas eran modernas jajaja. No de cajas",https://www.reddit.com/r/spain/comments/onv1ta/mi_primer_trabajo_fue_ayer_y_solo_he_durado_5h/,2021-07-20 04:56:42+00:00,reddit_comments.csv,reddit,,2021-07-20,0,0,"Yo he trabajado en fábricas pero como ingeniero y te digo que no había oído nada ni parecido. Al principio te iba a acusar de invent. Es que me parece increible. Pillan a esa fabrica sin medidas justas de protección y le meten una multa al dueño que lo dejan en bancarrota. Por lo menos en mi experiencia la seguridad del personal operario es la primera prioridad. Y no lo digo ni en broma, del dinero se ocupan los de arriba, en planta primero va la seguridad y luego ya la calidad. Tambien esverdad que mis fabricas eran modernas jajaja. No de cajas",
h5ub47i,"Ojala fuera un invent porque iba to ilusionado con ganas y me da un yuyu k me tuve que ir, era raro porque también embotellaban detergente y revistas. Alomejor no me dieron nada y lo pase asi porque yo venia de la ett",2,1626757201.0,1.0,"Ojala fuera un invent porque iba to ilusionado con ganas y me da un yuyu k me tuve que ir, era raro porque también embotellaban detergente y revistas. Alomejor no me dieron nada y lo pase asi porque yo venia de la ett",https://www.reddit.com/r/spain/comments/onv1ta/mi_primer_trabajo_fue_ayer_y_solo_he_durado_5h/,2021-07-20 05:00:01+00:00,reddit_comments.csv,reddit,,2021-07-20,0,0,"Ojala fuera un invent porque iba to ilusionado con ganas y me da un yuyu k me tuve que ir, era raro porque también embotellaban detergente y revistas. Alomejor no me dieron nada y lo pase asi porque yo venia de la ett",
h5ubau6,"Nada nada. Da igual de dónde vengas. Te tienen que proteger. Segun entras en planta tu seguridad es su labor. Vamos que te pasa cualquier cosa, vas a un abogado laboral y se les cae el pelo. Es que no lo entiendo de verdad.

Al ingeniero que estuviera ahi le tendrían que quitar la licencia",7,1626757327.0,2.0,"Nada nada. Da igual de dónde vengas. Te tienen que proteger. Segun entras en planta tu seguridad es su labor. Vamos que te pasa cualquier cosa, vas a un abogado laboral y se les cae el pelo. Es que no lo entiendo de verdad.

Al ingeniero que estuviera ahi le tendrían que quitar la licencia",https://www.reddit.com/r/spain/comments/onv1ta/mi_primer_trabajo_fue_ayer_y_solo_he_durado_5h/,2021-07-20 05:02:07+00:00,reddit_comments.csv,reddit,,2021-07-20,0,0,"Nada nada. Da igual de dónde vengas. Te tienen que proteger. Segun entras en planta tu seguridad es su labor. Vamos que te pasa cualquier cosa, vas a un abogado laboral y se les cae el pelo. Es que no lo entiendo de verdad. Al ingeniero que estuviera ahi le tendrían que quitar la licencia",
h5ubh0u,"Deberia ngl porque estaba a punto de tirarme al suelo y me llevan con el jefe y lo unico que me dice es vete xd, mi madre hasta me ha echado la bronca",1,1626757444.0,3.0,"Deberia ngl porque estaba a punto de tirarme al suelo y me llevan con el jefe y lo unico que me dice es vete xd, mi madre hasta me ha echado la bronca",https://www.reddit.com/r/spain/comments/onv1ta/mi_primer_trabajo_fue_ayer_y_solo_he_durado_5h/,2021-07-20 05:04:04+00:00,reddit_comments.csv,reddit,,2021-07-20,0,0,"Deberia ngl porque estaba a punto de tirarme al suelo y me llevan con el jefe y lo unico que me dice es vete xd, mi madre hasta me ha echado la bronca",
h5uby9f,Bufff. Tio búscate algo mejor o estudia algo. Hsy cursos de operario muy bien pagados,5,1626757768.0,4.0,Bufff. Tio búscate algo mejor o estudia algo. Hsy cursos de operario muy bien pagados,https://www.reddit.com/r/spain/comments/onv1ta/mi_primer_trabajo_fue_ayer_y_solo_he_durado_5h/,2021-07-20 05:09:28+00:00,reddit_comments.csv,reddit,,2021-07-20,0,0,Bufff. Tio búscate algo mejor o estudia algo. Hsy cursos de operario muy bien pagados,
h5uqpy0,"Te ha tocado una mala, dicen por aquí que cuanto mas grande peor pero por lo que he visto yo es al revés. Las empresas grandes tienen servicios propios de prevención y saben lo que se juegan mejor que talleres Pepe, el de las estructuras de aluminio.

Cuanto vale un puto cutter? Eso no es por dinero es dejadez y esos sitios cuanto mas lejos mejor.
Cerca de casa habia una fabrica de tela asfaltica que trataba a los empleados como mierda, comian en un comedor con ratas y los sistemas de seguridad de las maquinas estaban rotos y para que siguieran funcionando los tenían manipulados.

Resultado: hace unos meses un chaval se quedó enganchado a un rollo de tela y la maquina lo aplastó. Ahora tienen que pagar mas de 328k€ de multa y es posible que los dueños sean imputados por homicidio. Habia denuncias previas.

Hay gente que sigue en la puta edad de piedra, unos guantes y un cutter valen menos que una hora de sueldo y si no los das (dejando a un lado la humanidad) lo mínimo te arriesgas a perder media jornada o mas por una baja por un corte o astillas clavadas e infección y lo máximo lo que he puesto arriba.

Algunos empresarios son anormales. Después dicen que tenemos mala productividad.",6,1626769821.0,0.0,"Te ha tocado una mala, dicen por aquí que cuanto mas grande peor pero por lo que he visto yo es al revés. Las empresas grandes tienen servicios propios de prevención y saben lo que se juegan mejor que talleres Pepe, el de las estructuras de aluminio.

Cuanto vale un puto cutter? Eso no es por dinero es dejadez y esos sitios cuanto mas lejos mejor.
Cerca de casa habia una fabrica de tela asfaltica que trataba a los empleados como mierda, comian en un comedor con ratas y los sistemas de seguridad de las maquinas estaban rotos y para que siguieran funcionando los tenían manipulados.

Resultado: hace unos meses un chaval se quedó enganchado a un rollo de tela y la maquina lo aplastó. Ahora tienen que pagar mas de 328k€ de multa y es posible que los dueños sean imputados por homicidio. Habia denuncias previas.

Hay gente que sigue en la puta edad de piedra, unos guantes y un cutter valen menos que una hora de sueldo y si no los das (dejando a un lado la humanidad) lo mínimo te arriesgas a perder media jornada o mas por una baja por un corte o astillas clavadas e infección y lo máximo lo que he puesto arriba.

Algunos empresarios son anormales. Después dicen que tenemos mala productividad.",https://www.reddit.com/r/spain/comments/onv1ta/mi_primer_trabajo_fue_ayer_y_solo_he_durado_5h/,2021-07-20 08:30:21+00:00,reddit_comments.csv,reddit,,2021-07-20,0,0,"Te ha tocado una mala, dicen por aquí que cuanto mas grande peor pero por lo que he visto yo es al revés. Las empresas grandes tienen servicios propios de prevención y saben lo que se juegan mejor que talleres Pepe, el de las estructuras de aluminio. Cuanto vale un puto cutter? Eso no es por dinero es dejadez y esos sitios cuanto mas lejos mejor. Cerca de casa habia una fabrica de tela asfaltica que trataba a los empleados como mierda, comian en un comedor con ratas y los sistemas de seguridad de las maquinas estaban rotos y para que siguieran funcionando los tenían manipulados. Resultado: hace unos meses un chaval se quedó enganchado a un rollo de tela y la maquina lo aplastó. Ahora tienen que pagar mas de 328k€ de multa y es posible que los dueños sean imputados por homicidio. Habia denuncias previas. Hay gente que sigue en la puta edad de piedra, unos guantes y un cutter valen menos que una hora de sueldo y si no los das (dejando a un lado la humanidad) lo mínimo te arriesgas a perder media jornada o mas por una baja por un corte o astillas clavadas e infección y lo máximo lo que he puesto arriba. Algunos empresarios son anormales. Después dicen que tenemos mala productividad.",
h5zrekk,"Agree, sinceramente queria amazon porque me hablaban muy bien de ella",1,1626868575.0,1.0,"Agree, sinceramente queria amazon porque me hablaban muy bien de ella",https://www.reddit.com/r/spain/comments/onv1ta/mi_primer_trabajo_fue_ayer_y_solo_he_durado_5h/,2021-07-21 11:56:15+00:00,reddit_comments.csv,reddit,,2021-07-21,0,0,"Agree, sinceramente queria amazon porque me hablaban muy bien de ella",
h5v0n58,"Toma esto es anonimo, no es exactamente como una denuncia, pues no al no personarte en una demanda laboral no sacarás nada pero por lo menos pondrás en conocimiento de los inspectores de trabajo la situación y quizás los próximos tengan mejores condiciones. Es el buzón de fraude, está pensado para los que timan a la seguridad social y esto parece más una negligencia pero no pierdes nada por rellenarlo.

Suerte

https://expinterweb.mitramiss.gob.es/buzonfraude/",4,1626778563.0,0.0,"Toma esto es anonimo, no es exactamente como una denuncia, pues no al no personarte en una demanda laboral no sacarás nada pero por lo menos pondrás en conocimiento de los inspectores de trabajo la situación y quizás los próximos tengan mejores condiciones. Es el buzón de fraude, está pensado para los que timan a la seguridad social y esto parece más una negligencia pero no pierdes nada por rellenarlo.

Suerte

https://expinterweb.mitramiss.gob.es/buzonfraude/",https://www.reddit.com/r/spain/comments/onv1ta/mi_primer_trabajo_fue_ayer_y_solo_he_durado_5h/,2021-07-20 10:56:03+00:00,reddit_comments.csv,reddit,,2021-07-20,0,0,"Toma esto es anonimo, no es exactamente como una denuncia, pues no al no personarte en una demanda laboral no sacarás nada pero por lo menos pondrás en conocimiento de los inspectores de trabajo la situación y quizás los próximos tengan mejores condiciones. Es el buzón de fraude, está pensado para los que timan a la seguridad social y esto parece más una negligencia pero no pierdes nada por rellenarlo. Suerte https://expinterweb.mitramiss.gob.es/buzonfraude/",
h5uknfd,"Yo también trabajé en una fábrica (Picnic) pero en Amsterdam, ahí era obligatorio llevar los zapatos, camisetas y guantes específicos en cualquier departamento. Incluso te daban abrigo para la zona que estaba a -20 grados.",3,1626764506.0,0.0,"Yo también trabajé en una fábrica (Picnic) pero en Amsterdam, ahí era obligatorio llevar los zapatos, camisetas y guantes específicos en cualquier departamento. Incluso te daban abrigo para la zona que estaba a -20 grados.",https://www.reddit.com/r/spain/comments/onv1ta/mi_primer_trabajo_fue_ayer_y_solo_he_durado_5h/,2021-07-20 07:01:46+00:00,reddit_comments.csv,reddit,,2021-07-20,0,0,"Yo también trabajé en una fábrica (Picnic) pero en Amsterdam, ahí era obligatorio llevar los zapatos, camisetas y guantes específicos en cualquier departamento. Incluso te daban abrigo para la zona que estaba a -20 grados.",
h5uqh1n,"Has hecho muy bien en irte. Estas cosas pasan porque la gente traga con los abusos. Cuando la ETT deje de enviarle gente porque todos los temporales como tú se van, quizás empiecen a recapacitar. 

No hay que tener miedo a decir que algo está mal, es la única manera de mejorar. También es importante conocer tus derechos como trabajador, hay mucha información disponible. Los sindicatos son herramientas muy útiles para saber qué cosas son aceptables y cuáles son denunciables.

En mi opinion, la gente que acepta condiciones laborales de explotación son casi tan culpables como quienes les explotan. Entiendo que todos tenemos que cubrir nuestras necesidades, pero o los trabajadores nos plantamos o acabaremos trabajando 12 horas al día 7 días a la semana si fuera por la patronal.

Como dijo el maestro José Luis Sampedro, ""En mi hambre, mando yo"".",3,1626769600.0,0.0,"Has hecho muy bien en irte. Estas cosas pasan porque la gente traga con los abusos. Cuando la ETT deje de enviarle gente porque todos los temporales como tú se van, quizás empiecen a recapacitar. 

No hay que tener miedo a decir que algo está mal, es la única manera de mejorar. También es importante conocer tus derechos como trabajador, hay mucha información disponible. Los sindicatos son herramientas muy útiles para saber qué cosas son aceptables y cuáles son denunciables.

En mi opinion, la gente que acepta condiciones laborales de explotación son casi tan culpables como quienes les explotan. Entiendo que todos tenemos que cubrir nuestras necesidades, pero o los trabajadores nos plantamos o acabaremos trabajando 12 horas al día 7 días a la semana si fuera por la patronal.

Como dijo el maestro José Luis Sampedro, ""En mi hambre, mando yo"".",https://www.reddit.com/r/spain/comments/onv1ta/mi_primer_trabajo_fue_ayer_y_solo_he_durado_5h/,2021-07-20 08:26:40+00:00,reddit_comments.csv,reddit,,2021-07-20,0,0,"Has hecho muy bien en irte. Estas cosas pasan porque la gente traga con los abusos. Cuando la ETT deje de enviarle gente porque todos los temporales como tú se van, quizás empiecen a recapacitar. No hay que tener miedo a decir que algo está mal, es la única manera de mejorar. También es importante conocer tus derechos como trabajador, hay mucha información disponible. Los sindicatos son herramientas muy útiles para saber qué cosas son aceptables y cuáles son denunciables. En mi opinion, la gente que acepta condiciones laborales de explotación son casi tan culpables como quienes les explotan. Entiendo que todos tenemos que cubrir nuestras necesidades, pero o los trabajadores nos plantamos o acabaremos trabajando 12 horas al día 7 días a la semana si fuera por la patronal. Como dijo el maestro José Luis Sampedro, ""En mi hambre, mando yo"".",
h5uuxfs,"Comisiones obreras son los únicos capaces de asustar a estas picadoras de carne con nombre de empresa. Ya sé que los sindicatos tienen muy mala fama en internet por anécdotas de corrupción, pero en la vida real no he visto a nadie más capaz de forzar a una empresa a cumplir una ley. Meterse en denuncias y juicios como individuo es una ruina tanto para la cartera como para la salud mental y ellos cuentan con eso para seguir maltratando.",3,1626773668.0,0.0,"Comisiones obreras son los únicos capaces de asustar a estas picadoras de carne con nombre de empresa. Ya sé que los sindicatos tienen muy mala fama en internet por anécdotas de corrupción, pero en la vida real no he visto a nadie más capaz de forzar a una empresa a cumplir una ley. Meterse en denuncias y juicios como individuo es una ruina tanto para la cartera como para la salud mental y ellos cuentan con eso para seguir maltratando.",https://www.reddit.com/r/spain/comments/onv1ta/mi_primer_trabajo_fue_ayer_y_solo_he_durado_5h/,2021-07-20 09:34:28+00:00,reddit_comments.csv,reddit,,2021-07-20,0,0,"Comisiones obreras son los únicos capaces de asustar a estas picadoras de carne con nombre de empresa. Ya sé que los sindicatos tienen muy mala fama en internet por anécdotas de corrupción, pero en la vida real no he visto a nadie más capaz de forzar a una empresa a cumplir una ley. Meterse en denuncias y juicios como individuo es una ruina tanto para la cartera como para la salud mental y ellos cuentan con eso para seguir maltratando.",
h5vn9hn,Bienvenido al mundo de las ett dónde cada empresa es peor que la anterior,3,1626791478.0,0.0,Bienvenido al mundo de las ett dónde cada empresa es peor que la anterior,https://www.reddit.com/r/spain/comments/onv1ta/mi_primer_trabajo_fue_ayer_y_solo_he_durado_5h/,2021-07-20 14:31:18+00:00,reddit_comments.csv,reddit,,2021-07-20,0,0,Bienvenido al mundo de las ett dónde cada empresa es peor que la anterior,
h5v5fmz,"Lo del cúter normalmente es porque está prohibido llevar este tipo de cosas por si se caen en una caja o se cuelan donde no deberían. Las botas, por curiosidad, eran unas de agua? A mi me dieron una vez unas de agua sin puntera y no veas no sé cómo no me rompí el dedo. Luego lo de los guantes también está muy mal, raro es que tansiquiera se hayan preocupado de que mancharas las cajas y se arriesgaran a tener alguna devolución. Además es obligatorio tapar las heridas en ese tipo de casos con una tirita y luego guantes. En fin, los jefes cuando más dinero tienen mas se alejan de los trabajadores pobres y menos les importan, solo piensan en reducir gastos. Luego lo irónico es que sucede lo contrario, acaban gastando más en encontrar gente nueva, bajas... que haciendo las cosas bien.",2,1626782024.0,0.0,"Lo del cúter normalmente es porque está prohibido llevar este tipo de cosas por si se caen en una caja o se cuelan donde no deberían. Las botas, por curiosidad, eran unas de agua? A mi me dieron una vez unas de agua sin puntera y no veas no sé cómo no me rompí el dedo. Luego lo de los guantes también está muy mal, raro es que tansiquiera se hayan preocupado de que mancharas las cajas y se arriesgaran a tener alguna devolución. Además es obligatorio tapar las heridas en ese tipo de casos con una tirita y luego guantes. En fin, los jefes cuando más dinero tienen mas se alejan de los trabajadores pobres y menos les importan, solo piensan en reducir gastos. Luego lo irónico es que sucede lo contrario, acaban gastando más en encontrar gente nueva, bajas... que haciendo las cosas bien.",https://www.reddit.com/r/spain/comments/onv1ta/mi_primer_trabajo_fue_ayer_y_solo_he_durado_5h/,2021-07-20 11:53:44+00:00,reddit_comments.csv,reddit,,2021-07-20,0,0,"Lo del cúter normalmente es porque está prohibido llevar este tipo de cosas por si se caen en una caja o se cuelan donde no deberían. Las botas, por curiosidad, eran unas de agua? A mi me dieron una vez unas de agua sin puntera y no veas no sé cómo no me rompí el dedo. Luego lo de los guantes también está muy mal, raro es que tansiquiera se hayan preocupado de que mancharas las cajas y se arriesgaran a tener alguna devolución. Además es obligatorio tapar las heridas en ese tipo de casos con una tirita y luego guantes. En fin, los jefes cuando más dinero tienen mas se alejan de los trabajadores pobres y menos les importan, solo piensan en reducir gastos. Luego lo irónico es que sucede lo contrario, acaban gastando más en encontrar gente nueva, bajas... que haciendo las cosas bien.",
h5v7n5e,Unas panam modelo oslo,1,1626783454.0,1.0,Unas panam modelo oslo,https://www.reddit.com/r/spain/comments/onv1ta/mi_primer_trabajo_fue_ayer_y_solo_he_durado_5h/,2021-07-20 12:17:34+00:00,reddit_comments.csv,reddit,,2021-07-20,0,0,Unas panam modelo oslo,
h5vwax4,"A mí me ha pasado también aunque duré seis meses por pura necesidad.
Yo estaba como encajadora/enmalladora en una fábrica de importación/exportación de cítricos.
Contrato a media jornada pero en realidad trabajaba entre 10 y 14 horas diarias, de lunes a domingo durante dos semanas seguidas, libraba un domingo y vuelta a empezar. Todo esto con 30 minutos de descanso al día.

Como digo, fue pura necesidad porque nos iban a embargar la casa. Pagaban bien...

Pero si no vuelvo a estar en una situación tan precaria...no voy a volver a algo así jamás. Antes me como las bolitas de pelo y polvo de debajo de la cama.

Al empezar pesaba 55kg (soy mujer) y mido 1,65m, cuando acabé estaba en 45kg, puro músculo xD
Ahora me río cuando me acuerdo, pero había días que llegaba a casa y no podía dormir porque cuando cerraba los ojos lo veía todo de color naranja y me entraba la risa rollo panic attack.
Y cuando sonaba el despertador...lloraba.",2,1626795354.0,0.0,"A mí me ha pasado también aunque duré seis meses por pura necesidad.
Yo estaba como encajadora/enmalladora en una fábrica de importación/exportación de cítricos.
Contrato a media jornada pero en realidad trabajaba entre 10 y 14 horas diarias, de lunes a domingo durante dos semanas seguidas, libraba un domingo y vuelta a empezar. Todo esto con 30 minutos de descanso al día.

Como digo, fue pura necesidad porque nos iban a embargar la casa. Pagaban bien...

Pero si no vuelvo a estar en una situación tan precaria...no voy a volver a algo así jamás. Antes me como las bolitas de pelo y polvo de debajo de la cama.

Al empezar pesaba 55kg (soy mujer) y mido 1,65m, cuando acabé estaba en 45kg, puro músculo xD
Ahora me río cuando me acuerdo, pero había días que llegaba a casa y no podía dormir porque cuando cerraba los ojos lo veía todo de color naranja y me entraba la risa rollo panic attack.
Y cuando sonaba el despertador...lloraba.",https://www.reddit.com/r/spain/comments/onv1ta/mi_primer_trabajo_fue_ayer_y_solo_he_durado_5h/,2021-07-20 15:35:54+00:00,reddit_comments.csv,reddit,,2021-07-20,0,0,"A mí me ha pasado también aunque duré seis meses por pura necesidad. Yo estaba como encajadora/enmalladora en una fábrica de importación/exportación de cítricos. Contrato a media jornada pero en realidad trabajaba entre 10 y 14 horas diarias, de lunes a domingo durante dos semanas seguidas, libraba un domingo y vuelta a empezar. Todo esto con 30 minutos de descanso al día. Como digo, fue pura necesidad porque nos iban a embargar la casa. Pagaban bien... Pero si no vuelvo a estar en una situación tan precaria...no voy a volver a algo así jamás. Antes me como las bolitas de pelo y polvo de debajo de la cama. Al empezar pesaba 55kg (soy mujer) y mido 1,65m, cuando acabé estaba en 45kg, puro músculo xD Ahora me río cuando me acuerdo, pero había días que llegaba a casa y no podía dormir porque cuando cerraba los ojos lo veía todo de color naranja y me entraba la risa rollo panic attack. Y cuando sonaba el despertador...lloraba.",
h5uqlfo,"Acostumbrate, es normal. Triste, pero normal.",0,1626769709.0,0.0,"Acostumbrate, es normal. Triste, pero normal.",https://www.reddit.com/r/spain/comments/onv1ta/mi_primer_trabajo_fue_ayer_y_solo_he_durado_5h/,2021-07-20 08:28:29+00:00,reddit_comments.csv,reddit,,2021-07-20,0,0,"Acostumbrate, es normal. Triste, pero normal.",
h5up45r,"5 horas?? 😂😂😂😂 

Luego os preguntais que porque España se va a la mierda.",-6,1626768381.0,0.0,"5 horas?? 😂😂😂😂 

Luego os preguntais que porque España se va a la mierda.",https://www.reddit.com/r/spain/comments/onv1ta/mi_primer_trabajo_fue_ayer_y_solo_he_durado_5h/,2021-07-20 08:06:21+00:00,reddit_comments.csv,reddit,,2021-07-20,0,0,5 horas?? Luego os preguntais que porque España se va a la mierda.,😂😂😂😂
h5untrd,[deleted],-8,1626767271.0,0.0,[deleted],https://www.reddit.com/r/spain/comments/onv1ta/mi_primer_trabajo_fue_ayer_y_solo_he_durado_5h/,2021-07-20 07:47:51+00:00,reddit_comments.csv,reddit,,2021-07-20,0,0,[deleted],
h5unzfr,Por que estas tan enfadado?,5,1626767402.0,1.0,Por que estas tan enfadado?,https://www.reddit.com/r/spain/comments/onv1ta/mi_primer_trabajo_fue_ayer_y_solo_he_durado_5h/,2021-07-20 07:50:02+00:00,reddit_comments.csv,reddit,,2021-07-20,0,0,Por que estas tan enfadado?,
h5uoccv,[deleted],-7,1626767712.0,2.0,[deleted],https://www.reddit.com/r/spain/comments/onv1ta/mi_primer_trabajo_fue_ayer_y_solo_he_durado_5h/,2021-07-20 07:55:12+00:00,reddit_comments.csv,reddit,,2021-07-20,0,0,[deleted],
h5up1a5,Solo explico una experiencia personal,2,1626768311.0,3.0,Solo explico una experiencia personal,https://www.reddit.com/r/spain/comments/onv1ta/mi_primer_trabajo_fue_ayer_y_solo_he_durado_5h/,2021-07-20 08:05:11+00:00,reddit_comments.csv,reddit,,2021-07-20,0,0,Solo explico una experiencia personal,
h5upll4,[deleted],-4,1626768811.0,4.0,[deleted],https://www.reddit.com/r/spain/comments/onv1ta/mi_primer_trabajo_fue_ayer_y_solo_he_durado_5h/,2021-07-20 08:13:31+00:00,reddit_comments.csv,reddit,,2021-07-20,0,0,[deleted],
h5upoxm,"Jajaj no estoy enfadado, pero bueno respeto tu opinión",3,1626768896.0,5.0,"Jajaj no estoy enfadado, pero bueno respeto tu opinión",https://www.reddit.com/r/spain/comments/onv1ta/mi_primer_trabajo_fue_ayer_y_solo_he_durado_5h/,2021-07-20 08:14:56+00:00,reddit_comments.csv,reddit,,2021-07-20,0,0,"Jajaj no estoy enfadado, pero bueno respeto tu opinión",
h5uz9dh,El que tienes que dejar de llorar eres tú y empezar a exigir tus derechos por ley. Tu discurso es increíblemente conformista y no lleva a nada excepto a la frustración.,5,1626777445.0,1.0,El que tienes que dejar de llorar eres tú y empezar a exigir tus derechos por ley. Tu discurso es increíblemente conformista y no lleva a nada excepto a la frustración.,https://www.reddit.com/r/spain/comments/onv1ta/mi_primer_trabajo_fue_ayer_y_solo_he_durado_5h/,2021-07-20 10:37:25+00:00,reddit_comments.csv,reddit,,2021-07-20,0,0,El que tienes que dejar de llorar eres tú y empezar a exigir tus derechos por ley. Tu discurso es increíblemente conformista y no lleva a nada excepto a la frustración.,
h5uoq0a,A esta gente le falta calle bro,-1,1626768042.0,1.0,A esta gente le falta calle bro,https://www.reddit.com/r/spain/comments/onv1ta/mi_primer_trabajo_fue_ayer_y_solo_he_durado_5h/,2021-07-20 08:00:42+00:00,reddit_comments.csv,reddit,,2021-07-20,0,0,A esta gente le falta calle bro,
h5vq3o8,Denuncia a inspección del trabajo,1,1626792719.0,0.0,Denuncia a inspección del trabajo,https://www.reddit.com/r/spain/comments/onv1ta/mi_primer_trabajo_fue_ayer_y_solo_he_durado_5h/,2021-07-20 14:51:59+00:00,reddit_comments.csv,reddit,,2021-07-20,0,0,Denuncia a inspección del trabajo,
h5wifa0,Bienvenido al maravilloso mundo del capitalismo...,1,1626804544.0,0.0,Bienvenido al maravilloso mundo del capitalismo...,https://www.reddit.com/r/spain/comments/onv1ta/mi_primer_trabajo_fue_ayer_y_solo_he_durado_5h/,2021-07-20 18:09:04+00:00,reddit_comments.csv,reddit,,2021-07-20,0,0,Bienvenido al maravilloso mundo del capitalismo...,
h5xbauq,"Me ocurrió algo parecido los que estaban por fábrica insultando y faltando el respeto a los de ETT condiciones infrahumanas los encargados unos sinvergüenzas los de la ETT me dieron unas botas 2 tallas menos, los pantalones eran una basura y el ritmo de trabajo se rompieron la primera semana niñatas de 20 años y indigentes mentales insultandote y mandandote más que los encargados. En esa fábrica dure un mes y no se la recomiendo ni a mi peor enemigo",1,1626816829.0,0.0,"Me ocurrió algo parecido los que estaban por fábrica insultando y faltando el respeto a los de ETT condiciones infrahumanas los encargados unos sinvergüenzas los de la ETT me dieron unas botas 2 tallas menos, los pantalones eran una basura y el ritmo de trabajo se rompieron la primera semana niñatas de 20 años y indigentes mentales insultandote y mandandote más que los encargados. En esa fábrica dure un mes y no se la recomiendo ni a mi peor enemigo",https://www.reddit.com/r/spain/comments/onv1ta/mi_primer_trabajo_fue_ayer_y_solo_he_durado_5h/,2021-07-20 21:33:49+00:00,reddit_comments.csv,reddit,,2021-07-20,0,0,"Me ocurrió algo parecido los que estaban por fábrica insultando y faltando el respeto a los de ETT condiciones infrahumanas los encargados unos sinvergüenzas los de la ETT me dieron unas botas 2 tallas menos, los pantalones eran una basura y el ritmo de trabajo se rompieron la primera semana niñatas de 20 años y indigentes mentales insultandote y mandandote más que los encargados. En esa fábrica dure un mes y no se la recomiendo ni a mi peor enemigo",
h61a5uw,"Es importante denunciar esos casos sobre todo el no dar epis porque es un riesgo para la salud. Luego pasan cosas serias y todos las manos a la cabeza.

Donde curra mi hermano una máquina de guillotina de esas se llevó la mano de una chica. Pues lio porque todos sabían que la máquina funcionaba mal, pero por no bajar la producción, anularon el freno de seguridad. Resultado operaría manca y juicios y líos. 
Si temes represalias, denuncia dentro de dos meses, que ya habrán pasado 10 o 12 por ese infierno y no sabrán qué fuiste tu.",1,1626893371.0,0.0,"Es importante denunciar esos casos sobre todo el no dar epis porque es un riesgo para la salud. Luego pasan cosas serias y todos las manos a la cabeza.

Donde curra mi hermano una máquina de guillotina de esas se llevó la mano de una chica. Pues lio porque todos sabían que la máquina funcionaba mal, pero por no bajar la producción, anularon el freno de seguridad. Resultado operaría manca y juicios y líos. 
Si temes represalias, denuncia dentro de dos meses, que ya habrán pasado 10 o 12 por ese infierno y no sabrán qué fuiste tu.",https://www.reddit.com/r/spain/comments/onv1ta/mi_primer_trabajo_fue_ayer_y_solo_he_durado_5h/,2021-07-21 18:49:31+00:00,reddit_comments.csv,reddit,,2021-07-21,0,0,"Es importante denunciar esos casos sobre todo el no dar epis porque es un riesgo para la salud. Luego pasan cosas serias y todos las manos a la cabeza. Donde curra mi hermano una máquina de guillotina de esas se llevó la mano de una chica. Pues lio porque todos sabían que la máquina funcionaba mal, pero por no bajar la producción, anularon el freno de seguridad. Resultado operaría manca y juicios y líos. Si temes represalias, denuncia dentro de dos meses, que ya habrán pasado 10 o 12 por ese infierno y no sabrán qué fuiste tu.",
o0mkadr,"I’m commenting because I have the same question. How would I donate blood, I have one of the blood types they always want too?",8,1768892171.0,0.0,"I’m commenting because I have the same question. How would I donate blood, I have one of the blood types they always want too?",https://www.reddit.com/r/askspain/comments/1qhtxdb/how_can_we_help/,2026-01-20 06:56:11+00:00,reddit_comments.csv,reddit,,2026-01-20,0,0,"I’m commenting because I have the same question. How would I donate blood, I have one of the blood types they always want too?",
o0mn6n1,In most hospitals,6,1768893664.0,1.0,In most hospitals,https://www.reddit.com/r/askspain/comments/1qhtxdb/how_can_we_help/,2026-01-20 07:21:04+00:00,reddit_comments.csv,reddit,,2026-01-20,0,0,In most hospitals,
o0moqdj,"Thank you! I might as well ask at my centro de salud, I have an appointment today anyway and I’m in Andalucia.",3,1768894494.0,2.0,"Thank you! I might as well ask at my centro de salud, I have an appointment today anyway and I’m in Andalucia.",https://www.reddit.com/r/askspain/comments/1qhtxdb/how_can_we_help/,2026-01-20 07:34:54+00:00,reddit_comments.csv,reddit,,2026-01-20,0,0,"Thank you! I might as well ask at my centro de salud, I have an appointment today anyway and I’m in Andalucia.",
o0mlrms,I’m looking up locations now.,2,1768892921.0,1.0,I’m looking up locations now.,https://www.reddit.com/r/askspain/comments/1qhtxdb/how_can_we_help/,2026-01-20 07:08:41+00:00,reddit_comments.csv,reddit,,2026-01-20,0,0,I’m looking up locations now.,
o0njxhf,"In almost any hospital. You can also look for donation campaigns.

edit: you can check here: [https://www.sanidad.gob.es/profesionales/saludPublica/medicinaTransfusional/dondedonar.htm](https://www.sanidad.gob.es/profesionales/saludPublica/medicinaTransfusional/dondedonar.htm)",2,1768911135.0,1.0,"In almost any hospital. You can also look for donation campaigns.

edit: you can check here: [https://www.sanidad.gob.es/profesionales/saludPublica/medicinaTransfusional/dondedonar.htm](https://www.sanidad.gob.es/profesionales/saludPublica/medicinaTransfusional/dondedonar.htm)",https://www.reddit.com/r/askspain/comments/1qhtxdb/how_can_we_help/,2026-01-20 12:12:15+00:00,reddit_comments.csv,reddit,,2026-01-20,0,0,In almost any hospital. You can also look for donation campaigns. edit: you can check here: [https://www.sanidad.gob.es/profesionales/saludPublica/medicinaTransfusional/dondedonar.htm](https://www.sanidad.gob.es/profesionales/saludPublica/medicinaTransfusional/dondedonar.htm),
o0mpn3r,"Giving blood it's always important, thanks for wanting to help. There is going to be a lot of donations this first days giving it a couple weeks later may be even more useful",6,1768894984.0,0.0,"Giving blood it's always important, thanks for wanting to help. There is going to be a lot of donations this first days giving it a couple weeks later may be even more useful",https://www.reddit.com/r/askspain/comments/1qhtxdb/how_can_we_help/,2026-01-20 07:43:04+00:00,reddit_comments.csv,reddit,,2026-01-20,0,0,"Giving blood it's always important, thanks for wanting to help. There is going to be a lot of donations this first days giving it a couple weeks later may be even more useful",
o0mst2h,"That’s actually a great idea. I think I’ll start doing it periodically. I have the universal donor type. It’s the least I can do. 

This was a reminder for me. I want to bring added value to my host country in general. Any other suggestions, feel free to share.",10,1768896704.0,1.0,"That’s actually a great idea. I think I’ll start doing it periodically. I have the universal donor type. It’s the least I can do. 

This was a reminder for me. I want to bring added value to my host country in general. Any other suggestions, feel free to share.",https://www.reddit.com/r/askspain/comments/1qhtxdb/how_can_we_help/,2026-01-20 08:11:44+00:00,reddit_comments.csv,reddit,,2026-01-20,0,0,"That’s actually a great idea. I think I’ll start doing it periodically. I have the universal donor type. It’s the least I can do. This was a reminder for me. I want to bring added value to my host country in general. Any other suggestions, feel free to share.",
o0nkutx,You can donate in almost any hospital. [Here](https://www.sanidad.gob.es/profesionales/saludPublica/medicinaTransfusional/dondedonar.htm) you can check donation locations.,4,1768911535.0,0.0,You can donate in almost any hospital. [Here](https://www.sanidad.gob.es/profesionales/saludPublica/medicinaTransfusional/dondedonar.htm) you can check donation locations.,https://www.reddit.com/r/askspain/comments/1qhtxdb/how_can_we_help/,2026-01-20 12:18:55+00:00,reddit_comments.csv,reddit,,2026-01-20,0,0,You can donate in almost any hospital. [Here](https://www.sanidad.gob.es/profesionales/saludPublica/medicinaTransfusional/dondedonar.htm) you can check donation locations.,
o0nl1v3,Got it! Thanks!,2,1768911619.0,1.0,Got it! Thanks!,https://www.reddit.com/r/askspain/comments/1qhtxdb/how_can_we_help/,2026-01-20 12:20:19+00:00,reddit_comments.csv,reddit,,2026-01-20,0,0,Got it! Thanks!,
o0npkxo,"If you're based in Valencia, you can always go to Hospital General. The Transfusion Center for the Valencian Community is there, and they are open Mon to Fri to receive blood donations.",2,1768913474.0,0.0,"If you're based in Valencia, you can always go to Hospital General. The Transfusion Center for the Valencian Community is there, and they are open Mon to Fri to receive blood donations.",https://www.reddit.com/r/askspain/comments/1qhtxdb/how_can_we_help/,2026-01-20 12:51:14+00:00,reddit_comments.csv,reddit,,2026-01-20,0,0,"If you're based in Valencia, you can always go to Hospital General. The Transfusion Center for the Valencian Community is there, and they are open Mon to Fri to receive blood donations.",
o0nsq8m,Awesome! Thanks so much!,1,1768914663.0,1.0,Awesome! Thanks so much!,https://www.reddit.com/r/askspain/comments/1qhtxdb/how_can_we_help/,2026-01-20 13:11:03+00:00,reddit_comments.csv,reddit,,2026-01-20,0,0,Awesome! Thanks so much!,
h5ub4z0,"Yo aun me acuerdo de ver volver a mi padre de la fábrica molido. Es un trabajo duro y no tan bien pagado cuando tienes en cuenta lo asquerosamente repetitivo que es. Sinceramente verle asi es lo que me motivo a estudiar jajajaja.

Mi padre cambio varias veces y si que es verdad que algunas fabricas tienen jefes hijosdeputa pero hasta donde yo se has tenido la peor suerte posible.",39,1626757215.0,0.0,"Yo aun me acuerdo de ver volver a mi padre de la fábrica molido. Es un trabajo duro y no tan bien pagado cuando tienes en cuenta lo asquerosamente repetitivo que es. Sinceramente verle asi es lo que me motivo a estudiar jajajaja.

Mi padre cambio varias veces y si que es verdad que algunas fabricas tienen jefes hijosdeputa pero hasta donde yo se has tenido la peor suerte posible.",https://www.reddit.com/r/askspain/comments/onv28r/como_fue_vuestro_primer_trabajo_mi_primer_trabajo/,2021-07-20 05:00:15+00:00,reddit_comments.csv,reddit,,2021-07-20,0,0,Yo aun me acuerdo de ver volver a mi padre de la fábrica molido. Es un trabajo duro y no tan bien pagado cuando tienes en cuenta lo asquerosamente repetitivo que es. Sinceramente verle asi es lo que me motivo a estudiar jajajaja. Mi padre cambio varias veces y si que es verdad que algunas fabricas tienen jefes hijosdeputa pero hasta donde yo se has tenido la peor suerte posible.,
h5ubbiy,"Realmente antes si que era la tortura viva, me alegro por ti tio sigue estudiando",11,1626757339.0,1.0,"Realmente antes si que era la tortura viva, me alegro por ti tio sigue estudiando",https://www.reddit.com/r/askspain/comments/onv28r/como_fue_vuestro_primer_trabajo_mi_primer_trabajo/,2021-07-20 05:02:19+00:00,reddit_comments.csv,reddit,,2021-07-20,0,0,"Realmente antes si que era la tortura viva, me alegro por ti tio sigue estudiando",
h5wm52q,"Es que esa es la puta vida. Sin estudios eres en muchos escenarios un peón reemplazable y te colocan en escenarios de o lo tomas o lo dejas. Y no lo digo como un ataque vaya, sino como la realidad que te toca vivir. Como se ha dicho toda la vida, si no querías un trabajo físico... “haber estudiao”",2,1626806107.0,1.0,"Es que esa es la puta vida. Sin estudios eres en muchos escenarios un peón reemplazable y te colocan en escenarios de o lo tomas o lo dejas. Y no lo digo como un ataque vaya, sino como la realidad que te toca vivir. Como se ha dicho toda la vida, si no querías un trabajo físico... “haber estudiao”",https://www.reddit.com/r/askspain/comments/onv28r/como_fue_vuestro_primer_trabajo_mi_primer_trabajo/,2021-07-20 18:35:07+00:00,reddit_comments.csv,reddit,,2021-07-20,0,0,"Es que esa es la puta vida. Sin estudios eres en muchos escenarios un peón reemplazable y te colocan en escenarios de o lo tomas o lo dejas. Y no lo digo como un ataque vaya, sino como la realidad que te toca vivir. Como se ha dicho toda la vida, si no querías un trabajo físico... “haber estudiao”",
k0kk4c1,"""Lo que te toca"" 

XD

En fin, especie débil",1,1694708980.0,2.0,"""Lo que te toca"" 

XD

En fin, especie débil",https://www.reddit.com/r/askspain/comments/onv28r/como_fue_vuestro_primer_trabajo_mi_primer_trabajo/,2023-09-14 16:29:40+00:00,reddit_comments.csv,reddit,,2023-09-14,0,0,"""Lo que te toca"" XD En fin, especie débil",
h5xir0l,No es necesario estudiar para trabajo no físico man,1,1626820219.0,1.0,No es necesario estudiar para trabajo no físico man,https://www.reddit.com/r/askspain/comments/onv28r/como_fue_vuestro_primer_trabajo_mi_primer_trabajo/,2021-07-20 22:30:19+00:00,reddit_comments.csv,reddit,,2021-07-20,0,0,No es necesario estudiar para trabajo no físico man,
h5uote0,"Tio, he trabajado en fabricas como ingeniero en practicas, lo que significa que no lo pasaba mal (más aburrimiento que otra cosa), pero me he recorrido fabricas viendo a los operarios trabajar y lo que tu comentas es totalmente ilegal, tu no tienes que llevar nada a la fabrica, tu vas en ropa casual de calle y ellos te tienen que dar todo completamente y cualquier proteccion igual. Planteate  denunciar en el buzon de la consejeria de trabajo de la CCAA donde se encuentre.",71,1626768124.0,0.0,"Tio, he trabajado en fabricas como ingeniero en practicas, lo que significa que no lo pasaba mal (más aburrimiento que otra cosa), pero me he recorrido fabricas viendo a los operarios trabajar y lo que tu comentas es totalmente ilegal, tu no tienes que llevar nada a la fabrica, tu vas en ropa casual de calle y ellos te tienen que dar todo completamente y cualquier proteccion igual. Planteate  denunciar en el buzon de la consejeria de trabajo de la CCAA donde se encuentre.",https://www.reddit.com/r/askspain/comments/onv28r/como_fue_vuestro_primer_trabajo_mi_primer_trabajo/,2021-07-20 08:02:04+00:00,reddit_comments.csv,reddit,,2021-07-20,0,0,"Tio, he trabajado en fabricas como ingeniero en practicas, lo que significa que no lo pasaba mal (más aburrimiento que otra cosa), pero me he recorrido fabricas viendo a los operarios trabajar y lo que tu comentas es totalmente ilegal, tu no tienes que llevar nada a la fabrica, tu vas en ropa casual de calle y ellos te tienen que dar todo completamente y cualquier proteccion igual. Planteate denunciar en el buzon de la consejeria de trabajo de la CCAA donde se encuentre.",
h5up3ox,Muchas gracias por el consejo me lo pienso seriamente,33,1626768370.0,1.0,Muchas gracias por el consejo me lo pienso seriamente,https://www.reddit.com/r/askspain/comments/onv28r/como_fue_vuestro_primer_trabajo_mi_primer_trabajo/,2021-07-20 08:06:10+00:00,reddit_comments.csv,reddit,,2021-07-20,0,0,Muchas gracias por el consejo me lo pienso seriamente,
h5upo7m,"Por favor, hazlo, entre todos podemos acabar con esas empresas nefastas.",37,1626768878.0,2.0,"Por favor, hazlo, entre todos podemos acabar con esas empresas nefastas.",https://www.reddit.com/r/askspain/comments/onv28r/como_fue_vuestro_primer_trabajo_mi_primer_trabajo/,2021-07-20 08:14:38+00:00,reddit_comments.csv,reddit,,2021-07-20,0,0,"Por favor, hazlo, entre todos podemos acabar con esas empresas nefastas.",
h5uwcfo,"Si no lo haces tú, que lo has sufrido, no lo va a hacer nadie y esa empresa va a seguir haciendo con otra gente lo mismo que han hecho contigo.

Para otros que estén en situaciones parecidas: hacer parte de lesiones en hospital (si, como al OP, trabajar os ha supuesto heridas u otras afecciones) y denuncia a la consejería de trabajo con dicho parte de lesiones.",24,1626774937.0,2.0,"Si no lo haces tú, que lo has sufrido, no lo va a hacer nadie y esa empresa va a seguir haciendo con otra gente lo mismo que han hecho contigo.

Para otros que estén en situaciones parecidas: hacer parte de lesiones en hospital (si, como al OP, trabajar os ha supuesto heridas u otras afecciones) y denuncia a la consejería de trabajo con dicho parte de lesiones.",https://www.reddit.com/r/askspain/comments/onv28r/como_fue_vuestro_primer_trabajo_mi_primer_trabajo/,2021-07-20 09:55:37+00:00,reddit_comments.csv,reddit,,2021-07-20,0,0,"Si no lo haces tú, que lo has sufrido, no lo va a hacer nadie y esa empresa va a seguir haciendo con otra gente lo mismo que han hecho contigo. Para otros que estén en situaciones parecidas: hacer parte de lesiones en hospital (si, como al OP, trabajar os ha supuesto heridas u otras afecciones) y denuncia a la consejería de trabajo con dicho parte de lesiones.",
h5w76bo,"Denuncia. No es que te haya tocado una mala fábrica, es que lo que cuentas es ilegal. Denuncia por favor o lo seguirán haciendo.",7,1626799842.0,2.0,"Denuncia. No es que te haya tocado una mala fábrica, es que lo que cuentas es ilegal. Denuncia por favor o lo seguirán haciendo.",https://www.reddit.com/r/askspain/comments/onv28r/como_fue_vuestro_primer_trabajo_mi_primer_trabajo/,2021-07-20 16:50:42+00:00,reddit_comments.csv,reddit,,2021-07-20,0,0,"Denuncia. No es que te haya tocado una mala fábrica, es que lo que cuentas es ilegal. Denuncia por favor o lo seguirán haciendo.",
h5uf1zv,"Joder, esto suena a explotación del ser humano. 😕 Espero que encuentres otra cosa pronto.",26,1626760016.0,0.0,"Joder, esto suena a explotación del ser humano. 😕 Espero que encuentres otra cosa pronto.",https://www.reddit.com/r/askspain/comments/onv28r/como_fue_vuestro_primer_trabajo_mi_primer_trabajo/,2021-07-20 05:46:56+00:00,reddit_comments.csv,reddit,,2021-07-20,0,0,"Joder, esto suena a explotación del ser humano. Espero que encuentres otra cosa pronto.",😕
h5v13ux,❤️,4,1626778930.0,1.0,❤️,https://www.reddit.com/r/askspain/comments/onv28r/como_fue_vuestro_primer_trabajo_mi_primer_trabajo/,2021-07-20 11:02:10+00:00,reddit_comments.csv,reddit,,2021-07-20,0,0,,❤️
h5un4y2,"Hombre claro esas son las mismas empresas que luego se quejan que no encuentran gente buena para trabajar.Lo de cuidar de tus trabajadores para que ellos cuiden de tu empresa a algunos les cuesta entenderlo,hijos de puta vamos.Hiciste muy bien irte que les den por el culo. En fin,animo hermano seguro que encuentres algo mejor.


En mi caso puedo contarte de cuando trabajaba en una empresa 11 horas al dia y en pleno verano tenian el agua guardado bajo llave y si tomabas demasiada agua te taban un toque de atención a y nos hacian limpiar el suelo con el agua que dejaba el aire acondicionado que tenian ellos en la oficina.",20,1626766659.0,0.0,"Hombre claro esas son las mismas empresas que luego se quejan que no encuentran gente buena para trabajar.Lo de cuidar de tus trabajadores para que ellos cuiden de tu empresa a algunos les cuesta entenderlo,hijos de puta vamos.Hiciste muy bien irte que les den por el culo. En fin,animo hermano seguro que encuentres algo mejor.


En mi caso puedo contarte de cuando trabajaba en una empresa 11 horas al dia y en pleno verano tenian el agua guardado bajo llave y si tomabas demasiada agua te taban un toque de atención a y nos hacian limpiar el suelo con el agua que dejaba el aire acondicionado que tenian ellos en la oficina.",https://www.reddit.com/r/askspain/comments/onv28r/como_fue_vuestro_primer_trabajo_mi_primer_trabajo/,2021-07-20 07:37:39+00:00,reddit_comments.csv,reddit,,2021-07-20,0,0,"Hombre claro esas son las mismas empresas que luego se quejan que no encuentran gente buena para trabajar.Lo de cuidar de tus trabajadores para que ellos cuiden de tu empresa a algunos les cuesta entenderlo,hijos de puta vamos.Hiciste muy bien irte que les den por el culo. En fin,animo hermano seguro que encuentres algo mejor. En mi caso puedo contarte de cuando trabajaba en una empresa 11 horas al dia y en pleno verano tenian el agua guardado bajo llave y si tomabas demasiada agua te taban un toque de atención a y nos hacian limpiar el suelo con el agua que dejaba el aire acondicionado que tenian ellos en la oficina.",
h5unbiw,"100% con lo que has dicho, yo iba con ilusión ns por k era mi primer trabajo y me dijieron en la ett que aguantara y no intentara quejarme, me siento pringaillo por no haber aguantao ni 1 dia pero bueno, salario mínimo esfuerzo mínimo",7,1626766820.0,1.0,"100% con lo que has dicho, yo iba con ilusión ns por k era mi primer trabajo y me dijieron en la ett que aguantara y no intentara quejarme, me siento pringaillo por no haber aguantao ni 1 dia pero bueno, salario mínimo esfuerzo mínimo",https://www.reddit.com/r/askspain/comments/onv28r/como_fue_vuestro_primer_trabajo_mi_primer_trabajo/,2021-07-20 07:40:20+00:00,reddit_comments.csv,reddit,,2021-07-20,0,0,"100% con lo que has dicho, yo iba con ilusión ns por k era mi primer trabajo y me dijieron en la ett que aguantara y no intentara quejarme, me siento pringaillo por no haber aguantao ni 1 dia pero bueno, salario mínimo esfuerzo mínimo",
h5uty4k,"&gt; me siento pringaillo por no haber aguantao ni 1 dia

Pringaillo es el que se mata por otro tío, apartar la mano cuando te cortas es una reacción que indica que tu sistema nervioso funciona como debería",8,1626772779.0,2.0,"&gt; me siento pringaillo por no haber aguantao ni 1 dia

Pringaillo es el que se mata por otro tío, apartar la mano cuando te cortas es una reacción que indica que tu sistema nervioso funciona como debería",https://www.reddit.com/r/askspain/comments/onv28r/como_fue_vuestro_primer_trabajo_mi_primer_trabajo/,2021-07-20 09:19:39+00:00,reddit_comments.csv,reddit,,2021-07-20,0,0,"&gt; me siento pringaillo por no haber aguantao ni 1 dia Pringaillo es el que se mata por otro tío, apartar la mano cuando te cortas es una reacción que indica que tu sistema nervioso funciona como debería",
h5voxh8,"Vamos, que los de la ETT sabían perfectamente donde te llevaban y te han hecho creer que si no aguantas es tu culpa.

Denuncia a la empresa tio, esos hijos de puta no pueden seguir abiertos",7,1626792209.0,2.0,"Vamos, que los de la ETT sabían perfectamente donde te llevaban y te han hecho creer que si no aguantas es tu culpa.

Denuncia a la empresa tio, esos hijos de puta no pueden seguir abiertos",https://www.reddit.com/r/askspain/comments/onv28r/como_fue_vuestro_primer_trabajo_mi_primer_trabajo/,2021-07-20 14:43:29+00:00,reddit_comments.csv,reddit,,2021-07-20,0,0,"Vamos, que los de la ETT sabían perfectamente donde te llevaban y te han hecho creer que si no aguantas es tu culpa. Denuncia a la empresa tio, esos hijos de puta no pueden seguir abiertos",
h5uv9dx,"No te plantees la denuncia, hazlo. No debemos permitir estas cosas, ya no solo por la explotación a la que nos someten, si no por las vidas con las que acaban. 

&amp;#x200B;

De verdad, denúncia.",15,1626773963.0,0.0,"No te plantees la denuncia, hazlo. No debemos permitir estas cosas, ya no solo por la explotación a la que nos someten, si no por las vidas con las que acaban. 

&amp;#x200B;

De verdad, denúncia.",https://www.reddit.com/r/askspain/comments/onv28r/como_fue_vuestro_primer_trabajo_mi_primer_trabajo/,2021-07-20 09:39:23+00:00,reddit_comments.csv,reddit,,2021-07-20,0,0,"No te plantees la denuncia, hazlo. No debemos permitir estas cosas, ya no solo por la explotación a la que nos someten, si no por las vidas con las que acaban. &amp;#x200B; De verdad, denúncia.",
h5uowml,"Madre mía dinos qué empresa es, y denúnciala a la Inspección de Prevención de Riesgos Laborales. Son una empresa pirata.",11,1626768201.0,0.0,"Madre mía dinos qué empresa es, y denúnciala a la Inspección de Prevención de Riesgos Laborales. Son una empresa pirata.",https://www.reddit.com/r/askspain/comments/onv28r/como_fue_vuestro_primer_trabajo_mi_primer_trabajo/,2021-07-20 08:03:21+00:00,reddit_comments.csv,reddit,,2021-07-20,0,0,"Madre mía dinos qué empresa es, y denúnciala a la Inspección de Prevención de Riesgos Laborales. Son una empresa pirata.",
h5uuvzg,"En mi experiencia, gran parte de los trabajos como operario en este país están muy lejos de cumplir las leyes de Prevención de Riesgos Laborales.

A mi me han hecho subir a alturas de 3m sin arnés, y con posibilidad de caerme yo, y el objeto al que estaba subido. Se trabaja sin protecciones en muchos de ellos.
En las obras muchas veces no hay ni barandillas de protección. La gente que trabaja construyendo casas individuales muchas veces no utiliza arnés anti-caida (ni cuando están montando tejados). 

Yo he tenido que llevar mis propias botas de seguridad a muchos de ellos porque ""ya hemos hecho el pedido, pero aún no han llegado"", mucho menos ropa de trabajo, que te la dan pasada los seis meses, no vaya a ser que dejes el trabajo y te lleves la camiseta fea con el logo de la empresa.

En este país hay mucha prevención que aplicar aún, para ello se necesitan más inspecciones laborales. En el tiempo que yo he trabajado solo he visto una inspección.
Y aún así no consiguen ver todos los fallos porque desconocen el proceso productivo de la empresa.

Mi consejo es que si ves las cosas muy crudas, dejes el trabajo. Nadie debería arriesgar la vida por ganar un sueldo. El problema es que al haber gente dispuesta a todo por ese mismo sueldo, nunca se mejorarán las condiciones para los demás.

No tienes que salir sangrando de un trabajo para darte cuenta de que las cosas no se hacen bien.

PD: lo del dolor de pies es algo a lo que te acostumbras, irás viendo que no es lo peor que te encuentras.",9,1626773634.0,0.0,"En mi experiencia, gran parte de los trabajos como operario en este país están muy lejos de cumplir las leyes de Prevención de Riesgos Laborales.

A mi me han hecho subir a alturas de 3m sin arnés, y con posibilidad de caerme yo, y el objeto al que estaba subido. Se trabaja sin protecciones en muchos de ellos.
En las obras muchas veces no hay ni barandillas de protección. La gente que trabaja construyendo casas individuales muchas veces no utiliza arnés anti-caida (ni cuando están montando tejados). 

Yo he tenido que llevar mis propias botas de seguridad a muchos de ellos porque ""ya hemos hecho el pedido, pero aún no han llegado"", mucho menos ropa de trabajo, que te la dan pasada los seis meses, no vaya a ser que dejes el trabajo y te lleves la camiseta fea con el logo de la empresa.

En este país hay mucha prevención que aplicar aún, para ello se necesitan más inspecciones laborales. En el tiempo que yo he trabajado solo he visto una inspección.
Y aún así no consiguen ver todos los fallos porque desconocen el proceso productivo de la empresa.

Mi consejo es que si ves las cosas muy crudas, dejes el trabajo. Nadie debería arriesgar la vida por ganar un sueldo. El problema es que al haber gente dispuesta a todo por ese mismo sueldo, nunca se mejorarán las condiciones para los demás.

No tienes que salir sangrando de un trabajo para darte cuenta de que las cosas no se hacen bien.

PD: lo del dolor de pies es algo a lo que te acostumbras, irás viendo que no es lo peor que te encuentras.",https://www.reddit.com/r/askspain/comments/onv28r/como_fue_vuestro_primer_trabajo_mi_primer_trabajo/,2021-07-20 09:33:54+00:00,reddit_comments.csv,reddit,,2021-07-20,0,0,"En mi experiencia, gran parte de los trabajos como operario en este país están muy lejos de cumplir las leyes de Prevención de Riesgos Laborales. A mi me han hecho subir a alturas de 3m sin arnés, y con posibilidad de caerme yo, y el objeto al que estaba subido. Se trabaja sin protecciones en muchos de ellos. En las obras muchas veces no hay ni barandillas de protección. La gente que trabaja construyendo casas individuales muchas veces no utiliza arnés anti-caida (ni cuando están montando tejados). Yo he tenido que llevar mis propias botas de seguridad a muchos de ellos porque ""ya hemos hecho el pedido, pero aún no han llegado"", mucho menos ropa de trabajo, que te la dan pasada los seis meses, no vaya a ser que dejes el trabajo y te lleves la camiseta fea con el logo de la empresa. En este país hay mucha prevención que aplicar aún, para ello se necesitan más inspecciones laborales. En el tiempo que yo he trabajado solo he visto una inspección. Y aún así no consiguen ver todos los fallos porque desconocen el proceso productivo de la empresa. Mi consejo es que si ves las cosas muy crudas, dejes el trabajo. Nadie debería arriesgar la vida por ganar un sueldo. El problema es que al haber gente dispuesta a todo por ese mismo sueldo, nunca se mejorarán las condiciones para los demás. No tienes que salir sangrando de un trabajo para darte cuenta de que las cosas no se hacen bien. PD: lo del dolor de pies es algo a lo que te acostumbras, irás viendo que no es lo peor que te encuentras.",
h5v1av2,"Joer tio lo tuyo si k es fuerte, buah t juro k lo de los pies era insoportable, les pedi un 43 y me dieron un 45 y me reventaba todo el pie xd",6,1626779076.0,1.0,"Joer tio lo tuyo si k es fuerte, buah t juro k lo de los pies era insoportable, les pedi un 43 y me dieron un 45 y me reventaba todo el pie xd",https://www.reddit.com/r/askspain/comments/onv28r/como_fue_vuestro_primer_trabajo_mi_primer_trabajo/,2021-07-20 11:04:36+00:00,reddit_comments.csv,reddit,,2021-07-20,0,0,"Joer tio lo tuyo si k es fuerte, buah t juro k lo de los pies era insoportable, les pedi un 43 y me dieron un 45 y me reventaba todo el pie xd",
h5vd5c9,"Y tuviste suerte que te las dieron grandes y no pequeñas jajajaja

Fuerza compañero, de todo se acaba saliendo",3,1626786599.0,2.0,"Y tuviste suerte que te las dieron grandes y no pequeñas jajajaja

Fuerza compañero, de todo se acaba saliendo",https://www.reddit.com/r/askspain/comments/onv28r/como_fue_vuestro_primer_trabajo_mi_primer_trabajo/,2021-07-20 13:09:59+00:00,reddit_comments.csv,reddit,,2021-07-20,0,0,"Y tuviste suerte que te las dieron grandes y no pequeñas jajajaja Fuerza compañero, de todo se acaba saliendo",
h5uz6oy,"Tienes que tener buena paciencia, yo me hubiese ido a los 10 minutos con las condiciones que cuentas.

Yo en mi primer empleo estuve en soporte de internet/adsl. El sueldo muy justito, pero las condiciones bien.",6,1626777383.0,0.0,"Tienes que tener buena paciencia, yo me hubiese ido a los 10 minutos con las condiciones que cuentas.

Yo en mi primer empleo estuve en soporte de internet/adsl. El sueldo muy justito, pero las condiciones bien.",https://www.reddit.com/r/askspain/comments/onv28r/como_fue_vuestro_primer_trabajo_mi_primer_trabajo/,2021-07-20 10:36:23+00:00,reddit_comments.csv,reddit,,2021-07-20,0,0,"Tienes que tener buena paciencia, yo me hubiese ido a los 10 minutos con las condiciones que cuentas. Yo en mi primer empleo estuve en soporte de internet/adsl. El sueldo muy justito, pero las condiciones bien.",
h5uenw2,"Yo trabajé en una fábrica española hace un par de años. Duré 2 horas (lo que duraba la ""introducción"" que en realidad era ponerte a trabajar de gratis a ver qué hacías) porque no me querían dar contrato.

Ahora soy programador y lider de tecnología para una empresa extranjera, tengo mi despachito privado de 30m2, aire acondicionado pal invierno, calefacción pal veranito, neverita y almuerzos pagados y aunque trabaje 10h/dia 6d/semana no lo cambiaría por nada.

Siempre podrás encontrar algo mejor. No desesperes.

Edit: Se que trabajar tanto no es legal en España. Sinceramente me da igual. El 40% de mi tiempo lo paso en internet o durmiendo a puerta cerrada porque he conseguido optimizar el sistema de mi predecesor hasta ese punto.",15,1626759721.0,0.0,"Yo trabajé en una fábrica española hace un par de años. Duré 2 horas (lo que duraba la ""introducción"" que en realidad era ponerte a trabajar de gratis a ver qué hacías) porque no me querían dar contrato.

Ahora soy programador y lider de tecnología para una empresa extranjera, tengo mi despachito privado de 30m2, aire acondicionado pal invierno, calefacción pal veranito, neverita y almuerzos pagados y aunque trabaje 10h/dia 6d/semana no lo cambiaría por nada.

Siempre podrás encontrar algo mejor. No desesperes.

Edit: Se que trabajar tanto no es legal en España. Sinceramente me da igual. El 40% de mi tiempo lo paso en internet o durmiendo a puerta cerrada porque he conseguido optimizar el sistema de mi predecesor hasta ese punto.",https://www.reddit.com/r/askspain/comments/onv28r/como_fue_vuestro_primer_trabajo_mi_primer_trabajo/,2021-07-20 05:42:01+00:00,reddit_comments.csv,reddit,,2021-07-20,0,0,"Yo trabajé en una fábrica española hace un par de años. Duré 2 horas (lo que duraba la ""introducción"" que en realidad era ponerte a trabajar de gratis a ver qué hacías) porque no me querían dar contrato. Ahora soy programador y lider de tecnología para una empresa extranjera, tengo mi despachito privado de 30m2, aire acondicionado pal invierno, calefacción pal veranito, neverita y almuerzos pagados y aunque trabaje 10h/dia 6d/semana no lo cambiaría por nada. Siempre podrás encontrar algo mejor. No desesperes. Edit: Se que trabajar tanto no es legal en España. Sinceramente me da igual. El 40% de mi tiempo lo paso en internet o durmiendo a puerta cerrada porque he conseguido optimizar el sistema de mi predecesor hasta ese punto.",
h5ujsv6,Me encantan estas historias de éxito en las que uno consigue ganar horas de tiempo al optimizar el proceso de trabajo xD No se lo digas al jefe o te pondrá el doble de trabajo para optimizar!,8,1626763792.0,1.0,Me encantan estas historias de éxito en las que uno consigue ganar horas de tiempo al optimizar el proceso de trabajo xD No se lo digas al jefe o te pondrá el doble de trabajo para optimizar!,https://www.reddit.com/r/askspain/comments/onv28r/como_fue_vuestro_primer_trabajo_mi_primer_trabajo/,2021-07-20 06:49:52+00:00,reddit_comments.csv,reddit,,2021-07-20,0,0,Me encantan estas historias de éxito en las que uno consigue ganar horas de tiempo al optimizar el proceso de trabajo xD No se lo digas al jefe o te pondrá el doble de trabajo para optimizar!,
h5ukvbd,Nl hace falta que me lo digas 2 veces xD Mi boca es una tumba,3,1626764686.0,2.0,Nl hace falta que me lo digas 2 veces xD Mi boca es una tumba,https://www.reddit.com/r/askspain/comments/onv28r/como_fue_vuestro_primer_trabajo_mi_primer_trabajo/,2021-07-20 07:04:46+00:00,reddit_comments.csv,reddit,,2021-07-20,0,0,Nl hace falta que me lo digas 2 veces xD Mi boca es una tumba,
h5uobg9,"como que aire acondicionado pal invierno calefa pal verano. A ver, esto a mi me lo tienes que explicar a mi más en detalle, que creo que entonces lo he estado haciendo mal toda mi vía ;)",7,1626767691.0,1.0,"como que aire acondicionado pal invierno calefa pal verano. A ver, esto a mi me lo tienes que explicar a mi más en detalle, que creo que entonces lo he estado haciendo mal toda mi vía ;)",https://www.reddit.com/r/askspain/comments/onv28r/como_fue_vuestro_primer_trabajo_mi_primer_trabajo/,2021-07-20 07:54:51+00:00,reddit_comments.csv,reddit,,2021-07-20,0,0,"como que aire acondicionado pal invierno calefa pal verano. A ver, esto a mi me lo tienes que explicar a mi más en detalle, que creo que entonces lo he estado haciendo mal toda mi vía ;)",
h5usgo6,Fuego al fuego!,4,1626771427.0,2.0,Fuego al fuego!,https://www.reddit.com/r/askspain/comments/onv28r/como_fue_vuestro_primer_trabajo_mi_primer_trabajo/,2021-07-20 08:57:07+00:00,reddit_comments.csv,reddit,,2021-07-20,0,0,Fuego al fuego!,
h5ueteq," me alegro mucho por ti enhorabuena, dreaming teniendo despacho propio",5,1626759838.0,1.0,"me alegro mucho por ti enhorabuena, dreaming teniendo despacho propio",https://www.reddit.com/r/askspain/comments/onv28r/como_fue_vuestro_primer_trabajo_mi_primer_trabajo/,2021-07-20 05:43:58+00:00,reddit_comments.csv,reddit,,2021-07-20,0,0,"me alegro mucho por ti enhorabuena, dreaming teniendo despacho propio",
h5v1h73,60 horas semanales y feliz?  XD,1,1626779206.0,1.0,60 horas semanales y feliz?  XD,https://www.reddit.com/r/askspain/comments/onv28r/como_fue_vuestro_primer_trabajo_mi_primer_trabajo/,2021-07-20 11:06:46+00:00,reddit_comments.csv,reddit,,2021-07-20,0,0,60 horas semanales y feliz? XD,
h5v3dw9,Dificilmente trabajo mas de 20 asi que sí. El resto del tiempo con estar atento al telefono me va bien.,1,1626780613.0,2.0,Dificilmente trabajo mas de 20 asi que sí. El resto del tiempo con estar atento al telefono me va bien.,https://www.reddit.com/r/askspain/comments/onv28r/como_fue_vuestro_primer_trabajo_mi_primer_trabajo/,2021-07-20 11:30:13+00:00,reddit_comments.csv,reddit,,2021-07-20,0,0,Dificilmente trabajo mas de 20 asi que sí. El resto del tiempo con estar atento al telefono me va bien.,
h5vzmyj,Pues te contradices o dejabas a medias la información por alguna razón que desconozco.,0,1626796727.0,3.0,Pues te contradices o dejabas a medias la información por alguna razón que desconozco.,https://www.reddit.com/r/askspain/comments/onv28r/como_fue_vuestro_primer_trabajo_mi_primer_trabajo/,2021-07-20 15:58:47+00:00,reddit_comments.csv,reddit,,2021-07-20,0,0,Pues te contradices o dejabas a medias la información por alguna razón que desconozco.,
h5vzwrf,Se ve que no sabes leer hasta el final de un comentario porque bien claro que lo pone en el Edit,2,1626796840.0,4.0,Se ve que no sabes leer hasta el final de un comentario porque bien claro que lo pone en el Edit,https://www.reddit.com/r/askspain/comments/onv28r/como_fue_vuestro_primer_trabajo_mi_primer_trabajo/,2021-07-20 16:00:40+00:00,reddit_comments.csv,reddit,,2021-07-20,0,0,Se ve que no sabes leer hasta el final de un comentario porque bien claro que lo pone en el Edit,
h5v602u,"Mi unica experiencia laboral han sido las prácticas del CFGS. Entré en el ayuntamiento de mi pueblo, que es chiquitito, y en el mes y medio que duraron actualicé una parte de la infraestructura informática, instalé nuevas medidas de seguridad, puse en marcha una web de pedir citas previas para los servicios del ayto (por lo del covid), moví uno de los servidores a otro edificio para tener copias de seguridad en caso de catástrofe, etc.

La verdad les caí bien a muchos de los que trabajaban ahí, y especialmente al informático le encantaba que estuviese allí porque soy bastante amañado, por lo que le sacaba bastante trabajo y encima implementabamos tecnologias nuevas/mejorabamos lo que estaba.

El tema es que es un organismo público, y a no ser que tuviese un enchufe importante o llevase 400 años apuntado en el SEPE, no me podían hacer un contrato. A los de arriba que podían hacer algo pa meterme no les importé mucho, y no me han contratado.

Lo peor es que llegó una subvención para modernizar las instalaciones, y aunque yo me presenté, por mi formación/años esperando/yoquesé no fui yo el que entré (eso lo lleva el SEPE de la CCAA, no el Ayto), y según me ha comentado el informático del ayto - con el que me llevo bien - el que han puesto nuevo lleva varios meses y es un incompetente total, no sabe ni hacer cosas básicas de informática. Así va España",4,1626782403.0,0.0,"Mi unica experiencia laboral han sido las prácticas del CFGS. Entré en el ayuntamiento de mi pueblo, que es chiquitito, y en el mes y medio que duraron actualicé una parte de la infraestructura informática, instalé nuevas medidas de seguridad, puse en marcha una web de pedir citas previas para los servicios del ayto (por lo del covid), moví uno de los servidores a otro edificio para tener copias de seguridad en caso de catástrofe, etc.

La verdad les caí bien a muchos de los que trabajaban ahí, y especialmente al informático le encantaba que estuviese allí porque soy bastante amañado, por lo que le sacaba bastante trabajo y encima implementabamos tecnologias nuevas/mejorabamos lo que estaba.

El tema es que es un organismo público, y a no ser que tuviese un enchufe importante o llevase 400 años apuntado en el SEPE, no me podían hacer un contrato. A los de arriba que podían hacer algo pa meterme no les importé mucho, y no me han contratado.

Lo peor es que llegó una subvención para modernizar las instalaciones, y aunque yo me presenté, por mi formación/años esperando/yoquesé no fui yo el que entré (eso lo lleva el SEPE de la CCAA, no el Ayto), y según me ha comentado el informático del ayto - con el que me llevo bien - el que han puesto nuevo lleva varios meses y es un incompetente total, no sabe ni hacer cosas básicas de informática. Así va España",https://www.reddit.com/r/askspain/comments/onv28r/como_fue_vuestro_primer_trabajo_mi_primer_trabajo/,2021-07-20 12:00:03+00:00,reddit_comments.csv,reddit,,2021-07-20,0,0,"Mi unica experiencia laboral han sido las prácticas del CFGS. Entré en el ayuntamiento de mi pueblo, que es chiquitito, y en el mes y medio que duraron actualicé una parte de la infraestructura informática, instalé nuevas medidas de seguridad, puse en marcha una web de pedir citas previas para los servicios del ayto (por lo del covid), moví uno de los servidores a otro edificio para tener copias de seguridad en caso de catástrofe, etc. La verdad les caí bien a muchos de los que trabajaban ahí, y especialmente al informático le encantaba que estuviese allí porque soy bastante amañado, por lo que le sacaba bastante trabajo y encima implementabamos tecnologias nuevas/mejorabamos lo que estaba. El tema es que es un organismo público, y a no ser que tuviese un enchufe importante o llevase 400 años apuntado en el SEPE, no me podían hacer un contrato. A los de arriba que podían hacer algo pa meterme no les importé mucho, y no me han contratado. Lo peor es que llegó una subvención para modernizar las instalaciones, y aunque yo me presenté, por mi formación/años esperando/yoquesé no fui yo el que entré (eso lo lleva el SEPE de la CCAA, no el Ayto), y según me ha comentado el informático del ayto - con el que me llevo bien - el que han puesto nuevo lleva varios meses y es un incompetente total, no sabe ni hacer cosas básicas de informática. Así va España",
kv0axk3,"Hola, que tipos de programa usaste? Yo el día 9 empiezo también en el ayuntamiento entre por enchufe literal he de admitirlo porque la mitad de los concejales y una ex-alcaldesa me conocían, si yo vengo de un grado medio de SMR que tipo de tareas haré relacionadas con la seguridad informática?? El secretario de ahí me habló de servidores,contraseñas y antivirus pero no me lo detallo,de hecho estaré yo solo creo o con un compañero de clase. Ahí no hay informáticos en si. Es lo que me comentaron. Necesito algún consejo o lo que sea,tengo la sensación de que me mandaran hacer cosas que no me han enseñado en clase. Hable con una senadora que trabajaba ahí en ese ayuntamiento y me ha dicho que no esté nervioso y que esté tranquilo. 

De seguridad informática solo se hacer 2 o 3 cosas y ya está, tema de gestión de raids, auditar una red wifi y poco más relacionado con seguridad,poco se da de eso en un grado medio. Necesito algo de ayuda porque estaré ahí 3 meses y me comentaron que si lo hago bien me alargarán el contrato. Yo ya les avisé que no soy aquí Edward Snowden pero si hay algo que nose me empeñare en aprender,es lo que me dijo mi instructor de ahí que aquí se viene a aprender.",1,1710518501.0,1.0,"Hola, que tipos de programa usaste? Yo el día 9 empiezo también en el ayuntamiento entre por enchufe literal he de admitirlo porque la mitad de los concejales y una ex-alcaldesa me conocían, si yo vengo de un grado medio de SMR que tipo de tareas haré relacionadas con la seguridad informática?? El secretario de ahí me habló de servidores,contraseñas y antivirus pero no me lo detallo,de hecho estaré yo solo creo o con un compañero de clase. Ahí no hay informáticos en si. Es lo que me comentaron. Necesito algún consejo o lo que sea,tengo la sensación de que me mandaran hacer cosas que no me han enseñado en clase. Hable con una senadora que trabajaba ahí en ese ayuntamiento y me ha dicho que no esté nervioso y que esté tranquilo. 

De seguridad informática solo se hacer 2 o 3 cosas y ya está, tema de gestión de raids, auditar una red wifi y poco más relacionado con seguridad,poco se da de eso en un grado medio. Necesito algo de ayuda porque estaré ahí 3 meses y me comentaron que si lo hago bien me alargarán el contrato. Yo ya les avisé que no soy aquí Edward Snowden pero si hay algo que nose me empeñare en aprender,es lo que me dijo mi instructor de ahí que aquí se viene a aprender.",https://www.reddit.com/r/askspain/comments/onv28r/como_fue_vuestro_primer_trabajo_mi_primer_trabajo/,2024-03-15 16:01:41+00:00,reddit_comments.csv,reddit,,2024-03-15,0,0,"Hola, que tipos de programa usaste? Yo el día 9 empiezo también en el ayuntamiento entre por enchufe literal he de admitirlo porque la mitad de los concejales y una ex-alcaldesa me conocían, si yo vengo de un grado medio de SMR que tipo de tareas haré relacionadas con la seguridad informática?? El secretario de ahí me habló de servidores,contraseñas y antivirus pero no me lo detallo,de hecho estaré yo solo creo o con un compañero de clase. Ahí no hay informáticos en si. Es lo que me comentaron. Necesito algún consejo o lo que sea,tengo la sensación de que me mandaran hacer cosas que no me han enseñado en clase. Hable con una senadora que trabajaba ahí en ese ayuntamiento y me ha dicho que no esté nervioso y que esté tranquilo. De seguridad informática solo se hacer 2 o 3 cosas y ya está, tema de gestión de raids, auditar una red wifi y poco más relacionado con seguridad,poco se da de eso en un grado medio. Necesito algo de ayuda porque estaré ahí 3 meses y me comentaron que si lo hago bien me alargarán el contrato. Yo ya les avisé que no soy aquí Edward Snowden pero si hay algo que nose me empeñare en aprender,es lo que me dijo mi instructor de ahí que aquí se viene a aprender.",
h5wnygq,"Tío lo que te hicieron es una violacion total a las normas de seguridad y derechos del empleado. 

Yo de ti llamaría al inspector de trabajo para denunciar esos hechos ya de cabron por hacerte pasar eso ademas. 

PD: mi primer trabajo fue en una de las empresas de mi padre y trabajé en planta “para no recibir nada de gratis” y me dieron todos los guantes, botas, elementos  y guía para trabajar en la maquinaria. Que vamos, que esos mínimos son dictados por ley!",4,1626806881.0,0.0,"Tío lo que te hicieron es una violacion total a las normas de seguridad y derechos del empleado. 

Yo de ti llamaría al inspector de trabajo para denunciar esos hechos ya de cabron por hacerte pasar eso ademas. 

PD: mi primer trabajo fue en una de las empresas de mi padre y trabajé en planta “para no recibir nada de gratis” y me dieron todos los guantes, botas, elementos  y guía para trabajar en la maquinaria. Que vamos, que esos mínimos son dictados por ley!",https://www.reddit.com/r/askspain/comments/onv28r/como_fue_vuestro_primer_trabajo_mi_primer_trabajo/,2021-07-20 18:48:01+00:00,reddit_comments.csv,reddit,,2021-07-20,0,0,"Tío lo que te hicieron es una violacion total a las normas de seguridad y derechos del empleado. Yo de ti llamaría al inspector de trabajo para denunciar esos hechos ya de cabron por hacerte pasar eso ademas. PD: mi primer trabajo fue en una de las empresas de mi padre y trabajé en planta “para no recibir nada de gratis” y me dieron todos los guantes, botas, elementos y guía para trabajar en la maquinaria. Que vamos, que esos mínimos son dictados por ley!",
h5urg4n,"Trabajé por primera vez con mi padre ayudándole en agricultura. Yo estoy haciendo carrera de música y mis primeros trabajos han sido colaboraciones con orquestas sinfónicas, conciertos y sustituciones como profesor.",2,1626770490.0,0.0,"Trabajé por primera vez con mi padre ayudándole en agricultura. Yo estoy haciendo carrera de música y mis primeros trabajos han sido colaboraciones con orquestas sinfónicas, conciertos y sustituciones como profesor.",https://www.reddit.com/r/askspain/comments/onv28r/como_fue_vuestro_primer_trabajo_mi_primer_trabajo/,2021-07-20 08:41:30+00:00,reddit_comments.csv,reddit,,2021-07-20,0,0,"Trabajé por primera vez con mi padre ayudándole en agricultura. Yo estoy haciendo carrera de música y mis primeros trabajos han sido colaboraciones con orquestas sinfónicas, conciertos y sustituciones como profesor.",
h5wbskk,"Hey ya he denunciado de forma telemática, gracias por el apoyo realmente no lo hubiera hecho sin vosotros porque en parte creía que era mi culpa y no podia hacer nada pero la culpa era suya y ahora les caera una inspección y al menos los que estan ahí estaran un poco mejor",2,1626801759.0,0.0,"Hey ya he denunciado de forma telemática, gracias por el apoyo realmente no lo hubiera hecho sin vosotros porque en parte creía que era mi culpa y no podia hacer nada pero la culpa era suya y ahora les caera una inspección y al menos los que estan ahí estaran un poco mejor",https://www.reddit.com/r/askspain/comments/onv28r/como_fue_vuestro_primer_trabajo_mi_primer_trabajo/,2021-07-20 17:22:39+00:00,reddit_comments.csv,reddit,,2021-07-20,0,0,"Hey ya he denunciado de forma telemática, gracias por el apoyo realmente no lo hubiera hecho sin vosotros porque en parte creía que era mi culpa y no podia hacer nada pero la culpa era suya y ahora les caera una inspección y al menos los que estan ahí estaran un poco mejor",
h5xg5uj,¡Has hecho bien! Así no has sufrido en vano. Suerte con tu segundo trabajo. Seguro que encontrarás algo mejor.,1,1626819028.0,1.0,¡Has hecho bien! Así no has sufrido en vano. Suerte con tu segundo trabajo. Seguro que encontrarás algo mejor.,https://www.reddit.com/r/askspain/comments/onv28r/como_fue_vuestro_primer_trabajo_mi_primer_trabajo/,2021-07-20 22:10:28+00:00,reddit_comments.csv,reddit,,2021-07-20,0,0,¡Has hecho bien! Así no has sufrido en vano. Suerte con tu segundo trabajo. Seguro que encontrarás algo mejor.,
h5wdl1f,"Mi primer trabajo fue de camarera en las fiestas de mi pueblo en plena plaza, entraba a las 10 am y salía a las 4-5 am. Lo mejor era la gente, el aprender como es estar detrás de la barra, a servir una buena caña, la primera fueron 1 cm de cerveza y 20 de espuma. Y con lo que saque pude pagar las tasas para mi diploma universitario.",2,1626802505.0,0.0,"Mi primer trabajo fue de camarera en las fiestas de mi pueblo en plena plaza, entraba a las 10 am y salía a las 4-5 am. Lo mejor era la gente, el aprender como es estar detrás de la barra, a servir una buena caña, la primera fueron 1 cm de cerveza y 20 de espuma. Y con lo que saque pude pagar las tasas para mi diploma universitario.",https://www.reddit.com/r/askspain/comments/onv28r/como_fue_vuestro_primer_trabajo_mi_primer_trabajo/,2021-07-20 17:35:05+00:00,reddit_comments.csv,reddit,,2021-07-20,0,0,"Mi primer trabajo fue de camarera en las fiestas de mi pueblo en plena plaza, entraba a las 10 am y salía a las 4-5 am. Lo mejor era la gente, el aprender como es estar detrás de la barra, a servir una buena caña, la primera fueron 1 cm de cerveza y 20 de espuma. Y con lo que saque pude pagar las tasas para mi diploma universitario.",
h5wf3gg,"Denuncia, esto no tiene sentido. Los epis, o la ropa de proteccion, te la tiene que dar la empresa. Al baño puedes ir las veces que sea necesario, faltaría más! Lo que hacían allá era pura explotación.",2,1626803145.0,0.0,"Denuncia, esto no tiene sentido. Los epis, o la ropa de proteccion, te la tiene que dar la empresa. Al baño puedes ir las veces que sea necesario, faltaría más! Lo que hacían allá era pura explotación.",https://www.reddit.com/r/askspain/comments/onv28r/como_fue_vuestro_primer_trabajo_mi_primer_trabajo/,2021-07-20 17:45:45+00:00,reddit_comments.csv,reddit,,2021-07-20,0,0,"Denuncia, esto no tiene sentido. Los epis, o la ropa de proteccion, te la tiene que dar la empresa. Al baño puedes ir las veces que sea necesario, faltaría más! Lo que hacían allá era pura explotación.",
h5v5rys,"Denunciales YA,
Es totalmente ilegal que el empleador no disponga de los medios adecuados de trabajo al empleado, te tienen que dar todo el equipamiento, uniforme, botas, guantes, casco(de ser necesario), etc...
Ademas, es obligatorio por ley media hora de descanso por cada 6 horas de trabajo y en jornada completa 1 hora de descanso minimo.
Lo de la mascarilla ya es un poco como lo quiera la empresa y los trabajadores, eso nada, pero todo lo demás, ilegal.
Aprovecha que aun tienes las heridas en los pies y denuncia que lo que te dieron, aparte de ser poco, es ineficiente, lo cual, mas ilegal aún.

Ve a la comisaria mas cercana y que te asesorem un poco durante la demuncia (o a un abogado, vale igual)",1,1626782254.0,0.0,"Denunciales YA,
Es totalmente ilegal que el empleador no disponga de los medios adecuados de trabajo al empleado, te tienen que dar todo el equipamiento, uniforme, botas, guantes, casco(de ser necesario), etc...
Ademas, es obligatorio por ley media hora de descanso por cada 6 horas de trabajo y en jornada completa 1 hora de descanso minimo.
Lo de la mascarilla ya es un poco como lo quiera la empresa y los trabajadores, eso nada, pero todo lo demás, ilegal.
Aprovecha que aun tienes las heridas en los pies y denuncia que lo que te dieron, aparte de ser poco, es ineficiente, lo cual, mas ilegal aún.

Ve a la comisaria mas cercana y que te asesorem un poco durante la demuncia (o a un abogado, vale igual)",https://www.reddit.com/r/askspain/comments/onv28r/como_fue_vuestro_primer_trabajo_mi_primer_trabajo/,2021-07-20 11:57:34+00:00,reddit_comments.csv,reddit,,2021-07-20,0,0,"Denunciales YA, Es totalmente ilegal que el empleador no disponga de los medios adecuados de trabajo al empleado, te tienen que dar todo el equipamiento, uniforme, botas, guantes, casco(de ser necesario), etc... Ademas, es obligatorio por ley media hora de descanso por cada 6 horas de trabajo y en jornada completa 1 hora de descanso minimo. Lo de la mascarilla ya es un poco como lo quiera la empresa y los trabajadores, eso nada, pero todo lo demás, ilegal. Aprovecha que aun tienes las heridas en los pies y denuncia que lo que te dieron, aparte de ser poco, es ineficiente, lo cual, mas ilegal aún. Ve a la comisaria mas cercana y que te asesorem un poco durante la demuncia (o a un abogado, vale igual)",
h5vdsg3,Perdona? Eran 8h en total y solo 1 descanso de 15m,2,1626786946.0,1.0,Perdona? Eran 8h en total y solo 1 descanso de 15m,https://www.reddit.com/r/askspain/comments/onv28r/como_fue_vuestro_primer_trabajo_mi_primer_trabajo/,2021-07-20 13:15:46+00:00,reddit_comments.csv,reddit,,2021-07-20,0,0,Perdona? Eran 8h en total y solo 1 descanso de 15m,
h5wez3g,"No, ciertamente, fallo mio, quizas me acostumbre a tener jefes de puta madre, mis perdones.

Es, como bien dices, 8 horas de trabajo minimo 15 min de descanso.


Pero lo demas, eso no tengo duda alguna, ilegal.",1,1626803094.0,2.0,"No, ciertamente, fallo mio, quizas me acostumbre a tener jefes de puta madre, mis perdones.

Es, como bien dices, 8 horas de trabajo minimo 15 min de descanso.


Pero lo demas, eso no tengo duda alguna, ilegal.",https://www.reddit.com/r/askspain/comments/onv28r/como_fue_vuestro_primer_trabajo_mi_primer_trabajo/,2021-07-20 17:44:54+00:00,reddit_comments.csv,reddit,,2021-07-20,0,0,"No, ciertamente, fallo mio, quizas me acostumbre a tener jefes de puta madre, mis perdones. Es, como bien dices, 8 horas de trabajo minimo 15 min de descanso. Pero lo demas, eso no tengo duda alguna, ilegal.",
h5wvktk,Que fea experiencia. Yo no resido en España así que no puedo aportar mucho a la conversación.,1,1626810103.0,0.0,Que fea experiencia. Yo no resido en España así que no puedo aportar mucho a la conversación.,https://www.reddit.com/r/askspain/comments/onv28r/como_fue_vuestro_primer_trabajo_mi_primer_trabajo/,2021-07-20 19:41:43+00:00,reddit_comments.csv,reddit,,2021-07-20,0,0,Que fea experiencia. Yo no resido en España así que no puedo aportar mucho a la conversación.,
kv0d4mv,"Mi primer trabajo también fue así, 8 horas con la mascarilla y metiendo bollos en una caja y montando palets, el primer día fue duro,ya luego iba a acostumbrándome, de los mejores puestos que me pusieron fue limpiar y elaborar con otra persona la masa. Lo peor para mí fue cuando tenía que estar cerca de un horno y vigilar que la máquina que coge los panes de hamburguesa lo haga bien y no caigan sobre el resto ya que ahí es cuando se lía y tienen que paralizar la línea y ir recogiendo todo el pan mientras los técnicos la reparan la máquina. Dure 322 horas y me salí por mi propia voluntad,les dije que me iba de vacaciones y que después estudiaría y ya está para que no se lo tomarán a malas.

Después me llamaban o me escribían por Wasap si quería ir algún día o finde y ahí acepte hasta que cambiaron de idea y quisieron a que fuera todos los días y era imposible ya que también tenía que ir a clase que el instituto estaba a 30km de donde vivo. Nada a partir de ahí no me volvieron a llamar jajajajaja. 

Lo de las botas también me pasó,las que te suelen dar gratis me destrozaron el pie a los pocos días pero luego las cambie por unas que tenía en casa de electromecánico. Tengo amigos que también entraron en aquellas conmigo a trabajar ahí y aún siguen trabajando 2 años ya,lo bueno que trabajas 2 semanas bien y luego les dices que no puedes ir un tal día y ese día te lo coges libre.

En resumen: el trabajo de ahí es pesado y aburrido  pero pagaban bastante bien. Trabajaba 2 semanas de lunes a viernes y el resto del mes igual me llamaban 3 días y tranquilamente cobraba 1400€

Por lo menos aquí si que dejan ir al baño siempre que venga uno a sustituirte un rato. Recuerdo que las 8 horas que estaba iba 2 veces al baño y 1 a comer,llege a decir que no fui al baño cuando en verdad si fui para descansar un rató hasta que me pillaron y me echaron una pequeña bronca pero nada más. Eso sí la protección me la daban siempre,si me cortaba con un cartón enseguida iban corriendo a por tiritas y guantes,y cuando me tocaba limpiar con manguera las cuchillas de las máquinas siempre me daban guantes de metal típicos que usan los carniceros.",1,1710519250.0,0.0,"Mi primer trabajo también fue así, 8 horas con la mascarilla y metiendo bollos en una caja y montando palets, el primer día fue duro,ya luego iba a acostumbrándome, de los mejores puestos que me pusieron fue limpiar y elaborar con otra persona la masa. Lo peor para mí fue cuando tenía que estar cerca de un horno y vigilar que la máquina que coge los panes de hamburguesa lo haga bien y no caigan sobre el resto ya que ahí es cuando se lía y tienen que paralizar la línea y ir recogiendo todo el pan mientras los técnicos la reparan la máquina. Dure 322 horas y me salí por mi propia voluntad,les dije que me iba de vacaciones y que después estudiaría y ya está para que no se lo tomarán a malas.

Después me llamaban o me escribían por Wasap si quería ir algún día o finde y ahí acepte hasta que cambiaron de idea y quisieron a que fuera todos los días y era imposible ya que también tenía que ir a clase que el instituto estaba a 30km de donde vivo. Nada a partir de ahí no me volvieron a llamar jajajajaja. 

Lo de las botas también me pasó,las que te suelen dar gratis me destrozaron el pie a los pocos días pero luego las cambie por unas que tenía en casa de electromecánico. Tengo amigos que también entraron en aquellas conmigo a trabajar ahí y aún siguen trabajando 2 años ya,lo bueno que trabajas 2 semanas bien y luego les dices que no puedes ir un tal día y ese día te lo coges libre.

En resumen: el trabajo de ahí es pesado y aburrido  pero pagaban bastante bien. Trabajaba 2 semanas de lunes a viernes y el resto del mes igual me llamaban 3 días y tranquilamente cobraba 1400€

Por lo menos aquí si que dejan ir al baño siempre que venga uno a sustituirte un rato. Recuerdo que las 8 horas que estaba iba 2 veces al baño y 1 a comer,llege a decir que no fui al baño cuando en verdad si fui para descansar un rató hasta que me pillaron y me echaron una pequeña bronca pero nada más. Eso sí la protección me la daban siempre,si me cortaba con un cartón enseguida iban corriendo a por tiritas y guantes,y cuando me tocaba limpiar con manguera las cuchillas de las máquinas siempre me daban guantes de metal típicos que usan los carniceros.",https://www.reddit.com/r/askspain/comments/onv28r/como_fue_vuestro_primer_trabajo_mi_primer_trabajo/,2024-03-15 16:14:10+00:00,reddit_comments.csv,reddit,,2024-03-15,0,0,"Mi primer trabajo también fue así, 8 horas con la mascarilla y metiendo bollos en una caja y montando palets, el primer día fue duro,ya luego iba a acostumbrándome, de los mejores puestos que me pusieron fue limpiar y elaborar con otra persona la masa. Lo peor para mí fue cuando tenía que estar cerca de un horno y vigilar que la máquina que coge los panes de hamburguesa lo haga bien y no caigan sobre el resto ya que ahí es cuando se lía y tienen que paralizar la línea y ir recogiendo todo el pan mientras los técnicos la reparan la máquina. Dure 322 horas y me salí por mi propia voluntad,les dije que me iba de vacaciones y que después estudiaría y ya está para que no se lo tomarán a malas. Después me llamaban o me escribían por Wasap si quería ir algún día o finde y ahí acepte hasta que cambiaron de idea y quisieron a que fuera todos los días y era imposible ya que también tenía que ir a clase que el instituto estaba a 30km de donde vivo. Nada a partir de ahí no me volvieron a llamar jajajajaja. Lo de las botas también me pasó,las que te suelen dar gratis me destrozaron el pie a los pocos días pero luego las cambie por unas que tenía en casa de electromecánico. Tengo amigos que también entraron en aquellas conmigo a trabajar ahí y aún siguen trabajando 2 años ya,lo bueno que trabajas 2 semanas bien y luego les dices que no puedes ir un tal día y ese día te lo coges libre. En resumen: el trabajo de ahí es pesado y aburrido pero pagaban bastante bien. Trabajaba 2 semanas de lunes a viernes y el resto del mes igual me llamaban 3 días y tranquilamente cobraba 1400€ Por lo menos aquí si que dejan ir al baño siempre que venga uno a sustituirte un rato. Recuerdo que las 8 horas que estaba iba 2 veces al baño y 1 a comer,llege a decir que no fui al baño cuando en verdad si fui para descansar un rató hasta que me pillaron y me echaron una pequeña bronca pero nada más. Eso sí la protección me la daban siempre,si me cortaba con un cartón enseguida iban corriendo a por tiritas y guantes,y cuando me tocaba limpiar con manguera las cuchillas de las máquinas siempre me daban guantes de metal típicos que usan los carniceros.",
h5uq9c0,"No se si soy muy 3rmundista, pero esto suena a quejas dramatizadas, ¿botas que te hacen sangrar solo por 5h parado? ¿Cortés en los dedos, tienes problemas automotores, o simplemente hiciste todo de tan mala gana que te cortaste por descuidado?
 No se, es un trabajo de fábrica aburrido y repetitivo (algo que nadie quiere, pero si es lo que hay, es lo que hay)

Esta bien si dejaste el trabajo y no es lo tuyo. Yo no podría trabajar en una, la monotonía me volvería loco.",-9,1626769405.0,0.0,"No se si soy muy 3rmundista, pero esto suena a quejas dramatizadas, ¿botas que te hacen sangrar solo por 5h parado? ¿Cortés en los dedos, tienes problemas automotores, o simplemente hiciste todo de tan mala gana que te cortaste por descuidado?
 No se, es un trabajo de fábrica aburrido y repetitivo (algo que nadie quiere, pero si es lo que hay, es lo que hay)

Esta bien si dejaste el trabajo y no es lo tuyo. Yo no podría trabajar en una, la monotonía me volvería loco.",https://www.reddit.com/r/askspain/comments/onv28r/como_fue_vuestro_primer_trabajo_mi_primer_trabajo/,2021-07-20 08:23:25+00:00,reddit_comments.csv,reddit,,2021-07-20,0,0,"No se si soy muy 3rmundista, pero esto suena a quejas dramatizadas, ¿botas que te hacen sangrar solo por 5h parado? ¿Cortés en los dedos, tienes problemas automotores, o simplemente hiciste todo de tan mala gana que te cortaste por descuidado? No se, es un trabajo de fábrica aburrido y repetitivo (algo que nadie quiere, pero si es lo que hay, es lo que hay) Esta bien si dejaste el trabajo y no es lo tuyo. Yo no podría trabajar en una, la monotonía me volvería loco.",
h5uwh4f,"He trabajado clasificando cajas de fruta en palets alguna temporada. Solamente llevándolas de la máquina que separa las frutas por calibres a la cámara frigorífica.

De coger las cajas varias horas al día las manos acaban llenas de cortecitos por los bordes afilados del cartón, que poco a poco va haciendo mella. Me imagino que el desgaste de la piel será mucho mayor siendo quien monta esas cajas.",3,1626775052.0,1.0,"He trabajado clasificando cajas de fruta en palets alguna temporada. Solamente llevándolas de la máquina que separa las frutas por calibres a la cámara frigorífica.

De coger las cajas varias horas al día las manos acaban llenas de cortecitos por los bordes afilados del cartón, que poco a poco va haciendo mella. Me imagino que el desgaste de la piel será mucho mayor siendo quien monta esas cajas.",https://www.reddit.com/r/askspain/comments/onv28r/como_fue_vuestro_primer_trabajo_mi_primer_trabajo/,2021-07-20 09:57:32+00:00,reddit_comments.csv,reddit,,2021-07-20,0,0,"He trabajado clasificando cajas de fruta en palets alguna temporada. Solamente llevándolas de la máquina que separa las frutas por calibres a la cámara frigorífica. De coger las cajas varias horas al día las manos acaban llenas de cortecitos por los bordes afilados del cartón, que poco a poco va haciendo mella. Me imagino que el desgaste de la piel será mucho mayor siendo quien monta esas cajas.",
h5v0u5b,Bueno casi me da un yuyu y me desmayo en medio de la fábrica y lo único que hicieron es echarme no era cuestión de ai que malo todo,2,1626778721.0,1.0,Bueno casi me da un yuyu y me desmayo en medio de la fábrica y lo único que hicieron es echarme no era cuestión de ai que malo todo,https://www.reddit.com/r/askspain/comments/onv28r/como_fue_vuestro_primer_trabajo_mi_primer_trabajo/,2021-07-20 10:58:41+00:00,reddit_comments.csv,reddit,,2021-07-20,0,0,Bueno casi me da un yuyu y me desmayo en medio de la fábrica y lo único que hicieron es echarme no era cuestión de ai que malo todo,
h5v1myy,"Ignora al macaco este. Yo estuve en Carrefour despaletizando y abriendo cajas en almacén y me dieron cutter, guantes, botas, chaleco de seguridad... Y es lo mínimo. 

El día que se me olvidaron los guantes llegue con los dedos en carne viva, culpa mía.",3,1626779329.0,2.0,"Ignora al macaco este. Yo estuve en Carrefour despaletizando y abriendo cajas en almacén y me dieron cutter, guantes, botas, chaleco de seguridad... Y es lo mínimo. 

El día que se me olvidaron los guantes llegue con los dedos en carne viva, culpa mía.",https://www.reddit.com/r/askspain/comments/onv28r/como_fue_vuestro_primer_trabajo_mi_primer_trabajo/,2021-07-20 11:08:49+00:00,reddit_comments.csv,reddit,,2021-07-20,0,0,"Ignora al macaco este. Yo estuve en Carrefour despaletizando y abriendo cajas en almacén y me dieron cutter, guantes, botas, chaleco de seguridad... Y es lo mínimo. El día que se me olvidaron los guantes llegue con los dedos en carne viva, culpa mía.",
h5v1m88,"Francamente, me suena a que ha exagerado si no inventado por dramatizar. Te están negativizando, pero me suena todo a drama.",1,1626779312.0,1.0,"Francamente, me suena a que ha exagerado si no inventado por dramatizar. Te están negativizando, pero me suena todo a drama.",https://www.reddit.com/r/askspain/comments/onv28r/como_fue_vuestro_primer_trabajo_mi_primer_trabajo/,2021-07-20 11:08:32+00:00,reddit_comments.csv,reddit,,2021-07-20,0,0,"Francamente, me suena a que ha exagerado si no inventado por dramatizar. Te están negativizando, pero me suena todo a drama.",
h5v4bic,"Bueno era de esperarse, yo se a que publico le hablo y este publico cree que todos los empresarios son malos y que los empleados no pueden hacer mal. No quiero generalizar porque es de mal gusto, pero es lo que observado. 

No me interesa ir por ningún lado de la balanza solo ser odjetivo en mi observación.",0,1626781261.0,1.0,"Bueno era de esperarse, yo se a que publico le hablo y este publico cree que todos los empresarios son malos y que los empleados no pueden hacer mal. No quiero generalizar porque es de mal gusto, pero es lo que observado. 

No me interesa ir por ningún lado de la balanza solo ser odjetivo en mi observación.",https://www.reddit.com/r/askspain/comments/onv28r/como_fue_vuestro_primer_trabajo_mi_primer_trabajo/,2021-07-20 11:41:01+00:00,reddit_comments.csv,reddit,,2021-07-20,0,0,"Bueno era de esperarse, yo se a que publico le hablo y este publico cree que todos los empresarios son malos y que los empleados no pueden hacer mal. No quiero generalizar porque es de mal gusto, pero es lo que observado. No me interesa ir por ningún lado de la balanza solo ser odjetivo en mi observación.",
h5v572i,"Lo de las cajas es cierto que sin guantes es un marronazo, quién más quien menos se ha cortado alguna vez con una caja de cartón y sabemos lo fácil que es y lo que jode, como para estar 8h al día sin guantes haciendo cajas.

Dicho esto, tb dice por ahí en un comentario que pidió un 43 de botas y le dieron un 45 y le sangraban los pies. ¿Como? O sea si estuviera haciendo una maratón podría llegar a entenderlo pero estando de pie estático haciendo cajas en una línea con una bota que le viene ancha, y le hace sangre??? Ahí hay algo que se me escapa :/

Así que a mí tb me parece que está exagerando un poco, pese a que me creo perfectamente que haya estado en una fábrica de mierda esclavista, hay muchas así, y más si fué a través de una ETT.",1,1626781863.0,1.0,"Lo de las cajas es cierto que sin guantes es un marronazo, quién más quien menos se ha cortado alguna vez con una caja de cartón y sabemos lo fácil que es y lo que jode, como para estar 8h al día sin guantes haciendo cajas.

Dicho esto, tb dice por ahí en un comentario que pidió un 43 de botas y le dieron un 45 y le sangraban los pies. ¿Como? O sea si estuviera haciendo una maratón podría llegar a entenderlo pero estando de pie estático haciendo cajas en una línea con una bota que le viene ancha, y le hace sangre??? Ahí hay algo que se me escapa :/

Así que a mí tb me parece que está exagerando un poco, pese a que me creo perfectamente que haya estado en una fábrica de mierda esclavista, hay muchas así, y más si fué a través de una ETT.",https://www.reddit.com/r/askspain/comments/onv28r/como_fue_vuestro_primer_trabajo_mi_primer_trabajo/,2021-07-20 11:51:03+00:00,reddit_comments.csv,reddit,,2021-07-20,0,0,"Lo de las cajas es cierto que sin guantes es un marronazo, quién más quien menos se ha cortado alguna vez con una caja de cartón y sabemos lo fácil que es y lo que jode, como para estar 8h al día sin guantes haciendo cajas. Dicho esto, tb dice por ahí en un comentario que pidió un 43 de botas y le dieron un 45 y le sangraban los pies. ¿Como? O sea si estuviera haciendo una maratón podría llegar a entenderlo pero estando de pie estático haciendo cajas en una línea con una bota que le viene ancha, y le hace sangre??? Ahí hay algo que se me escapa :/ Así que a mí tb me parece que está exagerando un poco, pese a que me creo perfectamente que haya estado en una fábrica de mierda esclavista, hay muchas así, y más si fué a través de una ETT.",
h5v7arv,"Ha sido un montaje. Es un servicio que muchos padres contratan para que sus hijos reaccionen, estudien, saquen sobres y hagan una carrera que les lleve a un trabajo bien pagado. Es caro, pero te garantizan que el 90% acaba estudiando una STEM.",1,1626783241.0,0.0,"Ha sido un montaje. Es un servicio que muchos padres contratan para que sus hijos reaccionen, estudien, saquen sobres y hagan una carrera que les lleve a un trabajo bien pagado. Es caro, pero te garantizan que el 90% acaba estudiando una STEM.",https://www.reddit.com/r/askspain/comments/onv28r/como_fue_vuestro_primer_trabajo_mi_primer_trabajo/,2021-07-20 12:14:01+00:00,reddit_comments.csv,reddit,,2021-07-20,0,0,"Ha sido un montaje. Es un servicio que muchos padres contratan para que sus hijos reaccionen, estudien, saquen sobres y hagan una carrera que les lleve a un trabajo bien pagado. Es caro, pero te garantizan que el 90% acaba estudiando una STEM.",
h5v7hib,"Chaval, he trabajado en 5 trabajos distintos en más de 8 empresas y te entiendo perfectamente. Llegas nuevo, piensas que hay que aguantar y te da miedo decir algo, pero de lo poco que he aprendido en estos años es que no hay que tragar NI UNA. Denuncia, anima a denunciar y mucha suerte encontrando algo mejor. Y por supuesto, no te sientas ni un poco mal por “haber durado 5h”. Esto es solo culpa de una empresa de explotadores.",1,1626783358.0,0.0,"Chaval, he trabajado en 5 trabajos distintos en más de 8 empresas y te entiendo perfectamente. Llegas nuevo, piensas que hay que aguantar y te da miedo decir algo, pero de lo poco que he aprendido en estos años es que no hay que tragar NI UNA. Denuncia, anima a denunciar y mucha suerte encontrando algo mejor. Y por supuesto, no te sientas ni un poco mal por “haber durado 5h”. Esto es solo culpa de una empresa de explotadores.",https://www.reddit.com/r/askspain/comments/onv28r/como_fue_vuestro_primer_trabajo_mi_primer_trabajo/,2021-07-20 12:15:58+00:00,reddit_comments.csv,reddit,,2021-07-20,0,0,"Chaval, he trabajado en 5 trabajos distintos en más de 8 empresas y te entiendo perfectamente. Llegas nuevo, piensas que hay que aguantar y te da miedo decir algo, pero de lo poco que he aprendido en estos años es que no hay que tragar NI UNA. Denuncia, anima a denunciar y mucha suerte encontrando algo mejor. Y por supuesto, no te sientas ni un poco mal por “haber durado 5h”. Esto es solo culpa de una empresa de explotadores.",
h5v8q13,Has firmado contrato?,1,1626784111.0,0.0,Has firmado contrato?,https://www.reddit.com/r/askspain/comments/onv28r/como_fue_vuestro_primer_trabajo_mi_primer_trabajo/,2021-07-20 12:28:31+00:00,reddit_comments.csv,reddit,,2021-07-20,0,0,Has firmado contrato?,
h5w9f1t,"12 horas diarias de pie fregando platos y cazuelas a mano en un restaurante. Lo de 12 horas es flexible, porque ya sabemos lo mucho que se respetan los horarios en hostelería y lo mucho que le importa a la gente entrar a la hora de cerrar cuando ya se está recogiendo la cocina. 

El trabajo era una mierda y estaba sin contrato pero sirvió para pagarme la universidad y varios cursos de idiomas. Además de ser una entrada por todo lo alto en la jungla laboral.

Aguanté 5 años (los años de la uni)  y después de eso estuve AÑOS comiendo mierdas porque me negaba a cocinar nada de lo asqueada que estaba de entrar en una cocina.",1,1626800772.0,0.0,"12 horas diarias de pie fregando platos y cazuelas a mano en un restaurante. Lo de 12 horas es flexible, porque ya sabemos lo mucho que se respetan los horarios en hostelería y lo mucho que le importa a la gente entrar a la hora de cerrar cuando ya se está recogiendo la cocina. 

El trabajo era una mierda y estaba sin contrato pero sirvió para pagarme la universidad y varios cursos de idiomas. Además de ser una entrada por todo lo alto en la jungla laboral.

Aguanté 5 años (los años de la uni)  y después de eso estuve AÑOS comiendo mierdas porque me negaba a cocinar nada de lo asqueada que estaba de entrar en una cocina.",https://www.reddit.com/r/askspain/comments/onv28r/como_fue_vuestro_primer_trabajo_mi_primer_trabajo/,2021-07-20 17:06:12+00:00,reddit_comments.csv,reddit,,2021-07-20,0,0,"12 horas diarias de pie fregando platos y cazuelas a mano en un restaurante. Lo de 12 horas es flexible, porque ya sabemos lo mucho que se respetan los horarios en hostelería y lo mucho que le importa a la gente entrar a la hora de cerrar cuando ya se está recogiendo la cocina. El trabajo era una mierda y estaba sin contrato pero sirvió para pagarme la universidad y varios cursos de idiomas. Además de ser una entrada por todo lo alto en la jungla laboral. Aguanté 5 años (los años de la uni) y después de eso estuve AÑOS comiendo mierdas porque me negaba a cocinar nada de lo asqueada que estaba de entrar en una cocina.",
h5wdjq6,"Mi primera experiencia de empleo en España fue para una ONG captando socios. 5h al día (con unos 20 o 15min de descanso si mal no recuerdo). Todo el rato de pie parando a la gente por la calle para soltarles un discurso aprendido. Había que hacer mínimo un socio al día en los primeros 5 o te echaban (creo que después se reducía a un socio cada dos o tres días). Lo dejé a la semana porque me sentía una auténtica mierda haciendo eso.

De todas formas tu caso es muchísimo peor, merecen una buena denuncia y haces bien en dejarlo, nadie debería tolerar una situación así, triste pensar que hay gente en situaciones tan desesperadas que tratarían de mantenerse en el puesto a pesar de estar poniendo en peligro su salud.",1,1626802490.0,0.0,"Mi primera experiencia de empleo en España fue para una ONG captando socios. 5h al día (con unos 20 o 15min de descanso si mal no recuerdo). Todo el rato de pie parando a la gente por la calle para soltarles un discurso aprendido. Había que hacer mínimo un socio al día en los primeros 5 o te echaban (creo que después se reducía a un socio cada dos o tres días). Lo dejé a la semana porque me sentía una auténtica mierda haciendo eso.

De todas formas tu caso es muchísimo peor, merecen una buena denuncia y haces bien en dejarlo, nadie debería tolerar una situación así, triste pensar que hay gente en situaciones tan desesperadas que tratarían de mantenerse en el puesto a pesar de estar poniendo en peligro su salud.",https://www.reddit.com/r/askspain/comments/onv28r/como_fue_vuestro_primer_trabajo_mi_primer_trabajo/,2021-07-20 17:34:50+00:00,reddit_comments.csv,reddit,,2021-07-20,0,0,"Mi primera experiencia de empleo en España fue para una ONG captando socios. 5h al día (con unos 20 o 15min de descanso si mal no recuerdo). Todo el rato de pie parando a la gente por la calle para soltarles un discurso aprendido. Había que hacer mínimo un socio al día en los primeros 5 o te echaban (creo que después se reducía a un socio cada dos o tres días). Lo dejé a la semana porque me sentía una auténtica mierda haciendo eso. De todas formas tu caso es muchísimo peor, merecen una buena denuncia y haces bien en dejarlo, nadie debería tolerar una situación así, triste pensar que hay gente en situaciones tan desesperadas que tratarían de mantenerse en el puesto a pesar de estar poniendo en peligro su salud.",
h5wm9p4,"Hostia tio, yo llevo currando en el sector del metal desde los 16 y eso esta todo mal.

Las epis (uniforme, guantes anticorte, botas de punta reforzada, casco, gafas y todo lo que requiera ese puesto) te las tienen que dar. Si estas en linea de produccion entiendo que no puedas parar pero deberia haber descansos designados cada X tiempo, no me acuerdo de las horas fijas asi de cabeza. Ah  y la mascarilla bueno, las naves son espaciosas y en general muy bien ventiladas, asi que si la distancias se respetan y en el comedor/vestuario se respetan turnos creo que ok.

Eso si, vas a acabar cansado, te saldran callos en las manos y hasta que pilles destreza te cortarás aun con guantes. Las botas y todo cerciorate que son de tu talla, al menos a mi nunca me dieron molestia pero a saber.

En caso de duda, convenio colectivo, sindicato y a llamar a inspeccion de trabajo

Mi primera experiencia fue una mierda, embalando piezas en cajas todo el dia xD",1,1626806162.0,0.0,"Hostia tio, yo llevo currando en el sector del metal desde los 16 y eso esta todo mal.

Las epis (uniforme, guantes anticorte, botas de punta reforzada, casco, gafas y todo lo que requiera ese puesto) te las tienen que dar. Si estas en linea de produccion entiendo que no puedas parar pero deberia haber descansos designados cada X tiempo, no me acuerdo de las horas fijas asi de cabeza. Ah  y la mascarilla bueno, las naves son espaciosas y en general muy bien ventiladas, asi que si la distancias se respetan y en el comedor/vestuario se respetan turnos creo que ok.

Eso si, vas a acabar cansado, te saldran callos en las manos y hasta que pilles destreza te cortarás aun con guantes. Las botas y todo cerciorate que son de tu talla, al menos a mi nunca me dieron molestia pero a saber.

En caso de duda, convenio colectivo, sindicato y a llamar a inspeccion de trabajo

Mi primera experiencia fue una mierda, embalando piezas en cajas todo el dia xD",https://www.reddit.com/r/askspain/comments/onv28r/como_fue_vuestro_primer_trabajo_mi_primer_trabajo/,2021-07-20 18:36:02+00:00,reddit_comments.csv,reddit,,2021-07-20,0,0,"Hostia tio, yo llevo currando en el sector del metal desde los 16 y eso esta todo mal. Las epis (uniforme, guantes anticorte, botas de punta reforzada, casco, gafas y todo lo que requiera ese puesto) te las tienen que dar. Si estas en linea de produccion entiendo que no puedas parar pero deberia haber descansos designados cada X tiempo, no me acuerdo de las horas fijas asi de cabeza. Ah y la mascarilla bueno, las naves son espaciosas y en general muy bien ventiladas, asi que si la distancias se respetan y en el comedor/vestuario se respetan turnos creo que ok. Eso si, vas a acabar cansado, te saldran callos en las manos y hasta que pilles destreza te cortarás aun con guantes. Las botas y todo cerciorate que son de tu talla, al menos a mi nunca me dieron molestia pero a saber. En caso de duda, convenio colectivo, sindicato y a llamar a inspeccion de trabajo Mi primera experiencia fue una mierda, embalando piezas en cajas todo el dia xD",
h5x3hre,Denúncia a esos hijos de puta. Seguro que encontrarás algo mucho mejor y pronto,1,1626813444.0,0.0,Denúncia a esos hijos de puta. Seguro que encontrarás algo mucho mejor y pronto,https://www.reddit.com/r/askspain/comments/onv28r/como_fue_vuestro_primer_trabajo_mi_primer_trabajo/,2021-07-20 20:37:24+00:00,reddit_comments.csv,reddit,,2021-07-20,0,0,Denúncia a esos hijos de puta. Seguro que encontrarás algo mucho mejor y pronto,
h5xliyz,Por curiosidad ¿nombre y lugar de la fábrica?,1,1626821525.0,0.0,Por curiosidad ¿nombre y lugar de la fábrica?,https://www.reddit.com/r/askspain/comments/onv28r/como_fue_vuestro_primer_trabajo_mi_primer_trabajo/,2021-07-20 22:52:05+00:00,reddit_comments.csv,reddit,,2021-07-20,0,0,Por curiosidad ¿nombre y lugar de la fábrica?,
h66c9gf,"Realmente no, tuviste muy mala suerte. Las fábricas en España suelen tener un sindicato que protege muy bien a los trabajadores, los sueldos están por encima de la media y están obligados a facilitar material de protección. 

Es un trabajo duro y no lo recomiendo más de 1 o 2 años porque te deja lesiones a largo plazo.",1,1626989580.0,0.0,"Realmente no, tuviste muy mala suerte. Las fábricas en España suelen tener un sindicato que protege muy bien a los trabajadores, los sueldos están por encima de la media y están obligados a facilitar material de protección. 

Es un trabajo duro y no lo recomiendo más de 1 o 2 años porque te deja lesiones a largo plazo.",https://www.reddit.com/r/askspain/comments/onv28r/como_fue_vuestro_primer_trabajo_mi_primer_trabajo/,2021-07-22 21:33:00+00:00,reddit_comments.csv,reddit,,2021-07-22,0,0,"Realmente no, tuviste muy mala suerte. Las fábricas en España suelen tener un sindicato que protege muy bien a los trabajadores, los sueldos están por encima de la media y están obligados a facilitar material de protección. Es un trabajo duro y no lo recomiendo más de 1 o 2 años porque te deja lesiones a largo plazo.",
h6d3cag,Esto es lo que te da la izquierda,1,1627133350.0,0.0,Esto es lo que te da la izquierda,https://www.reddit.com/r/askspain/comments/onv28r/como_fue_vuestro_primer_trabajo_mi_primer_trabajo/,2021-07-24 13:29:10+00:00,reddit_comments.csv,reddit,,2021-07-24,0,0,Esto es lo que te da la izquierda,
h7xj1hq,"Él mio fue burger king una mierda y muy esclavo salia a las 3am y entraba a las 10 am y te pedían un ritmo de trabajo frenético para poder cumplir todos los pedidos en menos de 5 minutos si no lo hacías todo a velocidades vertiginosas te echaban.

Creo que muy poca gente tiene la suerte de tener un buen trabajo a la primera.

Saludos y suerte con todo!!",1,1628255417.0,0.0,"Él mio fue burger king una mierda y muy esclavo salia a las 3am y entraba a las 10 am y te pedían un ritmo de trabajo frenético para poder cumplir todos los pedidos en menos de 5 minutos si no lo hacías todo a velocidades vertiginosas te echaban.

Creo que muy poca gente tiene la suerte de tener un buen trabajo a la primera.

Saludos y suerte con todo!!",https://www.reddit.com/r/askspain/comments/onv28r/como_fue_vuestro_primer_trabajo_mi_primer_trabajo/,2021-08-06 13:10:17+00:00,reddit_comments.csv,reddit,,2021-08-06,0,0,Él mio fue burger king una mierda y muy esclavo salia a las 3am y entraba a las 10 am y te pedían un ritmo de trabajo frenético para poder cumplir todos los pedidos en menos de 5 minutos si no lo hacías todo a velocidades vertiginosas te echaban. Creo que muy poca gente tiene la suerte de tener un buen trabajo a la primera. Saludos y suerte con todo!!,
nwgwbtq,"A mi me pasa que me marea que me saquen sangre, no me importa ver la sangre de los demás o que me pongan vacunas... Me va bastante bien tratar de pensar en otras cosas (como tratar de hacer cuentas matemáticas, tratar de tener la mente muy ocupada) y al salir, yo ya estoy bien, no me pasa como a ti, en eso si que no sé cómo ayudarte... Te recomendaría, quizás, que lo hablaras alguna vez con un/a psicologo/a, que quizás te puedan ayudar para ver a que se debe este asco y seguro que te puedan dar algun consejo útil... Muchos ánimos! :) ",4,1766972435.0,0.0,"A mi me pasa que me marea que me saquen sangre, no me importa ver la sangre de los demás o que me pongan vacunas... Me va bastante bien tratar de pensar en otras cosas (como tratar de hacer cuentas matemáticas, tratar de tener la mente muy ocupada) y al salir, yo ya estoy bien, no me pasa como a ti, en eso si que no sé cómo ayudarte... Te recomendaría, quizás, que lo hablaras alguna vez con un/a psicologo/a, que quizás te puedan ayudar para ver a que se debe este asco y seguro que te puedan dar algun consejo útil... Muchos ánimos! :)",https://www.reddit.com/r/askspain/comments/1py8o4i/consejos_para_repulsión_a_la_analítica_de_sangre/,2025-12-29 01:40:35+00:00,reddit_comments.csv,reddit,,2025-12-29,0,0,"A mi me pasa que me marea que me saquen sangre, no me importa ver la sangre de los demás o que me pongan vacunas... Me va bastante bien tratar de pensar en otras cosas (como tratar de hacer cuentas matemáticas, tratar de tener la mente muy ocupada) y al salir, yo ya estoy bien, no me pasa como a ti, en eso si que no sé cómo ayudarte... Te recomendaría, quizás, que lo hablaras alguna vez con un/a psicologo/a, que quizás te puedan ayudar para ver a que se debe este asco y seguro que te puedan dar algun consejo útil... Muchos ánimos! :)",
nwh5sxv,"Creo que lo mejor es que vayas a un psicólogo que te pueda aconsejar mejor, a mí antes me daban miedo las agujas, pero era un caso distinto al tuyo, así que no sabría cómo ayudarte. Pero espero que encuentres una solución y te encuentres mejor!",3,1766975704.0,0.0,"Creo que lo mejor es que vayas a un psicólogo que te pueda aconsejar mejor, a mí antes me daban miedo las agujas, pero era un caso distinto al tuyo, así que no sabría cómo ayudarte. Pero espero que encuentres una solución y te encuentres mejor!",https://www.reddit.com/r/askspain/comments/1py8o4i/consejos_para_repulsión_a_la_analítica_de_sangre/,2025-12-29 02:35:04+00:00,reddit_comments.csv,reddit,,2025-12-29,0,0,"Creo que lo mejor es que vayas a un psicólogo que te pueda aconsejar mejor, a mí antes me daban miedo las agujas, pero era un caso distinto al tuyo, así que no sabría cómo ayudarte. Pero espero que encuentres una solución y te encuentres mejor!",
nwhdzzm,"Deberías hacer algunas cuantas sesiones con un psicólogo para que te ayude a controlar tu miedo. Tal vez también puedas intentar practicar mindfulness con vídeos de Youtube. Y esto te parecerá una tontería, pero hay estudios que dicen que jugar al Tetris después de un evento traumático previene los flashbacks intrusivos del mismo...Por probar no se pierde nada! Quizá te ayude en el viaje de vuelta.",3,1766978571.0,0.0,"Deberías hacer algunas cuantas sesiones con un psicólogo para que te ayude a controlar tu miedo. Tal vez también puedas intentar practicar mindfulness con vídeos de Youtube. Y esto te parecerá una tontería, pero hay estudios que dicen que jugar al Tetris después de un evento traumático previene los flashbacks intrusivos del mismo...Por probar no se pierde nada! Quizá te ayude en el viaje de vuelta.",https://www.reddit.com/r/askspain/comments/1py8o4i/consejos_para_repulsión_a_la_analítica_de_sangre/,2025-12-29 03:22:51+00:00,reddit_comments.csv,reddit,,2025-12-29,0,0,"Deberías hacer algunas cuantas sesiones con un psicólogo para que te ayude a controlar tu miedo. Tal vez también puedas intentar practicar mindfulness con vídeos de Youtube. Y esto te parecerá una tontería, pero hay estudios que dicen que jugar al Tetris después de un evento traumático previene los flashbacks intrusivos del mismo...Por probar no se pierde nada! Quizá te ayude en el viaje de vuelta.",
nwikv24,"Te doy dos consejos: 

El primero es que cuando entres le digas a la enfermera que a veces te desmayas cuando sacas sangre. Normalmente te tumban en una camilla y te sacan sangre tumbado, y luego te dejan unos minutillos hasta que te recosmpones.

Otro consejo es que antes de salir de casa pongas calor sobre la vena unos minutos, con un paño húmedo o un saquito de semillas si tienes. De esa manera la vena se dilata y la van a encontrar más fácil y más rápido.

No te agobies, que por muy desangradable que sea, al final solo son unos segundos.",3,1766998151.0,0.0,"Te doy dos consejos: 

El primero es que cuando entres le digas a la enfermera que a veces te desmayas cuando sacas sangre. Normalmente te tumban en una camilla y te sacan sangre tumbado, y luego te dejan unos minutillos hasta que te recosmpones.

Otro consejo es que antes de salir de casa pongas calor sobre la vena unos minutos, con un paño húmedo o un saquito de semillas si tienes. De esa manera la vena se dilata y la van a encontrar más fácil y más rápido.

No te agobies, que por muy desangradable que sea, al final solo son unos segundos.",https://www.reddit.com/r/askspain/comments/1py8o4i/consejos_para_repulsión_a_la_analítica_de_sangre/,2025-12-29 08:49:11+00:00,reddit_comments.csv,reddit,,2025-12-29,0,0,"Te doy dos consejos: El primero es que cuando entres le digas a la enfermera que a veces te desmayas cuando sacas sangre. Normalmente te tumban en una camilla y te sacan sangre tumbado, y luego te dejan unos minutillos hasta que te recosmpones. Otro consejo es que antes de salir de casa pongas calor sobre la vena unos minutos, con un paño húmedo o un saquito de semillas si tienes. De esa manera la vena se dilata y la van a encontrar más fácil y más rápido. No te agobies, que por muy desangradable que sea, al final solo son unos segundos.",
nwj2akv,"Yo me mareo cuando me sacan sangre así que les aviso antes y me tumbo en una camilla durante el proceso... igual les puedes comentar tu situación y que te dejen quedarte allí por un rato después de haber sacado la sangre hasta que te sientas mejor (quizá tener a mano algún snack o algo para picar después te ayuda a pensar en otra cosa?). También ve con tu madre o una amiga o amigo cercano con el que te sientas segura, no te preocupes por la edad o lo que vayan a pensar los demás, a la gente de la clínica no les va a importar mucho y no serás ni la primera ni la última persona que tiene algún problema con este proceso.


 Como comentan por aquí la idea de ir a un psicólogo y que te ayude con el problema sin duda que es lo mejor.",2,1767007808.0,0.0,"Yo me mareo cuando me sacan sangre así que les aviso antes y me tumbo en una camilla durante el proceso... igual les puedes comentar tu situación y que te dejen quedarte allí por un rato después de haber sacado la sangre hasta que te sientas mejor (quizá tener a mano algún snack o algo para picar después te ayuda a pensar en otra cosa?). También ve con tu madre o una amiga o amigo cercano con el que te sientas segura, no te preocupes por la edad o lo que vayan a pensar los demás, a la gente de la clínica no les va a importar mucho y no serás ni la primera ni la última persona que tiene algún problema con este proceso.


 Como comentan por aquí la idea de ir a un psicólogo y que te ayude con el problema sin duda que es lo mejor.",https://www.reddit.com/r/askspain/comments/1py8o4i/consejos_para_repulsión_a_la_analítica_de_sangre/,2025-12-29 11:30:08+00:00,reddit_comments.csv,reddit,,2025-12-29,0,0,"Yo me mareo cuando me sacan sangre así que les aviso antes y me tumbo en una camilla durante el proceso... igual les puedes comentar tu situación y que te dejen quedarte allí por un rato después de haber sacado la sangre hasta que te sientas mejor (quizá tener a mano algún snack o algo para picar después te ayuda a pensar en otra cosa?). También ve con tu madre o una amiga o amigo cercano con el que te sientas segura, no te preocupes por la edad o lo que vayan a pensar los demás, a la gente de la clínica no les va a importar mucho y no serás ni la primera ni la última persona que tiene algún problema con este proceso. Como comentan por aquí la idea de ir a un psicólogo y que te ayude con el problema sin duda que es lo mejor.",
n2ri680,"Aprovecho este post para mencionar que España se encuentra rozando mínimos históricos de donaciones sanguíneas, solamente siendo menores las obtenidas durante el confinamiento por la pandemia de la Covid-19.

Así que todos los que lean este mensaje, sean de la Comunidad de Madrid o de cualquier otra, porfa porfa porfa considerad haceros donantes de sangre, que es un recurso fundamental y cada vez más escaso.",16,1752342927.0,0.0,"Aprovecho este post para mencionar que España se encuentra rozando mínimos históricos de donaciones sanguíneas, solamente siendo menores las obtenidas durante el confinamiento por la pandemia de la Covid-19.

Así que todos los que lean este mensaje, sean de la Comunidad de Madrid o de cualquier otra, porfa porfa porfa considerad haceros donantes de sangre, que es un recurso fundamental y cada vez más escaso.",https://www.reddit.com/r/Madrid/comments/1lxy4cr/la_comunidad_de_madrid_recuerda_la_necesidad_de/,2025-07-12 17:55:27+00:00,reddit_comments.csv,reddit,,2025-07-12,0,0,"Aprovecho este post para mencionar que España se encuentra rozando mínimos históricos de donaciones sanguíneas, solamente siendo menores las obtenidas durante el confinamiento por la pandemia de la Covid-19. Así que todos los que lean este mensaje, sean de la Comunidad de Madrid o de cualquier otra, porfa porfa porfa considerad haceros donantes de sangre, que es un recurso fundamental y cada vez más escaso.",
n2u3bml,I tried to donate but the doctor turned me away because I was speaking English. He said that I need to be fluent in Spanish or can understand the language to be able to donate. The thing was I already donated in there before and I even showed him my donor card. He still declined.,3,1752375098.0,0.0,I tried to donate but the doctor turned me away because I was speaking English. He said that I need to be fluent in Spanish or can understand the language to be able to donate. The thing was I already donated in there before and I even showed him my donor card. He still declined.,https://www.reddit.com/r/Madrid/comments/1lxy4cr/la_comunidad_de_madrid_recuerda_la_necesidad_de/,2025-07-13 02:51:38+00:00,reddit_comments.csv,reddit,,2025-07-13,0,0,I tried to donate but the doctor turned me away because I was speaking English. He said that I need to be fluent in Spanish or can understand the language to be able to donate. The thing was I already donated in there before and I even showed him my donor card. He still declined.,
n2vj8hp,That's a shame.,1,1752402049.0,1.0,That's a shame.,https://www.reddit.com/r/Madrid/comments/1lxy4cr/la_comunidad_de_madrid_recuerda_la_necesidad_de/,2025-07-13 10:20:49+00:00,reddit_comments.csv,reddit,,2025-07-13,0,0,That's a shame.,
n312dcz,"Ya pasé el periodo de cuatro meses después de un tatuaje y ya he hecho la segunda donación del año, ahora en septiembre la próxima.",2,1752472060.0,0.0,"Ya pasé el periodo de cuatro meses después de un tatuaje y ya he hecho la segunda donación del año, ahora en septiembre la próxima.",https://www.reddit.com/r/Madrid/comments/1lxy4cr/la_comunidad_de_madrid_recuerda_la_necesidad_de/,2025-07-14 05:47:40+00:00,reddit_comments.csv,reddit,,2025-07-14,0,0,"Ya pasé el periodo de cuatro meses después de un tatuaje y ya he hecho la segunda donación del año, ahora en septiembre la próxima.",
n2rz7oa,[removed],1,1752348338.0,0.0,[removed],https://www.reddit.com/r/Madrid/comments/1lxy4cr/la_comunidad_de_madrid_recuerda_la_necesidad_de/,2025-07-12 19:25:38+00:00,reddit_comments.csv,reddit,,2025-07-12,0,0,[removed],
n2rzotd,"**English:**
Posts must be directly related to the subreddit’s main topic and purpose. Off-topic content, including unrelated discussions, personal stories that don’t connect to the community theme, or content that belongs in other subreddits will be removed. Before posting, ask yourself: “Does this clearly relate to what this community is about?”

**Spanish:**
Las publicaciones deben estar directamente relacionadas con el tema principal y propósito del subreddit. El contenido fuera de tema, incluyendo discusiones no relacionadas, historias personales que no se conecten con la temática de la comunidad, o contenido que pertenezca a otros subreddits será eliminado. Antes de publicar, pregúntate: “¿Esto se relaciona claramente con lo que trata esta comunidad?“​​​​​​​​​​​​​​​​",0,1752348493.0,1.0,"**English:**
Posts must be directly related to the subreddit’s main topic and purpose. Off-topic content, including unrelated discussions, personal stories that don’t connect to the community theme, or content that belongs in other subreddits will be removed. Before posting, ask yourself: “Does this clearly relate to what this community is about?”

**Spanish:**
Las publicaciones deben estar directamente relacionadas con el tema principal y propósito del subreddit. El contenido fuera de tema, incluyendo discusiones no relacionadas, historias personales que no se conecten con la temática de la comunidad, o contenido que pertenezca a otros subreddits será eliminado. Antes de publicar, pregúntate: “¿Esto se relaciona claramente con lo que trata esta comunidad?“​​​​​​​​​​​​​​​​",https://www.reddit.com/r/Madrid/comments/1lxy4cr/la_comunidad_de_madrid_recuerda_la_necesidad_de/,2025-07-12 19:28:13+00:00,reddit_comments.csv,reddit,,2025-07-12,0,0,"**English:** Posts must be directly related to the subreddit’s main topic and purpose. Off-topic content, including unrelated discussions, personal stories that don’t connect to the community theme, or content that belongs in other subreddits will be removed. Before posting, ask yourself: “Does this clearly relate to what this community is about?” **Spanish:** Las publicaciones deben estar directamente relacionadas con el tema principal y propósito del subreddit. El contenido fuera de tema, incluyendo discusiones no relacionadas, historias personales que no se conecten con la temática de la comunidad, o contenido que pertenezca a otros subreddits será eliminado. Antes de publicar, pregúntate: “¿Esto se relaciona claramente con lo que trata esta comunidad?“​​​​​​​​​​​​​​​​",
n2y6fmy,Me toca ya este mes antes de las vacaciones,1,1752434776.0,0.0,Me toca ya este mes antes de las vacaciones,https://www.reddit.com/r/Madrid/comments/1lxy4cr/la_comunidad_de_madrid_recuerda_la_necesidad_de/,2025-07-13 19:26:16+00:00,reddit_comments.csv,reddit,,2025-07-13,0,0,Me toca ya este mes antes de las vacaciones,
n2r4nt6,[removed],1,1752338852.0,0.0,[removed],https://www.reddit.com/r/Madrid/comments/1lxy4cr/la_comunidad_de_madrid_recuerda_la_necesidad_de/,2025-07-12 16:47:32+00:00,reddit_comments.csv,reddit,,2025-07-12,0,0,[removed],
n2r6ela,"**English:**
Posts must be directly related to the subreddit’s main topic and purpose. Off-topic content, including unrelated discussions, personal stories that don’t connect to the community theme, or content that belongs in other subreddits will be removed. Before posting, ask yourself: “Does this clearly relate to what this community is about?”

**Spanish:**
Las publicaciones deben estar directamente relacionadas con el tema principal y propósito del subreddit. El contenido fuera de tema, incluyendo discusiones no relacionadas, historias personales que no se conecten con la temática de la comunidad, o contenido que pertenezca a otros subreddits será eliminado. Antes de publicar, pregúntate: “¿Esto se relaciona claramente con lo que trata esta comunidad?“​​​​​​​​​​​​​​​​",1,1752339383.0,1.0,"**English:**
Posts must be directly related to the subreddit’s main topic and purpose. Off-topic content, including unrelated discussions, personal stories that don’t connect to the community theme, or content that belongs in other subreddits will be removed. Before posting, ask yourself: “Does this clearly relate to what this community is about?”

**Spanish:**
Las publicaciones deben estar directamente relacionadas con el tema principal y propósito del subreddit. El contenido fuera de tema, incluyendo discusiones no relacionadas, historias personales que no se conecten con la temática de la comunidad, o contenido que pertenezca a otros subreddits será eliminado. Antes de publicar, pregúntate: “¿Esto se relaciona claramente con lo que trata esta comunidad?“​​​​​​​​​​​​​​​​",https://www.reddit.com/r/Madrid/comments/1lxy4cr/la_comunidad_de_madrid_recuerda_la_necesidad_de/,2025-07-12 16:56:23+00:00,reddit_comments.csv,reddit,,2025-07-12,0,0,"**English:** Posts must be directly related to the subreddit’s main topic and purpose. Off-topic content, including unrelated discussions, personal stories that don’t connect to the community theme, or content that belongs in other subreddits will be removed. Before posting, ask yourself: “Does this clearly relate to what this community is about?” **Spanish:** Las publicaciones deben estar directamente relacionadas con el tema principal y propósito del subreddit. El contenido fuera de tema, incluyendo discusiones no relacionadas, historias personales que no se conecten con la temática de la comunidad, o contenido que pertenezca a otros subreddits será eliminado. Antes de publicar, pregúntate: “¿Esto se relaciona claramente con lo que trata esta comunidad?“​​​​​​​​​​​​​​​​",
k02wbyj,"Da un vistazo :

https://www.comunidad.madrid/servicios/salud/donacion-sangre",3,1694416159.0,0.0,"Da un vistazo :

https://www.comunidad.madrid/servicios/salud/donacion-sangre",https://www.reddit.com/r/Madrid/comments/16ff4nj/donde_donar_sangre/,2023-09-11 07:09:19+00:00,reddit_comments.csv,reddit,,2023-09-11,0,0,Da un vistazo : https://www.comunidad.madrid/servicios/salud/donacion-sangre,
k02x6ii,[deleted],3,1694416832.0,0.0,[deleted],https://www.reddit.com/r/Madrid/comments/16ff4nj/donde_donar_sangre/,2023-09-11 07:20:32+00:00,reddit_comments.csv,reddit,,2023-09-11,0,0,[deleted],
k0356pi,"Pues ya podrían hacer uso de ella en la propia app, que no tengas que ir a un buscador y escribir esas “exotéricas” cosas.

Es más fácil en google escribir lo que buscas y añadir a la cadena de búsqueda “reddit”",3,1694423173.0,1.0,"Pues ya podrían hacer uso de ella en la propia app, que no tengas que ir a un buscador y escribir esas “exotéricas” cosas.

Es más fácil en google escribir lo que buscas y añadir a la cadena de búsqueda “reddit”",https://www.reddit.com/r/Madrid/comments/16ff4nj/donde_donar_sangre/,2023-09-11 09:06:13+00:00,reddit_comments.csv,reddit,,2023-09-11,0,0,"Pues ya podrían hacer uso de ella en la propia app, que no tengas que ir a un buscador y escribir esas “exotéricas” cosas. Es más fácil en google escribir lo que buscas y añadir a la cadena de búsqueda “reddit”",
k02uu2k,"Buenos días,   
Creo que lo que indicas es un mito.   
Sin embargo si lo deseas todos los grandes hospitales tienen un lugar donde donar sangre, que termina directamente una vez procesado en el banco de sangre.  
Tienes mucha información en el centro de transfusión.  
[https://www.comunidad.madrid/hospital/centrodetransfusion/](https://www.comunidad.madrid/hospital/centrodetransfusion/)",2,1694415029.0,0.0,"Buenos días,   
Creo que lo que indicas es un mito.   
Sin embargo si lo deseas todos los grandes hospitales tienen un lugar donde donar sangre, que termina directamente una vez procesado en el banco de sangre.  
Tienes mucha información en el centro de transfusión.  
[https://www.comunidad.madrid/hospital/centrodetransfusion/](https://www.comunidad.madrid/hospital/centrodetransfusion/)",https://www.reddit.com/r/Madrid/comments/16ff4nj/donde_donar_sangre/,2023-09-11 06:50:29+00:00,reddit_comments.csv,reddit,,2023-09-11,0,0,"Buenos días, Creo que lo que indicas es un mito. Sin embargo si lo deseas todos los grandes hospitales tienen un lugar donde donar sangre, que termina directamente una vez procesado en el banco de sangre. Tienes mucha información en el centro de transfusión. [https://www.comunidad.madrid/hospital/centrodetransfusion/](https://www.comunidad.madrid/hospital/centrodetransfusion/)",
k02x1xa,"No es un mito... Como explican en su web, ""en sanidad nada es gratis"" (sic). El convenio actual fija que el importe de cada bolsa de sangre que obtiene Cruz Roja sea de 69,75€ en 2021-2025. Ese coste corresponde en un 80% a los costes de personal cualificado y el 20% restante a costes de suministros y material sanitario.

https://www.donarsangre.org/notainformativaconvenio/#:~:text=El%20convenio%20actual%20fija%20que,de%20suministros%20y%20material%20sanitario.",5,1694416733.0,1.0,"No es un mito... Como explican en su web, ""en sanidad nada es gratis"" (sic). El convenio actual fija que el importe de cada bolsa de sangre que obtiene Cruz Roja sea de 69,75€ en 2021-2025. Ese coste corresponde en un 80% a los costes de personal cualificado y el 20% restante a costes de suministros y material sanitario.

https://www.donarsangre.org/notainformativaconvenio/#:~:text=El%20convenio%20actual%20fija%20que,de%20suministros%20y%20material%20sanitario.",https://www.reddit.com/r/Madrid/comments/16ff4nj/donde_donar_sangre/,2023-09-11 07:18:53+00:00,reddit_comments.csv,reddit,,2023-09-11,0,0,"No es un mito... Como explican en su web, ""en sanidad nada es gratis"" (sic). El convenio actual fija que el importe de cada bolsa de sangre que obtiene Cruz Roja sea de 69,75€ en 2021-2025. Ese coste corresponde en un 80% a los costes de personal cualificado y el 20% restante a costes de suministros y material sanitario. https://www.donarsangre.org/notainformativaconvenio/#:~:text=El%20convenio%20actual%20fija%20que,de%20suministros%20y%20material%20sanitario.",
k03osnm,gracias,1,1694435691.0,2.0,gracias,https://www.reddit.com/r/Madrid/comments/16ff4nj/donde_donar_sangre/,2023-09-11 12:34:51+00:00,reddit_comments.csv,reddit,,2023-09-11,0,0,gracias,
k02v04y,"Añado, si aún tienes dudas. Seguro que están encantados de resolverlas:  
 Teléfono: 91 3017249 Correo electrónico:  [**atencion.donante@salud.madrid.org**](mailto:atencion.donante@salud.madrid.org)",2,1694415156.0,1.0,"Añado, si aún tienes dudas. Seguro que están encantados de resolverlas:  
 Teléfono: 91 3017249 Correo electrónico:  [**atencion.donante@salud.madrid.org**](mailto:atencion.donante@salud.madrid.org)",https://www.reddit.com/r/Madrid/comments/16ff4nj/donde_donar_sangre/,2023-09-11 06:52:36+00:00,reddit_comments.csv,reddit,,2023-09-11,0,0,"Añado, si aún tienes dudas. Seguro que están encantados de resolverlas: Teléfono: 91 3017249 Correo electrónico: [**atencion.donante@salud.madrid.org**](mailto:atencion.donante@salud.madrid.org)",
k03ch8y,Hospitales grandes con banco de sangre como La Paz y Ramón y Cajal.,1,1694428610.0,0.0,Hospitales grandes con banco de sangre como La Paz y Ramón y Cajal.,https://www.reddit.com/r/Madrid/comments/16ff4nj/donde_donar_sangre/,2023-09-11 10:36:50+00:00,reddit_comments.csv,reddit,,2023-09-11,0,0,Hospitales grandes con banco de sangre como La Paz y Ramón y Cajal.,
k05elbd,los hospitales no tienen dias de donacion ?,1,1694459239.0,0.0,los hospitales no tienen dias de donacion ?,https://www.reddit.com/r/Madrid/comments/16ff4nj/donde_donar_sangre/,2023-09-11 19:07:19+00:00,reddit_comments.csv,reddit,,2023-09-11,0,0,los hospitales no tienen dias de donacion ?,
k05h3yr,Sí pero cerca de casa no hay ningún hospital grande. Antes doné en un puesto de la cruz roja pero no lo quiero repetir,1,1694460136.0,1.0,Sí pero cerca de casa no hay ningún hospital grande. Antes doné en un puesto de la cruz roja pero no lo quiero repetir,https://www.reddit.com/r/Madrid/comments/16ff4nj/donde_donar_sangre/,2023-09-11 19:22:16+00:00,reddit_comments.csv,reddit,,2023-09-11,0,0,Sí pero cerca de casa no hay ningún hospital grande. Antes doné en un puesto de la cruz roja pero no lo quiero repetir,
k0899m2,"Buenos días, 

en Vl barrio de Valdebernardo tienes un centro de transfusión de sangre, Espero haberte ayudado. Un saludo",1,1694505470.0,0.0,"Buenos días, 

en Vl barrio de Valdebernardo tienes un centro de transfusión de sangre, Espero haberte ayudado. Un saludo",https://www.reddit.com/r/Madrid/comments/16ff4nj/donde_donar_sangre/,2023-09-12 07:57:50+00:00,reddit_comments.csv,reddit,,2023-09-12,0,0,"Buenos días, en Vl barrio de Valdebernardo tienes un centro de transfusión de sangre, Espero haberte ayudado. Un saludo",
j2negux,"https://www.comunidad.madrid/servicios/salud/donacion-sangre

Mira bien la parte de puntos móviles.",4,1672678880.0,0.0,"https://www.comunidad.madrid/servicios/salud/donacion-sangre

Mira bien la parte de puntos móviles.",https://www.reddit.com/r/Madrid/comments/101gm49/como_donar_sangre_en_madrid/,2023-01-02 17:01:20+00:00,reddit_comments.csv,reddit,,2023-01-02,0,0,https://www.comunidad.madrid/servicios/salud/donacion-sangre Mira bien la parte de puntos móviles.,
j2nommd,"También está la opción de donar a la Cruz Roja

https://www.donarsangre.org/donde-donar/",1,1672682814.0,1.0,"También está la opción de donar a la Cruz Roja

https://www.donarsangre.org/donde-donar/",https://www.reddit.com/r/Madrid/comments/101gm49/como_donar_sangre_en_madrid/,2023-01-02 18:06:54+00:00,reddit_comments.csv,reddit,,2023-01-02,0,0,También está la opción de donar a la Cruz Roja https://www.donarsangre.org/donde-donar/,
j2o80og,"Si vas a donar sangre dónala en hospitales, no a la cruz roja. La cruz roja ""vende"" esa sangre que donas a la comunidad por ~80 pavos la bolsa. No es una venta directa, pero básicamente se les paga para hacer extracciones fuera de hospitales y luego la llevan a los hospitales",1,1672690216.0,2.0,"Si vas a donar sangre dónala en hospitales, no a la cruz roja. La cruz roja ""vende"" esa sangre que donas a la comunidad por ~80 pavos la bolsa. No es una venta directa, pero básicamente se les paga para hacer extracciones fuera de hospitales y luego la llevan a los hospitales",https://www.reddit.com/r/Madrid/comments/101gm49/como_donar_sangre_en_madrid/,2023-01-02 20:10:16+00:00,reddit_comments.csv,reddit,,2023-01-02,0,0,"Si vas a donar sangre dónala en hospitales, no a la cruz roja. La cruz roja ""vende"" esa sangre que donas a la comunidad por ~80 pavos la bolsa. No es una venta directa, pero básicamente se les paga para hacer extracciones fuera de hospitales y luego la llevan a los hospitales",
j2o96ws,Sin problema. He donado en la Cruz Roja toda la vida.,1,1672690676.0,3.0,Sin problema. He donado en la Cruz Roja toda la vida.,https://www.reddit.com/r/Madrid/comments/101gm49/como_donar_sangre_en_madrid/,2023-01-02 20:17:56+00:00,reddit_comments.csv,reddit,,2023-01-02,0,0,Sin problema. He donado en la Cruz Roja toda la vida.,
j2qsqw9,[removed],1,1672732222.0,3.0,[removed],https://www.reddit.com/r/Madrid/comments/101gm49/como_donar_sangre_en_madrid/,2023-01-03 07:50:22+00:00,reddit_comments.csv,reddit,,2023-01-03,0,0,[removed],
j2qtzhj,"Lo acordado es que se les paga el material, el personal y el servicio de extracción en remoto por así decir. No es tan horrible como ""tengo tanta sangre, cuánto me pagas?"" como si fuera un mercado, por eso puse ""vende"" y explique de donde sale el precio. Pero al fin y al cabo, es un pago que se hace para que la sangre donada llegue al mismo sitio. Si donas directamente en el hospital ahorras a la comunidad 70 euros. Para lugares donde no hay acceso rápido a hospitales, es un servicio decente ya que estarían obligados a desplazamientos. Pero si tienes relativo fácil acceso a un hospital, mejor hacerlo ahí que en la cruz roja",2,1672733169.0,4.0,"Lo acordado es que se les paga el material, el personal y el servicio de extracción en remoto por así decir. No es tan horrible como ""tengo tanta sangre, cuánto me pagas?"" como si fuera un mercado, por eso puse ""vende"" y explique de donde sale el precio. Pero al fin y al cabo, es un pago que se hace para que la sangre donada llegue al mismo sitio. Si donas directamente en el hospital ahorras a la comunidad 70 euros. Para lugares donde no hay acceso rápido a hospitales, es un servicio decente ya que estarían obligados a desplazamientos. Pero si tienes relativo fácil acceso a un hospital, mejor hacerlo ahí que en la cruz roja",https://www.reddit.com/r/Madrid/comments/101gm49/como_donar_sangre_en_madrid/,2023-01-03 08:06:09+00:00,reddit_comments.csv,reddit,,2023-01-03,0,0,"Lo acordado es que se les paga el material, el personal y el servicio de extracción en remoto por así decir. No es tan horrible como ""tengo tanta sangre, cuánto me pagas?"" como si fuera un mercado, por eso puse ""vende"" y explique de donde sale el precio. Pero al fin y al cabo, es un pago que se hace para que la sangre donada llegue al mismo sitio. Si donas directamente en el hospital ahorras a la comunidad 70 euros. Para lugares donde no hay acceso rápido a hospitales, es un servicio decente ya que estarían obligados a desplazamientos. Pero si tienes relativo fácil acceso a un hospital, mejor hacerlo ahí que en la cruz roja",
j2qxg8c,"&gt;  Si donas directamente en el hospital ahorras a la comunidad 70 euros. 

Como si el hospital no tuviera que cubrir casi los mismos costes. La gran diferencia es básicamente el bus. Puede que les ahorres 5 o 10 de diferencia. Y con la diferencia de sueldos entre sanidad y la cruz roja puede que no sea ahorro de ningún tipo.

Tienes que saber cuánto les cuesta en el hospital para hacer la comparativa bien.",3,1672735909.0,5.0,"&gt;  Si donas directamente en el hospital ahorras a la comunidad 70 euros. 

Como si el hospital no tuviera que cubrir casi los mismos costes. La gran diferencia es básicamente el bus. Puede que les ahorres 5 o 10 de diferencia. Y con la diferencia de sueldos entre sanidad y la cruz roja puede que no sea ahorro de ningún tipo.

Tienes que saber cuánto les cuesta en el hospital para hacer la comparativa bien.",https://www.reddit.com/r/Madrid/comments/101gm49/como_donar_sangre_en_madrid/,2023-01-03 08:51:49+00:00,reddit_comments.csv,reddit,,2023-01-03,0,0,&gt; Si donas directamente en el hospital ahorras a la comunidad 70 euros. Como si el hospital no tuviera que cubrir casi los mismos costes. La gran diferencia es básicamente el bus. Puede que les ahorres 5 o 10 de diferencia. Y con la diferencia de sueldos entre sanidad y la cruz roja puede que no sea ahorro de ningún tipo. Tienes que saber cuánto les cuesta en el hospital para hacer la comparativa bien.,
j2onlok,Donar plasma no es difícil tampoco y se puede hacer cada mes. El único inconveniente es que hay que ir al centro de transfusiones de la CAM en Vicálvaro,1,1672696294.0,0.0,Donar plasma no es difícil tampoco y se puede hacer cada mes. El único inconveniente es que hay que ir al centro de transfusiones de la CAM en Vicálvaro,https://www.reddit.com/r/Madrid/comments/101gm49/como_donar_sangre_en_madrid/,2023-01-02 21:51:34+00:00,reddit_comments.csv,reddit,,2023-01-02,0,0,Donar plasma no es difícil tampoco y se puede hacer cada mes. El único inconveniente es que hay que ir al centro de transfusiones de la CAM en Vicálvaro,
nu0cogr,"Os animo a donar sangre. Lo hice hace poco tiempo, y no puedo donar este mes, 0ero en enero volveré a donar. También os animo a registrarse como donante de médula. Ayudemos a nuestra comunidad!",6,1765733370.0,0.0,"Os animo a donar sangre. Lo hice hace poco tiempo, y no puedo donar este mes, 0ero en enero volveré a donar. También os animo a registrarse como donante de médula. Ayudemos a nuestra comunidad!",https://www.reddit.com/r/Madrid/comments/1pmblgw/campaña_de_navidad_para_la_donación_de_sangre/,2025-12-14 17:29:30+00:00,reddit_comments.csv,reddit,,2025-12-14,0,0,"Os animo a donar sangre. Lo hice hace poco tiempo, y no puedo donar este mes, 0ero en enero volveré a donar. También os animo a registrarse como donante de médula. Ayudemos a nuestra comunidad!",
nu0z22f,"Muy bien! Lo mismo digo, siempre velar por el prójimo aunque sea con poquito",3,1765739820.0,1.0,"Muy bien! Lo mismo digo, siempre velar por el prójimo aunque sea con poquito",https://www.reddit.com/r/Madrid/comments/1pmblgw/campaña_de_navidad_para_la_donación_de_sangre/,2025-12-14 19:17:00+00:00,reddit_comments.csv,reddit,,2025-12-14,0,0,"Muy bien! Lo mismo digo, siempre velar por el prójimo aunque sea con poquito",
nuf5b3x,sangre de vacunados?,1,1765927541.0,0.0,sangre de vacunados?,https://www.reddit.com/r/Madrid/comments/1pmblgw/campaña_de_navidad_para_la_donación_de_sangre/,2025-12-16 23:25:41+00:00,reddit_comments.csv,reddit,,2025-12-16,0,0,sangre de vacunados?,
nuapu6f,"Antemano

Si, la cruz roja cobra 70 pavos por bolsa de sangre que dan, pero eso es por cubrir costes. Basicamnete se les paga los costes de recogida, manipulacion y transporte de la sangre (entiendes que no es exactamente un kebab que lo puede llevar por ahi un glovo...). 

Es mas para que la gente no venga por eso de ""la cruz roja cobra por la sagre"", la cruz roja hace muchas cosas que son una mierda, pero esto no es una de ellas. 

https://maldita.es/malditobulo/20251028/vender-donaciones-sangre-cruz-roja/",1,1765869755.0,0.0,"Antemano

Si, la cruz roja cobra 70 pavos por bolsa de sangre que dan, pero eso es por cubrir costes. Basicamnete se les paga los costes de recogida, manipulacion y transporte de la sangre (entiendes que no es exactamente un kebab que lo puede llevar por ahi un glovo...). 

Es mas para que la gente no venga por eso de ""la cruz roja cobra por la sagre"", la cruz roja hace muchas cosas que son una mierda, pero esto no es una de ellas. 

https://maldita.es/malditobulo/20251028/vender-donaciones-sangre-cruz-roja/",https://www.reddit.com/r/Madrid/comments/1pmblgw/campaña_de_navidad_para_la_donación_de_sangre/,2025-12-16 07:22:35+00:00,reddit_comments.csv,reddit,,2025-12-16,0,0,"Antemano Si, la cruz roja cobra 70 pavos por bolsa de sangre que dan, pero eso es por cubrir costes. Basicamnete se les paga los costes de recogida, manipulacion y transporte de la sangre (entiendes que no es exactamente un kebab que lo puede llevar por ahi un glovo...). Es mas para que la gente no venga por eso de ""la cruz roja cobra por la sagre"", la cruz roja hace muchas cosas que son una mierda, pero esto no es una de ellas. https://maldita.es/malditobulo/20251028/vender-donaciones-sangre-cruz-roja/",
nudu3sz,"Pues para ti, yo seguiré donando en los hospitales públicos y 70€ que se ahorra en donaciones (estás mal informado, son 70€, más  el material médico).",1,1765912958.0,1.0,"Pues para ti, yo seguiré donando en los hospitales públicos y 70€ que se ahorra en donaciones (estás mal informado, son 70€, más  el material médico).",https://www.reddit.com/r/Madrid/comments/1pmblgw/campaña_de_navidad_para_la_donación_de_sangre/,2025-12-16 19:22:38+00:00,reddit_comments.csv,reddit,,2025-12-16,0,0,"Pues para ti, yo seguiré donando en los hospitales públicos y 70€ que se ahorra en donaciones (estás mal informado, son 70€, más el material médico).",
ntzk4oh,Que paguen 50-100€ ya verás como hacían record de donaciones,-5,1765724565.0,0.0,Que paguen 50-100€ ya verás como hacían record de donaciones,https://www.reddit.com/r/Madrid/comments/1pmblgw/campaña_de_navidad_para_la_donación_de_sangre/,2025-12-14 15:02:45+00:00,reddit_comments.csv,reddit,,2025-12-14,0,0,Que paguen 50-100€ ya verás como hacían record de donaciones,
nu1v01t,Entonces no serían donaciones sino compra-venta de sangre,9,1765749214.0,1.0,Entonces no serían donaciones sino compra-venta de sangre,https://www.reddit.com/r/Madrid/comments/1pmblgw/campaña_de_navidad_para_la_donación_de_sangre/,2025-12-14 21:53:34+00:00,reddit_comments.csv,reddit,,2025-12-14,0,0,Entonces no serían donaciones sino compra-venta de sangre,
nu4gejy,"en eso la cruz roja es experta, lo q pasa q a ti t dan in bocata y ellos la venden por vaya usted a saber cuanto",1,1765785721.0,2.0,"en eso la cruz roja es experta, lo q pasa q a ti t dan in bocata y ellos la venden por vaya usted a saber cuanto",https://www.reddit.com/r/Madrid/comments/1pmblgw/campaña_de_navidad_para_la_donación_de_sangre/,2025-12-15 08:02:01+00:00,reddit_comments.csv,reddit,,2025-12-15,0,0,"en eso la cruz roja es experta, lo q pasa q a ti t dan in bocata y ellos la venden por vaya usted a saber cuanto",
nu6tetj,"Hace años era 60 napos la bolsa, que se dice deprisa. No sé si ahora habrán subido precios. Por eso hay que donar en centros de salud y camiones médicos de la comunidad donde uno vive, NUNCA en Cruz Roja.",2,1765820131.0,3.0,"Hace años era 60 napos la bolsa, que se dice deprisa. No sé si ahora habrán subido precios. Por eso hay que donar en centros de salud y camiones médicos de la comunidad donde uno vive, NUNCA en Cruz Roja.",https://www.reddit.com/r/Madrid/comments/1pmblgw/campaña_de_navidad_para_la_donación_de_sangre/,2025-12-15 17:35:31+00:00,reddit_comments.csv,reddit,,2025-12-15,0,0,"Hace años era 60 napos la bolsa, que se dice deprisa. No sé si ahora habrán subido precios. Por eso hay que donar en centros de salud y camiones médicos de la comunidad donde uno vive, NUNCA en Cruz Roja.",
nuduau6,"Era eso más el material medico, que en la comunidad de Madrid salía de hospitales públicos.",1,1765913014.0,4.0,"Era eso más el material medico, que en la comunidad de Madrid salía de hospitales públicos.",https://www.reddit.com/r/Madrid/comments/1pmblgw/campaña_de_navidad_para_la_donación_de_sangre/,2025-12-16 19:23:34+00:00,reddit_comments.csv,reddit,,2025-12-16,0,0,"Era eso más el material medico, que en la comunidad de Madrid salía de hospitales públicos.",
n34yawl,¿por qué no lo harías? Llevo dos decenas de donaciones de sangre,59,1752523695.0,0.0,¿por qué no lo harías? Llevo dos decenas de donaciones de sangre,https://www.reddit.com/r/es/comments/1lzwwg2/opiniones_sobre_donar_sangre_de_forma_altruista/,2025-07-14 20:08:15+00:00,reddit_comments_donacion_sangre.csv,reddit,,2025-07-14,0,0,¿por qué no lo harías? Llevo dos decenas de donaciones de sangre,
n34zz3k,"Eso es mucho. Debe de ser un orgullo para ti. En mi caso, hasta hace poco que vi una campaña sobre esto no me había planteado hacerlo. Al final lo voy a hacer porque veo que las opiniones de la gente son muy positivas. Gracias!",11,1752524162.0,1.0,"Eso es mucho. Debe de ser un orgullo para ti. En mi caso, hasta hace poco que vi una campaña sobre esto no me había planteado hacerlo. Al final lo voy a hacer porque veo que las opiniones de la gente son muy positivas. Gracias!",https://www.reddit.com/r/es/comments/1lzwwg2/opiniones_sobre_donar_sangre_de_forma_altruista/,2025-07-14 20:16:02+00:00,reddit_comments_donacion_sangre.csv,reddit,,2025-07-14,0,0,"Eso es mucho. Debe de ser un orgullo para ti. En mi caso, hasta hace poco que vi una campaña sobre esto no me había planteado hacerlo. Al final lo voy a hacer porque veo que las opiniones de la gente son muy positivas. Gracias!",
n35hl1m,"Yo empecé a donar cada vez que pasaba el bus por la uni y debo llevar ya unas 10 veces. Es algo relativamente normal, no hay mucho que pensar; es algo que como mucho supone un ligerísimo inconveniente y salva vidas, si puedes donar (te harán varias preguntas antes para asegurarse) te animo a hacerlo",8,1752529162.0,2.0,"Yo empecé a donar cada vez que pasaba el bus por la uni y debo llevar ya unas 10 veces. Es algo relativamente normal, no hay mucho que pensar; es algo que como mucho supone un ligerísimo inconveniente y salva vidas, si puedes donar (te harán varias preguntas antes para asegurarse) te animo a hacerlo",https://www.reddit.com/r/es/comments/1lzwwg2/opiniones_sobre_donar_sangre_de_forma_altruista/,2025-07-14 21:39:22+00:00,reddit_comments_donacion_sangre.csv,reddit,,2025-07-14,0,0,"Yo empecé a donar cada vez que pasaba el bus por la uni y debo llevar ya unas 10 veces. Es algo relativamente normal, no hay mucho que pensar; es algo que como mucho supone un ligerísimo inconveniente y salva vidas, si puedes donar (te harán varias preguntas antes para asegurarse) te animo a hacerlo",
n3hjkju,"Pues muchas gracias por la información adicional porque sí que lo haré más pronto que tarde. De hecho, ya tengo localizado el hospital donde iré para hacérmelo. De nuevo, gracias por tu aportación!",2,1752689811.0,3.0,"Pues muchas gracias por la información adicional porque sí que lo haré más pronto que tarde. De hecho, ya tengo localizado el hospital donde iré para hacérmelo. De nuevo, gracias por tu aportación!",https://www.reddit.com/r/es/comments/1lzwwg2/opiniones_sobre_donar_sangre_de_forma_altruista/,2025-07-16 18:16:51+00:00,reddit_comments_donacion_sangre.csv,reddit,,2025-07-16,0,0,"Pues muchas gracias por la información adicional porque sí que lo haré más pronto que tarde. De hecho, ya tengo localizado el hospital donde iré para hacérmelo. De nuevo, gracias por tu aportación!",
n369k08,"También son importantes las donaciones de plasma, por si te interesa! Muchas gracias a todos los que donan!",5,1752538111.0,2.0,"También son importantes las donaciones de plasma, por si te interesa! Muchas gracias a todos los que donan!",https://www.reddit.com/r/es/comments/1lzwwg2/opiniones_sobre_donar_sangre_de_forma_altruista/,2025-07-15 00:08:31+00:00,reddit_comments_donacion_sangre.csv,reddit,,2025-07-15,0,0,"También son importantes las donaciones de plasma, por si te interesa! Muchas gracias a todos los que donan!",
n3hjqaq,"Por lo que he leído de otra gente aparte de ti, la donación plasma resulta también una aportación interesante. Me lo plantearé, ya que creo que no cuesta tanto esfuerzo hacerlo. Gracias y un saludo !",2,1752689854.0,3.0,"Por lo que he leído de otra gente aparte de ti, la donación plasma resulta también una aportación interesante. Me lo plantearé, ya que creo que no cuesta tanto esfuerzo hacerlo. Gracias y un saludo !",https://www.reddit.com/r/es/comments/1lzwwg2/opiniones_sobre_donar_sangre_de_forma_altruista/,2025-07-16 18:17:34+00:00,reddit_comments_donacion_sangre.csv,reddit,,2025-07-16,0,0,"Por lo que he leído de otra gente aparte de ti, la donación plasma resulta también una aportación interesante. Me lo plantearé, ya que creo que no cuesta tanto esfuerzo hacerlo. Gracias y un saludo !",
n3fv0j9,Usualmente es quedarte media hora enganchado a una vía de extracción y al terminar te dan una cola o zumo y unas patatas o algo de comer. Está bastante bien,2,1752671218.0,2.0,Usualmente es quedarte media hora enganchado a una vía de extracción y al terminar te dan una cola o zumo y unas patatas o algo de comer. Está bastante bien,https://www.reddit.com/r/es/comments/1lzwwg2/opiniones_sobre_donar_sangre_de_forma_altruista/,2025-07-16 13:06:58+00:00,reddit_comments_donacion_sangre.csv,reddit,,2025-07-16,0,0,Usualmente es quedarte media hora enganchado a una vía de extracción y al terminar te dan una cola o zumo y unas patatas o algo de comer. Está bastante bien,
n3hjvuj,"Pues al final me animo y lo voy a hacer. Creo que es una de esas cosas que tienes que hacer una vez en la vida por lo menos. Gracias por tu comentario, que fue motivante, y un saludo !",1,1752689898.0,3.0,"Pues al final me animo y lo voy a hacer. Creo que es una de esas cosas que tienes que hacer una vez en la vida por lo menos. Gracias por tu comentario, que fue motivante, y un saludo !",https://www.reddit.com/r/es/comments/1lzwwg2/opiniones_sobre_donar_sangre_de_forma_altruista/,2025-07-16 18:18:18+00:00,reddit_comments_donacion_sangre.csv,reddit,,2025-07-16,0,0,"Pues al final me animo y lo voy a hacer. Creo que es una de esas cosas que tienes que hacer una vez en la vida por lo menos. Gracias por tu comentario, que fue motivante, y un saludo !",
n3526b9,"Una consulta, debes saber tu factor Rx o ellos te sacan y después clasifican?",2,1752524771.0,1.0,"Una consulta, debes saber tu factor Rx o ellos te sacan y después clasifican?",https://www.reddit.com/r/es/comments/1lzwwg2/opiniones_sobre_donar_sangre_de_forma_altruista/,2025-07-14 20:26:11+00:00,reddit_comments_donacion_sangre.csv,reddit,,2025-07-14,0,0,"Una consulta, debes saber tu factor Rx o ellos te sacan y después clasifican?",
n35qdie,"No hace falta, ellos lo hacen y además testean para VIH, alguna hepatitis y del estilo.",5,1752531864.0,2.0,"No hace falta, ellos lo hacen y además testean para VIH, alguna hepatitis y del estilo.",https://www.reddit.com/r/es/comments/1lzwwg2/opiniones_sobre_donar_sangre_de_forma_altruista/,2025-07-14 22:24:24+00:00,reddit_comments_donacion_sangre.csv,reddit,,2025-07-14,0,0,"No hace falta, ellos lo hacen y además testean para VIH, alguna hepatitis y del estilo.",
n354i6m,Si no lo sabes normalmente lo sacan antes o te lo hacen después,6,1752525419.0,2.0,Si no lo sabes normalmente lo sacan antes o te lo hacen después,https://www.reddit.com/r/es/comments/1lzwwg2/opiniones_sobre_donar_sangre_de_forma_altruista/,2025-07-14 20:36:59+00:00,reddit_comments_donacion_sangre.csv,reddit,,2025-07-14,0,0,Si no lo sabes normalmente lo sacan antes o te lo hacen después,
n35o8hq,"Lo sepas o no da igual, ellos lo comprueban siempre (hacen analíticas de varias cosas en general)",5,1752531189.0,2.0,"Lo sepas o no da igual, ellos lo comprueban siempre (hacen analíticas de varias cosas en general)",https://www.reddit.com/r/es/comments/1lzwwg2/opiniones_sobre_donar_sangre_de_forma_altruista/,2025-07-14 22:13:09+00:00,reddit_comments_donacion_sangre.csv,reddit,,2025-07-14,0,0,"Lo sepas o no da igual, ellos lo comprueban siempre (hacen analíticas de varias cosas en general)",
n35x393,"Yo no lo haría porque **detesto** y las agujas, y no lo considero algo gratificante.",-7,1752534015.0,1.0,"Yo no lo haría porque **detesto** y las agujas, y no lo considero algo gratificante.",https://www.reddit.com/r/es/comments/1lzwwg2/opiniones_sobre_donar_sangre_de_forma_altruista/,2025-07-14 23:00:15+00:00,reddit_comments_donacion_sangre.csv,reddit,,2025-07-14,0,0,"Yo no lo haría porque **detesto** y las agujas, y no lo considero algo gratificante.",
n37dp8u,"¿Y? La sangre no se puede fabricar, también me dan miedo las agujas. Gratificante o no, la gente lo necesita para... ya sabes... no morir",6,1752552846.0,2.0,"¿Y? La sangre no se puede fabricar, también me dan miedo las agujas. Gratificante o no, la gente lo necesita para... ya sabes... no morir",https://www.reddit.com/r/es/comments/1lzwwg2/opiniones_sobre_donar_sangre_de_forma_altruista/,2025-07-15 04:14:06+00:00,reddit_comments_donacion_sangre.csv,reddit,,2025-07-15,0,0,"¿Y? La sangre no se puede fabricar, también me dan miedo las agujas. Gratificante o no, la gente lo necesita para... ya sabes... no morir",
n39gpzh,"Me da igual, mi sangre no es de tu propiedad.",-11,1752588037.0,3.0,"Me da igual, mi sangre no es de tu propiedad.",https://www.reddit.com/r/es/comments/1lzwwg2/opiniones_sobre_donar_sangre_de_forma_altruista/,2025-07-15 14:00:37+00:00,reddit_comments_donacion_sangre.csv,reddit,,2025-07-15,0,0,"Me da igual, mi sangre no es de tu propiedad.",
n3cs5vg,"Ojalá poder tener esto en cuenta si algún día tienes un accidente, pierdes sangre y necesitas una transfusión.",5,1752622472.0,4.0,"Ojalá poder tener esto en cuenta si algún día tienes un accidente, pierdes sangre y necesitas una transfusión.",https://www.reddit.com/r/es/comments/1lzwwg2/opiniones_sobre_donar_sangre_de_forma_altruista/,2025-07-15 23:34:32+00:00,reddit_comments_donacion_sangre.csv,reddit,,2025-07-15,0,0,"Ojalá poder tener esto en cuenta si algún día tienes un accidente, pierdes sangre y necesitas una transfusión.",
n3epqv6,Te has fijado que se llama DONAR sangre? Se hace para ayudar a otros.,1,1752651508.0,4.0,Te has fijado que se llama DONAR sangre? Se hace para ayudar a otros.,https://www.reddit.com/r/es/comments/1lzwwg2/opiniones_sobre_donar_sangre_de_forma_altruista/,2025-07-16 07:38:28+00:00,reddit_comments_donacion_sangre.csv,reddit,,2025-07-16,0,0,Te has fijado que se llama DONAR sangre? Se hace para ayudar a otros.,
n34yid1,Empecé a donar a raíz de la muerte de mi madre. Durante su último mes ingresada no paraba de necesitar 2 o 3 inyecciones de glóbulos rojos diarias. Ahí me di cuenta de la verdadera importancia de donar sangre.,36,1752523754.0,0.0,Empecé a donar a raíz de la muerte de mi madre. Durante su último mes ingresada no paraba de necesitar 2 o 3 inyecciones de glóbulos rojos diarias. Ahí me di cuenta de la verdadera importancia de donar sangre.,https://www.reddit.com/r/es/comments/1lzwwg2/opiniones_sobre_donar_sangre_de_forma_altruista/,2025-07-14 20:09:14+00:00,reddit_comments_donacion_sangre.csv,reddit,,2025-07-14,0,0,Empecé a donar a raíz de la muerte de mi madre. Durante su último mes ingresada no paraba de necesitar 2 o 3 inyecciones de glóbulos rojos diarias. Ahí me di cuenta de la verdadera importancia de donar sangre.,
n350ks5,Siento mucho lo de tu madre. Te agradezco la información y el haberte parado a escribir en este post. Espero que tengas un buen día,9,1752524329.0,1.0,Siento mucho lo de tu madre. Te agradezco la información y el haberte parado a escribir en este post. Espero que tengas un buen día,https://www.reddit.com/r/es/comments/1lzwwg2/opiniones_sobre_donar_sangre_de_forma_altruista/,2025-07-14 20:18:49+00:00,reddit_comments_donacion_sangre.csv,reddit,,2025-07-14,0,0,Siento mucho lo de tu madre. Te agradezco la información y el haberte parado a escribir en este post. Espero que tengas un buen día,
n35cfhl,"A veces cosas como estas pasan desapercibidas. Quiero que sepas que me pareces un héroe. Seguiré tú ejemplo. Un abrazo, gracias.",7,1752527663.0,1.0,"A veces cosas como estas pasan desapercibidas. Quiero que sepas que me pareces un héroe. Seguiré tú ejemplo. Un abrazo, gracias.",https://www.reddit.com/r/es/comments/1lzwwg2/opiniones_sobre_donar_sangre_de_forma_altruista/,2025-07-14 21:14:23+00:00,reddit_comments_donacion_sangre.csv,reddit,,2025-07-14,0,0,"A veces cosas como estas pasan desapercibidas. Quiero que sepas que me pareces un héroe. Seguiré tú ejemplo. Un abrazo, gracias.",
n34y2gx,No queda otra porque es imposible fabricarla.,20,1752523629.0,0.0,No queda otra porque es imposible fabricarla.,https://www.reddit.com/r/es/comments/1lzwwg2/opiniones_sobre_donar_sangre_de_forma_altruista/,2025-07-14 20:07:09+00:00,reddit_comments_donacion_sangre.csv,reddit,,2025-07-14,0,0,No queda otra porque es imposible fabricarla.,
n34zdyx,"Muy cierto, supongo que por eso los hospitales en sus campañas parecen tan agradecidos con la gente que se toma su tiempo en hacer una donación de su sangre, plaquetas o lo que sea",3,1752524000.0,1.0,"Muy cierto, supongo que por eso los hospitales en sus campañas parecen tan agradecidos con la gente que se toma su tiempo en hacer una donación de su sangre, plaquetas o lo que sea",https://www.reddit.com/r/es/comments/1lzwwg2/opiniones_sobre_donar_sangre_de_forma_altruista/,2025-07-14 20:13:20+00:00,reddit_comments_donacion_sangre.csv,reddit,,2025-07-14,0,0,"Muy cierto, supongo que por eso los hospitales en sus campañas parecen tan agradecidos con la gente que se toma su tiempo en hacer una donación de su sangre, plaquetas o lo que sea",
n35on82,"En realidad ☝🏻🤓 se ve que en Japón han desarrollado sangre artificial compatible con cualquier grupo (aunque poco más sé al respecto).
Y me imagino que habrá mucho que investigar antes de ir alegremente a utilizarla en la gente",2,1752531318.0,1.0,"En realidad ☝🏻🤓 se ve que en Japón han desarrollado sangre artificial compatible con cualquier grupo (aunque poco más sé al respecto).
Y me imagino que habrá mucho que investigar antes de ir alegremente a utilizarla en la gente",https://www.reddit.com/r/es/comments/1lzwwg2/opiniones_sobre_donar_sangre_de_forma_altruista/,2025-07-14 22:15:18+00:00,reddit_comments_donacion_sangre.csv,reddit,,2025-07-14,0,0,En realidad se ve que en Japón han desarrollado sangre artificial compatible con cualquier grupo (aunque poco más sé al respecto). Y me imagino que habrá mucho que investigar antes de ir alegremente a utilizarla en la gente,☝🏻🤓
n391qk1,Prometedor pero no se puede apostar por ello hasta ver resultados comparables a lo que pretende sustituir.,1,1752583038.0,2.0,Prometedor pero no se puede apostar por ello hasta ver resultados comparables a lo que pretende sustituir.,https://www.reddit.com/r/es/comments/1lzwwg2/opiniones_sobre_donar_sangre_de_forma_altruista/,2025-07-15 12:37:18+00:00,reddit_comments_donacion_sangre.csv,reddit,,2025-07-15,0,0,Prometedor pero no se puede apostar por ello hasta ver resultados comparables a lo que pretende sustituir.,
n34yf6y,"Si. Sienta bien espiritualmente, físicamente, y con un poco de suerte te dan un bollito.",19,1752523730.0,0.0,"Si. Sienta bien espiritualmente, físicamente, y con un poco de suerte te dan un bollito.",https://www.reddit.com/r/es/comments/1lzwwg2/opiniones_sobre_donar_sangre_de_forma_altruista/,2025-07-14 20:08:50+00:00,reddit_comments_donacion_sangre.csv,reddit,,2025-07-14,0,0,"Si. Sienta bien espiritualmente, físicamente, y con un poco de suerte te dan un bollito.",
n350f9u,"Jajaja Gracias por tu comentario. Ahora que lo dices, me acuerdo que en la web de un hospital viendo información sobre esto decían que luego te daban algo de comer, pero no sabía a qué se referían. De nuevo, gracias",3,1752524287.0,1.0,"Jajaja Gracias por tu comentario. Ahora que lo dices, me acuerdo que en la web de un hospital viendo información sobre esto decían que luego te daban algo de comer, pero no sabía a qué se referían. De nuevo, gracias",https://www.reddit.com/r/es/comments/1lzwwg2/opiniones_sobre_donar_sangre_de_forma_altruista/,2025-07-14 20:18:07+00:00,reddit_comments_donacion_sangre.csv,reddit,,2025-07-14,0,0,"Jajaja Gracias por tu comentario. Ahora que lo dices, me acuerdo que en la web de un hospital viendo información sobre esto decían que luego te daban algo de comer, pero no sabía a qué se referían. De nuevo, gracias",
n35nrb0,"Te dan un bocadillo y un refresco o agua después de donar. Pero es lo de menos: es algo rápido, seguro, que cuesta casi nada y ayuda a mucha gente.",5,1752531038.0,2.0,"Te dan un bocadillo y un refresco o agua después de donar. Pero es lo de menos: es algo rápido, seguro, que cuesta casi nada y ayuda a mucha gente.",https://www.reddit.com/r/es/comments/1lzwwg2/opiniones_sobre_donar_sangre_de_forma_altruista/,2025-07-14 22:10:38+00:00,reddit_comments_donacion_sangre.csv,reddit,,2025-07-14,0,0,"Te dan un bocadillo y un refresco o agua después de donar. Pero es lo de menos: es algo rápido, seguro, que cuesta casi nada y ayuda a mucha gente.",
n3hj1vl,"Pues me motiva tu comentario a hacerlo. Definitivamente me pasaré por el hospital en cuanto tenga algo de tiempo para empezar a hacerlo. Un saludo, y de nuevo gracias !",1,1752689668.0,3.0,"Pues me motiva tu comentario a hacerlo. Definitivamente me pasaré por el hospital en cuanto tenga algo de tiempo para empezar a hacerlo. Un saludo, y de nuevo gracias !",https://www.reddit.com/r/es/comments/1lzwwg2/opiniones_sobre_donar_sangre_de_forma_altruista/,2025-07-16 18:14:28+00:00,reddit_comments_donacion_sangre.csv,reddit,,2025-07-16,0,0,"Pues me motiva tu comentario a hacerlo. Definitivamente me pasaré por el hospital en cuanto tenga algo de tiempo para empezar a hacerlo. Un saludo, y de nuevo gracias !",
n351czt,falta la gotita en el donante O+ y receptor B+.,12,1752524544.0,0.0,falta la gotita en el donante O+ y receptor B+.,https://www.reddit.com/r/es/comments/1lzwwg2/opiniones_sobre_donar_sangre_de_forma_altruista/,2025-07-14 20:22:24+00:00,reddit_comments_donacion_sangre.csv,reddit,,2025-07-14,0,0,falta la gotita en el donante O+ y receptor B+.,
n37t5db,"Este gráfico es bastante incorrecto, [debería ser así](https://donasangregijon.org/wp-content/uploads/2021/02/compatibilidadgrupos.jpg).

Sin embargo, es bastante fácil recordar la compatibilidad sin necesitar ninguna guía o referencia, y sin tener que entender íntimamente el tema.

Hay tres componentes que se pueden tener (o no tener) en la sangre, en varias combinaciones: el ""A"", el ""B"", y el ""+"". Si eres AB+ tienes los tres, y si eres O– no tienes ninguno (""–"" simplemente significa falta de +, e igualmente ""O"" significa falta de A y B).

Ahora piensalo como si estos tres componentes (A, B, +) fueran tóxicos, pero que su presencia previa en la sangre del recipiente le diera inmunidad. Por ejemplo, sólo puedes recibir el B si tu tipo de sangre ta tiene B, y asimismo con los otros dos componentes.

Por lo tanto, el AB+ es el más tóxico (sólo se puede donar a otros AB+), pero también el que tiene inmunidad total para el recipiente que lo tenga (pueden recibir cualquier tipo de sangre).

A cambio, el O– no contiene ningún componente tóxico, (se puede donar a cualquiera), pero el recipiente que lo tenga no tiene ninguna inmunidad (sólo puede recibir de otros O–).",8,1752560375.0,1.0,"Este gráfico es bastante incorrecto, [debería ser así](https://donasangregijon.org/wp-content/uploads/2021/02/compatibilidadgrupos.jpg).

Sin embargo, es bastante fácil recordar la compatibilidad sin necesitar ninguna guía o referencia, y sin tener que entender íntimamente el tema.

Hay tres componentes que se pueden tener (o no tener) en la sangre, en varias combinaciones: el ""A"", el ""B"", y el ""+"". Si eres AB+ tienes los tres, y si eres O– no tienes ninguno (""–"" simplemente significa falta de +, e igualmente ""O"" significa falta de A y B).

Ahora piensalo como si estos tres componentes (A, B, +) fueran tóxicos, pero que su presencia previa en la sangre del recipiente le diera inmunidad. Por ejemplo, sólo puedes recibir el B si tu tipo de sangre ta tiene B, y asimismo con los otros dos componentes.

Por lo tanto, el AB+ es el más tóxico (sólo se puede donar a otros AB+), pero también el que tiene inmunidad total para el recipiente que lo tenga (pueden recibir cualquier tipo de sangre).

A cambio, el O– no contiene ningún componente tóxico, (se puede donar a cualquiera), pero el recipiente que lo tenga no tiene ninguna inmunidad (sólo puede recibir de otros O–).",https://www.reddit.com/r/es/comments/1lzwwg2/opiniones_sobre_donar_sangre_de_forma_altruista/,2025-07-15 06:19:35+00:00,reddit_comments_donacion_sangre.csv,reddit,,2025-07-15,0,0,"Este gráfico es bastante incorrecto, [debería ser así](https://donasangregijon.org/wp-content/uploads/2021/02/compatibilidadgrupos.jpg). Sin embargo, es bastante fácil recordar la compatibilidad sin necesitar ninguna guía o referencia, y sin tener que entender íntimamente el tema. Hay tres componentes que se pueden tener (o no tener) en la sangre, en varias combinaciones: el ""A"", el ""B"", y el ""+"". Si eres AB+ tienes los tres, y si eres O– no tienes ninguno (""–"" simplemente significa falta de +, e igualmente ""O"" significa falta de A y B). Ahora piensalo como si estos tres componentes (A, B, +) fueran tóxicos, pero que su presencia previa en la sangre del recipiente le diera inmunidad. Por ejemplo, sólo puedes recibir el B si tu tipo de sangre ta tiene B, y asimismo con los otros dos componentes. Por lo tanto, el AB+ es el más tóxico (sólo se puede donar a otros AB+), pero también el que tiene inmunidad total para el recipiente que lo tenga (pueden recibir cualquier tipo de sangre). A cambio, el O– no contiene ningún componente tóxico, (se puede donar a cualquiera), pero el recipiente que lo tenga no tiene ninguna inmunidad (sólo puede recibir de otros O–).",
n3ymsd0,"Lo de la toxicidad como ejemplo puede resultar confuso, ya que existe una salvedad en caso de emergencia:

Cualquier grupo Rh - puede recibir sangre de su mismo grupo + en caso de necesitar sangre urgentemente y no haber de la suya. Pero a partir de ese momento, su Rh cambiará a +

Lo mismo ocurre con el grupo 0 y el resto. En caso de urgencia, podría recibir de cualquiera de los otros, pero a partir de ese momento su grupo cambiaría al del donante.",1,1752912559.0,2.0,"Lo de la toxicidad como ejemplo puede resultar confuso, ya que existe una salvedad en caso de emergencia:

Cualquier grupo Rh - puede recibir sangre de su mismo grupo + en caso de necesitar sangre urgentemente y no haber de la suya. Pero a partir de ese momento, su Rh cambiará a +

Lo mismo ocurre con el grupo 0 y el resto. En caso de urgencia, podría recibir de cualquiera de los otros, pero a partir de ese momento su grupo cambiaría al del donante.",https://www.reddit.com/r/es/comments/1lzwwg2/opiniones_sobre_donar_sangre_de_forma_altruista/,2025-07-19 08:09:19+00:00,reddit_comments_donacion_sangre.csv,reddit,,2025-07-19,0,0,"Lo de la toxicidad como ejemplo puede resultar confuso, ya que existe una salvedad en caso de emergencia: Cualquier grupo Rh - puede recibir sangre de su mismo grupo + en caso de necesitar sangre urgentemente y no haber de la suya. Pero a partir de ese momento, su Rh cambiará a + Lo mismo ocurre con el grupo 0 y el resto. En caso de urgencia, podría recibir de cualquiera de los otros, pero a partir de ese momento su grupo cambiaría al del donante.",
n352j1h,A- no puede donar a A+ pero si a B+?,3,1752524868.0,1.0,A- no puede donar a A+ pero si a B+?,https://www.reddit.com/r/es/comments/1lzwwg2/opiniones_sobre_donar_sangre_de_forma_altruista/,2025-07-14 20:27:48+00:00,reddit_comments_donacion_sangre.csv,reddit,,2025-07-14,0,0,A- no puede donar a A+ pero si a B+?,
n384xvt,jajaja está muy mal todo eso lol,1,1752566961.0,2.0,jajaja está muy mal todo eso lol,https://www.reddit.com/r/es/comments/1lzwwg2/opiniones_sobre_donar_sangre_de_forma_altruista/,2025-07-15 08:09:21+00:00,reddit_comments_donacion_sangre.csv,reddit,,2025-07-15,0,0,jajaja está muy mal todo eso lol,
n352ti3,Pues es una foto sacada de Internet. Desconocía que estaba incompleta. Supongo que no he tenido mucha puntería eligiendo una buena imágen para el post. Gracias por la información,1,1752524949.0,1.0,Pues es una foto sacada de Internet. Desconocía que estaba incompleta. Supongo que no he tenido mucha puntería eligiendo una buena imágen para el post. Gracias por la información,https://www.reddit.com/r/es/comments/1lzwwg2/opiniones_sobre_donar_sangre_de_forma_altruista/,2025-07-14 20:29:09+00:00,reddit_comments_donacion_sangre.csv,reddit,,2025-07-14,0,0,Pues es una foto sacada de Internet. Desconocía que estaba incompleta. Supongo que no he tenido mucha puntería eligiendo una buena imágen para el post. Gracias por la información,
n359er1,"Yo he donado varias veces. 

1. Salvas vidas. Hay conspiranoicos que hablan del plasma del mar, pero la única forma de ayudar a alguien que requiere sangre es donando.

2. Pierdes (un poco) el miedo a las agujas. 

3. Es bueno para la salud porque renuevas sangre. 

...y bueno, podemos decir que la cuarta es que meriendas gratis y, a veces, te dan otros detalles: bolígrafos, calendarios, bolas antiestrés...",10,1752526796.0,0.0,"Yo he donado varias veces. 

1. Salvas vidas. Hay conspiranoicos que hablan del plasma del mar, pero la única forma de ayudar a alguien que requiere sangre es donando.

2. Pierdes (un poco) el miedo a las agujas. 

3. Es bueno para la salud porque renuevas sangre. 

...y bueno, podemos decir que la cuarta es que meriendas gratis y, a veces, te dan otros detalles: bolígrafos, calendarios, bolas antiestrés...",https://www.reddit.com/r/es/comments/1lzwwg2/opiniones_sobre_donar_sangre_de_forma_altruista/,2025-07-14 20:59:56+00:00,reddit_comments_donacion_sangre.csv,reddit,,2025-07-14,0,0,"Yo he donado varias veces. 1. Salvas vidas. Hay conspiranoicos que hablan del plasma del mar, pero la única forma de ayudar a alguien que requiere sangre es donando. 2. Pierdes (un poco) el miedo a las agujas. 3. Es bueno para la salud porque renuevas sangre. ...y bueno, podemos decir que la cuarta es que meriendas gratis y, a veces, te dan otros detalles: bolígrafos, calendarios, bolas antiestrés...",
n35c25t,"Los regalos siempre es un añadido o el tema de comer, pero los tres primeros puntos tendré lo que más en cuenta 😄.  Gracias por tu experiencia, esto me ayuda !",1,1752527556.0,1.0,"Los regalos siempre es un añadido o el tema de comer, pero los tres primeros puntos tendré lo que más en cuenta 😄.  Gracias por tu experiencia, esto me ayuda !",https://www.reddit.com/r/es/comments/1lzwwg2/opiniones_sobre_donar_sangre_de_forma_altruista/,2025-07-14 21:12:36+00:00,reddit_comments_donacion_sangre.csv,reddit,,2025-07-14,0,0,"Los regalos siempre es un añadido o el tema de comer, pero los tres primeros puntos tendré lo que más en cuenta . Gracias por tu experiencia, esto me ayuda !",😄
n350msk,"Yo he donado muchas veces, hasta que me la han dejado de aceptar por estar medicado.

Ve al hospital si puedes y evita la campaña de cruz roja, cruz roja cobra a la sanidad pública por la sangre que tú estás regalando.



Y da igual que tipo seas, da igual la compatibilidad entre tipos, siempre se usa sangre del mismo tipo que del paciente, tendría que ser una situación de emergencia y escasez para usar cualquier otra sangre por compatible que sea",8,1752524344.0,0.0,"Yo he donado muchas veces, hasta que me la han dejado de aceptar por estar medicado.

Ve al hospital si puedes y evita la campaña de cruz roja, cruz roja cobra a la sanidad pública por la sangre que tú estás regalando.



Y da igual que tipo seas, da igual la compatibilidad entre tipos, siempre se usa sangre del mismo tipo que del paciente, tendría que ser una situación de emergencia y escasez para usar cualquier otra sangre por compatible que sea",https://www.reddit.com/r/es/comments/1lzwwg2/opiniones_sobre_donar_sangre_de_forma_altruista/,2025-07-14 20:19:04+00:00,reddit_comments_donacion_sangre.csv,reddit,,2025-07-14,0,0,"Yo he donado muchas veces, hasta que me la han dejado de aceptar por estar medicado. Ve al hospital si puedes y evita la campaña de cruz roja, cruz roja cobra a la sanidad pública por la sangre que tú estás regalando. Y da igual que tipo seas, da igual la compatibilidad entre tipos, siempre se usa sangre del mismo tipo que del paciente, tendría que ser una situación de emergencia y escasez para usar cualquier otra sangre por compatible que sea",
n3522sb,"Sabes ? Eso que has dicho de la Cruz Roja lo había leído en otro hilo y hay gente que dice que es un secreto a voces, pero parece que es bastante cierto. Tendré en cuenta tu comentario, tengo que decir que pensaba ir directamente a un hospital a hacer una donación y no por otra vía. Gracias !",3,1752524743.0,1.0,"Sabes ? Eso que has dicho de la Cruz Roja lo había leído en otro hilo y hay gente que dice que es un secreto a voces, pero parece que es bastante cierto. Tendré en cuenta tu comentario, tengo que decir que pensaba ir directamente a un hospital a hacer una donación y no por otra vía. Gracias !",https://www.reddit.com/r/es/comments/1lzwwg2/opiniones_sobre_donar_sangre_de_forma_altruista/,2025-07-14 20:25:43+00:00,reddit_comments_donacion_sangre.csv,reddit,,2025-07-14,0,0,"Sabes ? Eso que has dicho de la Cruz Roja lo había leído en otro hilo y hay gente que dice que es un secreto a voces, pero parece que es bastante cierto. Tendré en cuenta tu comentario, tengo que decir que pensaba ir directamente a un hospital a hacer una donación y no por otra vía. Gracias !",
n35l67p,"Pues claro que cobran a sanidad por la sangre. Esos autobuses y ese personal se tiene que pagar de alguna forma, y el altruismo no paga facturas.",0,1752530235.0,2.0,"Pues claro que cobran a sanidad por la sangre. Esos autobuses y ese personal se tiene que pagar de alguna forma, y el altruismo no paga facturas.",https://www.reddit.com/r/es/comments/1lzwwg2/opiniones_sobre_donar_sangre_de_forma_altruista/,2025-07-14 21:57:15+00:00,reddit_comments_donacion_sangre.csv,reddit,,2025-07-14,0,0,"Pues claro que cobran a sanidad por la sangre. Esos autobuses y ese personal se tiene que pagar de alguna forma, y el altruismo no paga facturas.",
n35n665,"Pues sí, tienes razón.  De todas formas, me viene mejor ir al hospital a hacerlo",1,1752530853.0,3.0,"Pues sí, tienes razón.  De todas formas, me viene mejor ir al hospital a hacerlo",https://www.reddit.com/r/es/comments/1lzwwg2/opiniones_sobre_donar_sangre_de_forma_altruista/,2025-07-14 22:07:33+00:00,reddit_comments_donacion_sangre.csv,reddit,,2025-07-14,0,0,"Pues sí, tienes razón. De todas formas, me viene mejor ir al hospital a hacerlo",
n35bbgh,"En España donar sangre siempre se hace de forma altruista, no te pagan como en otros países. La motivación es que otras personas la pueden necesitar. Aveces hay campañas para que en pocos días se recoja más, pero siempre puedes ir a donar a un hospital universitario, dentro del horario que tengan habilitado.  
La primera vez te hacen el carnet de donante del banco de sangre, así te tienen registrado para otras ocasiones. Después de donar te suelen dar un refrigerio, tipo zumo y galletas o lo que tengan disponible. También te envían a tu casa el resultado de una analítica básica. 

Y menos mal que existen donantes sino moriría la gente que necesita transfusión por pérdida de sangre en intervenciones quirúrgicas, accidentes etc",7,1752527342.0,0.0,"En España donar sangre siempre se hace de forma altruista, no te pagan como en otros países. La motivación es que otras personas la pueden necesitar. Aveces hay campañas para que en pocos días se recoja más, pero siempre puedes ir a donar a un hospital universitario, dentro del horario que tengan habilitado.  
La primera vez te hacen el carnet de donante del banco de sangre, así te tienen registrado para otras ocasiones. Después de donar te suelen dar un refrigerio, tipo zumo y galletas o lo que tengan disponible. También te envían a tu casa el resultado de una analítica básica. 

Y menos mal que existen donantes sino moriría la gente que necesita transfusión por pérdida de sangre en intervenciones quirúrgicas, accidentes etc",https://www.reddit.com/r/es/comments/1lzwwg2/opiniones_sobre_donar_sangre_de_forma_altruista/,2025-07-14 21:09:02+00:00,reddit_comments_donacion_sangre.csv,reddit,,2025-07-14,0,0,"En España donar sangre siempre se hace de forma altruista, no te pagan como en otros países. La motivación es que otras personas la pueden necesitar. Aveces hay campañas para que en pocos días se recoja más, pero siempre puedes ir a donar a un hospital universitario, dentro del horario que tengan habilitado. La primera vez te hacen el carnet de donante del banco de sangre, así te tienen registrado para otras ocasiones. Después de donar te suelen dar un refrigerio, tipo zumo y galletas o lo que tengan disponible. También te envían a tu casa el resultado de una analítica básica. Y menos mal que existen donantes sino moriría la gente que necesita transfusión por pérdida de sangre en intervenciones quirúrgicas, accidentes etc",
n35fbu5,"Pues sí, tienes toda razón. He estado mirando por lugares cerca mío donde poder donar, y me he decantado por ir al hospital directamente a hacerlo, creo que es lo mejor. Un saludo y gracias por tu tiempo, ya que me has resuelto cosas sobre el procedimiento de cómo te lo hacen",2,1752528501.0,1.0,"Pues sí, tienes toda razón. He estado mirando por lugares cerca mío donde poder donar, y me he decantado por ir al hospital directamente a hacerlo, creo que es lo mejor. Un saludo y gracias por tu tiempo, ya que me has resuelto cosas sobre el procedimiento de cómo te lo hacen",https://www.reddit.com/r/es/comments/1lzwwg2/opiniones_sobre_donar_sangre_de_forma_altruista/,2025-07-14 21:28:21+00:00,reddit_comments_donacion_sangre.csv,reddit,,2025-07-14,0,0,"Pues sí, tienes toda razón. He estado mirando por lugares cerca mío donde poder donar, y me he decantado por ir al hospital directamente a hacerlo, creo que es lo mejor. Un saludo y gracias por tu tiempo, ya que me has resuelto cosas sobre el procedimiento de cómo te lo hacen",
n35mgg9,Ya verás es algo sencillo ¡Mucha suerte!,3,1752530631.0,2.0,Ya verás es algo sencillo ¡Mucha suerte!,https://www.reddit.com/r/es/comments/1lzwwg2/opiniones_sobre_donar_sangre_de_forma_altruista/,2025-07-14 22:03:51+00:00,reddit_comments_donacion_sangre.csv,reddit,,2025-07-14,0,0,Ya verás es algo sencillo ¡Mucha suerte!,
n35mz1d,Muchas gracias por tus ánimos ! Un saludo,2,1752530791.0,3.0,Muchas gracias por tus ánimos ! Un saludo,https://www.reddit.com/r/es/comments/1lzwwg2/opiniones_sobre_donar_sangre_de_forma_altruista/,2025-07-14 22:06:31+00:00,reddit_comments_donacion_sangre.csv,reddit,,2025-07-14,0,0,Muchas gracias por tus ánimos ! Un saludo,
n362n6r,"Si te apetece ya me contarás tu experiencia y qué tal te ha ido, y algo más que necesites saber no dudes en preguntarme, gracias a ti y ¡Buenas noches!",2,1752535810.0,4.0,"Si te apetece ya me contarás tu experiencia y qué tal te ha ido, y algo más que necesites saber no dudes en preguntarme, gracias a ti y ¡Buenas noches!",https://www.reddit.com/r/es/comments/1lzwwg2/opiniones_sobre_donar_sangre_de_forma_altruista/,2025-07-14 23:30:10+00:00,reddit_comments_donacion_sangre.csv,reddit,,2025-07-14,0,0,"Si te apetece ya me contarás tu experiencia y qué tal te ha ido, y algo más que necesites saber no dudes en preguntarme, gracias a ti y ¡Buenas noches!",
n352o2e,"Quise ser donante, pero después de rellenar el formularío, me dijeron que al tener mucho la menstruación y soler tener el hierro un poco bajo, no podía donar.

Y allí acabo mi etapa de donante.",8,1752524907.0,0.0,"Quise ser donante, pero después de rellenar el formularío, me dijeron que al tener mucho la menstruación y soler tener el hierro un poco bajo, no podía donar.

Y allí acabo mi etapa de donante.",https://www.reddit.com/r/es/comments/1lzwwg2/opiniones_sobre_donar_sangre_de_forma_altruista/,2025-07-14 20:28:27+00:00,reddit_comments_donacion_sangre.csv,reddit,,2025-07-14,0,0,"Quise ser donante, pero después de rellenar el formularío, me dijeron que al tener mucho la menstruación y soler tener el hierro un poco bajo, no podía donar. Y allí acabo mi etapa de donante.",
n3hioyi,"Al menos, te agradezco el esfuerzo de que hayas intentado hacer una aportación a la sociedad, ya que hay gente que ni se lo plantea. Un saludo y gracias por el comentario",1,1752689569.0,1.0,"Al menos, te agradezco el esfuerzo de que hayas intentado hacer una aportación a la sociedad, ya que hay gente que ni se lo plantea. Un saludo y gracias por el comentario",https://www.reddit.com/r/es/comments/1lzwwg2/opiniones_sobre_donar_sangre_de_forma_altruista/,2025-07-16 18:12:49+00:00,reddit_comments_donacion_sangre.csv,reddit,,2025-07-16,0,0,"Al menos, te agradezco el esfuerzo de que hayas intentado hacer una aportación a la sociedad, ya que hay gente que ni se lo plantea. Un saludo y gracias por el comentario",
n3hwdn1,"No Questa nada, y al final, esto salva vidas.",2,1752693362.0,2.0,"No Questa nada, y al final, esto salva vidas.",https://www.reddit.com/r/es/comments/1lzwwg2/opiniones_sobre_donar_sangre_de_forma_altruista/,2025-07-16 19:16:02+00:00,reddit_comments_donacion_sangre.csv,reddit,,2025-07-16,0,0,"No Questa nada, y al final, esto salva vidas.",
n3uy4hs,"Pues sí, tienes mucha razón. De nuevo, gracias por tu esfuerzo ! 😀",1,1752862311.0,3.0,"Pues sí, tienes mucha razón. De nuevo, gracias por tu esfuerzo ! 😀",https://www.reddit.com/r/es/comments/1lzwwg2/opiniones_sobre_donar_sangre_de_forma_altruista/,2025-07-18 18:11:51+00:00,reddit_comments_donacion_sangre.csv,reddit,,2025-07-18,0,0,"Pues sí, tienes mucha razón. De nuevo, gracias por tu esfuerzo !",😀
n3583sd,"Dono 3-4 veces al año desde que soy mayor de edad.

Me parece esencial. Tras años donando, estuve ingresado y al compañero de habitación le ponían sangre para que pudiera vivir, y hay que recordar que la sangre “caduca”. Que ese señor y otras muchas personas puedan seguir vivos sólo se consigue con algo que depende de la solidaridad y no de que se tenga más o menos dinero o medios materiales.",6,1752526431.0,0.0,"Dono 3-4 veces al año desde que soy mayor de edad.

Me parece esencial. Tras años donando, estuve ingresado y al compañero de habitación le ponían sangre para que pudiera vivir, y hay que recordar que la sangre “caduca”. Que ese señor y otras muchas personas puedan seguir vivos sólo se consigue con algo que depende de la solidaridad y no de que se tenga más o menos dinero o medios materiales.",https://www.reddit.com/r/es/comments/1lzwwg2/opiniones_sobre_donar_sangre_de_forma_altruista/,2025-07-14 20:53:51+00:00,reddit_comments_donacion_sangre.csv,reddit,,2025-07-14,0,0,"Dono 3-4 veces al año desde que soy mayor de edad. Me parece esencial. Tras años donando, estuve ingresado y al compañero de habitación le ponían sangre para que pudiera vivir, y hay que recordar que la sangre “caduca”. Que ese señor y otras muchas personas puedan seguir vivos sólo se consigue con algo que depende de la solidaridad y no de que se tenga más o menos dinero o medios materiales.",
n35brb2,"La verdad es que tu comentario es una motivación para alguien que de momento no ha tenido la oportunidad de donar o no se le había ocurrido la idea de hacerlo, ya que al vivir en tu caso una experiencia cercana en este tema, pues recalcas lo importante que puede llegar a ser cosas como esta. De nuevo, gracias por contar tu experiencia",1,1752527469.0,1.0,"La verdad es que tu comentario es una motivación para alguien que de momento no ha tenido la oportunidad de donar o no se le había ocurrido la idea de hacerlo, ya que al vivir en tu caso una experiencia cercana en este tema, pues recalcas lo importante que puede llegar a ser cosas como esta. De nuevo, gracias por contar tu experiencia",https://www.reddit.com/r/es/comments/1lzwwg2/opiniones_sobre_donar_sangre_de_forma_altruista/,2025-07-14 21:11:09+00:00,reddit_comments_donacion_sangre.csv,reddit,,2025-07-14,0,0,"La verdad es que tu comentario es una motivación para alguien que de momento no ha tenido la oportunidad de donar o no se le había ocurrido la idea de hacerlo, ya que al vivir en tu caso una experiencia cercana en este tema, pues recalcas lo importante que puede llegar a ser cosas como esta. De nuevo, gracias por contar tu experiencia",
n35buht,Me gustaría hacerlo pero tengo la sospecha de que de hecho necesito sangre JAJSJAJAJJAJA creo que soy anémica,5,1752527495.0,0.0,Me gustaría hacerlo pero tengo la sospecha de que de hecho necesito sangre JAJSJAJAJJAJA creo que soy anémica,https://www.reddit.com/r/es/comments/1lzwwg2/opiniones_sobre_donar_sangre_de_forma_altruista/,2025-07-14 21:11:35+00:00,reddit_comments_donacion_sangre.csv,reddit,,2025-07-14,0,0,Me gustaría hacerlo pero tengo la sospecha de que de hecho necesito sangre JAJSJAJAJJAJA creo que soy anémica,
n35fim0,"Entonces bajo mi punto de vista, no te la juegues y guarda tu sangre para ti, ya vendrán tiempos mejores para donar.  Espero que te vaya bien el día 😀",2,1752528556.0,1.0,"Entonces bajo mi punto de vista, no te la juegues y guarda tu sangre para ti, ya vendrán tiempos mejores para donar.  Espero que te vaya bien el día 😀",https://www.reddit.com/r/es/comments/1lzwwg2/opiniones_sobre_donar_sangre_de_forma_altruista/,2025-07-14 21:29:16+00:00,reddit_comments_donacion_sangre.csv,reddit,,2025-07-14,0,0,"Entonces bajo mi punto de vista, no te la juegues y guarda tu sangre para ti, ya vendrán tiempos mejores para donar. Espero que te vaya bien el día",😀
n36ut2t,Los anémicos no suelen tener permitido donar,2,1752545489.0,1.0,Los anémicos no suelen tener permitido donar,https://www.reddit.com/r/es/comments/1lzwwg2/opiniones_sobre_donar_sangre_de_forma_altruista/,2025-07-15 02:11:29+00:00,reddit_comments_donacion_sangre.csv,reddit,,2025-07-15,0,0,Los anémicos no suelen tener permitido donar,
n353j1t,"No le veo nada malo, ni siquiera duele. Te mareas un poco y ya",3,1752525145.0,0.0,"No le veo nada malo, ni siquiera duele. Te mareas un poco y ya",https://www.reddit.com/r/es/comments/1lzwwg2/opiniones_sobre_donar_sangre_de_forma_altruista/,2025-07-14 20:32:25+00:00,reddit_comments_donacion_sangre.csv,reddit,,2025-07-14,0,0,"No le veo nada malo, ni siquiera duele. Te mareas un poco y ya",
n35nbxx,"Pues es bueno saberlo, por si me baja el azúcar o me puedo marear. Gracias!",2,1752530903.0,1.0,"Pues es bueno saberlo, por si me baja el azúcar o me puedo marear. Gracias!",https://www.reddit.com/r/es/comments/1lzwwg2/opiniones_sobre_donar_sangre_de_forma_altruista/,2025-07-14 22:08:23+00:00,reddit_comments_donacion_sangre.csv,reddit,,2025-07-14,0,0,"Pues es bueno saberlo, por si me baja el azúcar o me puedo marear. Gracias!",
n35no8y,Comprate un bocadillo de jamon y una cocacola :p seguro te ayuda mucho. No comas nada antes de sacarte sangre y hazte pruebas por si tienes alguna enfermedad en la sangre. Obviamente no bebas alcohol en unos dias 😅 mi abuelo donaba borracho y emborrachaba a la gente 🤨,0,1752531011.0,2.0,Comprate un bocadillo de jamon y una cocacola :p seguro te ayuda mucho. No comas nada antes de sacarte sangre y hazte pruebas por si tienes alguna enfermedad en la sangre. Obviamente no bebas alcohol en unos dias 😅 mi abuelo donaba borracho y emborrachaba a la gente 🤨,https://www.reddit.com/r/es/comments/1lzwwg2/opiniones_sobre_donar_sangre_de_forma_altruista/,2025-07-14 22:10:11+00:00,reddit_comments_donacion_sangre.csv,reddit,,2025-07-14,0,0,Comprate un bocadillo de jamon y una cocacola :p seguro te ayuda mucho. No comas nada antes de sacarte sangre y hazte pruebas por si tienes alguna enfermedad en la sangre. Obviamente no bebas alcohol en unos dias mi abuelo donaba borracho y emborrachaba a la gente,😅 🤨
n3hiib9,"Pues vaya con tu abuelo jajaja
Por suerte soy abstemio, no fumo y voy bien de salud. Seguro que puedo pasar las pruebas.  Gracias por tu aportación de nuevo !",2,1752689519.0,3.0,"Pues vaya con tu abuelo jajaja
Por suerte soy abstemio, no fumo y voy bien de salud. Seguro que puedo pasar las pruebas.  Gracias por tu aportación de nuevo !",https://www.reddit.com/r/es/comments/1lzwwg2/opiniones_sobre_donar_sangre_de_forma_altruista/,2025-07-16 18:11:59+00:00,reddit_comments_donacion_sangre.csv,reddit,,2025-07-16,0,0,"Pues vaya con tu abuelo jajaja Por suerte soy abstemio, no fumo y voy bien de salud. Seguro que puedo pasar las pruebas. Gracias por tu aportación de nuevo !",
n3laddx,Seguro que si ^^ ya verás lo bien q te sientes despues :D,1,1752737273.0,4.0,Seguro que si ^^ ya verás lo bien q te sientes despues :D,https://www.reddit.com/r/es/comments/1lzwwg2/opiniones_sobre_donar_sangre_de_forma_altruista/,2025-07-17 07:27:53+00:00,reddit_comments_donacion_sangre.csv,reddit,,2025-07-17,0,0,Seguro que si ^^ ya verás lo bien q te sientes despues :D,
n3lafto,"Piensa que ayudarás a salvarle la vida a las personas, eso es heavy si le das un par de vueltas. A mi me da ganas de llorar jaja (de alegría)",1,1752737310.0,4.0,"Piensa que ayudarás a salvarle la vida a las personas, eso es heavy si le das un par de vueltas. A mi me da ganas de llorar jaja (de alegría)",https://www.reddit.com/r/es/comments/1lzwwg2/opiniones_sobre_donar_sangre_de_forma_altruista/,2025-07-17 07:28:30+00:00,reddit_comments_donacion_sangre.csv,reddit,,2025-07-17,0,0,"Piensa que ayudarás a salvarle la vida a las personas, eso es heavy si le das un par de vueltas. A mi me da ganas de llorar jaja (de alegría)",
n357l4h,"No te calientes tanto la cabeza. Acércate cuando veas que están pidiendo sangre cerca de ti y pregunta tus dudas y que te digan si puedes donar. Prueba una vez y ves qué tal. La mayoría de personas no tenemos problemas. No te cuesta nada, es literalmente perder un ratito. A menos que tengas algún problema médico no te va a afectar en absoluto. Es más, yo tengo endometriosis y, aunque solo he donado una vez por circunstancias , ni me enteré, la verdad. Es algo que da más miedo de lo que realmente es. ",3,1752526286.0,0.0,"No te calientes tanto la cabeza. Acércate cuando veas que están pidiendo sangre cerca de ti y pregunta tus dudas y que te digan si puedes donar. Prueba una vez y ves qué tal. La mayoría de personas no tenemos problemas. No te cuesta nada, es literalmente perder un ratito. A menos que tengas algún problema médico no te va a afectar en absoluto. Es más, yo tengo endometriosis y, aunque solo he donado una vez por circunstancias , ni me enteré, la verdad. Es algo que da más miedo de lo que realmente es.",https://www.reddit.com/r/es/comments/1lzwwg2/opiniones_sobre_donar_sangre_de_forma_altruista/,2025-07-14 20:51:26+00:00,reddit_comments_donacion_sangre.csv,reddit,,2025-07-14,0,0,"No te calientes tanto la cabeza. Acércate cuando veas que están pidiendo sangre cerca de ti y pregunta tus dudas y que te digan si puedes donar. Prueba una vez y ves qué tal. La mayoría de personas no tenemos problemas. No te cuesta nada, es literalmente perder un ratito. A menos que tengas algún problema médico no te va a afectar en absoluto. Es más, yo tengo endometriosis y, aunque solo he donado una vez por circunstancias , ni me enteré, la verdad. Es algo que da más miedo de lo que realmente es.",
n35awpz,"Pues gracias por el comentario, me anima mucho. Tengo pensado ir este fin de semana a un hospital cerca de donde vivo que tiene servicio de donaciones de sangre y voy a ver qué tal la experiencia. De nuevo, gracias por tu tiempo en escribir esto 😀",2,1752527226.0,1.0,"Pues gracias por el comentario, me anima mucho. Tengo pensado ir este fin de semana a un hospital cerca de donde vivo que tiene servicio de donaciones de sangre y voy a ver qué tal la experiencia. De nuevo, gracias por tu tiempo en escribir esto 😀",https://www.reddit.com/r/es/comments/1lzwwg2/opiniones_sobre_donar_sangre_de_forma_altruista/,2025-07-14 21:07:06+00:00,reddit_comments_donacion_sangre.csv,reddit,,2025-07-14,0,0,"Pues gracias por el comentario, me anima mucho. Tengo pensado ir este fin de semana a un hospital cerca de donde vivo que tiene servicio de donaciones de sangre y voy a ver qué tal la experiencia. De nuevo, gracias por tu tiempo en escribir esto",😀
n385wqb,No hay de qué! Espero actualización eh 😀,2,1752567530.0,2.0,No hay de qué! Espero actualización eh 😀,https://www.reddit.com/r/es/comments/1lzwwg2/opiniones_sobre_donar_sangre_de_forma_altruista/,2025-07-15 08:18:50+00:00,reddit_comments_donacion_sangre.csv,reddit,,2025-07-15,0,0,No hay de qué! Espero actualización eh,😀
n358dnl,Es lo poco que hago regularmente que me hace sentirme bien,3,1752526508.0,0.0,Es lo poco que hago regularmente que me hace sentirme bien,https://www.reddit.com/r/es/comments/1lzwwg2/opiniones_sobre_donar_sangre_de_forma_altruista/,2025-07-14 20:55:08+00:00,reddit_comments_donacion_sangre.csv,reddit,,2025-07-14,0,0,Es lo poco que hago regularmente que me hace sentirme bien,
n35b3li,"Por lo que veo, a mucha gente le hace sentir orgullo una vez que donó al saber que hizo algo bueno por el mundo. Gracias por tu comentario, es motivante",1,1752527279.0,1.0,"Por lo que veo, a mucha gente le hace sentir orgullo una vez que donó al saber que hizo algo bueno por el mundo. Gracias por tu comentario, es motivante",https://www.reddit.com/r/es/comments/1lzwwg2/opiniones_sobre_donar_sangre_de_forma_altruista/,2025-07-14 21:07:59+00:00,reddit_comments_donacion_sangre.csv,reddit,,2025-07-14,0,0,"Por lo que veo, a mucha gente le hace sentir orgullo una vez que donó al saber que hizo algo bueno por el mundo. Gracias por tu comentario, es motivante",
n3599jr,"Aparte de la acción altruista, donar sangre o plasma puede ser una manera de [reducir la concentración de químicos eternos en tu organismo](https://pmc.ncbi.nlm.nih.gov/articles/PMC8994130/)",5,1752526756.0,0.0,"Aparte de la acción altruista, donar sangre o plasma puede ser una manera de [reducir la concentración de químicos eternos en tu organismo](https://pmc.ncbi.nlm.nih.gov/articles/PMC8994130/)",https://www.reddit.com/r/es/comments/1lzwwg2/opiniones_sobre_donar_sangre_de_forma_altruista/,2025-07-14 20:59:16+00:00,reddit_comments_donacion_sangre.csv,reddit,,2025-07-14,0,0,"Aparte de la acción altruista, donar sangre o plasma puede ser una manera de [reducir la concentración de químicos eternos en tu organismo](https://pmc.ncbi.nlm.nih.gov/articles/PMC8994130/)",
n35aebe,"Esa información la pude leer, y me pareció muy interesante. Desde luego es un detalle a tener en cuenta. Gracias por tu tiempo en buscar la info y postearla aquí 😀",1,1752527079.0,1.0,"Esa información la pude leer, y me pareció muy interesante. Desde luego es un detalle a tener en cuenta. Gracias por tu tiempo en buscar la info y postearla aquí 😀",https://www.reddit.com/r/es/comments/1lzwwg2/opiniones_sobre_donar_sangre_de_forma_altruista/,2025-07-14 21:04:39+00:00,reddit_comments_donacion_sangre.csv,reddit,,2025-07-14,0,0,"Esa información la pude leer, y me pareció muy interesante. Desde luego es un detalle a tener en cuenta. Gracias por tu tiempo en buscar la info y postearla aquí",😀
n35afsf,"Done hasta que ya no pude, creo que no es altruista, es colaborativo. Si todos donamos todos tendremos sangre cuando haga falta, ya sean accidentes, operaciones u conversiones espontaneas a vampiros, siempre es útil.",3,1752527090.0,0.0,"Done hasta que ya no pude, creo que no es altruista, es colaborativo. Si todos donamos todos tendremos sangre cuando haga falta, ya sean accidentes, operaciones u conversiones espontaneas a vampiros, siempre es útil.",https://www.reddit.com/r/es/comments/1lzwwg2/opiniones_sobre_donar_sangre_de_forma_altruista/,2025-07-14 21:04:50+00:00,reddit_comments_donacion_sangre.csv,reddit,,2025-07-14,0,0,"Done hasta que ya no pude, creo que no es altruista, es colaborativo. Si todos donamos todos tendremos sangre cuando haga falta, ya sean accidentes, operaciones u conversiones espontaneas a vampiros, siempre es útil.",
n35ei1l,Tienes mucha razón. Creo que los que habéis donado tenéis que estar orgullosos de vosotros mismos por vuestra dedicación. Gracias por tu comentario,1,1752528258.0,1.0,Tienes mucha razón. Creo que los que habéis donado tenéis que estar orgullosos de vosotros mismos por vuestra dedicación. Gracias por tu comentario,https://www.reddit.com/r/es/comments/1lzwwg2/opiniones_sobre_donar_sangre_de_forma_altruista/,2025-07-14 21:24:18+00:00,reddit_comments_donacion_sangre.csv,reddit,,2025-07-14,0,0,Tienes mucha razón. Creo que los que habéis donado tenéis que estar orgullosos de vosotros mismos por vuestra dedicación. Gracias por tu comentario,
n35aki1,"Por que iba a estar mal donar sangre? Tengo pensado hacerlo, incluso a veces te dan un bocata jamón. Salvas a alguien y te llevas un bocata win win",5,1752527128.0,0.0,"Por que iba a estar mal donar sangre? Tengo pensado hacerlo, incluso a veces te dan un bocata jamón. Salvas a alguien y te llevas un bocata win win",https://www.reddit.com/r/es/comments/1lzwwg2/opiniones_sobre_donar_sangre_de_forma_altruista/,2025-07-14 21:05:28+00:00,reddit_comments_donacion_sangre.csv,reddit,,2025-07-14,0,0,"Por que iba a estar mal donar sangre? Tengo pensado hacerlo, incluso a veces te dan un bocata jamón. Salvas a alguien y te llevas un bocata win win",
n35enic,"Pues sí, reconozco que todo son ventajas visto de esa forma 😄",2,1752528303.0,1.0,"Pues sí, reconozco que todo son ventajas visto de esa forma 😄",https://www.reddit.com/r/es/comments/1lzwwg2/opiniones_sobre_donar_sangre_de_forma_altruista/,2025-07-14 21:25:03+00:00,reddit_comments_donacion_sangre.csv,reddit,,2025-07-14,0,0,"Pues sí, reconozco que todo son ventajas visto de esa forma",😄
n3534cu,"Yo he donado dos veces, doné el año pasado el día siguiente de hacer los 18 años y medio año más tarde, este verano seguramente vuelva a ir.

Dispara tus preguntas.

Vas a la sala de donaciones, rellenas un formulario, te hacen pasar a una salita donde entregas el formulario y se aseguran que no estás donando en contra de tu voluntad y verifican tu historial médico (ninguna enfermedad ni nada) y te dejan pasar a la zona de donación.

Te estiras, te viene un enfermero/a, preparan la bolsa de sangre y todo y te pinchan con cuidado en un brazo. De ahí simplemente te van preguntando cada 2 o 3 minutos si vas bien (sé sincero, la primera vez me mareé y no llené la bolsa y eso es normal y está bien). 

Mientras te estás sacando la sangre simplemente tienes que mover un poco la mano cada un rato y con el otro brazo mirar el móvil o algo, es bastante aburrido.

Cuando esté la bolsa llena vendrá el enfermero/a y te quitará la aguja con cuidado. Luego te hacen pasar a una sala con bebidas y comida donde puedes coger lo que quieras.

La verdad es que es mucho más aburrido de lo que piensa la gente. Vas ahí, llenas un formulario, te pinchan, te pasas 20-30 minutos tumbado, te quitan la aguja y te dan de comer.

En mí limitada experiencia el personal médico es muy cuidadoso contigo y de hacerlo bien.

Quizá la experiencia es diferente para otra gente, siempre he donado en el hospital clínico de Barcelona, no sé cómo será en otros lugares.",3,1752525032.0,0.0,"Yo he donado dos veces, doné el año pasado el día siguiente de hacer los 18 años y medio año más tarde, este verano seguramente vuelva a ir.

Dispara tus preguntas.

Vas a la sala de donaciones, rellenas un formulario, te hacen pasar a una salita donde entregas el formulario y se aseguran que no estás donando en contra de tu voluntad y verifican tu historial médico (ninguna enfermedad ni nada) y te dejan pasar a la zona de donación.

Te estiras, te viene un enfermero/a, preparan la bolsa de sangre y todo y te pinchan con cuidado en un brazo. De ahí simplemente te van preguntando cada 2 o 3 minutos si vas bien (sé sincero, la primera vez me mareé y no llené la bolsa y eso es normal y está bien). 

Mientras te estás sacando la sangre simplemente tienes que mover un poco la mano cada un rato y con el otro brazo mirar el móvil o algo, es bastante aburrido.

Cuando esté la bolsa llena vendrá el enfermero/a y te quitará la aguja con cuidado. Luego te hacen pasar a una sala con bebidas y comida donde puedes coger lo que quieras.

La verdad es que es mucho más aburrido de lo que piensa la gente. Vas ahí, llenas un formulario, te pinchan, te pasas 20-30 minutos tumbado, te quitan la aguja y te dan de comer.

En mí limitada experiencia el personal médico es muy cuidadoso contigo y de hacerlo bien.

Quizá la experiencia es diferente para otra gente, siempre he donado en el hospital clínico de Barcelona, no sé cómo será en otros lugares.",https://www.reddit.com/r/es/comments/1lzwwg2/opiniones_sobre_donar_sangre_de_forma_altruista/,2025-07-14 20:30:32+00:00,reddit_comments_donacion_sangre.csv,reddit,,2025-07-14,0,0,"Yo he donado dos veces, doné el año pasado el día siguiente de hacer los 18 años y medio año más tarde, este verano seguramente vuelva a ir. Dispara tus preguntas. Vas a la sala de donaciones, rellenas un formulario, te hacen pasar a una salita donde entregas el formulario y se aseguran que no estás donando en contra de tu voluntad y verifican tu historial médico (ninguna enfermedad ni nada) y te dejan pasar a la zona de donación. Te estiras, te viene un enfermero/a, preparan la bolsa de sangre y todo y te pinchan con cuidado en un brazo. De ahí simplemente te van preguntando cada 2 o 3 minutos si vas bien (sé sincero, la primera vez me mareé y no llené la bolsa y eso es normal y está bien). Mientras te estás sacando la sangre simplemente tienes que mover un poco la mano cada un rato y con el otro brazo mirar el móvil o algo, es bastante aburrido. Cuando esté la bolsa llena vendrá el enfermero/a y te quitará la aguja con cuidado. Luego te hacen pasar a una sala con bebidas y comida donde puedes coger lo que quieras. La verdad es que es mucho más aburrido de lo que piensa la gente. Vas ahí, llenas un formulario, te pinchan, te pasas 20-30 minutos tumbado, te quitan la aguja y te dan de comer. En mí limitada experiencia el personal médico es muy cuidadoso contigo y de hacerlo bien. Quizá la experiencia es diferente para otra gente, siempre he donado en el hospital clínico de Barcelona, no sé cómo será en otros lugares.",
n3uzy3z,"Hola ! Pues la verdad es que no tengo preguntas porque me has explicado todo muy bien. De hecho, una de las preguntas que tenía en mente era cuanto duraba el proceso.  Pero ya me lo has explicado en tu escrito. Tengo también entendido por lo que dicen otros que te Dan unos análisis de tu sangre después de hacer la donación, aunque no sé si dependerá eso del hospital al que vayas a donar. La verdad es que te agradezco toda la información que me has dado. Me aclaraste muchas dudas y te lo agradezco, que tengas un buen día !",2,1752862845.0,1.0,"Hola ! Pues la verdad es que no tengo preguntas porque me has explicado todo muy bien. De hecho, una de las preguntas que tenía en mente era cuanto duraba el proceso.  Pero ya me lo has explicado en tu escrito. Tengo también entendido por lo que dicen otros que te Dan unos análisis de tu sangre después de hacer la donación, aunque no sé si dependerá eso del hospital al que vayas a donar. La verdad es que te agradezco toda la información que me has dado. Me aclaraste muchas dudas y te lo agradezco, que tengas un buen día !",https://www.reddit.com/r/es/comments/1lzwwg2/opiniones_sobre_donar_sangre_de_forma_altruista/,2025-07-18 18:20:45+00:00,reddit_comments_donacion_sangre.csv,reddit,,2025-07-18,0,0,"Hola ! Pues la verdad es que no tengo preguntas porque me has explicado todo muy bien. De hecho, una de las preguntas que tenía en mente era cuanto duraba el proceso. Pero ya me lo has explicado en tu escrito. Tengo también entendido por lo que dicen otros que te Dan unos análisis de tu sangre después de hacer la donación, aunque no sé si dependerá eso del hospital al que vayas a donar. La verdad es que te agradezco toda la información que me has dado. Me aclaraste muchas dudas y te lo agradezco, que tengas un buen día !",
n3v1t30,"Hasta donde tengo entendido el análisis te lo hacen siempre (a mí me lo han hecho las dos veces), es más bien para que no tengas una enfermedad sin diagnosticar o para asegurarse de que no hayas mentido. Solo miran si tienes enfermedades, no te miran nada más.

Buen día : )

Edit: Por cierto, depende de la persona podría ser que tardaras más rato. Esto depende de un millón de factores. De si estás nervioso, de tu edad, condición física, si hacía calor antes de entrar... Pero para la mayoría de gente 40 minutos es el máximo rato que te van a estar sacando sangre.",2,1752863389.0,2.0,"Hasta donde tengo entendido el análisis te lo hacen siempre (a mí me lo han hecho las dos veces), es más bien para que no tengas una enfermedad sin diagnosticar o para asegurarse de que no hayas mentido. Solo miran si tienes enfermedades, no te miran nada más.

Buen día : )

Edit: Por cierto, depende de la persona podría ser que tardaras más rato. Esto depende de un millón de factores. De si estás nervioso, de tu edad, condición física, si hacía calor antes de entrar... Pero para la mayoría de gente 40 minutos es el máximo rato que te van a estar sacando sangre.",https://www.reddit.com/r/es/comments/1lzwwg2/opiniones_sobre_donar_sangre_de_forma_altruista/,2025-07-18 18:29:49+00:00,reddit_comments_donacion_sangre.csv,reddit,,2025-07-18,0,0,"Hasta donde tengo entendido el análisis te lo hacen siempre (a mí me lo han hecho las dos veces), es más bien para que no tengas una enfermedad sin diagnosticar o para asegurarse de que no hayas mentido. Solo miran si tienes enfermedades, no te miran nada más. Buen día : ) Edit: Por cierto, depende de la persona podría ser que tardaras más rato. Esto depende de un millón de factores. De si estás nervioso, de tu edad, condición física, si hacía calor antes de entrar... Pero para la mayoría de gente 40 minutos es el máximo rato que te van a estar sacando sangre.",
n3xptam,"Pues muchas gracias de nuevo por la información.  Es bueno saber los detalles de cómo es algo nuevo antes de hacerlo por primera vez para saber cómo es el proceso y lo que te espera. De nuevo, gracias por tu tiempo escribiendo y que pases un buen día 🙂",2,1752895927.0,3.0,"Pues muchas gracias de nuevo por la información.  Es bueno saber los detalles de cómo es algo nuevo antes de hacerlo por primera vez para saber cómo es el proceso y lo que te espera. De nuevo, gracias por tu tiempo escribiendo y que pases un buen día 🙂",https://www.reddit.com/r/es/comments/1lzwwg2/opiniones_sobre_donar_sangre_de_forma_altruista/,2025-07-19 03:32:07+00:00,reddit_comments_donacion_sangre.csv,reddit,,2025-07-19,0,0,"Pues muchas gracias de nuevo por la información. Es bueno saber los detalles de cómo es algo nuevo antes de hacerlo por primera vez para saber cómo es el proceso y lo que te espera. De nuevo, gracias por tu tiempo escribiendo y que pases un buen día",🙂
n356ucv,"Empecé a donar en la universidad.

Vi a los de cruz roja hablando con los porretas de la puerta que la gente ignoraba y me dio algo de pena supongo. 

Diría que he ido cada 3 meses a donar. 

Has de tomar algo antes pero te dan un bocata y un refresco luego. 

A veces hay jovenes que van en grupo y tardan demasiado/se quedan los sitios de descanso breve post donación pero intentan regular esto para que no sea un desmadre.",3,1752526077.0,0.0,"Empecé a donar en la universidad.

Vi a los de cruz roja hablando con los porretas de la puerta que la gente ignoraba y me dio algo de pena supongo. 

Diría que he ido cada 3 meses a donar. 

Has de tomar algo antes pero te dan un bocata y un refresco luego. 

A veces hay jovenes que van en grupo y tardan demasiado/se quedan los sitios de descanso breve post donación pero intentan regular esto para que no sea un desmadre.",https://www.reddit.com/r/es/comments/1lzwwg2/opiniones_sobre_donar_sangre_de_forma_altruista/,2025-07-14 20:47:57+00:00,reddit_comments_donacion_sangre.csv,reddit,,2025-07-14,0,0,Empecé a donar en la universidad. Vi a los de cruz roja hablando con los porretas de la puerta que la gente ignoraba y me dio algo de pena supongo. Diría que he ido cada 3 meses a donar. Has de tomar algo antes pero te dan un bocata y un refresco luego. A veces hay jovenes que van en grupo y tardan demasiado/se quedan los sitios de descanso breve post donación pero intentan regular esto para que no sea un desmadre.,
n359xf7,"Gracias por la información, fue muy útil. En mi caso, no tuve la oportunidad de hacer eso en mi universidad, pero nunca es tarde para empezar. De nuevo gracias y un saludo",1,1752526944.0,1.0,"Gracias por la información, fue muy útil. En mi caso, no tuve la oportunidad de hacer eso en mi universidad, pero nunca es tarde para empezar. De nuevo gracias y un saludo",https://www.reddit.com/r/es/comments/1lzwwg2/opiniones_sobre_donar_sangre_de_forma_altruista/,2025-07-14 21:02:24+00:00,reddit_comments_donacion_sangre.csv,reddit,,2025-07-14,0,0,"Gracias por la información, fue muy útil. En mi caso, no tuve la oportunidad de hacer eso en mi universidad, pero nunca es tarde para empezar. De nuevo gracias y un saludo",
n356y6o,"Yo dono desde hace unos doce años, de forma intermitente. No me cuesta nada y literalmente salvas vidas.",3,1752526107.0,0.0,"Yo dono desde hace unos doce años, de forma intermitente. No me cuesta nada y literalmente salvas vidas.",https://www.reddit.com/r/es/comments/1lzwwg2/opiniones_sobre_donar_sangre_de_forma_altruista/,2025-07-14 20:48:27+00:00,reddit_comments_donacion_sangre.csv,reddit,,2025-07-14,0,0,"Yo dono desde hace unos doce años, de forma intermitente. No me cuesta nada y literalmente salvas vidas.",
n35alvv,"Eso es mucho tiempo. Debes de estar orgulloso de ti mismo, yo lo estaría. Gracias por tu comentario en el hilo y un saludo !",1,1752527139.0,1.0,"Eso es mucho tiempo. Debes de estar orgulloso de ti mismo, yo lo estaría. Gracias por tu comentario en el hilo y un saludo !",https://www.reddit.com/r/es/comments/1lzwwg2/opiniones_sobre_donar_sangre_de_forma_altruista/,2025-07-14 21:05:39+00:00,reddit_comments_donacion_sangre.csv,reddit,,2025-07-14,0,0,"Eso es mucho tiempo. Debes de estar orgulloso de ti mismo, yo lo estaría. Gracias por tu comentario en el hilo y un saludo !",
n35by9q,"Yo intento donar lo máximo posible, para mantener el suministro se necesitan muchas donaciones al día, es muy gratificante porque haces un servicio a las sociedad que puede ser necesario en caso de emergencia. Si te gusta el tema te recomendaría hacerte donante de médula, no cuesta nada y puedes salvar una vida",3,1752527525.0,0.0,"Yo intento donar lo máximo posible, para mantener el suministro se necesitan muchas donaciones al día, es muy gratificante porque haces un servicio a las sociedad que puede ser necesario en caso de emergencia. Si te gusta el tema te recomendaría hacerte donante de médula, no cuesta nada y puedes salvar una vida",https://www.reddit.com/r/es/comments/1lzwwg2/opiniones_sobre_donar_sangre_de_forma_altruista/,2025-07-14 21:12:05+00:00,reddit_comments_donacion_sangre.csv,reddit,,2025-07-14,0,0,"Yo intento donar lo máximo posible, para mantener el suministro se necesitan muchas donaciones al día, es muy gratificante porque haces un servicio a las sociedad que puede ser necesario en caso de emergencia. Si te gusta el tema te recomendaría hacerte donante de médula, no cuesta nada y puedes salvar una vida",
n35ftn4,"Muchas gracias por tu comentario. Lo voy a tener en cuenta lo que me has dicho de la médula. De momento, como soy novato en esto me presentaré al de sangre pero ya he visto otra gente hablando sobre donación de médula también y es interesante. Gracias por tu tiempo y un saludo  !",2,1752528646.0,1.0,"Muchas gracias por tu comentario. Lo voy a tener en cuenta lo que me has dicho de la médula. De momento, como soy novato en esto me presentaré al de sangre pero ya he visto otra gente hablando sobre donación de médula también y es interesante. Gracias por tu tiempo y un saludo  !",https://www.reddit.com/r/es/comments/1lzwwg2/opiniones_sobre_donar_sangre_de_forma_altruista/,2025-07-14 21:30:46+00:00,reddit_comments_donacion_sangre.csv,reddit,,2025-07-14,0,0,"Muchas gracias por tu comentario. Lo voy a tener en cuenta lo que me has dicho de la médula. De momento, como soy novato en esto me presentaré al de sangre pero ya he visto otra gente hablando sobre donación de médula también y es interesante. Gracias por tu tiempo y un saludo !",
n35cciq,"Yo lo hago con frecuencia. No se puede sintetizar, y cualquier día puedes necesitarla tú. ",3,1752527639.0,0.0,"Yo lo hago con frecuencia. No se puede sintetizar, y cualquier día puedes necesitarla tú.",https://www.reddit.com/r/es/comments/1lzwwg2/opiniones_sobre_donar_sangre_de_forma_altruista/,2025-07-14 21:13:59+00:00,reddit_comments_donacion_sangre.csv,reddit,,2025-07-14,0,0,"Yo lo hago con frecuencia. No se puede sintetizar, y cualquier día puedes necesitarla tú.",
n35gjzz,"Eso es muy cierto. Siendo honestos, es una gran verdad la que has dicho en tu última frase",1,1752528860.0,1.0,"Eso es muy cierto. Siendo honestos, es una gran verdad la que has dicho en tu última frase",https://www.reddit.com/r/es/comments/1lzwwg2/opiniones_sobre_donar_sangre_de_forma_altruista/,2025-07-14 21:34:20+00:00,reddit_comments_donacion_sangre.csv,reddit,,2025-07-14,0,0,"Eso es muy cierto. Siendo honestos, es una gran verdad la que has dicho en tu última frase",
n35d6no,"Siempre que puedo dono, y mi esposa también. Ella es 0-  y normalmente la sangre que dona se usa en uno o dos días por la demanda, es muy importante donar.",3,1752527879.0,0.0,"Siempre que puedo dono, y mi esposa también. Ella es 0-  y normalmente la sangre que dona se usa en uno o dos días por la demanda, es muy importante donar.",https://www.reddit.com/r/es/comments/1lzwwg2/opiniones_sobre_donar_sangre_de_forma_altruista/,2025-07-14 21:17:59+00:00,reddit_comments_donacion_sangre.csv,reddit,,2025-07-14,0,0,"Siempre que puedo dono, y mi esposa también. Ella es 0- y normalmente la sangre que dona se usa en uno o dos días por la demanda, es muy importante donar.",
n35grie,"Reconozco que saber qué tipo de sangre tienes así como tus posibilidades para donar, es realmente importante. En mi caso desconozco la mía, así que será bueno saberlo. Gracias por tu comentario y un saludo a ti y a tu esposa",1,1752528921.0,1.0,"Reconozco que saber qué tipo de sangre tienes así como tus posibilidades para donar, es realmente importante. En mi caso desconozco la mía, así que será bueno saberlo. Gracias por tu comentario y un saludo a ti y a tu esposa",https://www.reddit.com/r/es/comments/1lzwwg2/opiniones_sobre_donar_sangre_de_forma_altruista/,2025-07-14 21:35:21+00:00,reddit_comments_donacion_sangre.csv,reddit,,2025-07-14,0,0,"Reconozco que saber qué tipo de sangre tienes así como tus posibilidades para donar, es realmente importante. En mi caso desconozco la mía, así que será bueno saberlo. Gracias por tu comentario y un saludo a ti y a tu esposa",
n35p4q5,"Dono plasma cada 15 días.
Anímate ",3,1752531471.0,0.0,"Dono plasma cada 15 días.
Anímate",https://www.reddit.com/r/es/comments/1lzwwg2/opiniones_sobre_donar_sangre_de_forma_altruista/,2025-07-14 22:17:51+00:00,reddit_comments_donacion_sangre.csv,reddit,,2025-07-14,0,0,Dono plasma cada 15 días. Anímate,
n3hhpp2,Eso haré ! Ahora que empiezo las vacaciones me animaré a empezar a hacerlo en el hospital de mi ciudad. Gracias por el comentario y un saludo !,1,1752689298.0,1.0,Eso haré ! Ahora que empiezo las vacaciones me animaré a empezar a hacerlo en el hospital de mi ciudad. Gracias por el comentario y un saludo !,https://www.reddit.com/r/es/comments/1lzwwg2/opiniones_sobre_donar_sangre_de_forma_altruista/,2025-07-16 18:08:18+00:00,reddit_comments_donacion_sangre.csv,reddit,,2025-07-16,0,0,Eso haré ! Ahora que empiezo las vacaciones me animaré a empezar a hacerlo en el hospital de mi ciudad. Gracias por el comentario y un saludo !,
n3rvajq,Leí por ahí que al donar sangre te limpias de microplásticos y otras mierdas como lo del teflón de las sartenes que vamos ingiriendo. Una motivación extra jeje,3,1752821338.0,0.0,Leí por ahí que al donar sangre te limpias de microplásticos y otras mierdas como lo del teflón de las sartenes que vamos ingiriendo. Una motivación extra jeje,https://www.reddit.com/r/es/comments/1lzwwg2/opiniones_sobre_donar_sangre_de_forma_altruista/,2025-07-18 06:48:58+00:00,reddit_comments_donacion_sangre.csv,reddit,,2025-07-18,0,0,Leí por ahí que al donar sangre te limpias de microplásticos y otras mierdas como lo del teflón de las sartenes que vamos ingiriendo. Una motivación extra jeje,
n3utsld,Sí que he leído por ahí que te limpias algo la sangre después de hacer una donación. No sé qué porcentaje te limpiará pero es interesante saberlo y un añadido. Gracias por el comentario y un saludo!,1,1752861065.0,1.0,Sí que he leído por ahí que te limpias algo la sangre después de hacer una donación. No sé qué porcentaje te limpiará pero es interesante saberlo y un añadido. Gracias por el comentario y un saludo!,https://www.reddit.com/r/es/comments/1lzwwg2/opiniones_sobre_donar_sangre_de_forma_altruista/,2025-07-18 17:51:05+00:00,reddit_comments_donacion_sangre.csv,reddit,,2025-07-18,0,0,Sí que he leído por ahí que te limpias algo la sangre después de hacer una donación. No sé qué porcentaje te limpiará pero es interesante saberlo y un añadido. Gracias por el comentario y un saludo!,
n34zfvg,"Salvo que tengas problemas médicos, pánico a las agujas o algo semejante, donar sangre es bueno para ti además de un acto solidario. Una búsqueda de unos segundos y das con cosas como esta: https://www.eldiario.es/consumoclaro/tu-mejor-yo/ventajas-salud-donar-sangre-no-conocias_1_9594235.html",4,1752524015.0,0.0,"Salvo que tengas problemas médicos, pánico a las agujas o algo semejante, donar sangre es bueno para ti además de un acto solidario. Una búsqueda de unos segundos y das con cosas como esta: https://www.eldiario.es/consumoclaro/tu-mejor-yo/ventajas-salud-donar-sangre-no-conocias_1_9594235.html",https://www.reddit.com/r/es/comments/1lzwwg2/opiniones_sobre_donar_sangre_de_forma_altruista/,2025-07-14 20:13:35+00:00,reddit_comments_donacion_sangre.csv,reddit,,2025-07-14,0,0,"Salvo que tengas problemas médicos, pánico a las agujas o algo semejante, donar sangre es bueno para ti además de un acto solidario. Una búsqueda de unos segundos y das con cosas como esta: https://www.eldiario.es/consumoclaro/tu-mejor-yo/ventajas-salud-donar-sangre-no-conocias_1_9594235.html",
n351bvv,"Te agradezco la información y el posteo del link para conocer más. Ahora le echaré un vistazo. Por suerte, no tengo problemas médicos generales así que no creo que me encuentre ninguna traba para poder donar. De nuevo, gracias",1,1752524536.0,1.0,"Te agradezco la información y el posteo del link para conocer más. Ahora le echaré un vistazo. Por suerte, no tengo problemas médicos generales así que no creo que me encuentre ninguna traba para poder donar. De nuevo, gracias",https://www.reddit.com/r/es/comments/1lzwwg2/opiniones_sobre_donar_sangre_de_forma_altruista/,2025-07-14 20:22:16+00:00,reddit_comments_donacion_sangre.csv,reddit,,2025-07-14,0,0,"Te agradezco la información y el posteo del link para conocer más. Ahora le echaré un vistazo. Por suerte, no tengo problemas médicos generales así que no creo que me encuentre ninguna traba para poder donar. De nuevo, gracias",
n350vxi,"0 problemas. Doné en un instituto cuando vinieron los del hospital y las enfermeras pilotaban muchísimo. Prácticamente ni te das cuenta, una ligera molestia. Y te dan descuentos para el cine 😁",2,1752524414.0,0.0,"0 problemas. Doné en un instituto cuando vinieron los del hospital y las enfermeras pilotaban muchísimo. Prácticamente ni te das cuenta, una ligera molestia. Y te dan descuentos para el cine 😁",https://www.reddit.com/r/es/comments/1lzwwg2/opiniones_sobre_donar_sangre_de_forma_altruista/,2025-07-14 20:20:14+00:00,reddit_comments_donacion_sangre.csv,reddit,,2025-07-14,0,0,"0 problemas. Doné en un instituto cuando vinieron los del hospital y las enfermeras pilotaban muchísimo. Prácticamente ni te das cuenta, una ligera molestia. Y te dan descuentos para el cine",😁
n352mix,"Jajajaja Me conformo con que no me hagan mucho daño a la hora de pincharme 😂 Pero lo de las entradas de cine en un caso hipotético que las sigan repartiendo siempre es un añadido, es cierto",2,1752524895.0,1.0,"Jajajaja Me conformo con que no me hagan mucho daño a la hora de pincharme 😂 Pero lo de las entradas de cine en un caso hipotético que las sigan repartiendo siempre es un añadido, es cierto",https://www.reddit.com/r/es/comments/1lzwwg2/opiniones_sobre_donar_sangre_de_forma_altruista/,2025-07-14 20:28:15+00:00,reddit_comments_donacion_sangre.csv,reddit,,2025-07-14,0,0,"Jajajaja Me conformo con que no me hagan mucho daño a la hora de pincharme Pero lo de las entradas de cine en un caso hipotético que las sigan repartiendo siempre es un añadido, es cierto",😂
n355b6b,"Qué va, casi ni te enteras!! Y te lo dice alguien que le tiene panico a las agujas jajaja, pero todo sea por ayudar. Soy O- con lo cual es un plus porque mi sangre le vale a todo el mundo 😌",2,1752525647.0,2.0,"Qué va, casi ni te enteras!! Y te lo dice alguien que le tiene panico a las agujas jajaja, pero todo sea por ayudar. Soy O- con lo cual es un plus porque mi sangre le vale a todo el mundo 😌",https://www.reddit.com/r/es/comments/1lzwwg2/opiniones_sobre_donar_sangre_de_forma_altruista/,2025-07-14 20:40:47+00:00,reddit_comments_donacion_sangre.csv,reddit,,2025-07-14,0,0,"Qué va, casi ni te enteras!! Y te lo dice alguien que le tiene panico a las agujas jajaja, pero todo sea por ayudar. Soy O- con lo cual es un plus porque mi sangre le vale a todo el mundo",😌
n358b2m,"Pues es muy interesante. A decir verdad, no sé cuál es el tipo de sangre que tengo yo así que será interesante saberlo a la hora de hacer mis donaciones. No tengo miedo a las agujas en mi caso, pero es bueno saberlo. De nuevo, gracias por tu ayuda a mi y al mundo 😄",2,1752526488.0,3.0,"Pues es muy interesante. A decir verdad, no sé cuál es el tipo de sangre que tengo yo así que será interesante saberlo a la hora de hacer mis donaciones. No tengo miedo a las agujas en mi caso, pero es bueno saberlo. De nuevo, gracias por tu ayuda a mi y al mundo 😄",https://www.reddit.com/r/es/comments/1lzwwg2/opiniones_sobre_donar_sangre_de_forma_altruista/,2025-07-14 20:54:48+00:00,reddit_comments_donacion_sangre.csv,reddit,,2025-07-14,0,0,"Pues es muy interesante. A decir verdad, no sé cuál es el tipo de sangre que tengo yo así que será interesante saberlo a la hora de hacer mis donaciones. No tengo miedo a las agujas en mi caso, pero es bueno saberlo. De nuevo, gracias por tu ayuda a mi y al mundo",😄
n352xw1,"Siempre me alegra ver que más gente se apunta a donar sangre, pero ojalá en España se incentivara más.

Aunque el modelo actual se basa en el altruismo y está muy bien, desgraciadamente la mayor parte de la sociedad no funciona así. Hay estudios que respaldan el hecho de que incentivos como descuentos, vales culturales o una pequeña compensación económica augmenta significativamente el número de donaciones sin comprometer la seguridad del proceso ni el compromiso de los donantes que ya donan sangre de forma altruista.

Y tampoco se trata de convertir la sangre en un negocio, sino de reconocer que valorar el tiempo y el esfuerzo de las personas donantes es muy efectivo, tanto para captar nuevos donantes, como para que vuelvan aquellos que ya donaron.",2,1752524983.0,0.0,"Siempre me alegra ver que más gente se apunta a donar sangre, pero ojalá en España se incentivara más.

Aunque el modelo actual se basa en el altruismo y está muy bien, desgraciadamente la mayor parte de la sociedad no funciona así. Hay estudios que respaldan el hecho de que incentivos como descuentos, vales culturales o una pequeña compensación económica augmenta significativamente el número de donaciones sin comprometer la seguridad del proceso ni el compromiso de los donantes que ya donan sangre de forma altruista.

Y tampoco se trata de convertir la sangre en un negocio, sino de reconocer que valorar el tiempo y el esfuerzo de las personas donantes es muy efectivo, tanto para captar nuevos donantes, como para que vuelvan aquellos que ya donaron.",https://www.reddit.com/r/es/comments/1lzwwg2/opiniones_sobre_donar_sangre_de_forma_altruista/,2025-07-14 20:29:43+00:00,reddit_comments_donacion_sangre.csv,reddit,,2025-07-14,0,0,"Siempre me alegra ver que más gente se apunta a donar sangre, pero ojalá en España se incentivara más. Aunque el modelo actual se basa en el altruismo y está muy bien, desgraciadamente la mayor parte de la sociedad no funciona así. Hay estudios que respaldan el hecho de que incentivos como descuentos, vales culturales o una pequeña compensación económica augmenta significativamente el número de donaciones sin comprometer la seguridad del proceso ni el compromiso de los donantes que ya donan sangre de forma altruista. Y tampoco se trata de convertir la sangre en un negocio, sino de reconocer que valorar el tiempo y el esfuerzo de las personas donantes es muy efectivo, tanto para captar nuevos donantes, como para que vuelvan aquellos que ya donaron.",
n3hi7zs,"Creo que como tú dices es importante valorar el esfuerzo que hace la gente para poder sacar tiempo y esfuerzo y salir a donar. Además, he leído por aquí a gente que tiene miedo a las agujas y aún así hace el esfuerzo de ir a donar. Sea como sea, el reconocimiento a esa gente aunque sea por Internet como nosotros me parece lo mínimo, la verdad. Gracias por el comentario y un saludo",1,1752689438.0,1.0,"Creo que como tú dices es importante valorar el esfuerzo que hace la gente para poder sacar tiempo y esfuerzo y salir a donar. Además, he leído por aquí a gente que tiene miedo a las agujas y aún así hace el esfuerzo de ir a donar. Sea como sea, el reconocimiento a esa gente aunque sea por Internet como nosotros me parece lo mínimo, la verdad. Gracias por el comentario y un saludo",https://www.reddit.com/r/es/comments/1lzwwg2/opiniones_sobre_donar_sangre_de_forma_altruista/,2025-07-16 18:10:38+00:00,reddit_comments_donacion_sangre.csv,reddit,,2025-07-16,0,0,"Creo que como tú dices es importante valorar el esfuerzo que hace la gente para poder sacar tiempo y esfuerzo y salir a donar. Además, he leído por aquí a gente que tiene miedo a las agujas y aún así hace el esfuerzo de ir a donar. Sea como sea, el reconocimiento a esa gente aunque sea por Internet como nosotros me parece lo mínimo, la verdad. Gracias por el comentario y un saludo",
n37quv0,"España es uno de los países del mundo donde más donaciones de sangre se hacen, y de hecho, también transplantes. No hace falta dar ningún incentivo, ya te dan algo de comer y a veces tienen descuentillos en cine o eventos.

De hecho, si pagasen por las donaciones, posiblemente me costaría más ir.",0,1752559168.0,1.0,"España es uno de los países del mundo donde más donaciones de sangre se hacen, y de hecho, también transplantes. No hace falta dar ningún incentivo, ya te dan algo de comer y a veces tienen descuentillos en cine o eventos.

De hecho, si pagasen por las donaciones, posiblemente me costaría más ir.",https://www.reddit.com/r/es/comments/1lzwwg2/opiniones_sobre_donar_sangre_de_forma_altruista/,2025-07-15 05:59:28+00:00,reddit_comments_donacion_sangre.csv,reddit,,2025-07-15,0,0,"España es uno de los países del mundo donde más donaciones de sangre se hacen, y de hecho, también transplantes. No hace falta dar ningún incentivo, ya te dan algo de comer y a veces tienen descuentillos en cine o eventos. De hecho, si pagasen por las donaciones, posiblemente me costaría más ir.",
n353h3j,"Dono regularmente. Es muy facil donar aquí en España. Siempre quería donarla en mi país también pero necesitaba ir al algunos sitios muy especificos y horas muy especificas. Estoy donante de medula también hace mucho años (he hecho en mi país). 

Porqué hago? No sé. No estoy segura si están usando mi sangre tampoco porque es un tipo muy común. 

La gente trabajando ahí son muy amables. Luego dan refrescos y frutos secos jejejej. Y donde estoy, dan billetes de cinema con descuento.",2,1752525130.0,0.0,"Dono regularmente. Es muy facil donar aquí en España. Siempre quería donarla en mi país también pero necesitaba ir al algunos sitios muy especificos y horas muy especificas. Estoy donante de medula también hace mucho años (he hecho en mi país). 

Porqué hago? No sé. No estoy segura si están usando mi sangre tampoco porque es un tipo muy común. 

La gente trabajando ahí son muy amables. Luego dan refrescos y frutos secos jejejej. Y donde estoy, dan billetes de cinema con descuento.",https://www.reddit.com/r/es/comments/1lzwwg2/opiniones_sobre_donar_sangre_de_forma_altruista/,2025-07-14 20:32:10+00:00,reddit_comments_donacion_sangre.csv,reddit,,2025-07-14,0,0,"Dono regularmente. Es muy facil donar aquí en España. Siempre quería donarla en mi país también pero necesitaba ir al algunos sitios muy especificos y horas muy especificas. Estoy donante de medula también hace mucho años (he hecho en mi país). Porqué hago? No sé. No estoy segura si están usando mi sangre tampoco porque es un tipo muy común. La gente trabajando ahí son muy amables. Luego dan refrescos y frutos secos jejejej. Y donde estoy, dan billetes de cinema con descuento.",
n355s8b,"Gracias por tu comentario. Ha sido interesantes leerte. No sé si seguirán dando billetes para el cine, pero es un buen añadido 😀 Tengamos fé en que las donaciones lleguen a un buen sitio. Gracias por tu tiempo escribiendo aquí",2,1752525780.0,1.0,"Gracias por tu comentario. Ha sido interesantes leerte. No sé si seguirán dando billetes para el cine, pero es un buen añadido 😀 Tengamos fé en que las donaciones lleguen a un buen sitio. Gracias por tu tiempo escribiendo aquí",https://www.reddit.com/r/es/comments/1lzwwg2/opiniones_sobre_donar_sangre_de_forma_altruista/,2025-07-14 20:43:00+00:00,reddit_comments_donacion_sangre.csv,reddit,,2025-07-14,0,0,"Gracias por tu comentario. Ha sido interesantes leerte. No sé si seguirán dando billetes para el cine, pero es un buen añadido Tengamos fé en que las donaciones lleguen a un buen sitio. Gracias por tu tiempo escribiendo aquí",😀
n353k6i,"Una galletita y un juguito y pa casa

Pd: no donen sangre despues de un turno de 36 hrs, van a estar bien mareados, yo hice esa mamada y para rematar la ultima vez que habia comido es la noche anterior al dia de la donación, quede echo mierda y cai a dormir al llegar a casa",2,1752525153.0,0.0,"Una galletita y un juguito y pa casa

Pd: no donen sangre despues de un turno de 36 hrs, van a estar bien mareados, yo hice esa mamada y para rematar la ultima vez que habia comido es la noche anterior al dia de la donación, quede echo mierda y cai a dormir al llegar a casa",https://www.reddit.com/r/es/comments/1lzwwg2/opiniones_sobre_donar_sangre_de_forma_altruista/,2025-07-14 20:32:33+00:00,reddit_comments_donacion_sangre.csv,reddit,,2025-07-14,0,0,"Una galletita y un juguito y pa casa Pd: no donen sangre despues de un turno de 36 hrs, van a estar bien mareados, yo hice esa mamada y para rematar la ultima vez que habia comido es la noche anterior al dia de la donación, quede echo mierda y cai a dormir al llegar a casa",
n3563c0,"Gracias por escribir. Por lo que leído, hay personas que le Dan mareos después de hacer una donación. Creo que por eso iré a donar después de comer algo, así que evitaré los posibles efectos de un mareo. Gracias por tu tiempo escribiendo",2,1752525867.0,1.0,"Gracias por escribir. Por lo que leído, hay personas que le Dan mareos después de hacer una donación. Creo que por eso iré a donar después de comer algo, así que evitaré los posibles efectos de un mareo. Gracias por tu tiempo escribiendo",https://www.reddit.com/r/es/comments/1lzwwg2/opiniones_sobre_donar_sangre_de_forma_altruista/,2025-07-14 20:44:27+00:00,reddit_comments_donacion_sangre.csv,reddit,,2025-07-14,0,0,"Gracias por escribir. Por lo que leído, hay personas que le Dan mareos después de hacer una donación. Creo que por eso iré a donar después de comer algo, así que evitaré los posibles efectos de un mareo. Gracias por tu tiempo escribiendo",
n353z6p,"&gt;Opiniones sobre donar sangre de forma altruista

Es que en España no hay otra forma de donar sangre. Si lo haces será siempre de forma altruista y para ayudar a los demás porque no está remunerado. Y esto es así por ley. Lo que  sí te darán será alguna bebida azucarada y algún dulce o algo así, básicamente para que repongas glucosa y líquidos tras la donación.

En cuanto a las opiniones, qué es exactamente lo que quieres saber? 

La experiencia, pues nada que no te puedas imaginar. Vas al sitio de la donación, te verá un médico, te hará algunas preguntas acerca de tu estado de salud general, peso, etc. Te tomarán la tensión y te medirán la glucosa y si todo está bien, pasarás a una camilla. Te pincharán con una aguja relativamente gruesa para que el flujo de sangre sea correcto, te sacarán como 1/2 L o así, y después te darán algo con azúcar para que te repongas y te quedas allí un ratito hasta estar seguro de que no te va a dar una pájara.

En cuanto a los motivos, creo que eso ya está respondido. No sé si hay algo más que necesites saber.",2,1752525270.0,0.0,"&gt;Opiniones sobre donar sangre de forma altruista

Es que en España no hay otra forma de donar sangre. Si lo haces será siempre de forma altruista y para ayudar a los demás porque no está remunerado. Y esto es así por ley. Lo que  sí te darán será alguna bebida azucarada y algún dulce o algo así, básicamente para que repongas glucosa y líquidos tras la donación.

En cuanto a las opiniones, qué es exactamente lo que quieres saber? 

La experiencia, pues nada que no te puedas imaginar. Vas al sitio de la donación, te verá un médico, te hará algunas preguntas acerca de tu estado de salud general, peso, etc. Te tomarán la tensión y te medirán la glucosa y si todo está bien, pasarás a una camilla. Te pincharán con una aguja relativamente gruesa para que el flujo de sangre sea correcto, te sacarán como 1/2 L o así, y después te darán algo con azúcar para que te repongas y te quedas allí un ratito hasta estar seguro de que no te va a dar una pájara.

En cuanto a los motivos, creo que eso ya está respondido. No sé si hay algo más que necesites saber.",https://www.reddit.com/r/es/comments/1lzwwg2/opiniones_sobre_donar_sangre_de_forma_altruista/,2025-07-14 20:34:30+00:00,reddit_comments_donacion_sangre.csv,reddit,,2025-07-14,0,0,"&gt;Opiniones sobre donar sangre de forma altruista Es que en España no hay otra forma de donar sangre. Si lo haces será siempre de forma altruista y para ayudar a los demás porque no está remunerado. Y esto es así por ley. Lo que sí te darán será alguna bebida azucarada y algún dulce o algo así, básicamente para que repongas glucosa y líquidos tras la donación. En cuanto a las opiniones, qué es exactamente lo que quieres saber? La experiencia, pues nada que no te puedas imaginar. Vas al sitio de la donación, te verá un médico, te hará algunas preguntas acerca de tu estado de salud general, peso, etc. Te tomarán la tensión y te medirán la glucosa y si todo está bien, pasarás a una camilla. Te pincharán con una aguja relativamente gruesa para que el flujo de sangre sea correcto, te sacarán como 1/2 L o así, y después te darán algo con azúcar para que te repongas y te quedas allí un ratito hasta estar seguro de que no te va a dar una pájara. En cuanto a los motivos, creo que eso ya está respondido. No sé si hay algo más que necesites saber.",
n357371,"Lo primero de todo, pues gracias por escribir de forma tan detallada la experiencia y lo que te hacen. En términos generales esto es lo que buscaba en cuanto a información; saber cuanto tiempo estabas allí, algún consejo sobre si ir en ayunas o después de comer, El protocolo general antes de pincharte... en realidad, has respondido a prácticamente todo lo que tenía en mente, así que gracias por tu tiempo escribiendome",1,1752526147.0,1.0,"Lo primero de todo, pues gracias por escribir de forma tan detallada la experiencia y lo que te hacen. En términos generales esto es lo que buscaba en cuanto a información; saber cuanto tiempo estabas allí, algún consejo sobre si ir en ayunas o después de comer, El protocolo general antes de pincharte... en realidad, has respondido a prácticamente todo lo que tenía en mente, así que gracias por tu tiempo escribiendome",https://www.reddit.com/r/es/comments/1lzwwg2/opiniones_sobre_donar_sangre_de_forma_altruista/,2025-07-14 20:49:07+00:00,reddit_comments_donacion_sangre.csv,reddit,,2025-07-14,0,0,"Lo primero de todo, pues gracias por escribir de forma tan detallada la experiencia y lo que te hacen. En términos generales esto es lo que buscaba en cuanto a información; saber cuanto tiempo estabas allí, algún consejo sobre si ir en ayunas o después de comer, El protocolo general antes de pincharte... en realidad, has respondido a prácticamente todo lo que tenía en mente, así que gracias por tu tiempo escribiendome",
n35b8gx,"No vayas en ayunas ni hagas deporte ese día, ni antes ni después. Tampoco hace falta que vayas justo después de comer, mientras no estés en ayunas, cualquier hora sirve. No tomes alcohol ese día. Si consumes algún tipo de droga o medicación habitualmente, según lo que sea es muy probable que te echen p'atrás. Si es algo ""suave"" y ocasional, ese día no es buen día para hacerlo. Si pesas muy poco también te dirán que no, y si eres mujer y tienes la regla, espérate a terminarla.

En cuanto a posibles enfermedades infecciosas, si sabes que tienes alguna es obvio y creo que sabes que no debes donar. En cualquier caso tu sangre se analizará al llegar al depósito y si aparece algo se descartará. En ese caso también contactarían contigo para informarte de lo que hayan encontrado.

Cuando termines, independientemente de lo que te den ellos, hidrátate bien (sobre todo, pero no solo, ahora en verano), y si te quieres pegar un pequeño homenaje con la comida (sin que se te vaya de las manos y sin alcohol), es buen día para hacerlo sin remordimientos.",2,1752527318.0,2.0,"No vayas en ayunas ni hagas deporte ese día, ni antes ni después. Tampoco hace falta que vayas justo después de comer, mientras no estés en ayunas, cualquier hora sirve. No tomes alcohol ese día. Si consumes algún tipo de droga o medicación habitualmente, según lo que sea es muy probable que te echen p'atrás. Si es algo ""suave"" y ocasional, ese día no es buen día para hacerlo. Si pesas muy poco también te dirán que no, y si eres mujer y tienes la regla, espérate a terminarla.

En cuanto a posibles enfermedades infecciosas, si sabes que tienes alguna es obvio y creo que sabes que no debes donar. En cualquier caso tu sangre se analizará al llegar al depósito y si aparece algo se descartará. En ese caso también contactarían contigo para informarte de lo que hayan encontrado.

Cuando termines, independientemente de lo que te den ellos, hidrátate bien (sobre todo, pero no solo, ahora en verano), y si te quieres pegar un pequeño homenaje con la comida (sin que se te vaya de las manos y sin alcohol), es buen día para hacerlo sin remordimientos.",https://www.reddit.com/r/es/comments/1lzwwg2/opiniones_sobre_donar_sangre_de_forma_altruista/,2025-07-14 21:08:38+00:00,reddit_comments_donacion_sangre.csv,reddit,,2025-07-14,0,0,"No vayas en ayunas ni hagas deporte ese día, ni antes ni después. Tampoco hace falta que vayas justo después de comer, mientras no estés en ayunas, cualquier hora sirve. No tomes alcohol ese día. Si consumes algún tipo de droga o medicación habitualmente, según lo que sea es muy probable que te echen p'atrás. Si es algo ""suave"" y ocasional, ese día no es buen día para hacerlo. Si pesas muy poco también te dirán que no, y si eres mujer y tienes la regla, espérate a terminarla. En cuanto a posibles enfermedades infecciosas, si sabes que tienes alguna es obvio y creo que sabes que no debes donar. En cualquier caso tu sangre se analizará al llegar al depósito y si aparece algo se descartará. En ese caso también contactarían contigo para informarte de lo que hayan encontrado. Cuando termines, independientemente de lo que te den ellos, hidrátate bien (sobre todo, pero no solo, ahora en verano), y si te quieres pegar un pequeño homenaje con la comida (sin que se te vaya de las manos y sin alcohol), es buen día para hacerlo sin remordimientos.",
n35f11i,"Pues de nuevo, gracias por tu texto ya que eres de los que más me ha resuelto las dudas y probablemente se la has resulto también a alguien que estuviera leyendo y en mi misma situación. Gracias por el escrito, así lo tengo todo más claro",2,1752528413.0,3.0,"Pues de nuevo, gracias por tu texto ya que eres de los que más me ha resuelto las dudas y probablemente se la has resulto también a alguien que estuviera leyendo y en mi misma situación. Gracias por el escrito, así lo tengo todo más claro",https://www.reddit.com/r/es/comments/1lzwwg2/opiniones_sobre_donar_sangre_de_forma_altruista/,2025-07-14 21:26:53+00:00,reddit_comments_donacion_sangre.csv,reddit,,2025-07-14,0,0,"Pues de nuevo, gracias por tu texto ya que eres de los que más me ha resuelto las dudas y probablemente se la has resulto también a alguien que estuviera leyendo y en mi misma situación. Gracias por el escrito, así lo tengo todo más claro",
n35g7fu,No hay de qué. Gracias a ti por plantearte donar.,2,1752528758.0,4.0,No hay de qué. Gracias a ti por plantearte donar.,https://www.reddit.com/r/es/comments/1lzwwg2/opiniones_sobre_donar_sangre_de_forma_altruista/,2025-07-14 21:32:38+00:00,reddit_comments_donacion_sangre.csv,reddit,,2025-07-14,0,0,No hay de qué. Gracias a ti por plantearte donar.,
n35433h,"Yo lo he hecho muchas veces, es muy sencillo y no se tarda nada y encima te invitan a algo, te animo a que lo hagas, es muy poco esfuerzo para el bien que haces.",2,1752525301.0,0.0,"Yo lo he hecho muchas veces, es muy sencillo y no se tarda nada y encima te invitan a algo, te animo a que lo hagas, es muy poco esfuerzo para el bien que haces.",https://www.reddit.com/r/es/comments/1lzwwg2/opiniones_sobre_donar_sangre_de_forma_altruista/,2025-07-14 20:35:01+00:00,reddit_comments_donacion_sangre.csv,reddit,,2025-07-14,0,0,"Yo lo he hecho muchas veces, es muy sencillo y no se tarda nada y encima te invitan a algo, te animo a que lo hagas, es muy poco esfuerzo para el bien que haces.",
n357j19,"Pues muchas gracias ! Tendo decidido que lo voy a hacer, preferiblemente lo haré en fin de semana que es cuando tengo tiempo. Más o menos cuánto es la duración de la donación según tu experiencia ? Creo que leí a otro compañero que decía que era unos 30 minutos  a una hora. Gracias por tu tiempo escribiendo y un saludo",1,1752526270.0,1.0,"Pues muchas gracias ! Tendo decidido que lo voy a hacer, preferiblemente lo haré en fin de semana que es cuando tengo tiempo. Más o menos cuánto es la duración de la donación según tu experiencia ? Creo que leí a otro compañero que decía que era unos 30 minutos  a una hora. Gracias por tu tiempo escribiendo y un saludo",https://www.reddit.com/r/es/comments/1lzwwg2/opiniones_sobre_donar_sangre_de_forma_altruista/,2025-07-14 20:51:10+00:00,reddit_comments_donacion_sangre.csv,reddit,,2025-07-14,0,0,"Pues muchas gracias ! Tendo decidido que lo voy a hacer, preferiblemente lo haré en fin de semana que es cuando tengo tiempo. Más o menos cuánto es la duración de la donación según tu experiencia ? Creo que leí a otro compañero que decía que era unos 30 minutos a una hora. Gracias por tu tiempo escribiendo y un saludo",
n35f8cd,"Sobre todo, lo importante es no donarlo a la cruz roja. Cogen tu sangre que has donado y la venden a los hospitales. Mejor dona en un hospital de verdad.",2,1752528473.0,0.0,"Sobre todo, lo importante es no donarlo a la cruz roja. Cogen tu sangre que has donado y la venden a los hospitales. Mejor dona en un hospital de verdad.",https://www.reddit.com/r/es/comments/1lzwwg2/opiniones_sobre_donar_sangre_de_forma_altruista/,2025-07-14 21:27:53+00:00,reddit_comments_donacion_sangre.csv,reddit,,2025-07-14,0,0,"Sobre todo, lo importante es no donarlo a la cruz roja. Cogen tu sangre que has donado y la venden a los hospitales. Mejor dona en un hospital de verdad.",
n35hfyv,"Justamente, esa es mi idea. Ir a un hospital. He leído bastantes comentarios negativos sobre la Cruz Roja, así que supongo que la opción del Hospital es lo más seguro. Gracias por la información, la verdad es que me fue útil !",1,1752529121.0,1.0,"Justamente, esa es mi idea. Ir a un hospital. He leído bastantes comentarios negativos sobre la Cruz Roja, así que supongo que la opción del Hospital es lo más seguro. Gracias por la información, la verdad es que me fue útil !",https://www.reddit.com/r/es/comments/1lzwwg2/opiniones_sobre_donar_sangre_de_forma_altruista/,2025-07-14 21:38:41+00:00,reddit_comments_donacion_sangre.csv,reddit,,2025-07-14,0,0,"Justamente, esa es mi idea. Ir a un hospital. He leído bastantes comentarios negativos sobre la Cruz Roja, así que supongo que la opción del Hospital es lo más seguro. Gracias por la información, la verdad es que me fue útil !",
n35fgo9,"Es una muy buena idea hacerlo, y, es más, sugeriría también presentarse para estar disponible como donante de médula. Yo lo hice después de que una de mis compañeras de la uni falleciera por leucemia, cuya solución es, precisamente, el transplante de médula ósea.",2,1752528540.0,0.0,"Es una muy buena idea hacerlo, y, es más, sugeriría también presentarse para estar disponible como donante de médula. Yo lo hice después de que una de mis compañeras de la uni falleciera por leucemia, cuya solución es, precisamente, el transplante de médula ósea.",https://www.reddit.com/r/es/comments/1lzwwg2/opiniones_sobre_donar_sangre_de_forma_altruista/,2025-07-14 21:29:00+00:00,reddit_comments_donacion_sangre.csv,reddit,,2025-07-14,0,0,"Es una muy buena idea hacerlo, y, es más, sugeriría también presentarse para estar disponible como donante de médula. Yo lo hice después de que una de mis compañeras de la uni falleciera por leucemia, cuya solución es, precisamente, el transplante de médula ósea.",
n3hggjt,"Vaya, lo siento de tu compañera, sinceramente. Veo a bastante gente diciendo que fue o es donante de médula en los comentarios. De momento tengo pensado presentarme a donar sangre y plasma, y lo de la médula me lo pensaré para el futuro. Gracias y un saludo !",2,1752688949.0,1.0,"Vaya, lo siento de tu compañera, sinceramente. Veo a bastante gente diciendo que fue o es donante de médula en los comentarios. De momento tengo pensado presentarme a donar sangre y plasma, y lo de la médula me lo pensaré para el futuro. Gracias y un saludo !",https://www.reddit.com/r/es/comments/1lzwwg2/opiniones_sobre_donar_sangre_de_forma_altruista/,2025-07-16 18:02:29+00:00,reddit_comments_donacion_sangre.csv,reddit,,2025-07-16,0,0,"Vaya, lo siento de tu compañera, sinceramente. Veo a bastante gente diciendo que fue o es donante de médula en los comentarios. De momento tengo pensado presentarme a donar sangre y plasma, y lo de la médula me lo pensaré para el futuro. Gracias y un saludo !",
n35gpj2,"Ya que A- no es de los tipos más comunes ni de los que más tipo de sangre puede recibir, aporto mi granito de arena donando mi sangre.",2,1752528905.0,0.0,"Ya que A- no es de los tipos más comunes ni de los que más tipo de sangre puede recibir, aporto mi granito de arena donando mi sangre.",https://www.reddit.com/r/es/comments/1lzwwg2/opiniones_sobre_donar_sangre_de_forma_altruista/,2025-07-14 21:35:05+00:00,reddit_comments_donacion_sangre.csv,reddit,,2025-07-14,0,0,"Ya que A- no es de los tipos más comunes ni de los que más tipo de sangre puede recibir, aporto mi granito de arena donando mi sangre.",
n35iyw5,Seguro que alguien en el futuro que reciba tu sangre te lo agradece aunque tú no lo conozcas al ser tu sangre de las poco comunes.  Gracias por escribir por aquí !,1,1752529569.0,1.0,Seguro que alguien en el futuro que reciba tu sangre te lo agradece aunque tú no lo conozcas al ser tu sangre de las poco comunes.  Gracias por escribir por aquí !,https://www.reddit.com/r/es/comments/1lzwwg2/opiniones_sobre_donar_sangre_de_forma_altruista/,2025-07-14 21:46:09+00:00,reddit_comments_donacion_sangre.csv,reddit,,2025-07-14,0,0,Seguro que alguien en el futuro que reciba tu sangre te lo agradece aunque tú no lo conozcas al ser tu sangre de las poco comunes. Gracias por escribir por aquí !,
n35gr4f,"La sangre es vida. Donar sangre es donar vida. Si estás sano, ni te lo pienses. Puede que el día de mañana necesites una transfusión de alguien que previamente donó de manera altruista. Es de esas cosas que te reconcilian con la humanidad 😊",2,1752528918.0,0.0,"La sangre es vida. Donar sangre es donar vida. Si estás sano, ni te lo pienses. Puede que el día de mañana necesites una transfusión de alguien que previamente donó de manera altruista. Es de esas cosas que te reconcilian con la humanidad 😊",https://www.reddit.com/r/es/comments/1lzwwg2/opiniones_sobre_donar_sangre_de_forma_altruista/,2025-07-14 21:35:18+00:00,reddit_comments_donacion_sangre.csv,reddit,,2025-07-14,0,0,"La sangre es vida. Donar sangre es donar vida. Si estás sano, ni te lo pienses. Puede que el día de mañana necesites una transfusión de alguien que previamente donó de manera altruista. Es de esas cosas que te reconcilian con la humanidad",😊
n3hg62p,"Pues sí, tienes razón.  A decir verdad, que haya tanta gente en este hilo que ha donado o está donando actualmente te hace recuperar un poco la esperanza en la humanidad al ver cómo se mueve la gente. Gracias por tu comentario !",1,1752688868.0,1.0,"Pues sí, tienes razón.  A decir verdad, que haya tanta gente en este hilo que ha donado o está donando actualmente te hace recuperar un poco la esperanza en la humanidad al ver cómo se mueve la gente. Gracias por tu comentario !",https://www.reddit.com/r/es/comments/1lzwwg2/opiniones_sobre_donar_sangre_de_forma_altruista/,2025-07-16 18:01:08+00:00,reddit_comments_donacion_sangre.csv,reddit,,2025-07-16,0,0,"Pues sí, tienes razón. A decir verdad, que haya tanta gente en este hilo que ha donado o está donando actualmente te hace recuperar un poco la esperanza en la humanidad al ver cómo se mueve la gente. Gracias por tu comentario !",
n35irss,"Sienta muy bien, yo dono en Málaga frecuentemente desde hace unos tres años, y el personal del centro de donaciones es muy agradable y profesional. Te dan dulces gratis tras donar, y sabes que estás ayudando mucho a alguien sin esperar nada a cambio, solo costándote un poco de tiempo. 

A mí me alegra el día cada vez que voy el poder hacer ese gesto!!",2,1752529510.0,0.0,"Sienta muy bien, yo dono en Málaga frecuentemente desde hace unos tres años, y el personal del centro de donaciones es muy agradable y profesional. Te dan dulces gratis tras donar, y sabes que estás ayudando mucho a alguien sin esperar nada a cambio, solo costándote un poco de tiempo. 

A mí me alegra el día cada vez que voy el poder hacer ese gesto!!",https://www.reddit.com/r/es/comments/1lzwwg2/opiniones_sobre_donar_sangre_de_forma_altruista/,2025-07-14 21:45:10+00:00,reddit_comments_donacion_sangre.csv,reddit,,2025-07-14,0,0,"Sienta muy bien, yo dono en Málaga frecuentemente desde hace unos tres años, y el personal del centro de donaciones es muy agradable y profesional. Te dan dulces gratis tras donar, y sabes que estás ayudando mucho a alguien sin esperar nada a cambio, solo costándote un poco de tiempo. A mí me alegra el día cada vez que voy el poder hacer ese gesto!!",
n35jhy7,"Pues me alegro por ti. Debes de sentirte orgulloso por tu labor, yo lo estaría, la verdad. Además, tres años es mucho tiempo donando. Gracias por contar tu experiencia!",1,1752529728.0,1.0,"Pues me alegro por ti. Debes de sentirte orgulloso por tu labor, yo lo estaría, la verdad. Además, tres años es mucho tiempo donando. Gracias por contar tu experiencia!",https://www.reddit.com/r/es/comments/1lzwwg2/opiniones_sobre_donar_sangre_de_forma_altruista/,2025-07-14 21:48:48+00:00,reddit_comments_donacion_sangre.csv,reddit,,2025-07-14,0,0,"Pues me alegro por ti. Debes de sentirte orgulloso por tu labor, yo lo estaría, la verdad. Además, tres años es mucho tiempo donando. Gracias por contar tu experiencia!",
n397e4v,Graciaas :) Te aconsejo que lo pruebes a ver que tal te sienta a ti!!,2,1752585107.0,2.0,Graciaas :) Te aconsejo que lo pruebes a ver que tal te sienta a ti!!,https://www.reddit.com/r/es/comments/1lzwwg2/opiniones_sobre_donar_sangre_de_forma_altruista/,2025-07-15 13:11:47+00:00,reddit_comments_donacion_sangre.csv,reddit,,2025-07-15,0,0,Graciaas :) Te aconsejo que lo pruebes a ver que tal te sienta a ti!!,
n3hfxnl,"Muchas gracias ! Eso haré, ya que creo que es una de esas cosas que al menos tiene que probar a hacer una vez en la vida 😀",2,1752688805.0,3.0,"Muchas gracias ! Eso haré, ya que creo que es una de esas cosas que al menos tiene que probar a hacer una vez en la vida 😀",https://www.reddit.com/r/es/comments/1lzwwg2/opiniones_sobre_donar_sangre_de_forma_altruista/,2025-07-16 18:00:05+00:00,reddit_comments_donacion_sangre.csv,reddit,,2025-07-16,0,0,"Muchas gracias ! Eso haré, ya que creo que es una de esas cosas que al menos tiene que probar a hacer una vez en la vida",😀
n35jh38,"Es una las mejores sensaciones que he tenido en la vida 😊 llevo unas donaciones desde 2023, y es mi manera de aportar a la sociedad española (más alla de pagar impuestos 😆)

Un poco de contexto, nací en Filipinas y me mudé a España en 2022 tras casarme con mi marido. Me daba vergüenza beneficiarme de la seguridad social sin haber hecho cotizaciones (antes de encontrar trabajo), y decidí donar sangre.

https://preview.redd.it/2ctlfvc3swcf1.jpeg?width=1170&amp;format=pjpg&amp;auto=webp&amp;s=694e10551966156d9e3aa012bf3edcf94d67d6bb",2,1752529720.0,0.0,"Es una las mejores sensaciones que he tenido en la vida 😊 llevo unas donaciones desde 2023, y es mi manera de aportar a la sociedad española (más alla de pagar impuestos 😆)

Un poco de contexto, nací en Filipinas y me mudé a España en 2022 tras casarme con mi marido. Me daba vergüenza beneficiarme de la seguridad social sin haber hecho cotizaciones (antes de encontrar trabajo), y decidí donar sangre.

https://preview.redd.it/2ctlfvc3swcf1.jpeg?width=1170&amp;format=pjpg&amp;auto=webp&amp;s=694e10551966156d9e3aa012bf3edcf94d67d6bb",https://www.reddit.com/r/es/comments/1lzwwg2/opiniones_sobre_donar_sangre_de_forma_altruista/,2025-07-14 21:48:40+00:00,reddit_comments_donacion_sangre.csv,reddit,,2025-07-14,0,0,"Es una las mejores sensaciones que he tenido en la vida llevo unas donaciones desde 2023, y es mi manera de aportar a la sociedad española (más alla de pagar impuestos ) Un poco de contexto, nací en Filipinas y me mudé a España en 2022 tras casarme con mi marido. Me daba vergüenza beneficiarme de la seguridad social sin haber hecho cotizaciones (antes de encontrar trabajo), y decidí donar sangre. https://preview.redd.it/2ctlfvc3swcf1.jpeg?width=1170&amp;format=pjpg&amp;auto=webp&amp;s=694e10551966156d9e3aa012bf3edcf94d67d6bb",😊 😆
n3hft84,"Hola! Pues es muy bonito detalle de tu parte ! Yo creo que eso te tiene que hacer crecer mucho la autoestima, la labor que estás haciendo por la sociedad. Gracias por tu escrito, que es motivador, y un saludo !",2,1752688772.0,1.0,"Hola! Pues es muy bonito detalle de tu parte ! Yo creo que eso te tiene que hacer crecer mucho la autoestima, la labor que estás haciendo por la sociedad. Gracias por tu escrito, que es motivador, y un saludo !",https://www.reddit.com/r/es/comments/1lzwwg2/opiniones_sobre_donar_sangre_de_forma_altruista/,2025-07-16 17:59:32+00:00,reddit_comments_donacion_sangre.csv,reddit,,2025-07-16,0,0,"Hola! Pues es muy bonito detalle de tu parte ! Yo creo que eso te tiene que hacer crecer mucho la autoestima, la labor que estás haciendo por la sociedad. Gracias por tu escrito, que es motivador, y un saludo !",
n35lk9f,"Donar sangre es siempre altruista y es siempre por ayudar a otros.

  
O me estoy perdiendo de algo?

(yo personalmente llevo 20 años donando cada seis meses)",2,1752530354.0,0.0,"Donar sangre es siempre altruista y es siempre por ayudar a otros.

  
O me estoy perdiendo de algo?

(yo personalmente llevo 20 años donando cada seis meses)",https://www.reddit.com/r/es/comments/1lzwwg2/opiniones_sobre_donar_sangre_de_forma_altruista/,2025-07-14 21:59:14+00:00,reddit_comments_donacion_sangre.csv,reddit,,2025-07-14,0,0,Donar sangre es siempre altruista y es siempre por ayudar a otros. O me estoy perdiendo de algo? (yo personalmente llevo 20 años donando cada seis meses),
n3hfg2z,"Tienes que estar muy orgulloso de ti. Seguramente la cantidad de gente que hayas podido ayudar gracias a tus donaciones después de tanto tiempo tiene que ser alta. Es motivante, así que te doy las gracias",1,1752688674.0,1.0,"Tienes que estar muy orgulloso de ti. Seguramente la cantidad de gente que hayas podido ayudar gracias a tus donaciones después de tanto tiempo tiene que ser alta. Es motivante, así que te doy las gracias",https://www.reddit.com/r/es/comments/1lzwwg2/opiniones_sobre_donar_sangre_de_forma_altruista/,2025-07-16 17:57:54+00:00,reddit_comments_donacion_sangre.csv,reddit,,2025-07-16,0,0,"Tienes que estar muy orgulloso de ti. Seguramente la cantidad de gente que hayas podido ayudar gracias a tus donaciones después de tanto tiempo tiene que ser alta. Es motivante, así que te doy las gracias",
n35naux,"Hola, yo hace poco que empecé a donar y la experiencia siempre ha sido buena. El trato ha sido excelente siempre y la gente con la que coincides es muy amable. Desde luego, si puedes, lo recomiendo del todo. Además te hacen una analítica cada vez que vas, por lo que también tienes eso sin tener que ir con cita.",2,1752530894.0,0.0,"Hola, yo hace poco que empecé a donar y la experiencia siempre ha sido buena. El trato ha sido excelente siempre y la gente con la que coincides es muy amable. Desde luego, si puedes, lo recomiendo del todo. Además te hacen una analítica cada vez que vas, por lo que también tienes eso sin tener que ir con cita.",https://www.reddit.com/r/es/comments/1lzwwg2/opiniones_sobre_donar_sangre_de_forma_altruista/,2025-07-14 22:08:14+00:00,reddit_comments_donacion_sangre.csv,reddit,,2025-07-14,0,0,"Hola, yo hace poco que empecé a donar y la experiencia siempre ha sido buena. El trato ha sido excelente siempre y la gente con la que coincides es muy amable. Desde luego, si puedes, lo recomiendo del todo. Además te hacen una analítica cada vez que vas, por lo que también tienes eso sin tener que ir con cita.",
n3hf63c,"Lo de la analítica me llama la atención porque es algo bueno y está bien saberlo. Gracias por tu donación, desde luego. Un saludo y que vaya bien el día !",2,1752688599.0,1.0,"Lo de la analítica me llama la atención porque es algo bueno y está bien saberlo. Gracias por tu donación, desde luego. Un saludo y que vaya bien el día !",https://www.reddit.com/r/es/comments/1lzwwg2/opiniones_sobre_donar_sangre_de_forma_altruista/,2025-07-16 17:56:39+00:00,reddit_comments_donacion_sangre.csv,reddit,,2025-07-16,0,0,"Lo de la analítica me llama la atención porque es algo bueno y está bien saberlo. Gracias por tu donación, desde luego. Un saludo y que vaya bien el día !",
n35nt21,"Hasta ahora solo he donado dos veces ya que este año es cuando he alcanzado la mayoria de edad. De momento todo genial, los encargados muy amables, y sin complicacion alguna, no veo que razones habria para no donar sangre.",2,1752531053.0,0.0,"Hasta ahora solo he donado dos veces ya que este año es cuando he alcanzado la mayoria de edad. De momento todo genial, los encargados muy amables, y sin complicacion alguna, no veo que razones habria para no donar sangre.",https://www.reddit.com/r/es/comments/1lzwwg2/opiniones_sobre_donar_sangre_de_forma_altruista/,2025-07-14 22:10:53+00:00,reddit_comments_donacion_sangre.csv,reddit,,2025-07-14,0,0,"Hasta ahora solo he donado dos veces ya que este año es cuando he alcanzado la mayoria de edad. De momento todo genial, los encargados muy amables, y sin complicacion alguna, no veo que razones habria para no donar sangre.",
n3hesjr,"Pues lo haré ! Realmente creo que es algo que merece la pena hacer, aunque sea una vez en la vida. Muchas gracias por tu comentario !",2,1752688499.0,1.0,"Pues lo haré ! Realmente creo que es algo que merece la pena hacer, aunque sea una vez en la vida. Muchas gracias por tu comentario !",https://www.reddit.com/r/es/comments/1lzwwg2/opiniones_sobre_donar_sangre_de_forma_altruista/,2025-07-16 17:54:59+00:00,reddit_comments_donacion_sangre.csv,reddit,,2025-07-16,0,0,"Pues lo haré ! Realmente creo que es algo que merece la pena hacer, aunque sea una vez en la vida. Muchas gracias por tu comentario !",
n3hf5gk,"Gracias a ti, muchisma suerte, ojala te vaya genial",2,1752688594.0,2.0,"Gracias a ti, muchisma suerte, ojala te vaya genial",https://www.reddit.com/r/es/comments/1lzwwg2/opiniones_sobre_donar_sangre_de_forma_altruista/,2025-07-16 17:56:34+00:00,reddit_comments_donacion_sangre.csv,reddit,,2025-07-16,0,0,"Gracias a ti, muchisma suerte, ojala te vaya genial",
n3hhs0o,Muchas gracias. Seguro que sí que lo es y va bien 😄,2,1752689316.0,3.0,Muchas gracias. Seguro que sí que lo es y va bien 😄,https://www.reddit.com/r/es/comments/1lzwwg2/opiniones_sobre_donar_sangre_de_forma_altruista/,2025-07-16 18:08:36+00:00,reddit_comments_donacion_sangre.csv,reddit,,2025-07-16,0,0,Muchas gracias. Seguro que sí que lo es y va bien,😄
n35prvc,"No fui donante hasta hace unos 5-6 años, porque tenía una tremenda fobia a las agujas. Lo superé, y no podría estar más orgullosa. Si estás sano y quieres ayudar, no lo dudes!",2,1752531672.0,0.0,"No fui donante hasta hace unos 5-6 años, porque tenía una tremenda fobia a las agujas. Lo superé, y no podría estar más orgullosa. Si estás sano y quieres ayudar, no lo dudes!",https://www.reddit.com/r/es/comments/1lzwwg2/opiniones_sobre_donar_sangre_de_forma_altruista/,2025-07-14 22:21:12+00:00,reddit_comments_donacion_sangre.csv,reddit,,2025-07-14,0,0,"No fui donante hasta hace unos 5-6 años, porque tenía una tremenda fobia a las agujas. Lo superé, y no podría estar más orgullosa. Si estás sano y quieres ayudar, no lo dudes!",
n3heno5,"Sin duda, debes de estar muy orgullosa con cómo eres y lo que has conseguido. No todo el mundo supera su miedo a las agujas. Creo que es de mucho valor ! Gracias por tu aportación y un saludo 😊",1,1752688463.0,1.0,"Sin duda, debes de estar muy orgullosa con cómo eres y lo que has conseguido. No todo el mundo supera su miedo a las agujas. Creo que es de mucho valor ! Gracias por tu aportación y un saludo 😊",https://www.reddit.com/r/es/comments/1lzwwg2/opiniones_sobre_donar_sangre_de_forma_altruista/,2025-07-16 17:54:23+00:00,reddit_comments_donacion_sangre.csv,reddit,,2025-07-16,0,0,"Sin duda, debes de estar muy orgullosa con cómo eres y lo que has conseguido. No todo el mundo supera su miedo a las agujas. Creo que es de mucho valor ! Gracias por tu aportación y un saludo",😊
n35pyha,"Yo en su momento lo hice bastante, la verdad tengo que volver a hacerlo, nunca hubo ningún problema, tengo buenas venas, más allá de algún mareo, ahora voy después de tomarme un café suave, quizás no te lo recomienden pero siempre se lo digo en el centro para que sepan porque tengo la tensión un pelín más alta, me sirve para no marearme, estás un rato ahí y al menos donde vivo te dan un par de zumos y cositas así, uno de los efectos secundarios positivos de donar sangre es que luego cuando te toca analítica te hace hasta gracia de lo rápido que es jajajaja.

En cuanto al ""momento aguja"" molesta un poquito al ponértela porque es algo gruesa pero una vez puesta no se nota mucho, además la gente que trabaja en los centros tiene mucha experiencia.",2,1752531730.0,0.0,"Yo en su momento lo hice bastante, la verdad tengo que volver a hacerlo, nunca hubo ningún problema, tengo buenas venas, más allá de algún mareo, ahora voy después de tomarme un café suave, quizás no te lo recomienden pero siempre se lo digo en el centro para que sepan porque tengo la tensión un pelín más alta, me sirve para no marearme, estás un rato ahí y al menos donde vivo te dan un par de zumos y cositas así, uno de los efectos secundarios positivos de donar sangre es que luego cuando te toca analítica te hace hasta gracia de lo rápido que es jajajaja.

En cuanto al ""momento aguja"" molesta un poquito al ponértela porque es algo gruesa pero una vez puesta no se nota mucho, además la gente que trabaja en los centros tiene mucha experiencia.",https://www.reddit.com/r/es/comments/1lzwwg2/opiniones_sobre_donar_sangre_de_forma_altruista/,2025-07-14 22:22:10+00:00,reddit_comments_donacion_sangre.csv,reddit,,2025-07-14,0,0,"Yo en su momento lo hice bastante, la verdad tengo que volver a hacerlo, nunca hubo ningún problema, tengo buenas venas, más allá de algún mareo, ahora voy después de tomarme un café suave, quizás no te lo recomienden pero siempre se lo digo en el centro para que sepan porque tengo la tensión un pelín más alta, me sirve para no marearme, estás un rato ahí y al menos donde vivo te dan un par de zumos y cositas así, uno de los efectos secundarios positivos de donar sangre es que luego cuando te toca analítica te hace hasta gracia de lo rápido que es jajajaja. En cuanto al ""momento aguja"" molesta un poquito al ponértela porque es algo gruesa pero una vez puesta no se nota mucho, además la gente que trabaja en los centros tiene mucha experiencia.",
n3heg76,"Hola ! Pues gracias por tu escrito. Me anima a hacerlo yo también, ya que veo que aquí la gente ha tenido experiencias positivas haciendo cosas como esta. Quien sabe, puede que incluso este hilos y sus respuestas motive a alguien más a donar aparte de mi. Un saludo y gracias !",2,1752688407.0,1.0,"Hola ! Pues gracias por tu escrito. Me anima a hacerlo yo también, ya que veo que aquí la gente ha tenido experiencias positivas haciendo cosas como esta. Quien sabe, puede que incluso este hilos y sus respuestas motive a alguien más a donar aparte de mi. Un saludo y gracias !",https://www.reddit.com/r/es/comments/1lzwwg2/opiniones_sobre_donar_sangre_de_forma_altruista/,2025-07-16 17:53:27+00:00,reddit_comments_donacion_sangre.csv,reddit,,2025-07-16,0,0,"Hola ! Pues gracias por tu escrito. Me anima a hacerlo yo también, ya que veo que aquí la gente ha tenido experiencias positivas haciendo cosas como esta. Quien sabe, puede que incluso este hilos y sus respuestas motive a alguien más a donar aparte de mi. Un saludo y gracias !",
n35rjfi,"La verdad es algo que me alegra hacer, nunca sabes a quien vas a salvar al final pero sabes que vas a aportar un salvavidas con la donación de sangre. 
Además, en mi caso, me es muy conveniente ya que poseo una cantidad de globulos rojos bastante elevada de la media, encima luego no me siento tan decaido cuando termino la sesión, es más hasta nos tratan bien dejandonos beber zumos y comer cosas. Me lo paso genial bebiendo siempre un Lacao jejeje.",2,1752532235.0,0.0,"La verdad es algo que me alegra hacer, nunca sabes a quien vas a salvar al final pero sabes que vas a aportar un salvavidas con la donación de sangre. 
Además, en mi caso, me es muy conveniente ya que poseo una cantidad de globulos rojos bastante elevada de la media, encima luego no me siento tan decaido cuando termino la sesión, es más hasta nos tratan bien dejandonos beber zumos y comer cosas. Me lo paso genial bebiendo siempre un Lacao jejeje.",https://www.reddit.com/r/es/comments/1lzwwg2/opiniones_sobre_donar_sangre_de_forma_altruista/,2025-07-14 22:30:35+00:00,reddit_comments_donacion_sangre.csv,reddit,,2025-07-14,0,0,"La verdad es algo que me alegra hacer, nunca sabes a quien vas a salvar al final pero sabes que vas a aportar un salvavidas con la donación de sangre. Además, en mi caso, me es muy conveniente ya que poseo una cantidad de globulos rojos bastante elevada de la media, encima luego no me siento tan decaido cuando termino la sesión, es más hasta nos tratan bien dejandonos beber zumos y comer cosas. Me lo paso genial bebiendo siempre un Lacao jejeje.",
n3he557,"Muchas gracias por tu comentario. La gente que ha tenido buenas experiencias me motiva a hacerlo, así que te agradezco tu aporte. Un saludo y que te vaya bien, gracias por tu aportación",2,1752688326.0,1.0,"Muchas gracias por tu comentario. La gente que ha tenido buenas experiencias me motiva a hacerlo, así que te agradezco tu aporte. Un saludo y que te vaya bien, gracias por tu aportación",https://www.reddit.com/r/es/comments/1lzwwg2/opiniones_sobre_donar_sangre_de_forma_altruista/,2025-07-16 17:52:06+00:00,reddit_comments_donacion_sangre.csv,reddit,,2025-07-16,0,0,"Muchas gracias por tu comentario. La gente que ha tenido buenas experiencias me motiva a hacerlo, así que te agradezco tu aporte. Un saludo y que te vaya bien, gracias por tu aportación",
n36v6ky,"Soy una persona con problemas de salud por lo que no dono, pero me parece muy bonito lo que estoy leyendo. Nunca he necesitado sangre pero gracias a todos los que donan. Me hace sentir que hay gente buena a la que le importan los enfermos. Mucha gente no trata bien a los que están mal de salud, ver que hay extraños que donan parte de su sangre me da un poco de sentimiento.",2,1752545620.0,0.0,"Soy una persona con problemas de salud por lo que no dono, pero me parece muy bonito lo que estoy leyendo. Nunca he necesitado sangre pero gracias a todos los que donan. Me hace sentir que hay gente buena a la que le importan los enfermos. Mucha gente no trata bien a los que están mal de salud, ver que hay extraños que donan parte de su sangre me da un poco de sentimiento.",https://www.reddit.com/r/es/comments/1lzwwg2/opiniones_sobre_donar_sangre_de_forma_altruista/,2025-07-15 02:13:40+00:00,reddit_comments_donacion_sangre.csv,reddit,,2025-07-15,0,0,"Soy una persona con problemas de salud por lo que no dono, pero me parece muy bonito lo que estoy leyendo. Nunca he necesitado sangre pero gracias a todos los que donan. Me hace sentir que hay gente buena a la que le importan los enfermos. Mucha gente no trata bien a los que están mal de salud, ver que hay extraños que donan parte de su sangre me da un poco de sentimiento.",
n3h09vy,"Gracias por tu comentario. No sé qué problemas de salud tienes, pero espero que te encuentres bien. Y si no, espero que te mejores dentro de poco. Fue un comentario bonito el tuyo y te lo agradezco. Muchas gracias y cuídate! 😀",2,1752684603.0,1.0,"Gracias por tu comentario. No sé qué problemas de salud tienes, pero espero que te encuentres bien. Y si no, espero que te mejores dentro de poco. Fue un comentario bonito el tuyo y te lo agradezco. Muchas gracias y cuídate! 😀",https://www.reddit.com/r/es/comments/1lzwwg2/opiniones_sobre_donar_sangre_de_forma_altruista/,2025-07-16 16:50:03+00:00,reddit_comments_donacion_sangre.csv,reddit,,2025-07-16,0,0,"Gracias por tu comentario. No sé qué problemas de salud tienes, pero espero que te encuentres bien. Y si no, espero que te mejores dentro de poco. Fue un comentario bonito el tuyo y te lo agradezco. Muchas gracias y cuídate!",😀
n38dnty,Mejor cosa que puedes hacer gratis a ayudar alguien sin esperar nada a cambio.... Encima tiene sus beneficios a ti también renovando tu sangre.... No la dudes....,2,1752572160.0,0.0,Mejor cosa que puedes hacer gratis a ayudar alguien sin esperar nada a cambio.... Encima tiene sus beneficios a ti también renovando tu sangre.... No la dudes....,https://www.reddit.com/r/es/comments/1lzwwg2/opiniones_sobre_donar_sangre_de_forma_altruista/,2025-07-15 09:36:00+00:00,reddit_comments_donacion_sangre.csv,reddit,,2025-07-15,0,0,Mejor cosa que puedes hacer gratis a ayudar alguien sin esperar nada a cambio.... Encima tiene sus beneficios a ti también renovando tu sangre.... No la dudes....,
n3h0y4m,Muchas gracias.  Tengo pensado en los próximos días ir a donar teniendo en cuenta la cantidad de comentarios positivos que estoy escuchando del tema. Gracias por tu apoyo y un saludo !,1,1752684788.0,1.0,Muchas gracias.  Tengo pensado en los próximos días ir a donar teniendo en cuenta la cantidad de comentarios positivos que estoy escuchando del tema. Gracias por tu apoyo y un saludo !,https://www.reddit.com/r/es/comments/1lzwwg2/opiniones_sobre_donar_sangre_de_forma_altruista/,2025-07-16 16:53:08+00:00,reddit_comments_donacion_sangre.csv,reddit,,2025-07-16,0,0,Muchas gracias. Tengo pensado en los próximos días ir a donar teniendo en cuenta la cantidad de comentarios positivos que estoy escuchando del tema. Gracias por tu apoyo y un saludo !,
n39q6ij,"Desde que tengo 18 doné sangre (siempre que me acuerdo, para ser justos) en el hospital de mi ciudad. Son gestos altruistas que no cuestan absolutamente nada y puede, literalmente, significar la supervivencia de otra persona. Además, las enfermeras que lo realizan son de las personas más amables y graciosas que me he encontrado nunca. Ánimo!",2,1752590812.0,0.0,"Desde que tengo 18 doné sangre (siempre que me acuerdo, para ser justos) en el hospital de mi ciudad. Son gestos altruistas que no cuestan absolutamente nada y puede, literalmente, significar la supervivencia de otra persona. Además, las enfermeras que lo realizan son de las personas más amables y graciosas que me he encontrado nunca. Ánimo!",https://www.reddit.com/r/es/comments/1lzwwg2/opiniones_sobre_donar_sangre_de_forma_altruista/,2025-07-15 14:46:52+00:00,reddit_comments_donacion_sangre.csv,reddit,,2025-07-15,0,0,"Desde que tengo 18 doné sangre (siempre que me acuerdo, para ser justos) en el hospital de mi ciudad. Son gestos altruistas que no cuestan absolutamente nada y puede, literalmente, significar la supervivencia de otra persona. Además, las enfermeras que lo realizan son de las personas más amables y graciosas que me he encontrado nunca. Ánimo!",
n3h1mox,"Pues muchas gracias por tu comentario. No sé cuanto tiempo llevas donando pero tiene que ser todo un orgullo para ti, seguro que ayudaste a mucha gente aunque nunca sepamos quiénes son. Gracias por tu comentario, fue una motivación",1,1752684972.0,1.0,"Pues muchas gracias por tu comentario. No sé cuanto tiempo llevas donando pero tiene que ser todo un orgullo para ti, seguro que ayudaste a mucha gente aunque nunca sepamos quiénes son. Gracias por tu comentario, fue una motivación",https://www.reddit.com/r/es/comments/1lzwwg2/opiniones_sobre_donar_sangre_de_forma_altruista/,2025-07-16 16:56:12+00:00,reddit_comments_donacion_sangre.csv,reddit,,2025-07-16,0,0,"Pues muchas gracias por tu comentario. No sé cuanto tiempo llevas donando pero tiene que ser todo un orgullo para ti, seguro que ayudaste a mucha gente aunque nunca sepamos quiénes son. Gracias por tu comentario, fue una motivación",
n3a7t21,"Yo done sangre porque a mí mamá la van a operar y le solicitaban voluntarios, cabe aclarar que odio las agujas. Todo salió muy bien y me dieron un sándwich y un jugo, te sientes bien contigo mismo y sabes que estás ayudando.
Pienso donar más constantemente.",2,1752595744.0,0.0,"Yo done sangre porque a mí mamá la van a operar y le solicitaban voluntarios, cabe aclarar que odio las agujas. Todo salió muy bien y me dieron un sándwich y un jugo, te sientes bien contigo mismo y sabes que estás ayudando.
Pienso donar más constantemente.",https://www.reddit.com/r/es/comments/1lzwwg2/opiniones_sobre_donar_sangre_de_forma_altruista/,2025-07-15 16:09:04+00:00,reddit_comments_donacion_sangre.csv,reddit,,2025-07-15,0,0,"Yo done sangre porque a mí mamá la van a operar y le solicitaban voluntarios, cabe aclarar que odio las agujas. Todo salió muy bien y me dieron un sándwich y un jugo, te sientes bien contigo mismo y sabes que estás ayudando. Pienso donar más constantemente.",
n3h1ssn,Me parece genial y me ha gustado tu historia. Creo que tienes que sentirte orgulloso que aunque odies las agujas hagas ese gesto por la gente. Yo en tu lugar estaría orgulloso.  Gracias por tu comentario,2,1752685019.0,1.0,Me parece genial y me ha gustado tu historia. Creo que tienes que sentirte orgulloso que aunque odies las agujas hagas ese gesto por la gente. Yo en tu lugar estaría orgulloso.  Gracias por tu comentario,https://www.reddit.com/r/es/comments/1lzwwg2/opiniones_sobre_donar_sangre_de_forma_altruista/,2025-07-16 16:56:59+00:00,reddit_comments_donacion_sangre.csv,reddit,,2025-07-16,0,0,Me parece genial y me ha gustado tu historia. Creo que tienes que sentirte orgulloso que aunque odies las agujas hagas ese gesto por la gente. Yo en tu lugar estaría orgulloso. Gracias por tu comentario,
n3an68c,"En la universidad y cuando tuve un familiar ingresado donaba con asiduidad. Es rápid, indoloro te daban un bocadillo/galletas y un zumo.

No encontrarás una forma más fácil de ayudar.",2,1752599932.0,0.0,"En la universidad y cuando tuve un familiar ingresado donaba con asiduidad. Es rápid, indoloro te daban un bocadillo/galletas y un zumo.

No encontrarás una forma más fácil de ayudar.",https://www.reddit.com/r/es/comments/1lzwwg2/opiniones_sobre_donar_sangre_de_forma_altruista/,2025-07-15 17:18:52+00:00,reddit_comments_donacion_sangre.csv,reddit,,2025-07-15,0,0,"En la universidad y cuando tuve un familiar ingresado donaba con asiduidad. Es rápid, indoloro te daban un bocadillo/galletas y un zumo. No encontrarás una forma más fácil de ayudar.",
n3h25rn,Muchas gracias! Me anima tu comentario a hacerlo. Espero que tengas un buen día y gracias por pararte a escribir por aquí :),1,1752685116.0,1.0,Muchas gracias! Me anima tu comentario a hacerlo. Espero que tengas un buen día y gracias por pararte a escribir por aquí :),https://www.reddit.com/r/es/comments/1lzwwg2/opiniones_sobre_donar_sangre_de_forma_altruista/,2025-07-16 16:58:36+00:00,reddit_comments_donacion_sangre.csv,reddit,,2025-07-16,0,0,Muchas gracias! Me anima tu comentario a hacerlo. Espero que tengas un buen día y gracias por pararte a escribir por aquí :),
n3bg6tx,"Llevo desde los 18 donando (32F) y no Tengo nada malo que decir. Si li haces por forma altruista y porque quieres, adelante.
Incluso si te genera alguna duda te diría que pruebes a hacerlo para tener tu propia opinión.",2,1752607969.0,0.0,"Llevo desde los 18 donando (32F) y no Tengo nada malo que decir. Si li haces por forma altruista y porque quieres, adelante.
Incluso si te genera alguna duda te diría que pruebes a hacerlo para tener tu propia opinión.",https://www.reddit.com/r/es/comments/1lzwwg2/opiniones_sobre_donar_sangre_de_forma_altruista/,2025-07-15 19:32:49+00:00,reddit_comments_donacion_sangre.csv,reddit,,2025-07-15,0,0,"Llevo desde los 18 donando (32F) y no Tengo nada malo que decir. Si li haces por forma altruista y porque quieres, adelante. Incluso si te genera alguna duda te diría que pruebes a hacerlo para tener tu propia opinión.",
n3hdbw8,"Me llama mucho la atención la cantidad de años que llevas donando. Debe de ser todo un orgullo para ti! Seguro que has ayudado a mucha gente desde entonces. Gracias por tu comentario, fue motivante. Y un saludo !",1,1752688111.0,1.0,"Me llama mucho la atención la cantidad de años que llevas donando. Debe de ser todo un orgullo para ti! Seguro que has ayudado a mucha gente desde entonces. Gracias por tu comentario, fue motivante. Y un saludo !",https://www.reddit.com/r/es/comments/1lzwwg2/opiniones_sobre_donar_sangre_de_forma_altruista/,2025-07-16 17:48:31+00:00,reddit_comments_donacion_sangre.csv,reddit,,2025-07-16,0,0,"Me llama mucho la atención la cantidad de años que llevas donando. Debe de ser todo un orgullo para ti! Seguro que has ayudado a mucha gente desde entonces. Gracias por tu comentario, fue motivante. Y un saludo !",
n3i34zu,"No te creas, tampoco soy muy constante, lo máximo que puedo hacer es uno cada 4 meses y a veces tardo más. Otras veces me han rechazado la donación por anemia, porque me he mareado, lo que fuera...
Llevo muchos años haciéndolo de vez en cuando (que mejor eso que nada, supongo!)
Si te animas cuentanos que te ha parecido, animo!!!",1,1752695283.0,2.0,"No te creas, tampoco soy muy constante, lo máximo que puedo hacer es uno cada 4 meses y a veces tardo más. Otras veces me han rechazado la donación por anemia, porque me he mareado, lo que fuera...
Llevo muchos años haciéndolo de vez en cuando (que mejor eso que nada, supongo!)
Si te animas cuentanos que te ha parecido, animo!!!",https://www.reddit.com/r/es/comments/1lzwwg2/opiniones_sobre_donar_sangre_de_forma_altruista/,2025-07-16 19:48:03+00:00,reddit_comments_donacion_sangre.csv,reddit,,2025-07-16,0,0,"No te creas, tampoco soy muy constante, lo máximo que puedo hacer es uno cada 4 meses y a veces tardo más. Otras veces me han rechazado la donación por anemia, porque me he mareado, lo que fuera... Llevo muchos años haciéndolo de vez en cuando (que mejor eso que nada, supongo!) Si te animas cuentanos que te ha parecido, animo!!!",
n3e9e1i,Siempre que voy al hospital a visitar un familiar voy a donar sangre. No cuesta nada y encima te dan galletas y zumo para desayunar 😁,2,1752642777.0,0.0,Siempre que voy al hospital a visitar un familiar voy a donar sangre. No cuesta nada y encima te dan galletas y zumo para desayunar 😁,https://www.reddit.com/r/es/comments/1lzwwg2/opiniones_sobre_donar_sangre_de_forma_altruista/,2025-07-16 05:12:57+00:00,reddit_comments_donacion_sangre.csv,reddit,,2025-07-16,0,0,Siempre que voy al hospital a visitar un familiar voy a donar sangre. No cuesta nada y encima te dan galletas y zumo para desayunar,😁
n3e9ill,"Y como tip, si se te pone morado el trozo del pinchazo comprate 'afterbite' o cualquier producto con arnica para que se vaya rapido.",2,1752642840.0,1.0,"Y como tip, si se te pone morado el trozo del pinchazo comprate 'afterbite' o cualquier producto con arnica para que se vaya rapido.",https://www.reddit.com/r/es/comments/1lzwwg2/opiniones_sobre_donar_sangre_de_forma_altruista/,2025-07-16 05:14:00+00:00,reddit_comments_donacion_sangre.csv,reddit,,2025-07-16,0,0,"Y como tip, si se te pone morado el trozo del pinchazo comprate 'afterbite' o cualquier producto con arnica para que se vaya rapido.",
n3hcmls,"Ey, muchas gracias por el comentario.  No sabía de la existencia del ""afterbite"" que hablas. Lo tendré en cuenta cuando me toque hacer la donación y me pinchen. Gracias y un saludo !",1,1752687926.0,2.0,"Ey, muchas gracias por el comentario.  No sabía de la existencia del ""afterbite"" que hablas. Lo tendré en cuenta cuando me toque hacer la donación y me pinchen. Gracias y un saludo !",https://www.reddit.com/r/es/comments/1lzwwg2/opiniones_sobre_donar_sangre_de_forma_altruista/,2025-07-16 17:45:26+00:00,reddit_comments_donacion_sangre.csv,reddit,,2025-07-16,0,0,"Ey, muchas gracias por el comentario. No sabía de la existencia del ""afterbite"" que hablas. Lo tendré en cuenta cuando me toque hacer la donación y me pinchen. Gracias y un saludo !",
n3ewpy8,"Yo empecé por tres motivos, saber mí tipo de sangre, altruismo, y reservas muy muy bajas en mi comunidad (al punto de tener que posponer operaciones), soy universal así que dono cada vez que puedo (pospuse una cita pa un tatuaje para ir a donar por ejemplo), si le tienes miedo a las agujas mira a otro lado y ya lo tienes solucionado y si notas que sientes la vía por dentro del brazo pide una pelotita anti estrés que ayuda bastante. 

Es algo importante y que no cuesta nada y también está la posibilidad de hacerse donante de médula por si te interesase.",2,1752655573.0,0.0,"Yo empecé por tres motivos, saber mí tipo de sangre, altruismo, y reservas muy muy bajas en mi comunidad (al punto de tener que posponer operaciones), soy universal así que dono cada vez que puedo (pospuse una cita pa un tatuaje para ir a donar por ejemplo), si le tienes miedo a las agujas mira a otro lado y ya lo tienes solucionado y si notas que sientes la vía por dentro del brazo pide una pelotita anti estrés que ayuda bastante. 

Es algo importante y que no cuesta nada y también está la posibilidad de hacerse donante de médula por si te interesase.",https://www.reddit.com/r/es/comments/1lzwwg2/opiniones_sobre_donar_sangre_de_forma_altruista/,2025-07-16 08:46:13+00:00,reddit_comments_donacion_sangre.csv,reddit,,2025-07-16,0,0,"Yo empecé por tres motivos, saber mí tipo de sangre, altruismo, y reservas muy muy bajas en mi comunidad (al punto de tener que posponer operaciones), soy universal así que dono cada vez que puedo (pospuse una cita pa un tatuaje para ir a donar por ejemplo), si le tienes miedo a las agujas mira a otro lado y ya lo tienes solucionado y si notas que sientes la vía por dentro del brazo pide una pelotita anti estrés que ayuda bastante. Es algo importante y que no cuesta nada y también está la posibilidad de hacerse donante de médula por si te interesase.",
n3h2hn7,"Comentarios como el tuyo me animan a hacerlo definitivamente. Gracias por la información que me has dado, así sé que debo de hacer en caso de ponerme nervioso en esa situación.  Gracias por tu escrito y un saludo !",1,1752685206.0,1.0,"Comentarios como el tuyo me animan a hacerlo definitivamente. Gracias por la información que me has dado, así sé que debo de hacer en caso de ponerme nervioso en esa situación.  Gracias por tu escrito y un saludo !",https://www.reddit.com/r/es/comments/1lzwwg2/opiniones_sobre_donar_sangre_de_forma_altruista/,2025-07-16 17:00:06+00:00,reddit_comments_donacion_sangre.csv,reddit,,2025-07-16,0,0,"Comentarios como el tuyo me animan a hacerlo definitivamente. Gracias por la información que me has dado, así sé que debo de hacer en caso de ponerme nervioso en esa situación. Gracias por tu escrito y un saludo !",
n3f76gl,"Yo dono sangre, porque creo que es una contribución que puedo hacer y solo me influye 20 minutos de mi tiempo.

Además, con mis hermanos, iniciamos un pique sano, de donaciones de Sangre, así, hay cierto aliciente, y dan detallitos muy interesantes, el año pasado, era una bolsa para que no se moje el móvil.

Y por salud, no se el motivo real, pero siento menos dolores de cabeza, sobre todo lo relacionaria con nerviosismo.

Y que estás donando una parte de tu cuerpo que se va regenerando, y tiene un uso.

Y por último, facilita el trámite de donar médula, ya que en la misma donación, pueden revisar (si quieres) y registrarte como posible donante.",2,1752661464.0,0.0,"Yo dono sangre, porque creo que es una contribución que puedo hacer y solo me influye 20 minutos de mi tiempo.

Además, con mis hermanos, iniciamos un pique sano, de donaciones de Sangre, así, hay cierto aliciente, y dan detallitos muy interesantes, el año pasado, era una bolsa para que no se moje el móvil.

Y por salud, no se el motivo real, pero siento menos dolores de cabeza, sobre todo lo relacionaria con nerviosismo.

Y que estás donando una parte de tu cuerpo que se va regenerando, y tiene un uso.

Y por último, facilita el trámite de donar médula, ya que en la misma donación, pueden revisar (si quieres) y registrarte como posible donante.",https://www.reddit.com/r/es/comments/1lzwwg2/opiniones_sobre_donar_sangre_de_forma_altruista/,2025-07-16 10:24:24+00:00,reddit_comments_donacion_sangre.csv,reddit,,2025-07-16,0,0,"Yo dono sangre, porque creo que es una contribución que puedo hacer y solo me influye 20 minutos de mi tiempo. Además, con mis hermanos, iniciamos un pique sano, de donaciones de Sangre, así, hay cierto aliciente, y dan detallitos muy interesantes, el año pasado, era una bolsa para que no se moje el móvil. Y por salud, no se el motivo real, pero siento menos dolores de cabeza, sobre todo lo relacionaria con nerviosismo. Y que estás donando una parte de tu cuerpo que se va regenerando, y tiene un uso. Y por último, facilita el trámite de donar médula, ya que en la misma donación, pueden revisar (si quieres) y registrarte como posible donante.",
n3hceqt,"Hola, gracias por tu aportación y tu comentario. Es motivante saber que hay gente por allí que hace donaciones como es el caso de tu familia.  Gracias por tu escrito y por tu información!",1,1752687868.0,1.0,"Hola, gracias por tu aportación y tu comentario. Es motivante saber que hay gente por allí que hace donaciones como es el caso de tu familia.  Gracias por tu escrito y por tu información!",https://www.reddit.com/r/es/comments/1lzwwg2/opiniones_sobre_donar_sangre_de_forma_altruista/,2025-07-16 17:44:28+00:00,reddit_comments_donacion_sangre.csv,reddit,,2025-07-16,0,0,"Hola, gracias por tu aportación y tu comentario. Es motivante saber que hay gente por allí que hace donaciones como es el caso de tu familia. Gracias por tu escrito y por tu información!",
n3ungh9,"Gracias a ti, creo que este hilo ha sido una campaña más efectiva para animar a la donación de sangre, y plasma, que un cartel en mitad de la calle más transcurrida de las principales ciudades. 

Ya que la gente está expresando buenas intenciones, y puras ventajas. 

Y ya de paso desmontar las prácticas (privatizadas, creo que solo lo hacen en ""la tierra de la Libertad"", Madrid), de cobrar dinero público por recoger sangre, en Valencia, Castellón y Alicante, esta el centro de Transfusión y su servicio itinerante y son profesionales como la copa de un pino.",1,1752859310.0,2.0,"Gracias a ti, creo que este hilo ha sido una campaña más efectiva para animar a la donación de sangre, y plasma, que un cartel en mitad de la calle más transcurrida de las principales ciudades. 

Ya que la gente está expresando buenas intenciones, y puras ventajas. 

Y ya de paso desmontar las prácticas (privatizadas, creo que solo lo hacen en ""la tierra de la Libertad"", Madrid), de cobrar dinero público por recoger sangre, en Valencia, Castellón y Alicante, esta el centro de Transfusión y su servicio itinerante y son profesionales como la copa de un pino.",https://www.reddit.com/r/es/comments/1lzwwg2/opiniones_sobre_donar_sangre_de_forma_altruista/,2025-07-18 17:21:50+00:00,reddit_comments_donacion_sangre.csv,reddit,,2025-07-18,0,0,"Gracias a ti, creo que este hilo ha sido una campaña más efectiva para animar a la donación de sangre, y plasma, que un cartel en mitad de la calle más transcurrida de las principales ciudades. Ya que la gente está expresando buenas intenciones, y puras ventajas. Y ya de paso desmontar las prácticas (privatizadas, creo que solo lo hacen en ""la tierra de la Libertad"", Madrid), de cobrar dinero público por recoger sangre, en Valencia, Castellón y Alicante, esta el centro de Transfusión y su servicio itinerante y son profesionales como la copa de un pino.",
n3v1ks1,"Realmente, llevo pensando en eso desde ayer.  Me sorprende la buena acogida que ha tenido esta publicación de Reddit. También es cierto, que como contesto a la gente quizás eso ha movido el algoritmo de Reddit y por eso se lo ha mostrado a mucha más gente. Y pienso lo mismo que tú; venía de forma genuina a preguntar por opiniones antes de empezar a buscar centros de donación y al final mucha más gente se ha unido a contar su experiencia. Nunca sabremos si esto motivó a alguien más aparte de mi a donar con la cantidad de gente que hay aquí pero la lógica me dice que así ha sido. Gracias por tu comentario, de nuevo  😀",1,1752863323.0,3.0,"Realmente, llevo pensando en eso desde ayer.  Me sorprende la buena acogida que ha tenido esta publicación de Reddit. También es cierto, que como contesto a la gente quizás eso ha movido el algoritmo de Reddit y por eso se lo ha mostrado a mucha más gente. Y pienso lo mismo que tú; venía de forma genuina a preguntar por opiniones antes de empezar a buscar centros de donación y al final mucha más gente se ha unido a contar su experiencia. Nunca sabremos si esto motivó a alguien más aparte de mi a donar con la cantidad de gente que hay aquí pero la lógica me dice que así ha sido. Gracias por tu comentario, de nuevo  😀",https://www.reddit.com/r/es/comments/1lzwwg2/opiniones_sobre_donar_sangre_de_forma_altruista/,2025-07-18 18:28:43+00:00,reddit_comments_donacion_sangre.csv,reddit,,2025-07-18,0,0,"Realmente, llevo pensando en eso desde ayer. Me sorprende la buena acogida que ha tenido esta publicación de Reddit. También es cierto, que como contesto a la gente quizás eso ha movido el algoritmo de Reddit y por eso se lo ha mostrado a mucha más gente. Y pienso lo mismo que tú; venía de forma genuina a preguntar por opiniones antes de empezar a buscar centros de donación y al final mucha más gente se ha unido a contar su experiencia. Nunca sabremos si esto motivó a alguien más aparte de mi a donar con la cantidad de gente que hay aquí pero la lógica me dice que así ha sido. Gracias por tu comentario, de nuevo",😀
n3hk1zb,"Si me permites un consejo, si tienes tendencia a tener la tensión un poco baja, y ahora con el calor que está haciendo, más vale que el refresco lo tomes antes o durante la donación, porque si esperas a después es posible que te marees. Nones grave, porque estarás sentado y no te vas a caer, pero no es agradable sentirse así.",2,1752689946.0,0.0,"Si me permites un consejo, si tienes tendencia a tener la tensión un poco baja, y ahora con el calor que está haciendo, más vale que el refresco lo tomes antes o durante la donación, porque si esperas a después es posible que te marees. Nones grave, porque estarás sentado y no te vas a caer, pero no es agradable sentirse así.",https://www.reddit.com/r/es/comments/1lzwwg2/opiniones_sobre_donar_sangre_de_forma_altruista/,2025-07-16 18:19:06+00:00,reddit_comments_donacion_sangre.csv,reddit,,2025-07-16,0,0,"Si me permites un consejo, si tienes tendencia a tener la tensión un poco baja, y ahora con el calor que está haciendo, más vale que el refresco lo tomes antes o durante la donación, porque si esperas a después es posible que te marees. Nones grave, porque estarás sentado y no te vas a caer, pero no es agradable sentirse así.",
n3hpixv,"Pues te agradezco mucho esta información porque sí que es cierto que tiendo a ser un poco hipotenso y este consejo me puede ayudar bastante, así que lo tendré en cuenta. Gracias de nuevo y que te vaya bien el día !",1,1752691468.0,1.0,"Pues te agradezco mucho esta información porque sí que es cierto que tiendo a ser un poco hipotenso y este consejo me puede ayudar bastante, así que lo tendré en cuenta. Gracias de nuevo y que te vaya bien el día !",https://www.reddit.com/r/es/comments/1lzwwg2/opiniones_sobre_donar_sangre_de_forma_altruista/,2025-07-16 18:44:28+00:00,reddit_comments_donacion_sangre.csv,reddit,,2025-07-16,0,0,"Pues te agradezco mucho esta información porque sí que es cierto que tiendo a ser un poco hipotenso y este consejo me puede ayudar bastante, así que lo tendré en cuenta. Gracias de nuevo y que te vaya bien el día !",
n3kypcc,"Yo hubo un periodo de mi vida que donaba bastante, hasta que vi que se le vendía sangre a centros privados. Eso me cabreó muchísimo. Si van a sacar dinero de mi cuerpo, que compartan.",2,1752731204.0,0.0,"Yo hubo un periodo de mi vida que donaba bastante, hasta que vi que se le vendía sangre a centros privados. Eso me cabreó muchísimo. Si van a sacar dinero de mi cuerpo, que compartan.",https://www.reddit.com/r/es/comments/1lzwwg2/opiniones_sobre_donar_sangre_de_forma_altruista/,2025-07-17 05:46:44+00:00,reddit_comments_donacion_sangre.csv,reddit,,2025-07-17,0,0,"Yo hubo un periodo de mi vida que donaba bastante, hasta que vi que se le vendía sangre a centros privados. Eso me cabreó muchísimo. Si van a sacar dinero de mi cuerpo, que compartan.",
n3ux7z7,"Entiendo tu punto de vista, de hecho hay gente que ha opinado lo mismo  ( que se vende la sangre ). Por lo que comentan otros si vas directamente a la planta de los hospitales a hacer donaciones directamente al no haber intermediarios en esto nadie vende nada. Que es mi idea al ser un novato, y por lo que me recomienda la gente, ir a un hospital y hacer allí la donación. Gracias por tu punto de vista, el comentario y un saludo !",2,1752862047.0,1.0,"Entiendo tu punto de vista, de hecho hay gente que ha opinado lo mismo  ( que se vende la sangre ). Por lo que comentan otros si vas directamente a la planta de los hospitales a hacer donaciones directamente al no haber intermediarios en esto nadie vende nada. Que es mi idea al ser un novato, y por lo que me recomienda la gente, ir a un hospital y hacer allí la donación. Gracias por tu punto de vista, el comentario y un saludo !",https://www.reddit.com/r/es/comments/1lzwwg2/opiniones_sobre_donar_sangre_de_forma_altruista/,2025-07-18 18:07:27+00:00,reddit_comments_donacion_sangre.csv,reddit,,2025-07-18,0,0,"Entiendo tu punto de vista, de hecho hay gente que ha opinado lo mismo ( que se vende la sangre ). Por lo que comentan otros si vas directamente a la planta de los hospitales a hacer donaciones directamente al no haber intermediarios en esto nadie vende nada. Que es mi idea al ser un novato, y por lo que me recomienda la gente, ir a un hospital y hacer allí la donación. Gracias por tu punto de vista, el comentario y un saludo !",
n3lby72,"Donar sangre, si es en un hospital público mejor, la sangre no se venderá. 

Aunque el proceso es más lento, si tienes tiempo puedes informarte sobre la donación de plasma, también muy necesario. 

Y ya para los más generosos también está la donación de médula, de esta os comparto un vídeo donde te explican cómo funciona.

https://youtu.be/QlsTCSCHCPs

Resumiendo, donar vida siempre es bien. 🫶",2,1752738163.0,0.0,"Donar sangre, si es en un hospital público mejor, la sangre no se venderá. 

Aunque el proceso es más lento, si tienes tiempo puedes informarte sobre la donación de plasma, también muy necesario. 

Y ya para los más generosos también está la donación de médula, de esta os comparto un vídeo donde te explican cómo funciona.

https://youtu.be/QlsTCSCHCPs

Resumiendo, donar vida siempre es bien. 🫶",https://www.reddit.com/r/es/comments/1lzwwg2/opiniones_sobre_donar_sangre_de_forma_altruista/,2025-07-17 07:42:43+00:00,reddit_comments_donacion_sangre.csv,reddit,,2025-07-17,0,0,"Donar sangre, si es en un hospital público mejor, la sangre no se venderá. Aunque el proceso es más lento, si tienes tiempo puedes informarte sobre la donación de plasma, también muy necesario. Y ya para los más generosos también está la donación de médula, de esta os comparto un vídeo donde te explican cómo funciona. https://youtu.be/QlsTCSCHCPs Resumiendo, donar vida siempre es bien.",🫶
n3uwsnc,"Gracias por la información aportada, así como el vídeo de YouTube. Me lo guardo en favoritos para verlo más tarde. En mi caso, he decidido que voy a ir a donar sangre al hospital de mi ciudad directamente. Gracias por tu comentario y un saludo!",1,1752861924.0,1.0,"Gracias por la información aportada, así como el vídeo de YouTube. Me lo guardo en favoritos para verlo más tarde. En mi caso, he decidido que voy a ir a donar sangre al hospital de mi ciudad directamente. Gracias por tu comentario y un saludo!",https://www.reddit.com/r/es/comments/1lzwwg2/opiniones_sobre_donar_sangre_de_forma_altruista/,2025-07-18 18:05:24+00:00,reddit_comments_donacion_sangre.csv,reddit,,2025-07-18,0,0,"Gracias por la información aportada, así como el vídeo de YouTube. Me lo guardo en favoritos para verlo más tarde. En mi caso, he decidido que voy a ir a donar sangre al hospital de mi ciudad directamente. Gracias por tu comentario y un saludo!",
n3lctkm,"Bueno, aunque yo sea del tipo ""menos util"" (AB+), me han dicho que el plasma es el mejor de todos por no tener ningún de los anticuerpos (o algo así - ya que podemos recibir todos los tipos). Entonces siempre que puedo, hago mi donación, aunque sepa que no se va aprovechar mucho.

Lo hago desde joven, y siempre me ha sentado bien, sabiendo que algo se aprovecha. Al menos tres veces al año estoy ahí.",2,1752738647.0,0.0,"Bueno, aunque yo sea del tipo ""menos util"" (AB+), me han dicho que el plasma es el mejor de todos por no tener ningún de los anticuerpos (o algo así - ya que podemos recibir todos los tipos). Entonces siempre que puedo, hago mi donación, aunque sepa que no se va aprovechar mucho.

Lo hago desde joven, y siempre me ha sentado bien, sabiendo que algo se aprovecha. Al menos tres veces al año estoy ahí.",https://www.reddit.com/r/es/comments/1lzwwg2/opiniones_sobre_donar_sangre_de_forma_altruista/,2025-07-17 07:50:47+00:00,reddit_comments_donacion_sangre.csv,reddit,,2025-07-17,0,0,"Bueno, aunque yo sea del tipo ""menos util"" (AB+), me han dicho que el plasma es el mejor de todos por no tener ningún de los anticuerpos (o algo así - ya que podemos recibir todos los tipos). Entonces siempre que puedo, hago mi donación, aunque sepa que no se va aprovechar mucho. Lo hago desde joven, y siempre me ha sentado bien, sabiendo que algo se aprovecha. Al menos tres veces al año estoy ahí.",
n3uwj8b,"Desde mi punto de vista, cualquier cosa que aporte una persona tenga la sangre que tenga me parece que ya es muy útil. Quien sabe si hay alguien en el mundo que recibió tu donación y te lo está agradeciendo aunque tú no seas consciente de ello. No hay que infravalorar los actos, en otras palabras. Gracias por tu escrito y que te vaya bien el día !",1,1752861848.0,1.0,"Desde mi punto de vista, cualquier cosa que aporte una persona tenga la sangre que tenga me parece que ya es muy útil. Quien sabe si hay alguien en el mundo que recibió tu donación y te lo está agradeciendo aunque tú no seas consciente de ello. No hay que infravalorar los actos, en otras palabras. Gracias por tu escrito y que te vaya bien el día !",https://www.reddit.com/r/es/comments/1lzwwg2/opiniones_sobre_donar_sangre_de_forma_altruista/,2025-07-18 18:04:08+00:00,reddit_comments_donacion_sangre.csv,reddit,,2025-07-18,0,0,"Desde mi punto de vista, cualquier cosa que aporte una persona tenga la sangre que tenga me parece que ya es muy útil. Quien sabe si hay alguien en el mundo que recibió tu donación y te lo está agradeciendo aunque tú no seas consciente de ello. No hay que infravalorar los actos, en otras palabras. Gracias por tu escrito y que te vaya bien el día !",
n3llwga,"Si, yo dono desde que tengo 18 años, pero como mi sangre es AB+ prefiero donar plasma que es más útil para mi factor (en sangre soy receptor universal pero solo puedo donar a mi mismo factor, en cambio en plasma soy donante universal).
No veo por qué no lo harías, es un acto de amor al prójimo que solo te cuesta 30 min de tu vida pero puede salvar la vida de otro!",2,1752743860.0,0.0,"Si, yo dono desde que tengo 18 años, pero como mi sangre es AB+ prefiero donar plasma que es más útil para mi factor (en sangre soy receptor universal pero solo puedo donar a mi mismo factor, en cambio en plasma soy donante universal).
No veo por qué no lo harías, es un acto de amor al prójimo que solo te cuesta 30 min de tu vida pero puede salvar la vida de otro!",https://www.reddit.com/r/es/comments/1lzwwg2/opiniones_sobre_donar_sangre_de_forma_altruista/,2025-07-17 09:17:40+00:00,reddit_comments_donacion_sangre.csv,reddit,,2025-07-17,0,0,"Si, yo dono desde que tengo 18 años, pero como mi sangre es AB+ prefiero donar plasma que es más útil para mi factor (en sangre soy receptor universal pero solo puedo donar a mi mismo factor, en cambio en plasma soy donante universal). No veo por qué no lo harías, es un acto de amor al prójimo que solo te cuesta 30 min de tu vida pero puede salvar la vida de otro!",
n3uw6i9,"Sea plasma o sangre, creo que es muy útil lo que haces. No sé qué edad tienes, pero si llevas desde los 18 años llevas tiempo y deberías de estar muy orgulloso por tus actos desde mi punto de vista. Gracias por tu comentario y que tengas un buen día !",1,1752861747.0,1.0,"Sea plasma o sangre, creo que es muy útil lo que haces. No sé qué edad tienes, pero si llevas desde los 18 años llevas tiempo y deberías de estar muy orgulloso por tus actos desde mi punto de vista. Gracias por tu comentario y que tengas un buen día !",https://www.reddit.com/r/es/comments/1lzwwg2/opiniones_sobre_donar_sangre_de_forma_altruista/,2025-07-18 18:02:27+00:00,reddit_comments_donacion_sangre.csv,reddit,,2025-07-18,0,0,"Sea plasma o sangre, creo que es muy útil lo que haces. No sé qué edad tienes, pero si llevas desde los 18 años llevas tiempo y deberías de estar muy orgulloso por tus actos desde mi punto de vista. Gracias por tu comentario y que tengas un buen día !",
n3lvjfr,"Voy camino de las 50 ya, llevo desde los 18 donando regularmente. Es de las maneras más sencillas de colaboración social, y no te cuesta prácticamente nada.",2,1752748943.0,0.0,"Voy camino de las 50 ya, llevo desde los 18 donando regularmente. Es de las maneras más sencillas de colaboración social, y no te cuesta prácticamente nada.",https://www.reddit.com/r/es/comments/1lzwwg2/opiniones_sobre_donar_sangre_de_forma_altruista/,2025-07-17 10:42:23+00:00,reddit_comments_donacion_sangre.csv,reddit,,2025-07-17,0,0,"Voy camino de las 50 ya, llevo desde los 18 donando regularmente. Es de las maneras más sencillas de colaboración social, y no te cuesta prácticamente nada.",
n3utc8s,"Esos son muchas veces donadas. Debes de estar orgulloso de ti mismo, ciertamente. Yo lo estaría en tu lugar. Gracias por tu comentario y un saludo !",1,1752860937.0,1.0,"Esos son muchas veces donadas. Debes de estar orgulloso de ti mismo, ciertamente. Yo lo estaría en tu lugar. Gracias por tu comentario y un saludo !",https://www.reddit.com/r/es/comments/1lzwwg2/opiniones_sobre_donar_sangre_de_forma_altruista/,2025-07-18 17:48:57+00:00,reddit_comments_donacion_sangre.csv,reddit,,2025-07-18,0,0,"Esos son muchas veces donadas. Debes de estar orgulloso de ti mismo, ciertamente. Yo lo estaría en tu lugar. Gracias por tu comentario y un saludo !",
n3njqzv,"Una cosa que no entiendo de los sitios de donaciones es porque ponen toda esa bollería industrial y dulces y cocacola a punta pala, de hecho te dicen que te bebas una cocacola antes de donar. 
Unos sándwiches normales de toda la vida De Dios creo que es mejor que esa basura que tienen.",2,1752768546.0,0.0,"Una cosa que no entiendo de los sitios de donaciones es porque ponen toda esa bollería industrial y dulces y cocacola a punta pala, de hecho te dicen que te bebas una cocacola antes de donar. 
Unos sándwiches normales de toda la vida De Dios creo que es mejor que esa basura que tienen.",https://www.reddit.com/r/es/comments/1lzwwg2/opiniones_sobre_donar_sangre_de_forma_altruista/,2025-07-17 16:09:06+00:00,reddit_comments_donacion_sangre.csv,reddit,,2025-07-17,0,0,"Una cosa que no entiendo de los sitios de donaciones es porque ponen toda esa bollería industrial y dulces y cocacola a punta pala, de hecho te dicen que te bebas una cocacola antes de donar. Unos sándwiches normales de toda la vida De Dios creo que es mejor que esa basura que tienen.",
n3ut3dd,"Supongo que eso será para que el azúcar en sangre te vuelva a subir ya que quizás te pueda bajar después de la donación. También te digo, que lo comento desde el desconocimiento, es sólo una idea. Gracias por el escrito y un saludo !",1,1752860867.0,1.0,"Supongo que eso será para que el azúcar en sangre te vuelva a subir ya que quizás te pueda bajar después de la donación. También te digo, que lo comento desde el desconocimiento, es sólo una idea. Gracias por el escrito y un saludo !",https://www.reddit.com/r/es/comments/1lzwwg2/opiniones_sobre_donar_sangre_de_forma_altruista/,2025-07-18 17:47:47+00:00,reddit_comments_donacion_sangre.csv,reddit,,2025-07-18,0,0,"Supongo que eso será para que el azúcar en sangre te vuelva a subir ya que quizás te pueda bajar después de la donación. También te digo, que lo comento desde el desconocimiento, es sólo una idea. Gracias por el escrito y un saludo !",
n64qbq7,Un sándwich mismamente también te sube el azúcar en sangre si tengo que comer esa basura de bollería y joder mi salud encima que dono sangre para restaurar la salud de otras personas no tiene sentido.,1,1753951171.0,2.0,Un sándwich mismamente también te sube el azúcar en sangre si tengo que comer esa basura de bollería y joder mi salud encima que dono sangre para restaurar la salud de otras personas no tiene sentido.,https://www.reddit.com/r/es/comments/1lzwwg2/opiniones_sobre_donar_sangre_de_forma_altruista/,2025-07-31 08:39:31+00:00,reddit_comments_donacion_sangre.csv,reddit,,2025-07-31,0,0,Un sándwich mismamente también te sube el azúcar en sangre si tengo que comer esa basura de bollería y joder mi salud encima que dono sangre para restaurar la salud de otras personas no tiene sentido.,
n3oecuj,Los que tenemos AB+ nuestra sangre solo vale para los de AB+ y para los demás no y la de los demás nos valen todas,2,1752776974.0,0.0,Los que tenemos AB+ nuestra sangre solo vale para los de AB+ y para los demás no y la de los demás nos valen todas,https://www.reddit.com/r/es/comments/1lzwwg2/opiniones_sobre_donar_sangre_de_forma_altruista/,2025-07-17 18:29:34+00:00,reddit_comments_donacion_sangre.csv,reddit,,2025-07-17,0,0,Los que tenemos AB+ nuestra sangre solo vale para los de AB+ y para los demás no y la de los demás nos valen todas,
n3usqt9,"Es bueno saber esa información para que la gente tenga algo de conocimiento, como es mi caso. Gracias por tu comentario y un saludo !",1,1752860770.0,1.0,"Es bueno saber esa información para que la gente tenga algo de conocimiento, como es mi caso. Gracias por tu comentario y un saludo !",https://www.reddit.com/r/es/comments/1lzwwg2/opiniones_sobre_donar_sangre_de_forma_altruista/,2025-07-18 17:46:10+00:00,reddit_comments_donacion_sangre.csv,reddit,,2025-07-18,0,0,"Es bueno saber esa información para que la gente tenga algo de conocimiento, como es mi caso. Gracias por tu comentario y un saludo !",
n3oolax,"Llevaré un par de años ya que dono unas 3 veces al año. Lo único de lo que me arrepiento es no haber empezado a hacerlo nada más cumplir los 18 en vez haber esperado hasta ahora.

No sé, la sensación de que por estar sentado un ratillo esté salvando vidas me parece increíble. Y además...el bocadillo siempre se agradece.",2,1752779892.0,0.0,"Llevaré un par de años ya que dono unas 3 veces al año. Lo único de lo que me arrepiento es no haber empezado a hacerlo nada más cumplir los 18 en vez haber esperado hasta ahora.

No sé, la sensación de que por estar sentado un ratillo esté salvando vidas me parece increíble. Y además...el bocadillo siempre se agradece.",https://www.reddit.com/r/es/comments/1lzwwg2/opiniones_sobre_donar_sangre_de_forma_altruista/,2025-07-17 19:18:12+00:00,reddit_comments_donacion_sangre.csv,reddit,,2025-07-17,0,0,"Llevaré un par de años ya que dono unas 3 veces al año. Lo único de lo que me arrepiento es no haber empezado a hacerlo nada más cumplir los 18 en vez haber esperado hasta ahora. No sé, la sensación de que por estar sentado un ratillo esté salvando vidas me parece increíble. Y además...el bocadillo siempre se agradece.",
n3ushhb,"Algo de comida después de hacer un buen acto nunca viene mal 😀 . Aparte de hacer algo bueno, por supuesto. Gracias por el comentario y un saludo",1,1752860698.0,1.0,"Algo de comida después de hacer un buen acto nunca viene mal 😀 . Aparte de hacer algo bueno, por supuesto. Gracias por el comentario y un saludo",https://www.reddit.com/r/es/comments/1lzwwg2/opiniones_sobre_donar_sangre_de_forma_altruista/,2025-07-18 17:44:58+00:00,reddit_comments_donacion_sangre.csv,reddit,,2025-07-18,0,0,"Algo de comida después de hacer un buen acto nunca viene mal . Aparte de hacer algo bueno, por supuesto. Gracias por el comentario y un saludo",😀
n3se7t4,"Sí lo he hecho, es fácil y casi no duele. Solo notas un pinchacito de nada al principio, luego nada. Te tumbas ahí 15 minutos, como si te quieres dormir, y ya estaría.


Lo ""malo"" es que ese día te encontrarás más débil de lo habitual, pero con descansar un poco y beber agua en lugar de ir a hacer deporte es suficiente.",2,1752832016.0,0.0,"Sí lo he hecho, es fácil y casi no duele. Solo notas un pinchacito de nada al principio, luego nada. Te tumbas ahí 15 minutos, como si te quieres dormir, y ya estaría.


Lo ""malo"" es que ese día te encontrarás más débil de lo habitual, pero con descansar un poco y beber agua en lugar de ir a hacer deporte es suficiente.",https://www.reddit.com/r/es/comments/1lzwwg2/opiniones_sobre_donar_sangre_de_forma_altruista/,2025-07-18 09:46:56+00:00,reddit_comments_donacion_sangre.csv,reddit,,2025-07-18,0,0,"Sí lo he hecho, es fácil y casi no duele. Solo notas un pinchacito de nada al principio, luego nada. Te tumbas ahí 15 minutos, como si te quieres dormir, y ya estaría. Lo ""malo"" es que ese día te encontrarás más débil de lo habitual, pero con descansar un poco y beber agua en lugar de ir a hacer deporte es suficiente.",
n3urvbr,"Pues muchas gracias por tu comentario, ya que es reconfortante saber que el proceso es bien sencillo y nada del otro mundo. Es bueno escuchar opiniones de otra gente. Gracias por tu escrito y un saludo !",1,1752860527.0,1.0,"Pues muchas gracias por tu comentario, ya que es reconfortante saber que el proceso es bien sencillo y nada del otro mundo. Es bueno escuchar opiniones de otra gente. Gracias por tu escrito y un saludo !",https://www.reddit.com/r/es/comments/1lzwwg2/opiniones_sobre_donar_sangre_de_forma_altruista/,2025-07-18 17:42:07+00:00,reddit_comments_donacion_sangre.csv,reddit,,2025-07-18,0,0,"Pues muchas gracias por tu comentario, ya que es reconfortante saber que el proceso es bien sencillo y nada del otro mundo. Es bueno escuchar opiniones de otra gente. Gracias por tu escrito y un saludo !",
n3sqx4g,Es el glitch de comida gratis.,2,1752838224.0,0.0,Es el glitch de comida gratis.,https://www.reddit.com/r/es/comments/1lzwwg2/opiniones_sobre_donar_sangre_de_forma_altruista/,2025-07-18 11:30:24+00:00,reddit_comments_donacion_sangre.csv,reddit,,2025-07-18,0,0,Es el glitch de comida gratis.,
n3urnk8,Y de regalos en ocasiones puntuales. Hay gente que en algún comentario han dicho que le regalaron hasta entradas de cine :D,2,1752860469.0,1.0,Y de regalos en ocasiones puntuales. Hay gente que en algún comentario han dicho que le regalaron hasta entradas de cine :D,https://www.reddit.com/r/es/comments/1lzwwg2/opiniones_sobre_donar_sangre_de_forma_altruista/,2025-07-18 17:41:09+00:00,reddit_comments_donacion_sangre.csv,reddit,,2025-07-18,0,0,Y de regalos en ocasiones puntuales. Hay gente que en algún comentario han dicho que le regalaron hasta entradas de cine :D,
n3wuy9w,Ostia! Un upgrade del glitch! Anotado!,2,1752883976.0,2.0,Ostia! Un upgrade del glitch! Anotado!,https://www.reddit.com/r/es/comments/1lzwwg2/opiniones_sobre_donar_sangre_de_forma_altruista/,2025-07-19 00:12:56+00:00,reddit_comments_donacion_sangre.csv,reddit,,2025-07-19,0,0,Ostia! Un upgrade del glitch! Anotado!,
n3tsjmk,"No hay otra forma de donación que no sea altruista. En realidad, es un acto sencillo e inocuo que salva vidas (literalmente).

Hay muchos mitos acerca de las donaciones. En términos generales la sangre se guarda, analiza, procesa para separarla en fases y componentes, se pone en cuarentena, se congela, y se va liberando según la demanda. Pasan varios días, necesarios, para poner a disposición de un paciente esa sangre.

Tanto centros públicos como privados pueden usar sangre de los bancos de tejidos y naturalmente eso tiene un coste económico, porque congelar cosas a 80° bajo cero y hacer múltiples pruebas de laboratorio tienen un coste. Los sistemas públicos de salud que gestionan su propio banco ahorran dinero.

De hecho, ciertos componentes de la sangre donada se entregan a farmacéuticas para fabricar medicamentos que no pueden ser fabricados de otra forma.

Y, respecto a conocer o no tu grupo sanguíneo, es irrelevante porque se comprueba cada vez que una persona dona, y requiere una transfusión, tanto del donante como del receptor.

Como observación final, si tienes venas ""complicadas"" yo creo que es mejor no donar. No merece la pena pasar el mal rato y conviene guardar esas venas imposibles para momentos de una necesidad propia mayor, como una cirugía.",2,1752850614.0,0.0,"No hay otra forma de donación que no sea altruista. En realidad, es un acto sencillo e inocuo que salva vidas (literalmente).

Hay muchos mitos acerca de las donaciones. En términos generales la sangre se guarda, analiza, procesa para separarla en fases y componentes, se pone en cuarentena, se congela, y se va liberando según la demanda. Pasan varios días, necesarios, para poner a disposición de un paciente esa sangre.

Tanto centros públicos como privados pueden usar sangre de los bancos de tejidos y naturalmente eso tiene un coste económico, porque congelar cosas a 80° bajo cero y hacer múltiples pruebas de laboratorio tienen un coste. Los sistemas públicos de salud que gestionan su propio banco ahorran dinero.

De hecho, ciertos componentes de la sangre donada se entregan a farmacéuticas para fabricar medicamentos que no pueden ser fabricados de otra forma.

Y, respecto a conocer o no tu grupo sanguíneo, es irrelevante porque se comprueba cada vez que una persona dona, y requiere una transfusión, tanto del donante como del receptor.

Como observación final, si tienes venas ""complicadas"" yo creo que es mejor no donar. No merece la pena pasar el mal rato y conviene guardar esas venas imposibles para momentos de una necesidad propia mayor, como una cirugía.",https://www.reddit.com/r/es/comments/1lzwwg2/opiniones_sobre_donar_sangre_de_forma_altruista/,2025-07-18 14:56:54+00:00,reddit_comments_donacion_sangre.csv,reddit,,2025-07-18,0,0,"No hay otra forma de donación que no sea altruista. En realidad, es un acto sencillo e inocuo que salva vidas (literalmente). Hay muchos mitos acerca de las donaciones. En términos generales la sangre se guarda, analiza, procesa para separarla en fases y componentes, se pone en cuarentena, se congela, y se va liberando según la demanda. Pasan varios días, necesarios, para poner a disposición de un paciente esa sangre. Tanto centros públicos como privados pueden usar sangre de los bancos de tejidos y naturalmente eso tiene un coste económico, porque congelar cosas a 80° bajo cero y hacer múltiples pruebas de laboratorio tienen un coste. Los sistemas públicos de salud que gestionan su propio banco ahorran dinero. De hecho, ciertos componentes de la sangre donada se entregan a farmacéuticas para fabricar medicamentos que no pueden ser fabricados de otra forma. Y, respecto a conocer o no tu grupo sanguíneo, es irrelevante porque se comprueba cada vez que una persona dona, y requiere una transfusión, tanto del donante como del receptor. Como observación final, si tienes venas ""complicadas"" yo creo que es mejor no donar. No merece la pena pasar el mal rato y conviene guardar esas venas imposibles para momentos de una necesidad propia mayor, como una cirugía.",
n3urhhx,Hola ! Gracias por tu comentario extenso contando tu punto de vista y lo que sabes sobre el tema. Me ha parecido muy interesante. Espero que tengas un buen día y gracias por tu tiempo escribiendo!,1,1752860427.0,1.0,Hola ! Gracias por tu comentario extenso contando tu punto de vista y lo que sabes sobre el tema. Me ha parecido muy interesante. Espero que tengas un buen día y gracias por tu tiempo escribiendo!,https://www.reddit.com/r/es/comments/1lzwwg2/opiniones_sobre_donar_sangre_de_forma_altruista/,2025-07-18 17:40:27+00:00,reddit_comments_donacion_sangre.csv,reddit,,2025-07-18,0,0,Hola ! Gracias por tu comentario extenso contando tu punto de vista y lo que sabes sobre el tema. Me ha parecido muy interesante. Espero que tengas un buen día y gracias por tu tiempo escribiendo!,
nk30fve,"Tengo 18 años y doné por primera vez el mes pasado y me sentí muy agradecida, aunque creo que va de persona a persona, me siento bien, siempre he soñado con ayudar en todo lo que pueda, sobre todo porque puedo donar a cualquier tipo de sangre (soy O-), ¡me siento bien sabiendo que estoy ayudando a salvar vidas!",2,1760756746.0,0.0,"Tengo 18 años y doné por primera vez el mes pasado y me sentí muy agradecida, aunque creo que va de persona a persona, me siento bien, siempre he soñado con ayudar en todo lo que pueda, sobre todo porque puedo donar a cualquier tipo de sangre (soy O-), ¡me siento bien sabiendo que estoy ayudando a salvar vidas!",https://www.reddit.com/r/es/comments/1lzwwg2/opiniones_sobre_donar_sangre_de_forma_altruista/,2025-10-18 03:05:46+00:00,reddit_comments_donacion_sangre.csv,reddit,,2025-10-18,0,0,"Tengo 18 años y doné por primera vez el mes pasado y me sentí muy agradecida, aunque creo que va de persona a persona, me siento bien, siempre he soñado con ayudar en todo lo que pueda, sobre todo porque puedo donar a cualquier tipo de sangre (soy O-), ¡me siento bien sabiendo que estoy ayudando a salvar vidas!",
nk3h9bb,"Gracias por tu comentario. Es bonito saber que estás ayudando a otras personas con tus actos, cierto? Yo estaría orgulloso de mí mismo si fuera tú, así que enhorabuena  :)",1,1760764741.0,1.0,"Gracias por tu comentario. Es bonito saber que estás ayudando a otras personas con tus actos, cierto? Yo estaría orgulloso de mí mismo si fuera tú, así que enhorabuena  :)",https://www.reddit.com/r/es/comments/1lzwwg2/opiniones_sobre_donar_sangre_de_forma_altruista/,2025-10-18 05:19:01+00:00,reddit_comments_donacion_sangre.csv,reddit,,2025-10-18,0,0,"Gracias por tu comentario. Es bonito saber que estás ayudando a otras personas con tus actos, cierto? Yo estaría orgulloso de mí mismo si fuera tú, así que enhorabuena :)",
n351zmh,"Además de todo lo que han dicho por aquí, es la única manera de reducir tus niveles de PFAS en sangre.

https://jamanetwork.com/journals/jamanetworkopen/fullarticle/2790905",1,1752524719.0,0.0,"Además de todo lo que han dicho por aquí, es la única manera de reducir tus niveles de PFAS en sangre.

https://jamanetwork.com/journals/jamanetworkopen/fullarticle/2790905",https://www.reddit.com/r/es/comments/1lzwwg2/opiniones_sobre_donar_sangre_de_forma_altruista/,2025-07-14 20:25:19+00:00,reddit_comments_donacion_sangre.csv,reddit,,2025-07-14,0,0,"Además de todo lo que han dicho por aquí, es la única manera de reducir tus niveles de PFAS en sangre. https://jamanetwork.com/journals/jamanetworkopen/fullarticle/2790905",
n3549gn,Me leído la información después de traducirla y  la he encontrado muy interesante. Gracias por compartirla ! Seguro que mucha gente desconocía este pequeño gran detalle sobre las donaciones,1,1752525351.0,1.0,Me leído la información después de traducirla y  la he encontrado muy interesante. Gracias por compartirla ! Seguro que mucha gente desconocía este pequeño gran detalle sobre las donaciones,https://www.reddit.com/r/es/comments/1lzwwg2/opiniones_sobre_donar_sangre_de_forma_altruista/,2025-07-14 20:35:51+00:00,reddit_comments_donacion_sangre.csv,reddit,,2025-07-14,0,0,Me leído la información después de traducirla y la he encontrado muy interesante. Gracias por compartirla ! Seguro que mucha gente desconocía este pequeño gran detalle sobre las donaciones,
n355pek,Si te interesa el tema aqui hay un video muy bueno sobre ello https://youtu.be/xRjqSoiH-jA?si=sjnVr1hA0LasHrku,2,1752525758.0,2.0,Si te interesa el tema aqui hay un video muy bueno sobre ello https://youtu.be/xRjqSoiH-jA?si=sjnVr1hA0LasHrku,https://www.reddit.com/r/es/comments/1lzwwg2/opiniones_sobre_donar_sangre_de_forma_altruista/,2025-07-14 20:42:38+00:00,reddit_comments_donacion_sangre.csv,reddit,,2025-07-14,0,0,Si te interesa el tema aqui hay un video muy bueno sobre ello https://youtu.be/xRjqSoiH-jA?si=sjnVr1hA0LasHrku,
n358vq6,"Voy a ponerlo en vídeo favoritos y me lo veré más tarde. En los ratos libres estudio medicina como entretenimiento y este tipo de vídeos sean se la misma índole que estudio o no me parece interesante conocerlos para saber otros puntos de vista. De nuevo, gracias",1,1752526648.0,3.0,"Voy a ponerlo en vídeo favoritos y me lo veré más tarde. En los ratos libres estudio medicina como entretenimiento y este tipo de vídeos sean se la misma índole que estudio o no me parece interesante conocerlos para saber otros puntos de vista. De nuevo, gracias",https://www.reddit.com/r/es/comments/1lzwwg2/opiniones_sobre_donar_sangre_de_forma_altruista/,2025-07-14 20:57:28+00:00,reddit_comments_donacion_sangre.csv,reddit,,2025-07-14,0,0,"Voy a ponerlo en vídeo favoritos y me lo veré más tarde. En los ratos libres estudio medicina como entretenimiento y este tipo de vídeos sean se la misma índole que estudio o no me parece interesante conocerlos para saber otros puntos de vista. De nuevo, gracias",
n352m4a,"Ehh... La imagen está mal.
 
Podrías quitarla 😰

Esto podría costar vidas",1,1752524892.0,0.0,"Ehh... La imagen está mal.
 
Podrías quitarla 😰

Esto podría costar vidas",https://www.reddit.com/r/es/comments/1lzwwg2/opiniones_sobre_donar_sangre_de_forma_altruista/,2025-07-14 20:28:12+00:00,reddit_comments_donacion_sangre.csv,reddit,,2025-07-14,0,0,Ehh... La imagen está mal. Podrías quitarla Esto podría costar vidas,😰
n35f7ob,No va a costar vidas. Los médicos saben la verdadera tabla y las verdaderas equivalencias y no van a hacer caso a nadie que venga al hospital con información de internet diciendo que a su familiar le pueden poner X tipo de sangre cuando no es así.,2,1752528468.0,1.0,No va a costar vidas. Los médicos saben la verdadera tabla y las verdaderas equivalencias y no van a hacer caso a nadie que venga al hospital con información de internet diciendo que a su familiar le pueden poner X tipo de sangre cuando no es así.,https://www.reddit.com/r/es/comments/1lzwwg2/opiniones_sobre_donar_sangre_de_forma_altruista/,2025-07-14 21:27:48+00:00,reddit_comments_donacion_sangre.csv,reddit,,2025-07-14,0,0,No va a costar vidas. Los médicos saben la verdadera tabla y las verdaderas equivalencias y no van a hacer caso a nadie que venga al hospital con información de internet diciendo que a su familiar le pueden poner X tipo de sangre cuando no es así.,
n35g6to,"A ver claro que los médicos se lo saben, pero imagina que algún pringao encuentra esta tabla en una situación de emergencia sin posibilidad de atención sanitaria, pero con acceso a sangre. 
 
Este no es el tipo de información que convenga tener mal online. Es hasta cierto punto peligroso que una tabla como esta corretee por Internet.",0,1752528753.0,2.0,"A ver claro que los médicos se lo saben, pero imagina que algún pringao encuentra esta tabla en una situación de emergencia sin posibilidad de atención sanitaria, pero con acceso a sangre. 
 
Este no es el tipo de información que convenga tener mal online. Es hasta cierto punto peligroso que una tabla como esta corretee por Internet.",https://www.reddit.com/r/es/comments/1lzwwg2/opiniones_sobre_donar_sangre_de_forma_altruista/,2025-07-14 21:32:33+00:00,reddit_comments_donacion_sangre.csv,reddit,,2025-07-14,0,0,"A ver claro que los médicos se lo saben, pero imagina que algún pringao encuentra esta tabla en una situación de emergencia sin posibilidad de atención sanitaria, pero con acceso a sangre. Este no es el tipo de información que convenga tener mal online. Es hasta cierto punto peligroso que una tabla como esta corretee por Internet.",
n3hhijn,"Pues creo que no puedo editarlo 😓 . Lo siento, lo he intentado pero como ha pasado 24 horas creo que ya no puedo editar la imágen. Espero que la imagen no de problemas en el futuro.",1,1752689243.0,3.0,"Pues creo que no puedo editarlo 😓 . Lo siento, lo he intentado pero como ha pasado 24 horas creo que ya no puedo editar la imágen. Espero que la imagen no de problemas en el futuro.",https://www.reddit.com/r/es/comments/1lzwwg2/opiniones_sobre_donar_sangre_de_forma_altruista/,2025-07-16 18:07:23+00:00,reddit_comments_donacion_sangre.csv,reddit,,2025-07-16,0,0,"Pues creo que no puedo editarlo . Lo siento, lo he intentado pero como ha pasado 24 horas creo que ya no puedo editar la imágen. Espero que la imagen no de problemas en el futuro.",😓
n35ephp,"No te cuesta nada, es de perro no Donat si hasta vienen a la facu",1,1752528319.0,0.0,"No te cuesta nada, es de perro no Donat si hasta vienen a la facu",https://www.reddit.com/r/es/comments/1lzwwg2/opiniones_sobre_donar_sangre_de_forma_altruista/,2025-07-14 21:25:19+00:00,reddit_comments_donacion_sangre.csv,reddit,,2025-07-14,0,0,"No te cuesta nada, es de perro no Donat si hasta vienen a la facu",
n35h91n,"En mi caso, cuando estuve en la universidad no tuve la oportunidad.  Pero ahora lo voy a intentar, nunca es tarde para hacer algo bueno. Gracias por el comentario y que te vaya bien 😀",1,1752529064.0,1.0,"En mi caso, cuando estuve en la universidad no tuve la oportunidad.  Pero ahora lo voy a intentar, nunca es tarde para hacer algo bueno. Gracias por el comentario y que te vaya bien 😀",https://www.reddit.com/r/es/comments/1lzwwg2/opiniones_sobre_donar_sangre_de_forma_altruista/,2025-07-14 21:37:44+00:00,reddit_comments_donacion_sangre.csv,reddit,,2025-07-14,0,0,"En mi caso, cuando estuve en la universidad no tuve la oportunidad. Pero ahora lo voy a intentar, nunca es tarde para hacer algo bueno. Gracias por el comentario y que te vaya bien",😀
n35hmll,"Me parece fatal y no lo haria nunca, yo quiero un zumito",1,1752529174.0,0.0,"Me parece fatal y no lo haria nunca, yo quiero un zumito",https://www.reddit.com/r/es/comments/1lzwwg2/opiniones_sobre_donar_sangre_de_forma_altruista/,2025-07-14 21:39:34+00:00,reddit_comments_donacion_sangre.csv,reddit,,2025-07-14,0,0,"Me parece fatal y no lo haria nunca, yo quiero un zumito",
n35j3ns,"Bueno, hay gente para todos los gustos, supongo 😀 Al menos te gustan Los zumos jajaja",1,1752529609.0,1.0,"Bueno, hay gente para todos los gustos, supongo 😀 Al menos te gustan Los zumos jajaja",https://www.reddit.com/r/es/comments/1lzwwg2/opiniones_sobre_donar_sangre_de_forma_altruista/,2025-07-14 21:46:49+00:00,reddit_comments_donacion_sangre.csv,reddit,,2025-07-14,0,0,"Bueno, hay gente para todos los gustos, supongo Al menos te gustan Los zumos jajaja",😀
n35rywl,Si tengo ab+ vale la pena? Porque se puede recibir de todos pero cuando donas solo le puedes donar a otros ab+,1,1752532373.0,0.0,Si tengo ab+ vale la pena? Porque se puede recibir de todos pero cuando donas solo le puedes donar a otros ab+,https://www.reddit.com/r/es/comments/1lzwwg2/opiniones_sobre_donar_sangre_de_forma_altruista/,2025-07-14 22:32:53+00:00,reddit_comments_donacion_sangre.csv,reddit,,2025-07-14,0,0,Si tengo ab+ vale la pena? Porque se puede recibir de todos pero cuando donas solo le puedes donar a otros ab+,
n386c90,"Sin ninguna duda merece la pena. Por mucho que a los AB+ les valga el resto de grupos, si yo por ejemplo te pongo una bolsa 0+ eso supone ""quitarle"" una bolsa de sangre a alguien 0+ que la pueda necesitar y que no tiene esa suerte de que le valen de el resto de grupos.

Mientras más donaciones haya de TODOS los grupos mucho mejor, ninguna donación sobra. Todas son igualmente importantes.",2,1752567812.0,1.0,"Sin ninguna duda merece la pena. Por mucho que a los AB+ les valga el resto de grupos, si yo por ejemplo te pongo una bolsa 0+ eso supone ""quitarle"" una bolsa de sangre a alguien 0+ que la pueda necesitar y que no tiene esa suerte de que le valen de el resto de grupos.

Mientras más donaciones haya de TODOS los grupos mucho mejor, ninguna donación sobra. Todas son igualmente importantes.",https://www.reddit.com/r/es/comments/1lzwwg2/opiniones_sobre_donar_sangre_de_forma_altruista/,2025-07-15 08:23:32+00:00,reddit_comments_donacion_sangre.csv,reddit,,2025-07-15,0,0,"Sin ninguna duda merece la pena. Por mucho que a los AB+ les valga el resto de grupos, si yo por ejemplo te pongo una bolsa 0+ eso supone ""quitarle"" una bolsa de sangre a alguien 0+ que la pueda necesitar y que no tiene esa suerte de que le valen de el resto de grupos. Mientras más donaciones haya de TODOS los grupos mucho mejor, ninguna donación sobra. Todas son igualmente importantes.",
n3hdvox,"Desde el conocimiento, pero yo creo que sí que merece la pena. La gente que tiene una sangre AB+, seguramente agradezcan las donaciones venga de donde venga. No creo que haya se poner en menos valor tu tipo de sangre frente a otras porque nunca sabremos si aportará menos o más ayuda a una persona que la puede necesitar. Esa es mi opinión",1,1752688257.0,1.0,"Desde el conocimiento, pero yo creo que sí que merece la pena. La gente que tiene una sangre AB+, seguramente agradezcan las donaciones venga de donde venga. No creo que haya se poner en menos valor tu tipo de sangre frente a otras porque nunca sabremos si aportará menos o más ayuda a una persona que la puede necesitar. Esa es mi opinión",https://www.reddit.com/r/es/comments/1lzwwg2/opiniones_sobre_donar_sangre_de_forma_altruista/,2025-07-16 17:50:57+00:00,reddit_comments_donacion_sangre.csv,reddit,,2025-07-16,0,0,"Desde el conocimiento, pero yo creo que sí que merece la pena. La gente que tiene una sangre AB+, seguramente agradezcan las donaciones venga de donde venga. No creo que haya se poner en menos valor tu tipo de sangre frente a otras porque nunca sabremos si aportará menos o más ayuda a una persona que la puede necesitar. Esa es mi opinión",
n35slmr,"En España creo que se dona bastante, al menos órganos, así que sangre incluso mejor porque no necesitas morirte XD

¡Donar plasma también ayuda!",1,1752532575.0,0.0,"En España creo que se dona bastante, al menos órganos, así que sangre incluso mejor porque no necesitas morirte XD

¡Donar plasma también ayuda!",https://www.reddit.com/r/es/comments/1lzwwg2/opiniones_sobre_donar_sangre_de_forma_altruista/,2025-07-14 22:36:15+00:00,reddit_comments_donacion_sangre.csv,reddit,,2025-07-14,0,0,"En España creo que se dona bastante, al menos órganos, así que sangre incluso mejor porque no necesitas morirte XD ¡Donar plasma también ayuda!",
n3gz3h2,"La verdad es que mucha gente me dice de donar plasma. Me lo voy a apuntar eso de ir a donar plasma algún día, ya que parece interesante. Gracias por El comentario !",1,1752684276.0,1.0,"La verdad es que mucha gente me dice de donar plasma. Me lo voy a apuntar eso de ir a donar plasma algún día, ya que parece interesante. Gracias por El comentario !",https://www.reddit.com/r/es/comments/1lzwwg2/opiniones_sobre_donar_sangre_de_forma_altruista/,2025-07-16 16:44:36+00:00,reddit_comments_donacion_sangre.csv,reddit,,2025-07-16,0,0,"La verdad es que mucha gente me dice de donar plasma. Me lo voy a apuntar eso de ir a donar plasma algún día, ya que parece interesante. Gracias por El comentario !",
n361p37,Celebré mi 18 cumpleaños donando sangre. Y lo hago siempre que puedo. Es importantisimo y el esfuerzo es mínimo.,1,1752535499.0,0.0,Celebré mi 18 cumpleaños donando sangre. Y lo hago siempre que puedo. Es importantisimo y el esfuerzo es mínimo.,https://www.reddit.com/r/es/comments/1lzwwg2/opiniones_sobre_donar_sangre_de_forma_altruista/,2025-07-14 23:24:59+00:00,reddit_comments_donacion_sangre.csv,reddit,,2025-07-14,0,0,Celebré mi 18 cumpleaños donando sangre. Y lo hago siempre que puedo. Es importantisimo y el esfuerzo es mínimo.,
n3gzbda,Esa es una gran forma de cumplir que eres mayor de edad. Puedes estar orgullos@ de ti misma 😀 Gracias por el comentario y un saludo !,1,1752684338.0,1.0,Esa es una gran forma de cumplir que eres mayor de edad. Puedes estar orgullos@ de ti misma 😀 Gracias por el comentario y un saludo !,https://www.reddit.com/r/es/comments/1lzwwg2/opiniones_sobre_donar_sangre_de_forma_altruista/,2025-07-16 16:45:38+00:00,reddit_comments_donacion_sangre.csv,reddit,,2025-07-16,0,0,Esa es una gran forma de cumplir que eres mayor de edad. Puedes estar orgullos@ de ti misma Gracias por el comentario y un saludo !,😀
n362awh,Le tengo un pánico a las agujas que me hace casi que imposible el donar sangre…,1,1752535698.0,0.0,Le tengo un pánico a las agujas que me hace casi que imposible el donar sangre…,https://www.reddit.com/r/es/comments/1lzwwg2/opiniones_sobre_donar_sangre_de_forma_altruista/,2025-07-14 23:28:18+00:00,reddit_comments_donacion_sangre.csv,reddit,,2025-07-14,0,0,Le tengo un pánico a las agujas que me hace casi que imposible el donar sangre…,
n3gzjsx,"Lo veo normal. Tengo algún conocido que también se lo tienen y lo pasa realmente mal en inspecciones médicas. Tal vez algún día se te pase, por tu bien más que por la donación. Un saludo !",1,1752684403.0,1.0,"Lo veo normal. Tengo algún conocido que también se lo tienen y lo pasa realmente mal en inspecciones médicas. Tal vez algún día se te pase, por tu bien más que por la donación. Un saludo !",https://www.reddit.com/r/es/comments/1lzwwg2/opiniones_sobre_donar_sangre_de_forma_altruista/,2025-07-16 16:46:43+00:00,reddit_comments_donacion_sangre.csv,reddit,,2025-07-16,0,0,"Lo veo normal. Tengo algún conocido que también se lo tienen y lo pasa realmente mal en inspecciones médicas. Tal vez algún día se te pase, por tu bien más que por la donación. Un saludo !",
n363hpe,"Es recomendable, sobre todo si estas en la uni dona cuando este el bus por tu campus, pues a veces cae dinero para la facultad que mas dona. Yo estaría encantado de donar pero como soy hipotenso, como que  mejor no donar no sea que después me desmaye me reviente la cabeza y en vez de donar gaste 3 bolsas",1,1752536087.0,0.0,"Es recomendable, sobre todo si estas en la uni dona cuando este el bus por tu campus, pues a veces cae dinero para la facultad que mas dona. Yo estaría encantado de donar pero como soy hipotenso, como que  mejor no donar no sea que después me desmaye me reviente la cabeza y en vez de donar gaste 3 bolsas",https://www.reddit.com/r/es/comments/1lzwwg2/opiniones_sobre_donar_sangre_de_forma_altruista/,2025-07-14 23:34:47+00:00,reddit_comments_donacion_sangre.csv,reddit,,2025-07-14,0,0,"Es recomendable, sobre todo si estas en la uni dona cuando este el bus por tu campus, pues a veces cae dinero para la facultad que mas dona. Yo estaría encantado de donar pero como soy hipotenso, como que mejor no donar no sea que después me desmaye me reviente la cabeza y en vez de donar gaste 3 bolsas",
n3gzuik,"En mi caso, al final he optado por ir directamente al hospital a hacer la donación. En el campus de mi ciudad nunca vi esos movimientos, así que mejor voy directamente a donde sé que más será de ayuda. Gracias por tu comentario !",1,1752684486.0,1.0,"En mi caso, al final he optado por ir directamente al hospital a hacer la donación. En el campus de mi ciudad nunca vi esos movimientos, así que mejor voy directamente a donde sé que más será de ayuda. Gracias por tu comentario !",https://www.reddit.com/r/es/comments/1lzwwg2/opiniones_sobre_donar_sangre_de_forma_altruista/,2025-07-16 16:48:06+00:00,reddit_comments_donacion_sangre.csv,reddit,,2025-07-16,0,0,"En mi caso, al final he optado por ir directamente al hospital a hacer la donación. En el campus de mi ciudad nunca vi esos movimientos, así que mejor voy directamente a donde sé que más será de ayuda. Gracias por tu comentario !",
n3681qo,"Pues lo normal, si tengo la opción de ayudar a otros y no me cuesta más que cinco minutos pq no lo iba a hacer?",1,1752537594.0,0.0,"Pues lo normal, si tengo la opción de ayudar a otros y no me cuesta más que cinco minutos pq no lo iba a hacer?",https://www.reddit.com/r/es/comments/1lzwwg2/opiniones_sobre_donar_sangre_de_forma_altruista/,2025-07-14 23:59:54+00:00,reddit_comments_donacion_sangre.csv,reddit,,2025-07-14,0,0,"Pues lo normal, si tengo la opción de ayudar a otros y no me cuesta más que cinco minutos pq no lo iba a hacer?",
n3gzzwt,Pues tienes razón. Es la idea que se me pasó por la mente cuando decidí mirar cómo se podía hacer esto de las donaciones. Gracias y un saludo,1,1752684527.0,1.0,Pues tienes razón. Es la idea que se me pasó por la mente cuando decidí mirar cómo se podía hacer esto de las donaciones. Gracias y un saludo,https://www.reddit.com/r/es/comments/1lzwwg2/opiniones_sobre_donar_sangre_de_forma_altruista/,2025-07-16 16:48:47+00:00,reddit_comments_donacion_sangre.csv,reddit,,2025-07-16,0,0,Pues tienes razón. Es la idea que se me pasó por la mente cuando decidí mirar cómo se podía hacer esto de las donaciones. Gracias y un saludo,
n37l0qz,Cuando era pequeña tuve un accidente... Por varios motivos tarde mucho en llegar al hospital. Perdí tanta sangre que tenía convulsiones... Necesité varias trasfusiones. Por poco no lo cuento. Hoy día estoy aquí gracias a que otras personas donaron sangre.,1,1752556218.0,0.0,Cuando era pequeña tuve un accidente... Por varios motivos tarde mucho en llegar al hospital. Perdí tanta sangre que tenía convulsiones... Necesité varias trasfusiones. Por poco no lo cuento. Hoy día estoy aquí gracias a que otras personas donaron sangre.,https://www.reddit.com/r/es/comments/1lzwwg2/opiniones_sobre_donar_sangre_de_forma_altruista/,2025-07-15 05:10:18+00:00,reddit_comments_donacion_sangre.csv,reddit,,2025-07-15,0,0,Cuando era pequeña tuve un accidente... Por varios motivos tarde mucho en llegar al hospital. Perdí tanta sangre que tenía convulsiones... Necesité varias trasfusiones. Por poco no lo cuento. Hoy día estoy aquí gracias a que otras personas donaron sangre.,
n3h0geu,"Tu comentario es una motivación, a mi me ayuda a saber que hay ciertas personas que se ayudaron gracias a todo esto de donar. Gracias por tu comentario, en serio",1,1752684653.0,1.0,"Tu comentario es una motivación, a mi me ayuda a saber que hay ciertas personas que se ayudaron gracias a todo esto de donar. Gracias por tu comentario, en serio",https://www.reddit.com/r/es/comments/1lzwwg2/opiniones_sobre_donar_sangre_de_forma_altruista/,2025-07-16 16:50:53+00:00,reddit_comments_donacion_sangre.csv,reddit,,2025-07-16,0,0,"Tu comentario es una motivación, a mi me ayuda a saber que hay ciertas personas que se ayudaron gracias a todo esto de donar. Gracias por tu comentario, en serio",
n37xnn9,"Ser el eslabón más importante y el menos beneficiado no me parece justo. Acá todos cobran, enfermeras, hospitales, buses medicalizados, campaña, bancos de sangre... Todos cobran pero yo que soy la materia prima, yo que también tengo buena fé como supuestamente todos, yo no tengo derecho a cobrar como el autobusero sin Ir más lejos o el laboratorio que suministra viales y también cobra. Todos menos yo. . .pos va a ser que no. Por cierto soy rh 0- y no está el horno pa bollos.",1,1752562828.0,0.0,"Ser el eslabón más importante y el menos beneficiado no me parece justo. Acá todos cobran, enfermeras, hospitales, buses medicalizados, campaña, bancos de sangre... Todos cobran pero yo que soy la materia prima, yo que también tengo buena fé como supuestamente todos, yo no tengo derecho a cobrar como el autobusero sin Ir más lejos o el laboratorio que suministra viales y también cobra. Todos menos yo. . .pos va a ser que no. Por cierto soy rh 0- y no está el horno pa bollos.",https://www.reddit.com/r/es/comments/1lzwwg2/opiniones_sobre_donar_sangre_de_forma_altruista/,2025-07-15 07:00:28+00:00,reddit_comments_donacion_sangre.csv,reddit,,2025-07-15,0,0,"Ser el eslabón más importante y el menos beneficiado no me parece justo. Acá todos cobran, enfermeras, hospitales, buses medicalizados, campaña, bancos de sangre... Todos cobran pero yo que soy la materia prima, yo que también tengo buena fé como supuestamente todos, yo no tengo derecho a cobrar como el autobusero sin Ir más lejos o el laboratorio que suministra viales y también cobra. Todos menos yo. . .pos va a ser que no. Por cierto soy rh 0- y no está el horno pa bollos.",
n3h0r5z,"Entiendo tu comentario. No sé si en algún lugar alguien te aportará algo económicamente por donar, como soy novato en esto no lo sé aunque hay gente que comenta que ha recibido regalos por hacer donaciones. De nuevo, gracias por tu comentario",1,1752684735.0,1.0,"Entiendo tu comentario. No sé si en algún lugar alguien te aportará algo económicamente por donar, como soy novato en esto no lo sé aunque hay gente que comenta que ha recibido regalos por hacer donaciones. De nuevo, gracias por tu comentario",https://www.reddit.com/r/es/comments/1lzwwg2/opiniones_sobre_donar_sangre_de_forma_altruista/,2025-07-16 16:52:15+00:00,reddit_comments_donacion_sangre.csv,reddit,,2025-07-16,0,0,"Entiendo tu comentario. No sé si en algún lugar alguien te aportará algo económicamente por donar, como soy novato en esto no lo sé aunque hay gente que comenta que ha recibido regalos por hacer donaciones. De nuevo, gracias por tu comentario",
n3l1o5f,Los enfermeros no cobran regalos los laboratorios tampoco y las agencias de publicidad que hacen los anuncios tampoco el único que regala soy yo.,1,1752732685.0,2.0,Los enfermeros no cobran regalos los laboratorios tampoco y las agencias de publicidad que hacen los anuncios tampoco el único que regala soy yo.,https://www.reddit.com/r/es/comments/1lzwwg2/opiniones_sobre_donar_sangre_de_forma_altruista/,2025-07-17 06:11:25+00:00,reddit_comments_donacion_sangre.csv,reddit,,2025-07-17,0,0,Los enfermeros no cobran regalos los laboratorios tampoco y las agencias de publicidad que hacen los anuncios tampoco el único que regala soy yo.,
n3lx3mj,Qué manera más rastrera de verlo,1,1752749663.0,1.0,Qué manera más rastrera de verlo,https://www.reddit.com/r/es/comments/1lzwwg2/opiniones_sobre_donar_sangre_de_forma_altruista/,2025-07-17 10:54:23+00:00,reddit_comments_donacion_sangre.csv,reddit,,2025-07-17,0,0,Qué manera más rastrera de verlo,
n3np5gg,Exacto es rastrero que todos se beneficien y a mí me den caramelos y pegatinas. 😙,1,1752770054.0,2.0,Exacto es rastrero que todos se beneficien y a mí me den caramelos y pegatinas. 😙,https://www.reddit.com/r/es/comments/1lzwwg2/opiniones_sobre_donar_sangre_de_forma_altruista/,2025-07-17 16:34:14+00:00,reddit_comments_donacion_sangre.csv,reddit,,2025-07-17,0,0,Exacto es rastrero que todos se beneficien y a mí me den caramelos y pegatinas.,😙
n38gb29,"Yo lo he hecho varias veces porque soy O+ y mi sangre puede ayudar a bastante gente. Lo importante es que dones en un centro salud/centro de transfusiones/hospital porque los de cruz roja venden tu sangre a la seguridad social sin darte a ti ninguna parte de ese dinero, mientras que si vas a uno de esos centros le saldrá gratis al Estado.

Además, esto ya es basado en experiencia personal, me parecen mejor las enfermeras de los centros de donaciones que las de la cruz roja (mi primera vez fue en cruz roja, después me enteré de cómo funcionaba el tinglado y no volví a donarles a ellos más).",1,1752573628.0,0.0,"Yo lo he hecho varias veces porque soy O+ y mi sangre puede ayudar a bastante gente. Lo importante es que dones en un centro salud/centro de transfusiones/hospital porque los de cruz roja venden tu sangre a la seguridad social sin darte a ti ninguna parte de ese dinero, mientras que si vas a uno de esos centros le saldrá gratis al Estado.

Además, esto ya es basado en experiencia personal, me parecen mejor las enfermeras de los centros de donaciones que las de la cruz roja (mi primera vez fue en cruz roja, después me enteré de cómo funcionaba el tinglado y no volví a donarles a ellos más).",https://www.reddit.com/r/es/comments/1lzwwg2/opiniones_sobre_donar_sangre_de_forma_altruista/,2025-07-15 10:00:28+00:00,reddit_comments_donacion_sangre.csv,reddit,,2025-07-15,0,0,"Yo lo he hecho varias veces porque soy O+ y mi sangre puede ayudar a bastante gente. Lo importante es que dones en un centro salud/centro de transfusiones/hospital porque los de cruz roja venden tu sangre a la seguridad social sin darte a ti ninguna parte de ese dinero, mientras que si vas a uno de esos centros le saldrá gratis al Estado. Además, esto ya es basado en experiencia personal, me parecen mejor las enfermeras de los centros de donaciones que las de la cruz roja (mi primera vez fue en cruz roja, después me enteré de cómo funcionaba el tinglado y no volví a donarles a ellos más).",
n3h18d1,"Gracias por tu comentario. Después de leer varios comentarios diciéndome lo mismo, tengo decidido que empezaré a donar directamente en el hospital de mi ciudad, me parece lo más seguro y directo en este caso. Gracias por tu escrito y que te vaya bien el día !",2,1752684865.0,1.0,"Gracias por tu comentario. Después de leer varios comentarios diciéndome lo mismo, tengo decidido que empezaré a donar directamente en el hospital de mi ciudad, me parece lo más seguro y directo en este caso. Gracias por tu escrito y que te vaya bien el día !",https://www.reddit.com/r/es/comments/1lzwwg2/opiniones_sobre_donar_sangre_de_forma_altruista/,2025-07-16 16:54:25+00:00,reddit_comments_donacion_sangre.csv,reddit,,2025-07-16,0,0,"Gracias por tu comentario. Después de leer varios comentarios diciéndome lo mismo, tengo decidido que empezaré a donar directamente en el hospital de mi ciudad, me parece lo más seguro y directo en este caso. Gracias por tu escrito y que te vaya bien el día !",
n38q75q,A mí me gustaría pero no puedo por medicación 🥲,1,1752578472.0,0.0,A mí me gustaría pero no puedo por medicación 🥲,https://www.reddit.com/r/es/comments/1lzwwg2/opiniones_sobre_donar_sangre_de_forma_altruista/,2025-07-15 11:21:12+00:00,reddit_comments_donacion_sangre.csv,reddit,,2025-07-15,0,0,A mí me gustaría pero no puedo por medicación,🥲
n3h1f2o,"Quizás algún día puedas hacerlo. Si no, no te sientas mal. Ya me ayudas con tu comentario para hacerme más popular el hilo y ver opiniones de otra gente. Gracias por escribir y que te vaya bien el día :)",2,1752684915.0,1.0,"Quizás algún día puedas hacerlo. Si no, no te sientas mal. Ya me ayudas con tu comentario para hacerme más popular el hilo y ver opiniones de otra gente. Gracias por escribir y que te vaya bien el día :)",https://www.reddit.com/r/es/comments/1lzwwg2/opiniones_sobre_donar_sangre_de_forma_altruista/,2025-07-16 16:55:15+00:00,reddit_comments_donacion_sangre.csv,reddit,,2025-07-16,0,0,"Quizás algún día puedas hacerlo. Si no, no te sientas mal. Ya me ayudas con tu comentario para hacerme más popular el hilo y ver opiniones de otra gente. Gracias por escribir y que te vaya bien el día :)",
n3agjwj,"yo donaba sangre periódicamente, pero dado que en mis vacaciones pasadas el barco estuvo en un puerto de república dominicana. me prohibieron donar sangre al menos por un año.",1,1752598155.0,0.0,"yo donaba sangre periódicamente, pero dado que en mis vacaciones pasadas el barco estuvo en un puerto de república dominicana. me prohibieron donar sangre al menos por un año.",https://www.reddit.com/r/es/comments/1lzwwg2/opiniones_sobre_donar_sangre_de_forma_altruista/,2025-07-15 16:49:15+00:00,reddit_comments_donacion_sangre.csv,reddit,,2025-07-15,0,0,"yo donaba sangre periódicamente, pero dado que en mis vacaciones pasadas el barco estuvo en un puerto de república dominicana. me prohibieron donar sangre al menos por un año.",
n3h1yw0,"Ya he leído en algún otro lugar que depende de que viajes hayas hecho no puedes donar durante un tiempo. Es bueno saberlo, gracias por tu comentario !",1,1752685064.0,1.0,"Ya he leído en algún otro lugar que depende de que viajes hayas hecho no puedes donar durante un tiempo. Es bueno saberlo, gracias por tu comentario !",https://www.reddit.com/r/es/comments/1lzwwg2/opiniones_sobre_donar_sangre_de_forma_altruista/,2025-07-16 16:57:44+00:00,reddit_comments_donacion_sangre.csv,reddit,,2025-07-16,0,0,"Ya he leído en algún otro lugar que depende de que viajes hayas hecho no puedes donar durante un tiempo. Es bueno saberlo, gracias por tu comentario !",
n3b9e3e,"Tipo eléctrico: O-
Tipo hielo: AB+",1,1752606031.0,0.0,"Tipo eléctrico: O-
Tipo hielo: AB+",https://www.reddit.com/r/es/comments/1lzwwg2/opiniones_sobre_donar_sangre_de_forma_altruista/,2025-07-15 19:00:31+00:00,reddit_comments_donacion_sangre.csv,reddit,,2025-07-15,0,0,Tipo eléctrico: O- Tipo hielo: AB+,
n3cwcpi,"Yo soy donante y lo hago ocasionalmente, pero solo en hospitales de la comunidad,  antes lo hacía en autobuses de la cruz roja hasta que me enteré que el material lo ponía la comunidad autónoma y está les pagaba a la cruz roja 61€..  desde entonces no quiero saber nada de estos que hacen negocio con el altruismo de los ciudadanos.",1,1752623873.0,0.0,"Yo soy donante y lo hago ocasionalmente, pero solo en hospitales de la comunidad,  antes lo hacía en autobuses de la cruz roja hasta que me enteré que el material lo ponía la comunidad autónoma y está les pagaba a la cruz roja 61€..  desde entonces no quiero saber nada de estos que hacen negocio con el altruismo de los ciudadanos.",https://www.reddit.com/r/es/comments/1lzwwg2/opiniones_sobre_donar_sangre_de_forma_altruista/,2025-07-15 23:57:53+00:00,reddit_comments_donacion_sangre.csv,reddit,,2025-07-15,0,0,"Yo soy donante y lo hago ocasionalmente, pero solo en hospitales de la comunidad, antes lo hacía en autobuses de la cruz roja hasta que me enteré que el material lo ponía la comunidad autónoma y está les pagaba a la cruz roja 61€.. desde entonces no quiero saber nada de estos que hacen negocio con el altruismo de los ciudadanos.",
n3hd3lf,"Hola ! Por lo que comentas tú y otra gente es mejor evitar si tienes posibilidades la Cruz Roja. En mi caso, he decidido ir directamente al hospital a donar, así que está información me ayuda. Gracias y un saludo para ti !",2,1752688051.0,1.0,"Hola ! Por lo que comentas tú y otra gente es mejor evitar si tienes posibilidades la Cruz Roja. En mi caso, he decidido ir directamente al hospital a donar, así que está información me ayuda. Gracias y un saludo para ti !",https://www.reddit.com/r/es/comments/1lzwwg2/opiniones_sobre_donar_sangre_de_forma_altruista/,2025-07-16 17:47:31+00:00,reddit_comments_donacion_sangre.csv,reddit,,2025-07-16,0,0,"Hola ! Por lo que comentas tú y otra gente es mejor evitar si tienes posibilidades la Cruz Roja. En mi caso, he decidido ir directamente al hospital a donar, así que está información me ayuda. Gracias y un saludo para ti !",
n3d2o18,"Yo antes donaba sangre, pero durante la pandemia me dejaron tirado dos veces (había que ir ""con cita"") y, teniendo en cuenta que a mí me cuesta gasolina ir a donar, me jodió bastante.
Desde entonces no he vuelto y mientras no tenga medios cerca de casa para donar, no lo haré, o por lo menos que me paguen la gasolina.",1,1752626075.0,0.0,"Yo antes donaba sangre, pero durante la pandemia me dejaron tirado dos veces (había que ir ""con cita"") y, teniendo en cuenta que a mí me cuesta gasolina ir a donar, me jodió bastante.
Desde entonces no he vuelto y mientras no tenga medios cerca de casa para donar, no lo haré, o por lo menos que me paguen la gasolina.",https://www.reddit.com/r/es/comments/1lzwwg2/opiniones_sobre_donar_sangre_de_forma_altruista/,2025-07-16 00:34:35+00:00,reddit_comments_donacion_sangre.csv,reddit,,2025-07-16,0,0,"Yo antes donaba sangre, pero durante la pandemia me dejaron tirado dos veces (había que ir ""con cita"") y, teniendo en cuenta que a mí me cuesta gasolina ir a donar, me jodió bastante. Desde entonces no he vuelto y mientras no tenga medios cerca de casa para donar, no lo haré, o por lo menos que me paguen la gasolina.",
n3hcumk,"Hola, siento mucho lo que comentas que te pasó. De todas formas te doy las gracias por haber donado en el tiempo que estuviste o te dejaron y por haberme dejado aquí tu experiencia. Que te vaya bien y un saludo !",1,1752687985.0,1.0,"Hola, siento mucho lo que comentas que te pasó. De todas formas te doy las gracias por haber donado en el tiempo que estuviste o te dejaron y por haberme dejado aquí tu experiencia. Que te vaya bien y un saludo !",https://www.reddit.com/r/es/comments/1lzwwg2/opiniones_sobre_donar_sangre_de_forma_altruista/,2025-07-16 17:46:25+00:00,reddit_comments_donacion_sangre.csv,reddit,,2025-07-16,0,0,"Hola, siento mucho lo que comentas que te pasó. De todas formas te doy las gracias por haber donado en el tiempo que estuviste o te dejaron y por haberme dejado aquí tu experiencia. Que te vaya bien y un saludo !",
n3hdtle,"Gracias. No quiero desincentivar la donación, pero si advertir que a algunas personas nos ""cuesta"" ir a donar, y que vale que la donación sea a cambio de nada pero al menos deberían compensar los gastos de desplazamiento",2,1752688241.0,2.0,"Gracias. No quiero desincentivar la donación, pero si advertir que a algunas personas nos ""cuesta"" ir a donar, y que vale que la donación sea a cambio de nada pero al menos deberían compensar los gastos de desplazamiento",https://www.reddit.com/r/es/comments/1lzwwg2/opiniones_sobre_donar_sangre_de_forma_altruista/,2025-07-16 17:50:41+00:00,reddit_comments_donacion_sangre.csv,reddit,,2025-07-16,0,0,"Gracias. No quiero desincentivar la donación, pero si advertir que a algunas personas nos ""cuesta"" ir a donar, y que vale que la donación sea a cambio de nada pero al menos deberían compensar los gastos de desplazamiento",
n3hp4ou,"Sí, tienes razón. Además que mínimo que se os tenga en consideración o se os tenga un tipo de reconocimiento ya que hacéis esto por voluntad propia. Tal vez con el tiempo, esto cambie",1,1752691358.0,3.0,"Sí, tienes razón. Además que mínimo que se os tenga en consideración o se os tenga un tipo de reconocimiento ya que hacéis esto por voluntad propia. Tal vez con el tiempo, esto cambie",https://www.reddit.com/r/es/comments/1lzwwg2/opiniones_sobre_donar_sangre_de_forma_altruista/,2025-07-16 18:42:38+00:00,reddit_comments_donacion_sangre.csv,reddit,,2025-07-16,0,0,"Sí, tienes razón. Además que mínimo que se os tenga en consideración o se os tenga un tipo de reconocimiento ya que hacéis esto por voluntad propia. Tal vez con el tiempo, esto cambie",
n3ewp0l,Yo deberia hacerlo soy o- pero tengo panico a las agujas,1,1752655558.0,0.0,Yo deberia hacerlo soy o- pero tengo panico a las agujas,https://www.reddit.com/r/es/comments/1lzwwg2/opiniones_sobre_donar_sangre_de_forma_altruista/,2025-07-16 08:45:58+00:00,reddit_comments_donacion_sangre.csv,reddit,,2025-07-16,0,0,Yo deberia hacerlo soy o- pero tengo panico a las agujas,
n3gincr,"Tranquilo, compañero. Yo también tengo un compañero de trabajo que no puede ni ver las agujas.  Pero bueno, tal vez ese día se te pase ese miedo. Más por ti que por el asunto de las donaciones. Un saludo !",1,1752678340.0,1.0,"Tranquilo, compañero. Yo también tengo un compañero de trabajo que no puede ni ver las agujas.  Pero bueno, tal vez ese día se te pase ese miedo. Más por ti que por el asunto de las donaciones. Un saludo !",https://www.reddit.com/r/es/comments/1lzwwg2/opiniones_sobre_donar_sangre_de_forma_altruista/,2025-07-16 15:05:40+00:00,reddit_comments_donacion_sangre.csv,reddit,,2025-07-16,0,0,"Tranquilo, compañero. Yo también tengo un compañero de trabajo que no puede ni ver las agujas. Pero bueno, tal vez ese día se te pase ese miedo. Más por ti que por el asunto de las donaciones. Un saludo !",
n3g6cg6,"Si corriera sangre por mis venas, donaba..... 

![gif](giphy|8YsjVmpIpEjNKlrL3D)",1,1752674826.0,0.0,"Si corriera sangre por mis venas, donaba..... 

![gif](giphy|8YsjVmpIpEjNKlrL3D)",https://www.reddit.com/r/es/comments/1lzwwg2/opiniones_sobre_donar_sangre_de_forma_altruista/,2025-07-16 14:07:06+00:00,reddit_comments_donacion_sangre.csv,reddit,,2025-07-16,0,0,"Si corriera sangre por mis venas, donaba..... ![gif](giphy|8YsjVmpIpEjNKlrL3D)",
n3i2qqp,"Yo dono sangre cada 6 meses, si lo haces que sea porque quieres de verdad no para luego subirlo a las redes cual influencer con falta de ego y necesitado de halagos",1,1752695165.0,0.0,"Yo dono sangre cada 6 meses, si lo haces que sea porque quieres de verdad no para luego subirlo a las redes cual influencer con falta de ego y necesitado de halagos",https://www.reddit.com/r/es/comments/1lzwwg2/opiniones_sobre_donar_sangre_de_forma_altruista/,2025-07-16 19:46:05+00:00,reddit_comments_donacion_sangre.csv,reddit,,2025-07-16,0,0,"Yo dono sangre cada 6 meses, si lo haces que sea porque quieres de verdad no para luego subirlo a las redes cual influencer con falta de ego y necesitado de halagos",
n3uxl78,"No es mi intención hacerme eco de ello, aunque a alguna persona de por aquí me ha comentado que le de un toque cuando haya hecho la donación para saber qué tal ha ido mi experiencia y tal. Además, apenas tengo redes sociales para expandirlo 😅😄 Gracias por el comentario y un saludo !",1,1752862155.0,1.0,"No es mi intención hacerme eco de ello, aunque a alguna persona de por aquí me ha comentado que le de un toque cuando haya hecho la donación para saber qué tal ha ido mi experiencia y tal. Además, apenas tengo redes sociales para expandirlo 😅😄 Gracias por el comentario y un saludo !",https://www.reddit.com/r/es/comments/1lzwwg2/opiniones_sobre_donar_sangre_de_forma_altruista/,2025-07-18 18:09:15+00:00,reddit_comments_donacion_sangre.csv,reddit,,2025-07-18,0,0,"No es mi intención hacerme eco de ello, aunque a alguna persona de por aquí me ha comentado que le de un toque cuando haya hecho la donación para saber qué tal ha ido mi experiencia y tal. Además, apenas tengo redes sociales para expandirlo Gracias por el comentario y un saludo !",😅😄
n3lg61b,"Llevo donando sangre más de 10 años, con el único objetivo de ayudar. Un pequeño gesto muy útil para mucha gente.",1,1752740548.0,0.0,"Llevo donando sangre más de 10 años, con el único objetivo de ayudar. Un pequeño gesto muy útil para mucha gente.",https://www.reddit.com/r/es/comments/1lzwwg2/opiniones_sobre_donar_sangre_de_forma_altruista/,2025-07-17 08:22:28+00:00,reddit_comments_donacion_sangre.csv,reddit,,2025-07-17,0,0,"Llevo donando sangre más de 10 años, con el único objetivo de ayudar. Un pequeño gesto muy útil para mucha gente.",
n3uvxw8,"Tienes razón y como he dicho en algún otro comentario los que lleváis haciendo esto tiempo tenéis que sentir bastante orgullo dentro de vosotros  por hacer eso. Al menos, tenéis mi reconocimiento por vuestro acto. Gracias por el comentario y un saludo !",1,1752861677.0,1.0,"Tienes razón y como he dicho en algún otro comentario los que lleváis haciendo esto tiempo tenéis que sentir bastante orgullo dentro de vosotros  por hacer eso. Al menos, tenéis mi reconocimiento por vuestro acto. Gracias por el comentario y un saludo !",https://www.reddit.com/r/es/comments/1lzwwg2/opiniones_sobre_donar_sangre_de_forma_altruista/,2025-07-18 18:01:17+00:00,reddit_comments_donacion_sangre.csv,reddit,,2025-07-18,0,0,"Tienes razón y como he dicho en algún otro comentario los que lleváis haciendo esto tiempo tenéis que sentir bastante orgullo dentro de vosotros por hacer eso. Al menos, tenéis mi reconocimiento por vuestro acto. Gracias por el comentario y un saludo !",
n3nkn9s,Los AB. Somos la Burger 😎😎,1,1752768797.0,0.0,Los AB. Somos la Burger 😎😎,https://www.reddit.com/r/es/comments/1lzwwg2/opiniones_sobre_donar_sangre_de_forma_altruista/,2025-07-17 16:13:17+00:00,reddit_comments_donacion_sangre.csv,reddit,,2025-07-17,0,0,Los AB. Somos la Burger,😎😎
n3oe0bb,Es que la sangre en euros se da de forma altruista,1,1752776875.0,0.0,Es que la sangre en euros se da de forma altruista,https://www.reddit.com/r/es/comments/1lzwwg2/opiniones_sobre_donar_sangre_de_forma_altruista/,2025-07-17 18:27:55+00:00,reddit_comments_donacion_sangre.csv,reddit,,2025-07-17,0,0,Es que la sangre en euros se da de forma altruista,
n3p1w8t,"Yo he donado sangre dos veces y podría hacerlo de nuevo sí me lo pidieran, pero de manera desinteresada no, porque no la pasé bien en ninguna de las dos veces que lo hice y no tengo necesidad de hacerlo más veces sólo por donar y ya está, pero sí me lo pidieran para algún familiar o amigo, sin problemas lo haría. Sé que suena un tanto egoísta de mi parte, pero no quiero pasarla mal porque sí",1,1752783720.0,0.0,"Yo he donado sangre dos veces y podría hacerlo de nuevo sí me lo pidieran, pero de manera desinteresada no, porque no la pasé bien en ninguna de las dos veces que lo hice y no tengo necesidad de hacerlo más veces sólo por donar y ya está, pero sí me lo pidieran para algún familiar o amigo, sin problemas lo haría. Sé que suena un tanto egoísta de mi parte, pero no quiero pasarla mal porque sí",https://www.reddit.com/r/es/comments/1lzwwg2/opiniones_sobre_donar_sangre_de_forma_altruista/,2025-07-17 20:22:00+00:00,reddit_comments_donacion_sangre.csv,reddit,,2025-07-17,0,0,"Yo he donado sangre dos veces y podría hacerlo de nuevo sí me lo pidieran, pero de manera desinteresada no, porque no la pasé bien en ninguna de las dos veces que lo hice y no tengo necesidad de hacerlo más veces sólo por donar y ya está, pero sí me lo pidieran para algún familiar o amigo, sin problemas lo haría. Sé que suena un tanto egoísta de mi parte, pero no quiero pasarla mal porque sí",
n3us7vb,"Cada uno tiene su experiencia y no tiene por qué ser la misma. No creo que seas egoísta por eso, simplemente sabes tus preferencias y preferías no hacerlo. De todas formas te doy las gracias por contar tu experiencia y así saber diferentes puntos de vista",1,1752860622.0,1.0,"Cada uno tiene su experiencia y no tiene por qué ser la misma. No creo que seas egoísta por eso, simplemente sabes tus preferencias y preferías no hacerlo. De todas formas te doy las gracias por contar tu experiencia y así saber diferentes puntos de vista",https://www.reddit.com/r/es/comments/1lzwwg2/opiniones_sobre_donar_sangre_de_forma_altruista/,2025-07-18 17:43:42+00:00,reddit_comments_donacion_sangre.csv,reddit,,2025-07-18,0,0,"Cada uno tiene su experiencia y no tiene por qué ser la misma. No creo que seas egoísta por eso, simplemente sabes tus preferencias y preferías no hacerlo. De todas formas te doy las gracias por contar tu experiencia y así saber diferentes puntos de vista",
