url,requestErrorMessages,error,errorDescription,inputUrl,id,type,shortCode,caption,hashtags,mentions,commentsCount,firstComment,latestComments,dimensionsHeight,dimensionsWidth,displayUrl,images,videoUrl,likesCount,videoPlayCount,igPlayCount,timestamp,childPosts,ownerFullName,ownerUsername,ownerId,productType,videoDuration,musicInfo,locationName,locationId,taggedUsers,coauthorProducers,fbLikeCount,fbPlayCount,isPinned
https://www.instagram.com/explore/tags/donacionsangreespaña,['HTTP 200 undefined'],no_items,Empty or private data for provided input,,,,,,,,,,,,,,,,,,,,,,,,,,,,,,,,,
https://www.instagram.com/explore/tags/donarsangreespaña,['HTTP 200 undefined'],no_items,Empty or private data for provided input,,,,,,,,,,,,,,,,,,,,,,,,,,,,,,,,,
https://www.instagram.com/p/C0uB77jODQu/,,,,https://www.instagram.com/explore/tags/donacionsangre,3255548097072739374,Video,C0uB77jODQu,"En el ADN de Keller Williams Kinver está en ser solidarios, por eso esta Navidad no iba a ser menos y ¿Que mejor que ayudar con algo tan bueno como es donar vida a personas que lo necesitan? Por eso junto con el Centro Regional de Transfusión Sanguínea y Banco Sectorial de Tejidos de Granada y Almería hemos realizado una campaña de Donación de Sangre este próximo Miércoles 13 de Diciembre de 10:00 a 14:00 y de 17:00 a 21:00 en nuestra oficina de Camino de Ronda 110, se solidario esta Navidad y dona lo más importante: DONA VIDA. TE ESPERAMOS!! 
🩸💉
#granada #kwkinver #kellerwilliams #inmobiliariadegranada #inmobiliariasdegranada #granadainmo #granadainmobiliarias #agenteinmobiliario #emprendimientogranada #jovenesempresarios #jovenesempresariosdegranada #realestateagent #empresariosgranadinos #realtor #luxury #lifestyle #visionofcareer #venta #comprar #feliznavidad #felicesfiestas #navidad #navidad2023 #navidadkinver #donacionsangre","['granada', 'kwkinver', 'kellerwilliams', 'inmobiliariadegranada', 'inmobiliariasdegranada', 'granadainmo', 'granadainmobiliarias', 'agenteinmobiliario', 'emprendimientogranada', 'jovenesempresarios', 'jovenesempresariosdegranada', 'realestateagent', 'empresariosgranadinos', 'realtor', 'luxury', 'lifestyle', 'visionofcareer', 'venta', 'comprar', 'feliznavidad', 'felicesfiestas', 'navidad', 'navidad2023', 'navidadkinver', 'donacionsangre']",[],0.0,,[],848.0,480.0,https://scontent-vie1-1.cdninstagram.com/v/t51.71878-15/502642873_729256496198148_4861288557023100324_n.jpg?stp=dst-jpg_e15_p360x360_tt6&_nc_cat=108&ig_cache_key=MzI1NTU0ODA5NzA3MjczOTM3NA%3D%3D.3-ccb7-5&ccb=7-5&_nc_sid=58cdad&efg=eyJ2ZW5jb2RlX3RhZyI6InhwaWRzLjYxMngxMDgxLnNkci5DMyJ9&_nc_ohc=yud195MHev4Q7kNvwEAy43Y&_nc_oc=AdmE5Qn__quoFhxTNaXWAQU1OdYDLCH0zKJopZljZ-qnaVrZYKwsficoGrEFVwLk0SE&_nc_ad=z-m&_nc_cid=0&_nc_zt=23&_nc_ht=scontent-vie1-1.cdninstagram.com&_nc_gid=I10clCqDxAiQaR7eZy9p5A&oh=00_Afvkaw1KAIr1eRWzki0ryMlJgeoM9ZGhauS0zIXz2bsnOA&oe=69A1F6F5,[],https://scontent-vie1-1.cdninstagram.com/o1/v/t2/f2/m82/AQNS0RB2ZdGVfW4rAOhFvXIev9z-TbZAKpgDw8hvAAM8QBdQyikvCqZ7Jlq1-zcmGx-Z3zioU1_QcviQ_iKfv02qvTzndxFCpuxRawU.mp4?_nc_cat=107&_nc_sid=5e9851&_nc_ht=scontent-vie1-1.cdninstagram.com&_nc_ohc=CPrExLyYAF0Q7kNvwGBFfjr&efg=eyJ2ZW5jb2RlX3RhZyI6Inhwdl9wcm9ncmVzc2l2ZS5JTlNUQUdSQU0uQ0xJUFMuQzMuNDgwLmRhc2hfYmFzZWxpbmVfMV92MSIsInhwdl9hc3NldF9pZCI6MzgzNzUzODAwNzQ4NDIxLCJhc3NldF9hZ2VfZGF5cyI6ODA0LCJ2aV91c2VjYXNlX2lkIjoxMDA5OSwiZHVyYXRpb25fcyI6MzUsInVybGdlbl9zb3VyY2UiOiJ3d3cifQ%3D%3D&ccb=17-1&_nc_gid=I10clCqDxAiQaR7eZy9p5A&_nc_zt=28&vs=7ff4572b7f9b104a&_nc_vs=HBksFQIYT2lnX3hwdl9yZWVsc19wZXJtYW5lbnRfcHJvZC9FNDQxQzAwMTE3NTQwRUVFNEYxODVFMzIyRDU4M0E4Ql92aWRlb19kYXNoaW5pdC5tcDQVAALIARIAFQIYRWlnX3hwdl9yZWVsc19wZXJtYW5lbnRfc3JfcHJvZC82NTk5NDE2MDk2MjI0MTRfNTkwNDY5MzIwNTUxMTg4NTMwLm1wNBUCAsgBEgAoABgAGwKIB3VzZV9vaWwBMRJwcm9ncmVzc2l2ZV9yZWNpcGUBMRUAACaKtszPtMGuARUCKAJDMywXQEH3bItDlYEYEmRhc2hfYmFzZWxpbmVfMV92MREAdf4HZeadAQA&oh=00_AfsueMKUlvK6O8C5fDfbJ4AlzRcMgxYPmaN1y1F7Py5C5w&oe=699E1A10,8.0,237.0,237.0,2023-12-11T16:20:17.000Z,[],Angel Sánchez,angel.sanchezvinas,4306205481,clips,35.9900016784668,"{'artist_name': 'angel.sanchezvinas', 'song_name': 'Original audio', 'uses_original_audio': True, 'should_mute_audio': False, 'should_mute_audio_reason': '', 'audio_id': '732176542162834'}",,,,,,,
https://www.instagram.com/p/CkI7SeSDfvh/,,,,https://www.instagram.com/explore/tags/donacionsangre,2956873909578628065,Video,CkI7SeSDfvh,"TOMEMOS CONCIENCIA QUE CON SOLO UN PINCHAZITO 💉 PODEMOS SALVAR HASTA 3 VIDAS, SÚMATE Y DONA SANGRE 🅾️🅱️🅰️🆎💉

📅 JUEVES 27/10 de 09:30 a 15hs
🩸PLAZA HOUSSAY | RECOLETA (Paraguay e/Uriburu y Junín)
Sacá tu turno 👉 www.dalevida.org.ar

📌 REQUISITOS
● Llevar DNI.
● Tener entre 16 y 65 años.
● Pesar 50kg o más.
● 2 meses desde la última donación.
● 6 meses o 1 año desde el último tatuaje, según criterio médico.
● Dormir más de 6 horas.
● Desayunar y/o almorzar.
● Tener buen estado general de salud.
● ¡¡Tener muchas ganas de salvar vidas!!.

▪︎ SABÍAS QUE PODES DONAR SI:
✓ Te hiciste un tatuaje o piercing y pasaron 6 meses o 1 años, según criterio médico.
✓ Tuviste Hepatitis A antes de los 12 años.
✓ Tuviste COVID, podés donar después de 30 días de haber recibido el resultado negativo.
✓ Te vacunaste, podés donar después de las 72hs.

Vos sos imprescindible
¡Doná sangre, doná vida! ❤️🩸

DONAR NOS UNE 💚💪🏿🙏🏿🤗

DONAR ES AMAR 💚💚💚💚

HAGAMOS ENTRE TODOS UN MUNDO DONANTE Y MAS EMPATICO 🌎💜💪🏿🙏🏿🤗

INSCRIBASE EN EL REGISTRO NACIONAL DE DONANTES DE MÉDULA ÓSEA 💚🙏🏿🤗💪🏿🙏🏿🤗

DONAR SANGRE SALVA VIDAS ❣️🙏🏿🤗
DONAR SANGRE ES DAR VIDA 💚🙏🏿🤗

#octubre #dalevida #darvidaenvida #salvovidas #sangre #donantedesangre #donantevoluntario #solidaridad #donásangre #donarsangresalvavidas #soydonante #salvarvidas #salud #arremangate #jornadadedonacion #dalevidadonasangre #REQUISITOSPARADONARSANGRE #buenosaires #SUMATEHOY #donasangre #tuvoluntadsalvavidas #donacionsangre","['octubre', 'dalevida', 'darvidaenvida', 'salvovidas', 'sangre', 'donantedesangre', 'donantevoluntario', 'solidaridad', 'donásangre', 'donarsangresalvavidas', 'soydonante', 'salvarvidas', 'salud', 'arremangate', 'jornadadedonacion', 'dalevidadonasangre', 'REQUISITOSPARADONARSANGRE', 'buenosaires', 'SUMATEHOY', 'donasangre', 'tuvoluntadsalvavidas', 'donacionsangre']",[],0.0,,[],1280.0,720.0,https://scontent-vie1-1.cdninstagram.com/v/t51.71878-15/500958247_1115792783722712_7054426667702184693_n.jpg?stp=dst-jpg_e15_p360x360_tt6&_nc_cat=110&ig_cache_key=Mjk1Njg3MzkwOTU3ODYyODA2NQ%3D%3D.3-ccb7-5&ccb=7-5&_nc_sid=58cdad&efg=eyJ2ZW5jb2RlX3RhZyI6InhwaWRzLjcyMHg5MDAuc2RyLkMzIn0%3D&_nc_ohc=zCX2kzKvS2IQ7kNvwEOtYLG&_nc_oc=AdmLaAWgrudqnWtN367fJnlTTDbnunZBu9VjXIUlwDtKJbE0cYOMNxaex3N0338NmQI&_nc_ad=z-m&_nc_cid=0&_nc_zt=23&_nc_ht=scontent-vie1-1.cdninstagram.com&_nc_gid=I10clCqDxAiQaR7eZy9p5A&oh=00_AfuyMlPbDAgscIwaXQEqofNPc1iMpVm7lL2VwnWhyvLkaA&oe=69A20F03,[],https://scontent-vie1-1.cdninstagram.com/o1/v/t2/f2/m82/AQOfRdDszxSNKaqXU8hzYWA7w3dj9jRgw1GoTbn23B63JNJQS5iGAIRvkOjkoF6A4DVpL-IFw2dUAS3JOmZrq-YLd8Vv4Ru1pG7tAoA.mp4?_nc_cat=103&_nc_sid=5e9851&_nc_ht=scontent-vie1-1.cdninstagram.com&_nc_ohc=Z94vZqu0nXkQ7kNvwGAr3MV&efg=eyJ2ZW5jb2RlX3RhZyI6Inhwdl9wcm9ncmVzc2l2ZS5JTlNUQUdSQU0uQ0xJUFMuQzMuNzIwLmRhc2hfYmFzZWxpbmVfMV92MSIsInhwdl9hc3NldF9pZCI6NTQ2MjE0NzkwNjgwNTE3LCJhc3NldF9hZ2VfZGF5cyI6MTIxNiwidmlfdXNlY2FzZV9pZCI6MTAwOTksImR1cmF0aW9uX3MiOjE0LCJ1cmxnZW5fc291cmNlIjoid3d3In0%3D&ccb=17-1&_nc_gid=I10clCqDxAiQaR7eZy9p5A&_nc_zt=28&vs=67552cdba70d3818&_nc_vs=HBksFQIYT2lnX3hwdl9yZWVsc19wZXJtYW5lbnRfcHJvZC85NzQzM0ZBQjE0Njg1OUI1NjY0QUFBQUIzRjE1MzFCRl92aWRlb19kYXNoaW5pdC5tcDQVAALIARIAFQIYRmlnX3hwdl9yZWVsc19wZXJtYW5lbnRfc3JfcHJvZC80NDE3OTYyMTQ3NTU1NzRfNDE2MjUyNTM2OTg1NDg2OTMyMi5tcDQVAgLIARIAKAAYABsCiAd1c2Vfb2lsATEScHJvZ3Jlc3NpdmVfcmVjaXBlATEVAAAmir-OqfGx-AEVAigCQzMsF0AsZmZmZmZmGBJkYXNoX2Jhc2VsaW5lXzFfdjERAHX-B2XmnQEA&oh=00_AfvTXa7hL4NtL3RS3lTZBzAWEsltXdsd9LA6rc_iI7VQ8g&oe=699E0F44,0.0,56.0,56.0,2022-10-25T14:09:18.000Z,[],Juan Ignacio Schaab,jischaab,4910318595,clips,14.348999977111816,"{'artist_name': 'jischaab', 'song_name': 'Original audio', 'uses_original_audio': True, 'should_mute_audio': False, 'should_mute_audio_reason': '', 'audio_id': '818770589548219'}",Plaza Houssay,500004183454155,"[{'full_name': 'Asociación Civil Dale Vida', 'id': '2130363248', 'is_private': False, 'is_verified': False, 'profile_pic_id': '3258801802379246712', 'profile_pic_url': 'https://scontent-vie1-1.cdninstagram.com/v/t51.2885-19/411118099_747342557287561_923169363415622428_n.jpg?stp=dst-jpg_e0_s150x150_tt6&efg=eyJ2ZW5jb2RlX3RhZyI6InByb2ZpbGVfcGljLmRqYW5nby41MjEuYzIifQ&_nc_ht=scontent-vie1-1.cdninstagram.com&_nc_cat=101&_nc_oc=Q6cZ2QGpqy3_UXM1wbFrbYzUioy_G7ChME9CRPhm3vxG_BmmvHwaHFxzz_jQRB6upJ_uN5E&_nc_ohc=P83AbfMcx_QQ7kNvwHPpRPe&_nc_gid=I10clCqDxAiQaR7eZy9p5A&edm=AMKDjl4BAAAA&ccb=7-5&ig_cache_key=GBMqgRiJFKc-tKcCABxj6RWlwc8MbkULAAAB1501500j-ccb7-5&oh=00_AfsKy4pX5mgywd3GmNXZ0I2Y6cZHUmYHTqlcVByD0N9Lww&oe=69A1FDE6&_nc_sid=472314', 'username': 'dalevidaong'}]",,,,
https://www.instagram.com/p/DI-fKMfsEQR/,,,,https://www.instagram.com/explore/tags/donacionsangre,3620468190505616401,Video,DI-fKMfsEQR,#donantesdemedulaosea #donacion #fundacioncarreras #domena #donaciondecordonumbilical #celulasmadre #celulashematopoyeticas #donacionsangre #adona #imparablescontralaleucemia #ponunmatchaentuvida #aferesis,"['donantesdemedulaosea', 'donacion', 'fundacioncarreras', 'domena', 'donaciondecordonumbilical', 'celulasmadre', 'celulashematopoyeticas', 'donacionsangre', 'adona', 'imparablescontralaleucemia', 'ponunmatchaentuvida', 'aferesis']",[],0.0,,[],1280.0,720.0,https://scontent-vie1-1.cdninstagram.com/v/t51.71878-15/491418915_537804766042282_5940443858474494621_n.jpg?stp=dst-jpg_e15_p360x360_tt6&_nc_cat=110&ig_cache_key=MzYyMDQ2ODE5MDUwNTYxNjQwMQ%3D%3D.3-ccb7-5&ccb=7-5&_nc_sid=58cdad&efg=eyJ2ZW5jb2RlX3RhZyI6InhwaWRzLjY0MHgxMTM2LnNkci5DMyJ9&_nc_ohc=FZD7V5JyfwwQ7kNvwH7MJgu&_nc_oc=AdmN1Hh3-VVDg0xQu5aFKFaYs928LFHXiUbTLOtyKZq28gkEDVQRn-7Q_4XggxvxkYc&_nc_ad=z-m&_nc_cid=0&_nc_zt=23&_nc_ht=scontent-vie1-1.cdninstagram.com&_nc_gid=I10clCqDxAiQaR7eZy9p5A&oh=00_Afsgk5AnuamoBSWM6XqU925dYVsNaIBOXTKnbJSsLznfCg&oe=69A20897,[],https://scontent-vie1-1.cdninstagram.com/o1/v/t2/f2/m367/AQOsVtFSG8TACtaTjGl0VuNNdKH6Je-HPAXA3tzfvQE-HkEVKhiRcG_lHmyKY1n2wNFrSt44YzASy04p9nu6Jg83WoytJGf84_H4aCU.mp4?_nc_cat=111&_nc_sid=5e9851&_nc_ht=scontent-vie1-1.cdninstagram.com&_nc_ohc=YfCcJpeCv_EQ7kNvwGsxLeW&efg=eyJ2ZW5jb2RlX3RhZyI6Inhwdl9wcm9ncmVzc2l2ZS5JTlNUQUdSQU0uQ0xJUFMuQzMuNzIwLmRhc2hfYmFzZWxpbmVfMV92MSIsInhwdl9hc3NldF9pZCI6MTM5NDM3ODI5NTA3Mzk5MywiYXNzZXRfYWdlX2RheXMiOjMwMSwidmlfdXNlY2FzZV9pZCI6MTAwOTksImR1cmF0aW9uX3MiOjEwMSwidXJsZ2VuX3NvdXJjZSI6Ind3dyJ9&ccb=17-1&_nc_gid=I10clCqDxAiQaR7eZy9p5A&_nc_zt=28&vs=76dcaca529e60b17&_nc_vs=HBksFQIYQGlnX2VwaGVtZXJhbC82NjRGRkM2MjIwMkE3MkNDQkMxMjg1QzAwM0Y0NDY4MF92aWRlb19kYXNoaW5pdC5tcDQVAALIARIAFQIYR2lnX3hwdl9yZWVsc19wZXJtYW5lbnRfc3JfcHJvZC8xMjI1OTk1OTM4ODk0NjAwXzg1MTYxNjA0NjcwMjQzMzczMTEubXA0FQICyAESACgAGAAbAogHdXNlX29pbAExEnByb2dyZXNzaXZlX3JlY2lwZQExFQAAJpLzru-_i_oEFQIoAkMzLBdAWXmZmZmZmhgSZGFzaF9iYXNlbGluZV8xX3YxEQB1_gdl5p0BAA&oh=00_AfsozWhRl6yO38RwXMj0uSmithYxhHZ-RNEpa6UYfdirNQ&oe=69A1F3F8,4.0,445.0,445.0,2025-04-28T04:18:24.000Z,[],DOMENA Donantes de Médula,domenadonantesdemedula,55464159580,clips,101.93499755859375,"{'artist_name': 'imparablescontralaleucemia', 'song_name': 'Original audio', 'uses_original_audio': True, 'should_mute_audio': False, 'should_mute_audio_reason': '', 'audio_id': '991122376522332'}",,,"[{'full_name': 'Fundación Josep Carreras', 'id': '3183196343', 'is_private': False, 'is_verified': True, 'profile_pic_id': '2905978899142774160', 'profile_pic_url': 'https://scontent-vie1-1.cdninstagram.com/v/t51.2885-19/299512281_632883144926798_4594028205227583899_n.jpg?stp=dst-jpg_e0_s150x150_tt6&efg=eyJ2ZW5jb2RlX3RhZyI6InByb2ZpbGVfcGljLmRqYW5nby40MDAuYzIifQ&_nc_ht=scontent-vie1-1.cdninstagram.com&_nc_cat=102&_nc_oc=Q6cZ2QGpqy3_UXM1wbFrbYzUioy_G7ChME9CRPhm3vxG_BmmvHwaHFxzz_jQRB6upJ_uN5E&_nc_ohc=ZPYOsoCt9qcQ7kNvwFEooHs&_nc_gid=I10clCqDxAiQaR7eZy9p5A&edm=AMKDjl4BAAAA&ccb=7-5&ig_cache_key=GNkx2hFOpgmXmj8CAJspt-xPRME-bkULAAAB1501500j-ccb7-5&oh=00_AfuKHgyfsuDTJkEeZm5jDi5eflM8wC3DJjnfA61g5Y0k8Q&oe=69A1F66C&_nc_sid=472314', 'username': 'imparablescontralaleucemia'}, {'full_name': 'Adona', 'id': '6500473406', 'is_private': False, 'is_verified': False, 'profile_pic_id': '1652153278936524150', 'profile_pic_url': 'https://scontent-vie1-1.cdninstagram.com/v/t51.2885-19/23734605_523099761385315_8347921860704337920_n.jpg?stp=dst-jpg_e0_s150x150_tt6&efg=eyJ2ZW5jb2RlX3RhZyI6InByb2ZpbGVfcGljLmRqYW5nby4zMDkuYzIifQ&_nc_ht=scontent-vie1-1.cdninstagram.com&_nc_cat=107&_nc_oc=Q6cZ2QGpqy3_UXM1wbFrbYzUioy_G7ChME9CRPhm3vxG_BmmvHwaHFxzz_jQRB6upJ_uN5E&_nc_ohc=VDW_3Gtn3LAQ7kNvwFZEDPx&_nc_gid=I10clCqDxAiQaR7eZy9p5A&edm=AMKDjl4BAAAA&ccb=7-5&ig_cache_key=GE0pagFjn3WnwdsBAAAAAAC0xtlzbkULAAAB1501500j-ccb7-5&oh=00_AfvzSmX9gAr1ra44aTivz2CLRKpJLBHi63WTapHBcxp4fw&oe=69A1F9E9&_nc_sid=472314', 'username': 'adonantes'}]",,,,
https://www.instagram.com/p/DHG34kwOBDG/,,,,https://www.instagram.com/explore/tags/donacionsangre,3586799933559673030,Video,DHG34kwOBDG,"📣¡ÚNETE! Dona Sangre 🩸 Dona Vida - Impactando a la Comunidad 🩸 en el Día Mundial del Joven Adventista.  Marzo 15 - 8:30 am a 2 pm 👆Detalles en el video 👆

#globalyouthday #adventistas #diadeljovenadventista #impactoalacomunidad #servirparatransformarvidas #mision #amoralprojimo #donacionsangre #bancodesangre @bancosangrehuv","['globalyouthday', 'adventistas', 'diadeljovenadventista', 'impactoalacomunidad', 'servirparatransformarvidas', 'mision', 'amoralprojimo', 'donacionsangre', 'bancodesangre']",['bancosangrehuv'],5.0,,[],1280.0,720.0,https://scontent-vie1-1.cdninstagram.com/v/t51.75761-15/484387157_18272768929249319_1053865919419982810_n.jpg?stp=dst-jpg_e15_s640x640_tt6&_nc_cat=101&ig_cache_key=MzU4Njc5OTkzMzU1OTY3MzAzMA%3D%3D.3-ccb7-5&ccb=7-5&_nc_sid=58cdad&efg=eyJ2ZW5jb2RlX3RhZyI6InhwaWRzLjcyMHgxMjgwLnNkci5DMyJ9&_nc_ohc=h4ETu2dlF3oQ7kNvwHu5QTl&_nc_oc=AdmZlJtc8PIWzZg8QzQpKIZ47dtwAZYhplyfQa7V5aOG_14o-wmLMMjjjdYiInyn1j4&_nc_ad=z-m&_nc_cid=0&_nc_zt=23&_nc_ht=scontent-vie1-1.cdninstagram.com&_nc_gid=I10clCqDxAiQaR7eZy9p5A&oh=00_Afv_Zh_ZULeKChcfsLtA4QZcOjtr9V6bWZGjKGzbQHzHuQ&oe=69A20EDC,[],https://scontent-vie1-1.cdninstagram.com/o1/v/t2/f2/m367/AQN90ddV8lA7rkfsbBPDExQCqg60HdqxvPlJuDcCNDUkzetcZm9Uf1uag1aIysZaESV0sNXT0OicU1gQ-OeQQF6cLQyqgEsPAXRTNmY.mp4?_nc_cat=100&_nc_sid=5e9851&_nc_ht=scontent-vie1-1.cdninstagram.com&_nc_ohc=yFzLLdQayWkQ7kNvwGb8udo&efg=eyJ2ZW5jb2RlX3RhZyI6Inhwdl9wcm9ncmVzc2l2ZS5JTlNUQUdSQU0uQ0xJUFMuQzMuNzIwLmRhc2hfYmFzZWxpbmVfMV92MSIsInhwdl9hc3NldF9pZCI6NDEyMTg0MDE5NDgwMTEyNCwiYXNzZXRfYWdlX2RheXMiOjM0NywidmlfdXNlY2FzZV9pZCI6MTAwOTksImR1cmF0aW9uX3MiOjg5LCJ1cmxnZW5fc291cmNlIjoid3d3In0%3D&ccb=17-1&_nc_gid=I10clCqDxAiQaR7eZy9p5A&_nc_zt=28&vs=b4dc642faa60bf8a&_nc_vs=HBksFQIYQGlnX2VwaGVtZXJhbC9GNTQwODA4QjdCRUEzQTM3MjkzMkY3QTZBMkEyQkJCQV92aWRlb19kYXNoaW5pdC5tcDQVAALIARIAFQIYRWlnX3hwdl9yZWVsc19wZXJtYW5lbnRfc3JfcHJvZC85ODU2ODIyMTM0OTExNTVfNzIzNjk1ODYxNzg1MTQzNTUxLm1wNBUCAsgBEgAoABgAGwKIB3VzZV9vaWwBMRJwcm9ncmVzc2l2ZV9yZWNpcGUBMRUAACbIt47K1rLSDhUCKAJDMywXQFZ90vGp--cYEmRhc2hfYmFzZWxpbmVfMV92MREAdf4HZeadAQA&oh=00_Afuo3ACIP4PhWMdCEBhP31GzAu5vGfNLcsh9ga9BhObFlw&oe=69A20D95,32.0,692.0,692.0,2025-03-12T17:26:04.000Z,[],Iglesia Adventista Maranatha Cali,adventistasmaranathacali,7641185318,clips,89.96600341796875,"{'artist_name': 'adventistasmaranathacali', 'song_name': 'Original audio', 'uses_original_audio': True, 'should_mute_audio': False, 'should_mute_audio_reason': '', 'audio_id': '2076992409379835'}",Iglesia Adventista Maranatha Cali,1032410646,"[{'full_name': 'Liliana Ramirez', 'id': '205517391', 'is_private': False, 'is_verified': False, 'profile_pic_id': '3286042126747021113', 'profile_pic_url': 'https://scontent-vie1-1.cdninstagram.com/v/t51.2885-19/420529463_2103034583389258_8623347776001434892_n.jpg?stp=dst-jpg_e0_s150x150_tt6&efg=eyJ2ZW5jb2RlX3RhZyI6InByb2ZpbGVfcGljLmRqYW5nby43NjguYzIifQ&_nc_ht=scontent-vie1-1.cdninstagram.com&_nc_cat=110&_nc_oc=Q6cZ2QGpqy3_UXM1wbFrbYzUioy_G7ChME9CRPhm3vxG_BmmvHwaHFxzz_jQRB6upJ_uN5E&_nc_ohc=FKxe8W19vo8Q7kNvwEZgLo3&_nc_gid=I10clCqDxAiQaR7eZy9p5A&edm=AMKDjl4BAAAA&ccb=7-5&ig_cache_key=GDfFEBlKFEvlsngHAAxlOCMdSax3bkULAAAB1501500j-ccb7-5&oh=00_AfvLbjLd3Cputix4U4kbclgmVrsXnKmMD8mpfWV9ymmgEg&oe=69A1EC6C&_nc_sid=472314', 'username': 'lilimonadaramirez'}, {'full_name': 'Jaime Moreno', 'id': '582669859', 'is_private': True, 'is_verified': False, 'profile_pic_id': '3692740740091894576', 'profile_pic_url': 'https://scontent-vie1-1.cdninstagram.com/v/t51.2885-19/528576333_18519726811013860_1722134340363176654_n.jpg?stp=dst-jpg_e0_s150x150_tt6&efg=eyJ2ZW5jb2RlX3RhZyI6InByb2ZpbGVfcGljLmRqYW5nby43OTkuYzIifQ&_nc_ht=scontent-vie1-1.cdninstagram.com&_nc_cat=104&_nc_oc=Q6cZ2QGpqy3_UXM1wbFrbYzUioy_G7ChME9CRPhm3vxG_BmmvHwaHFxzz_jQRB6upJ_uN5E&_nc_ohc=1HcYCnMdHiQQ7kNvwE922q9&_nc_gid=I10clCqDxAiQaR7eZy9p5A&edm=AMKDjl4BAAAA&ccb=7-5&ig_cache_key=GE1vgR-kYujpl8tBAM5K2ewOQOYXbmNDAQAB1501500j-ccb7-5&oh=00_AftZDvafmG9yDkzZsaIGUz4bDOCSvmlB5JAtKnt10-k9Kw&oe=69A1EF46&_nc_sid=472314', 'username': 'jamg2013'}, {'full_name': 'Daniel Velez Ramires', 'id': '1255022148', 'is_private': False, 'is_verified': False, 'profile_pic_id': '3368830213479000188', 'profile_pic_url': 'https://scontent-vie1-1.cdninstagram.com/v/t51.2885-19/444190162_1192828138393494_292631597097939754_n.jpg?stp=dst-jpg_e0_s150x150_tt6&efg=eyJ2ZW5jb2RlX3RhZyI6InByb2ZpbGVfcGljLmRqYW5nby45NjAuYzIifQ&_nc_ht=scontent-vie1-1.cdninstagram.com&_nc_cat=106&_nc_oc=Q6cZ2QGpqy3_UXM1wbFrbYzUioy_G7ChME9CRPhm3vxG_BmmvHwaHFxzz_jQRB6upJ_uN5E&_nc_ohc=ZQwvx_eepQsQ7kNvwEKNvaR&_nc_gid=I10clCqDxAiQaR7eZy9p5A&edm=AMKDjl4BAAAA&ccb=7-5&ig_cache_key=GNLNeRqWj3fx3jwEACrzExvjog8EbkULAAAB1501500j-ccb7-5&oh=00_AfvXGgATy2QNq3wE1HDPqMQZ1eN04Q1kPdh_CwBzSqtyAA&oe=69A1E87D&_nc_sid=472314', 'username': 'daniel_velez_09'}, {'full_name': 'Zullmy Porte', 'id': '1299676019', 'is_private': True, 'is_verified': False, 'profile_pic_id': '2600389737876330154', 'profile_pic_url': 'https://scontent-vie1-1.cdninstagram.com/v/t51.2885-19/202988807_823071184995763_1656805732793931668_n.jpg?stp=dst-jpg_e0_s150x150_tt6&efg=eyJ2ZW5jb2RlX3RhZyI6InByb2ZpbGVfcGljLmRqYW5nby44MDUuYzIifQ&_nc_ht=scontent-vie1-1.cdninstagram.com&_nc_cat=107&_nc_oc=Q6cZ2QGpqy3_UXM1wbFrbYzUioy_G7ChME9CRPhm3vxG_BmmvHwaHFxzz_jQRB6upJ_uN5E&_nc_ohc=bJRk58XgLiIQ7kNvwGdn9WA&_nc_gid=I10clCqDxAiQaR7eZy9p5A&edm=AMKDjl4BAAAA&ccb=7-5&ig_cache_key=GAddGQyzRZsxlOwCAJRXAy0JKP4WbkULAAAB1501500j-ccb7-5&oh=00_Afu70Ayj9nxmOyBYg_3IJ-dnZPXxIFMuJUhRQ_Mxi0XMwA&oe=69A1FBD3&_nc_sid=472314', 'username': 'zullmyta'}, {'full_name': 'oscar geovanny alarcon', 'id': '1633192068', 'is_private': False, 'is_verified': False, 'profile_pic_id': '2142627016867159905', 'profile_pic_url': 'https://scontent-vie1-1.cdninstagram.com/v/t51.2885-19/71015603_682955068867221_377532689084841984_n.jpg?stp=dst-jpg_e0_s150x150_tt6&efg=eyJ2ZW5jb2RlX3RhZyI6InByb2ZpbGVfcGljLmRqYW5nby45NjAuYzIifQ&_nc_ht=scontent-vie1-1.cdninstagram.com&_nc_cat=109&_nc_oc=Q6cZ2QGpqy3_UXM1wbFrbYzUioy_G7ChME9CRPhm3vxG_BmmvHwaHFxzz_jQRB6upJ_uN5E&_nc_ohc=asvHdA0S3M4Q7kNvwFYEE0O&_nc_gid=I10clCqDxAiQaR7eZy9p5A&edm=AMKDjl4BAAAA&ccb=7-5&ig_cache_key=GLOcOwSVAkfeJG0CAAAAAAD7Qz0FbkULAAAB1501500j-ccb7-5&oh=00_AfvX_ZumLbWBrNorzRVjjP4KTrGSOZejBrSqDilvzRq5SQ&oe=69A1E9F6&_nc_sid=472314', 'username': 'oscaroscar.alarcon'}, {'full_name': 'Edward Mena Cancelado', 'id': '1973041567', 'is_private': False, 'is_verified': False, 'profile_pic_id': '3559400639022689991', 'profile_pic_url': 'https://scontent-vie1-1.cdninstagram.com/v/t51.2885-19/476165833_902418715103388_986071897960966771_n.jpg?stp=dst-jpg_e0_s150x150_tt6&efg=eyJ2ZW5jb2RlX3RhZyI6InByb2ZpbGVfcGljLmRqYW5nby43MjAuYzIifQ&_nc_ht=scontent-vie1-1.cdninstagram.com&_nc_cat=100&_nc_oc=Q6cZ2QGpqy3_UXM1wbFrbYzUioy_G7ChME9CRPhm3vxG_BmmvHwaHFxzz_jQRB6upJ_uN5E&_nc_ohc=HYYQ8tlyqCcQ7kNvwE4V7xj&_nc_gid=I10clCqDxAiQaR7eZy9p5A&edm=AMKDjl4BAAAA&ccb=7-5&ig_cache_key=GMm2YRyc0PO6vjQDAHNq9bAqO68NbkULAAAB1501500j-ccb7-5&oh=00_AfuqSVX0yelgQreH3TcgunJrAcgkWkWT-6J5_i4L-jTKYg&oe=69A21BF2&_nc_sid=472314', 'username': 'edwardmenacancelado'}, {'full_name': 'Violetta Olave', 'id': '3084570072', 'is_private': False, 'is_verified': False, 'profile_pic_id': '3275406313709228771', 'profile_pic_url': 'https://scontent-vie1-1.cdninstagram.com/v/t51.2885-19/417967371_394405659766330_7393252496957635709_n.jpg?stp=dst-jpg_e0_s150x150_tt6&efg=eyJ2ZW5jb2RlX3RhZyI6InByb2ZpbGVfcGljLmRqYW5nby43NjcuYzIifQ&_nc_ht=scontent-vie1-1.cdninstagram.com&_nc_cat=110&_nc_oc=Q6cZ2QGpqy3_UXM1wbFrbYzUioy_G7ChME9CRPhm3vxG_BmmvHwaHFxzz_jQRB6upJ_uN5E&_nc_ohc=G8rvjSIztUAQ7kNvwFoLHZy&_nc_gid=I10clCqDxAiQaR7eZy9p5A&edm=AMKDjl4BAAAA&ccb=7-5&ig_cache_key=GAut6Rg6bj_5tWYBAH387Y-5G5pmbkULAAAB1501500j-ccb7-5&oh=00_AfsjfXkwwGVDhom62MqbPtUPoldZwovYCdOCzbAa_cO3uA&oe=69A1FF0B&_nc_sid=472314', 'username': 'thepirateviolett'}, {'full_name': 'Iglesia Adventista del Séptimo Día | Unión Colombiana del Sur', 'id': '5502816805', 'is_private': False, 'is_verified': True, 'profile_pic_id': '2784351893742711770', 'profile_pic_url': 'https://scontent-vie1-1.cdninstagram.com/v/t51.2885-19/274858948_1229537390787455_7992156117774313157_n.jpg?stp=dst-jpg_e0_s150x150_tt6&efg=eyJ2ZW5jb2RlX3RhZyI6InByb2ZpbGVfcGljLmRqYW5nby4xMDgwLmMyIn0&_nc_ht=scontent-vie1-1.cdninstagram.com&_nc_cat=111&_nc_oc=Q6cZ2QGpqy3_UXM1wbFrbYzUioy_G7ChME9CRPhm3vxG_BmmvHwaHFxzz_jQRB6upJ_uN5E&_nc_ohc=9IXxo9IKXiAQ7kNvwG2BsmM&_nc_gid=I10clCqDxAiQaR7eZy9p5A&edm=AMKDjl4BAAAA&ccb=7-5&ig_cache_key=GMQDYhB-e2r7QV4EAMUmZxWl1_lubkULAAAB1501500j-ccb7-5&oh=00_AfvugtMtzY4918oGps9F7gJUw2fbg1wanYIvZkjQ8mhSoA&oe=69A1F3F5&_nc_sid=472314', 'username': 'adventistascolombiasur'}, {'full_name': 'Banco de Sangre HUV', 'id': '6307855213', 'is_private': False, 'is_verified': False, 'profile_pic_id': '3786073969628637931', 'profile_pic_url': 'https://scontent-vie1-1.cdninstagram.com/v/t51.2885-19/590420798_18330882724215214_5152929468393547674_n.jpg?stp=dst-jpg_e0_s150x150_tt6&efg=eyJ2ZW5jb2RlX3RhZyI6InByb2ZpbGVfcGljLmRqYW5nby4xMDgwLmMyIn0&_nc_ht=scontent-vie1-1.cdninstagram.com&_nc_cat=110&_nc_oc=Q6cZ2QGpqy3_UXM1wbFrbYzUioy_G7ChME9CRPhm3vxG_BmmvHwaHFxzz_jQRB6upJ_uN5E&_nc_ohc=VdgGDdDn900Q7kNvwFKeAL9&_nc_gid=I10clCqDxAiQaR7eZy9p5A&edm=AMKDjl4BAAAA&ccb=7-5&ig_cache_key=GD4bMSOuOTI51x9BAJpnPdQM4oJHbmNDAQAB1501500j-ccb7-5&oh=00_AftCdPjWjcvNC5uBt1Nqrb2I8poFp0p8hSzCoukKesRkow&oe=69A21BF1&_nc_sid=472314', 'username': 'bancosangrehuv'}, {'full_name': 'Eliana Sanabria', 'id': '6745229980', 'is_private': True, 'is_verified': False, 'profile_pic_id': '3827593186097892271', 'profile_pic_url': 'https://scontent-vie1-1.cdninstagram.com/v/t51.2885-19/626175335_18347219044229981_6569398057483387295_n.jpg?stp=dst-jpg_e0_s150x150_tt6&efg=eyJ2ZW5jb2RlX3RhZyI6InByb2ZpbGVfcGljLmRqYW5nby4xMDgwLmMyIn0&_nc_ht=scontent-vie1-1.cdninstagram.com&_nc_cat=105&_nc_oc=Q6cZ2QGpqy3_UXM1wbFrbYzUioy_G7ChME9CRPhm3vxG_BmmvHwaHFxzz_jQRB6upJ_uN5E&_nc_ohc=EJ-59McD_m4Q7kNvwFsKRJK&_nc_gid=I10clCqDxAiQaR7eZy9p5A&edm=AMKDjl4BAAAA&ccb=7-5&ig_cache_key=GGetUiVdY7-Rsi5BAJ9BcCS6MCtbbmNDAQAB1501500j-ccb7-5&oh=00_AfuQABhzmiNGIrT4-6LH4Xw2o7993FRfn20QgwvyQLaZjg&oe=69A1F87B&_nc_sid=472314', 'username': 'eli_sanabria9'}, {'full_name': 'Global youth day', 'id': '7278419803', 'is_private': False, 'is_verified': False, 'profile_pic_id': '1732727746531975146', 'profile_pic_url': 'https://scontent-vie1-1.cdninstagram.com/v/t51.2885-19/28434797_1619525281467089_6804219492495785984_n.jpg?stp=dst-jpg_e0_s150x150_tt6&efg=eyJ2ZW5jb2RlX3RhZyI6InByb2ZpbGVfcGljLmRqYW5nby4xMDQ2LmMyIn0&_nc_ht=scontent-vie1-1.cdninstagram.com&_nc_cat=105&_nc_oc=Q6cZ2QGpqy3_UXM1wbFrbYzUioy_G7ChME9CRPhm3vxG_BmmvHwaHFxzz_jQRB6upJ_uN5E&_nc_ohc=MaqyU-0AhHAQ7kNvwHg7bbj&_nc_gid=I10clCqDxAiQaR7eZy9p5A&edm=AMKDjl4BAAAA&ccb=7-5&ig_cache_key=GG3hsQHRShsd88AFAAAAAACUcW1ebkULAAAB1501500j-ccb7-5&oh=00_AfsCDrVFlL9isJpbWcPWUR6mqKwmJmr72Gz2ndO1wc6A4A&oe=69A21202&_nc_sid=472314', 'username': 'global_youth_day'}, {'full_name': 'Paula Pérez', 'id': '7436023996', 'is_private': True, 'is_verified': False, 'profile_pic_id': '3806652784058357034', 'profile_pic_url': 'https://scontent-vie1-1.cdninstagram.com/v/t51.2885-19/612676578_18319445977247997_6915383211317804071_n.jpg?stp=dst-jpg_e0_s150x150_tt6&efg=eyJ2ZW5jb2RlX3RhZyI6InByb2ZpbGVfcGljLmRqYW5nby4xMDgwLmMyIn0&_nc_ht=scontent-vie1-1.cdninstagram.com&_nc_cat=109&_nc_oc=Q6cZ2QGpqy3_UXM1wbFrbYzUioy_G7ChME9CRPhm3vxG_BmmvHwaHFxzz_jQRB6upJ_uN5E&_nc_ohc=XgQqmIBcbRwQ7kNvwHeRrcO&_nc_gid=I10clCqDxAiQaR7eZy9p5A&edm=AMKDjl4BAAAA&ccb=7-5&ig_cache_key=GOKzhCT9sPRlcBVBACc8TDRkYPhfbmNDAQAB1501500j-ccb7-5&oh=00_AftIn7csLPwIhENn83Y6yYL3p71RQ_UA3RnqHm0mKpSmGA&oe=69A2078B&_nc_sid=472314', 'username': 'paulis_pe'}, {'full_name': 'Club Guías Mayores Farallones', 'id': '7454784744', 'is_private': False, 'is_verified': False, 'profile_pic_id': '1752561374489309695', 'profile_pic_url': 'https://scontent-vie1-1.cdninstagram.com/v/t51.2885-19/29738550_585950218421423_9204618418639077376_n.jpg?stp=dst-jpg_e0_s150x150_tt6&efg=eyJ2ZW5jb2RlX3RhZyI6InByb2ZpbGVfcGljLmRqYW5nby42MTEuYzIifQ&_nc_ht=scontent-vie1-1.cdninstagram.com&_nc_cat=111&_nc_oc=Q6cZ2QGpqy3_UXM1wbFrbYzUioy_G7ChME9CRPhm3vxG_BmmvHwaHFxzz_jQRB6upJ_uN5E&_nc_ohc=8EGpyjwxNIIQ7kNvwHsg-hj&_nc_gid=I10clCqDxAiQaR7eZy9p5A&edm=AMKDjl4BAAAA&ccb=7-5&ig_cache_key=GDbGxQGvBKAq6xQCAAAAAACvX71-bkULAAAB1501500j-ccb7-5&oh=00_AftWkhlnVZN3RNTDKvF1p2TE-4HKKGsZ4cK-lb529cHufQ&oe=69A1E7D5&_nc_sid=472314', 'username': 'gmfarallones'}, {'full_name': 'Conquistadores Maranatha Cali', 'id': '7607861586', 'is_private': False, 'is_verified': False, 'profile_pic_id': '1766960893550403176', 'profile_pic_url': 'https://scontent-vie1-1.cdninstagram.com/v/t51.2885-19/30933772_204963446778672_3698143154558468096_n.jpg?stp=dst-jpg_e0_s150x150_tt6&efg=eyJ2ZW5jb2RlX3RhZyI6InByb2ZpbGVfcGljLmRqYW5nby41MTkuYzIifQ&_nc_ht=scontent-vie1-1.cdninstagram.com&_nc_cat=100&_nc_oc=Q6cZ2QGpqy3_UXM1wbFrbYzUioy_G7ChME9CRPhm3vxG_BmmvHwaHFxzz_jQRB6upJ_uN5E&_nc_ohc=fdF-Jfgdx00Q7kNvwESTYTc&_nc_gid=I10clCqDxAiQaR7eZy9p5A&edm=AMKDjl4BAAAA&ccb=7-5&ig_cache_key=GAwD2AEw62-FaboAAAAAAACbcVIzbkULAAAB1501500j-ccb7-5&oh=00_Aft9Ea7v9aGaRqvBI6lfIL8NPITMdAixlA8-xXwNWXfx4Q&oe=69A21588&_nc_sid=472314', 'username': 'conquismaranathacali'}, {'full_name': 'Leonel Preciado Cardenas', 'id': '10566758894', 'is_private': False, 'is_verified': False, 'profile_pic_id': '2673459068409219281', 'profile_pic_url': 'https://scontent-vie1-1.cdninstagram.com/v/t51.2885-19/243837252_903151693912161_6885211247750400387_n.jpg?stp=dst-jpg_e0_s150x150_tt6&efg=eyJ2ZW5jb2RlX3RhZyI6InByb2ZpbGVfcGljLmRqYW5nby4xMDgwLmMyIn0&_nc_ht=scontent-vie1-1.cdninstagram.com&_nc_cat=109&_nc_oc=Q6cZ2QGpqy3_UXM1wbFrbYzUioy_G7ChME9CRPhm3vxG_BmmvHwaHFxzz_jQRB6upJ_uN5E&_nc_ohc=QdQcbkcWVtkQ7kNvwFWuThm&_nc_gid=I10clCqDxAiQaR7eZy9p5A&edm=AMKDjl4BAAAA&ccb=7-5&ig_cache_key=GESpiA5h2ORjaTUDAIPJr4EmL41fbkULAAAB1501500j-ccb7-5&oh=00_AfsoCB5AwqebNhIOtGsALqjw7gZu0OQG6WoAeaTnBNLOOQ&oe=69A1E828&_nc_sid=472314', 'username': 'leonelcardenas5'}, {'full_name': 'Aventureros Maranatha Cali', 'id': '11693624947', 'is_private': False, 'is_verified': False, 'profile_pic_id': '1996921150342234965', 'profile_pic_url': 'https://scontent-vie1-1.cdninstagram.com/v/t51.2885-19/52034012_1198174343679141_425215308630851584_n.jpg?stp=dst-jpg_e0_s150x150_tt6&efg=eyJ2ZW5jb2RlX3RhZyI6InByb2ZpbGVfcGljLmRqYW5nby42MjIuYzIifQ&_nc_ht=scontent-vie1-1.cdninstagram.com&_nc_cat=109&_nc_oc=Q6cZ2QGpqy3_UXM1wbFrbYzUioy_G7ChME9CRPhm3vxG_BmmvHwaHFxzz_jQRB6upJ_uN5E&_nc_ohc=5v4wcpqDIiMQ7kNvwFrPnKy&_nc_gid=I10clCqDxAiQaR7eZy9p5A&edm=AMKDjl4BAAAA&ccb=7-5&ig_cache_key=GNz5GQOlTCK0u0EEAAAAAAASq_YFbkULAAAB1501500j-ccb7-5&oh=00_AfupyOFsqxYDpjmvsLgmX4yDeD4hn4Ue6GIBU1Y6VgGUqA&oe=69A1EC8A&_nc_sid=472314', 'username': 'aventurerosmaranathacali'}, {'full_name': 'Liddys Amor', 'id': '15841900532', 'is_private': False, 'is_verified': False, 'profile_pic_id': '2549862660734622301', 'profile_pic_url': 'https://scontent-vie1-1.cdninstagram.com/v/t51.2885-19/171183568_297836161729212_5722684966631362906_n.jpg?stp=dst-jpg_e0_s150x150_tt6&efg=eyJ2ZW5jb2RlX3RhZyI6InByb2ZpbGVfcGljLmRqYW5nby43MjAuYzIifQ&_nc_ht=scontent-vie1-1.cdninstagram.com&_nc_cat=100&_nc_oc=Q6cZ2QGpqy3_UXM1wbFrbYzUioy_G7ChME9CRPhm3vxG_BmmvHwaHFxzz_jQRB6upJ_uN5E&_nc_ohc=-6JmRzordxkQ7kNvwE8w7l_&_nc_gid=I10clCqDxAiQaR7eZy9p5A&edm=AMKDjl4BAAAA&ccb=7-5&ig_cache_key=GNANNAq8Ap9i4Q4BAFrRhzWoD2tPbkULAAAB1501500j-ccb7-5&oh=00_Afs0UUbmBUqcc4Yb5HPIiD1AFxf6-8vVs3OXQN9hDuV-xQ&oe=69A1FDAF&_nc_sid=472314', 'username': 'amor_olave'}, {'full_name': 'GLOBAL YOUTH DAY by PAKMS', 'id': '49931555690', 'is_private': False, 'is_verified': False, 'profile_pic_id': '2791986539652350692', 'profile_pic_url': 'https://scontent-vie1-1.cdninstagram.com/v/t51.2885-19/275572930_1007601540131806_2153812675170917079_n.jpg?stp=dst-jpg_e0_s150x150_tt6&efg=eyJ2ZW5jb2RlX3RhZyI6InByb2ZpbGVfcGljLmRqYW5nby4xMDgwLmMyIn0&_nc_ht=scontent-vie1-1.cdninstagram.com&_nc_cat=110&_nc_oc=Q6cZ2QGpqy3_UXM1wbFrbYzUioy_G7ChME9CRPhm3vxG_BmmvHwaHFxzz_jQRB6upJ_uN5E&_nc_ohc=n6P6g8DKinUQ7kNvwHsQACb&_nc_gid=I10clCqDxAiQaR7eZy9p5A&edm=AMKDjl4BAAAA&ccb=7-5&ig_cache_key=GMLobBDe69_DaJQDANfaS3g34eMdbkULAAAB1501500j-ccb7-5&oh=00_Afs7KE6bYBH2sQm22s8T02NDUr41MGnx5s95y7-c2lm6_g&oe=69A2075D&_nc_sid=472314', 'username': 'globalyouthdaypakms'}, {'full_name': 'Leonardo Orozco Ambuila', 'id': '57041841420', 'is_private': False, 'is_verified': False, 'profile_pic_id': '3087641372182608524', 'profile_pic_url': 'https://scontent-vie1-1.cdninstagram.com/v/t51.2885-19/342527055_186261464276058_1092197859551392206_n.jpg?stp=dst-jpg_e0_s150x150_tt6&efg=eyJ2ZW5jb2RlX3RhZyI6InByb2ZpbGVfcGljLmRqYW5nby41ODUuYzIifQ&_nc_ht=scontent-vie1-1.cdninstagram.com&_nc_cat=106&_nc_oc=Q6cZ2QGpqy3_UXM1wbFrbYzUioy_G7ChME9CRPhm3vxG_BmmvHwaHFxzz_jQRB6upJ_uN5E&_nc_ohc=JR5aYfLIn_IQ7kNvwEr1fJ7&_nc_gid=I10clCqDxAiQaR7eZy9p5A&edm=AMKDjl4BAAAA&ccb=7-5&ig_cache_key=GE_MahRa3GlgZ6kAAM6xAKMqRCgPbkULAAAB1501500j-ccb7-5&oh=00_AfuYbX44uamdwFaW62vLG72PJLG04vJ-gsL7BLR9Obe4Gw&oe=69A21657&_nc_sid=472314', 'username': 'pr_leonardo812'}, {'full_name': 'Yunny Santos', 'id': '64476329888', 'is_private': False, 'is_verified': False, 'profile_pic_id': '3613128798564937119', 'profile_pic_url': 'https://scontent-vie1-1.cdninstagram.com/v/t51.2885-19/491448104_1032556328781887_8418104238043019208_n.jpg?stp=dst-jpg_e0_s150x150_tt6&efg=eyJ2ZW5jb2RlX3RhZyI6InByb2ZpbGVfcGljLmRqYW5nby45NjAuYzIifQ&_nc_ht=scontent-vie1-1.cdninstagram.com&_nc_cat=111&_nc_oc=Q6cZ2QGpqy3_UXM1wbFrbYzUioy_G7ChME9CRPhm3vxG_BmmvHwaHFxzz_jQRB6upJ_uN5E&_nc_ohc=UFlAIih9nasQ7kNvwG_pEMF&_nc_gid=I10clCqDxAiQaR7eZy9p5A&edm=AMKDjl4BAAAA&ccb=7-5&ig_cache_key=GCjnSh0-CDDBGqsDAMi3wxY0HdN0bkULAAAB1501500j-ccb7-5&oh=00_AfsWjp6T0UG0q08TGTEd6Z0jQKfRw2icL0TrLCsossYe5w&oe=69A20612&_nc_sid=472314', 'username': 'yunnydarledyortiz'}]","[{'full_name': 'Banco de Sangre HUV', 'id': '6307855213', 'is_private': False, 'is_verified': False, 'pk': '6307855213', 'profile_pic_id': '3786073969628637931', 'profile_pic_url': 'https://scontent-vie1-1.cdninstagram.com/v/t51.2885-19/590420798_18330882724215214_5152929468393547674_n.jpg?stp=dst-jpg_e0_s150x150_tt6&efg=eyJ2ZW5jb2RlX3RhZyI6InByb2ZpbGVfcGljLmRqYW5nby4xMDgwLmMyIn0&_nc_ht=scontent-vie1-1.cdninstagram.com&_nc_cat=110&_nc_oc=Q6cZ2QGpqy3_UXM1wbFrbYzUioy_G7ChME9CRPhm3vxG_BmmvHwaHFxzz_jQRB6upJ_uN5E&_nc_ohc=VdgGDdDn900Q7kNvwFKeAL9&_nc_gid=I10clCqDxAiQaR7eZy9p5A&edm=AMKDjl4BAAAA&ccb=7-5&ig_cache_key=GD4bMSOuOTI51x9BAJpnPdQM4oJHbmNDAQAB1501500j-ccb7-5&oh=00_AftCdPjWjcvNC5uBt1Nqrb2I8poFp0p8hSzCoukKesRkow&oe=69A21BF1&_nc_sid=472314', 'username': 'bancosangrehuv'}]",,,
https://www.instagram.com/p/CfiCyLHlzod/,,,,https://www.instagram.com/explore/tags/donacionsangre,2873871756221168157,Video,CfiCyLHlzod,"Conozcan a Luis Alejandro 💪💉🩸 y como gracias a la unión de su familia logramos prestarle el servicio requerido, el cual necesitaba con urgencia 
.
.
Atendemos emergencias las 24 horas del Día 🚑
.
.
Llama a estos contactos si nos necesitan🩸04123477625
🩸04166450065
.
. 
Préstamos servicios de transfusion ambulatoria a domicilio si así usted lo requiere.
.
Somos HEMOCENTRO CALICANTO 🏥
Comprometidos en ayudar a SALVAR VIDAS 🏥
.
.
#Transfusion #urgencia #domicilio 
#saludable #donaysalvavidas #Voluntatiosaltruistas #hospitales #clinicas #Maracay #Aragua 
#venezuela #Carabobo #Caracas #Vargas #SanJuan #VidaySalud #DonacionSangre #Plaquetas #Heroes #Guerrero #warrior","['Transfusion', 'urgencia', 'domicilio', 'saludable', 'donaysalvavidas', 'Voluntatiosaltruistas', 'hospitales', 'clinicas', 'Maracay', 'Aragua', 'venezuela', 'Carabobo', 'Caracas', 'Vargas', 'SanJuan', 'VidaySalud', 'DonacionSangre', 'Plaquetas', 'Heroes', 'Guerrero', 'warrior']",[],3.0,,[],1280.0,720.0,https://scontent-vie1-1.cdninstagram.com/v/t51.71878-15/502396092_978292344186620_7275263379683005201_n.jpg?stp=dst-jpg_e15_s640x640_tt6&_nc_cat=108&ig_cache_key=Mjg3Mzg3MTc1NjIyMTE2ODE1Nw%3D%3D.3-ccb7-5&ccb=7-5&_nc_sid=58cdad&efg=eyJ2ZW5jb2RlX3RhZyI6InhwaWRzLjEwODB4MTkyMC5zZHIuQzMifQ%3D%3D&_nc_ohc=DPKpixEFvDMQ7kNvwHyZZX9&_nc_oc=AdmD7jXPByIGi4flB0Exel1naqRTFWlgp5tZCtAu2dbIOao4mU1fmCEjY9eA4veL-KQ&_nc_ad=z-m&_nc_cid=0&_nc_zt=23&_nc_ht=scontent-vie1-1.cdninstagram.com&_nc_gid=I10clCqDxAiQaR7eZy9p5A&oh=00_AftFKTwE6cUHxOj6QWXX6WKAfxMS4hEIQ6lSXrGlX-SdUg&oe=69A20235,[],https://scontent-vie1-1.cdninstagram.com/o1/v/t2/f2/m86/AQPThiKF8F8dbtl2cIwsjapA8ALQshkxYx5Lkb8_MoFwviU3w2YEmscz3kxx7LPgomRtI4Cve94wjt37xDatZ0nWp2DXU26jTGWcmuE.mp4?_nc_cat=109&_nc_sid=5e9851&_nc_ht=scontent-vie1-1.cdninstagram.com&_nc_ohc=f5sa1J9M9bUQ7kNvwGAcxcA&efg=eyJ2ZW5jb2RlX3RhZyI6Inhwdl9wcm9ncmVzc2l2ZS5JTlNUQUdSQU0uQ0xJUFMuQzMuNzIwLmRhc2hfYmFzZWxpbmVfMV92MSIsInhwdl9hc3NldF9pZCI6MzgxNDM5MTgzODcxOTQyLCJhc3NldF9hZ2VfZGF5cyI6MTMzMSwidmlfdXNlY2FzZV9pZCI6MTAwOTksImR1cmF0aW9uX3MiOjQ0LCJ1cmxnZW5fc291cmNlIjoid3d3In0%3D&ccb=17-1&_nc_gid=I10clCqDxAiQaR7eZy9p5A&_nc_zt=28&vs=5372e50edaaf0a1e&_nc_vs=HBksFQIYUmlnX3hwdl9yZWVsc19wZXJtYW5lbnRfc3JfcHJvZC81QjQ3ODgzRTZCNDA3MzhERTc4QTgwOTQwMzI1QjU5NV92aWRlb19kYXNoaW5pdC5tcDQVAALIARIAFQIYOnBhc3N0aHJvdWdoX2V2ZXJzdG9yZS9HT1drWVJFLW5xdnhnMzhBQUd1N2JTczRXUVFMYnFfRUFBQUYVAgLIARIAKAAYABsCiAd1c2Vfb2lsATEScHJvZ3Jlc3NpdmVfcmVjaXBlATEVAAAmjP_2sNe6rQEVAigCQzMsF0BGJmZmZmZmGBJkYXNoX2Jhc2VsaW5lXzFfdjERAHX-B2XmnQEA&oh=00_AfstjJ7E3Qq8b2n0BmF2QjddT6_rdYOiw2P66weGnjm_fA&oe=699E0F3A,40.0,438.0,409.0,2022-07-03T01:38:19.000Z,[],HEMOCENTRO🏥,bancodesangrehemocentro,14565144208,clips,44.349998474121094,"{'artist_name': 'bancodesangrehemocentro', 'song_name': 'Original audio', 'uses_original_audio': True, 'should_mute_audio': False, 'should_mute_audio_reason': '', 'audio_id': '776153776715773'}",Maracay-Edo Aragua.,249968165380203,,,0.0,29.0,
https://www.instagram.com/p/Ccv8B3RjctF/,,,,https://www.instagram.com/explore/tags/donacionsangre,2823739502245038917,Video,Ccv8B3RjctF,"Seamos esperanza para esas personas que en estos momentos necesitan de nosotros no necesariamente tienes que ayudar con dinero hay muchas formas de dar tu granito de arena.
Di si ala donación de sangre.
#donacionsangre 
#salvávidas 
#marykay #mujeresindependientes 
#amorpropio","['donacionsangre', 'salvávidas', 'marykay', 'mujeresindependientes', 'amorpropio']",[],0.0,,[],1280.0,720.0,https://scontent-vie1-1.cdninstagram.com/v/t51.71878-15/498113766_1002119305326313_8396278588244516062_n.jpg?stp=dst-jpg_e15_s640x640_tt6&_nc_cat=110&ig_cache_key=MjgyMzczOTUwMjI0NTAzODkxNw%3D%3D.3-ccb7-5&ccb=7-5&_nc_sid=58cdad&efg=eyJ2ZW5jb2RlX3RhZyI6InhwaWRzLjEwODB4MTkyMC5zZHIuQzMifQ%3D%3D&_nc_ohc=DQ89bbUah0wQ7kNvwHbNJ5a&_nc_oc=Adn-8zdN9UYvZpLnfjUa64IaiODKnP3WiqagPqhgQlga0O_Z0moaBd_rqk8I5vmidpA&_nc_ad=z-m&_nc_cid=0&_nc_zt=23&_nc_ht=scontent-vie1-1.cdninstagram.com&_nc_gid=I10clCqDxAiQaR7eZy9p5A&oh=00_AfsyAhM-y1QtnJuhqEDcFUtxi56xbP4D5N4XgtNWK1_Ucg&oe=69A1FDE2,[],https://scontent-vie1-1.cdninstagram.com/o1/v/t2/f2/m86/AQN_FdLEqFL7F1lg98d9nAiio0ZiLfyb63JilbThAR8-qBO7w-FEXtlgZWcrm2o8DHxPKiIC9uxLisaJN0Wrempyw18dxkdir0Vtl28.mp4?_nc_cat=100&_nc_sid=5e9851&_nc_ht=scontent-vie1-1.cdninstagram.com&_nc_ohc=-i-VopH9ko4Q7kNvwHAufcl&efg=eyJ2ZW5jb2RlX3RhZyI6Inhwdl9wcm9ncmVzc2l2ZS5JTlNUQUdSQU0uQ0xJUFMuQzMuNzIwLmRhc2hfYmFzZWxpbmVfMV92MSIsInhwdl9hc3NldF9pZCI6MzE0NTA0NTU0MDg3Nzk1LCJhc3NldF9hZ2VfZGF5cyI6MTQwMCwidmlfdXNlY2FzZV9pZCI6MTAwOTksImR1cmF0aW9uX3MiOjIxLCJ1cmxnZW5fc291cmNlIjoid3d3In0%3D&ccb=17-1&_nc_gid=I10clCqDxAiQaR7eZy9p5A&_nc_zt=28&vs=29d15f5bab9b4b8&_nc_vs=HBksFQIYUmlnX3hwdl9yZWVsc19wZXJtYW5lbnRfc3JfcHJvZC9EQzRFNzYzNEM3QkE1OTQ2RkY4OUM0OTkyMzYzMDE4NF92aWRlb19kYXNoaW5pdC5tcDQVAALIARIAFQIYOnBhc3N0aHJvdWdoX2V2ZXJzdG9yZS9HUDhBb0JBOFZTbmNfQnNTQUNjRE45LW94c0J0YnFfRUFBQUYVAgLIARIAKAAYABsCiAd1c2Vfb2lsATEScHJvZ3Jlc3NpdmVfcmVjaXBlATEVAAAm5pXQw8mCjwEVAigCQzMsF0A1GZmZmZmaGBJkYXNoX2Jhc2VsaW5lXzFfdjERAHX-B2XmnQEA&oh=00_AfuEsnO_O4NIhFKETmEShdgNMrwFIm4tqtauci_LxC3WNA&oe=699E0685,5.0,75.0,59.0,2022-04-24T21:37:07.000Z,[],Mayra Chacin,mayrachacin84,6607962238,clips,21.339000701904297,"{'artist_name': 'mayrachacin84', 'song_name': 'Original audio', 'uses_original_audio': True, 'should_mute_audio': False, 'should_mute_audio_reason': '', 'audio_id': '1676641412689465'}",,,,,0.0,16.0,
https://www.instagram.com/p/C1J8IMssqyQ/,,,,https://www.instagram.com/explore/tags/donacionsangre,3263403851187924112,Video,C1J8IMssqyQ,"¡Anímate a donar sangre 🩸! 
En mi caso, además, quien la reciba sale hablando en latín 😁
Cada donación es de unos 450 mililitros (los chicos tenemos unos 5 litros de sangre). Al año se puede donar 4 veces los chicos y 3 las chicas (las mujeres tienen menos sangre)

¡Feliz Navidad 🎄!
.
#sangre #donación #donacion #donacionsangre #sangreazul #sangrelatina #sangredemisangre #sangreroja #donar #donarsalvavidas","['sangre', 'donación', 'donacion', 'donacionsangre', 'sangreazul', 'sangrelatina', 'sangredemisangre', 'sangreroja', 'donar', 'donarsalvavidas']",[],35.0,,[],1280.0,720.0,https://scontent-vie1-1.cdninstagram.com/v/t51.71878-15/503643830_1481274703226813_3393350592107562317_n.jpg?stp=dst-jpg_e15_s640x640_tt6&_nc_cat=111&ig_cache_key=MzI2MzQwMzg1MTE4NzkyNDExMg%3D%3D.3-ccb7-5&ccb=7-5&_nc_sid=58cdad&efg=eyJ2ZW5jb2RlX3RhZyI6InhwaWRzLjEwODB4MTkyMC5zZHIuQzMifQ%3D%3D&_nc_ohc=ln-aVwNHidMQ7kNvwEeDIRK&_nc_oc=Adlady5Z2vaxNdxdAdxC2gMmazQoFifpbryl8s1SO2rDswQrNeGE4XZLynpOo2_IXMQ&_nc_ad=z-m&_nc_cid=0&_nc_zt=23&_nc_ht=scontent-vie1-1.cdninstagram.com&_nc_gid=I10clCqDxAiQaR7eZy9p5A&oh=00_AftYdqOFuoPXhcGWOrRiRI0mXEoYTs2WD59CZFKoZh0CNg&oe=69A1FDF0,[],https://scontent-vie1-1.cdninstagram.com/o1/v/t2/f2/m82/AQPrK4MREQdhaV9eDzem5E1-1Xt603bs6yOTPVbo3VVjxBlwvB8t6zPK8kswqaEGOEdlh1wxryJAQRLHy1mgjmpdU92M-B6QNGZEzuU.mp4?_nc_cat=106&_nc_sid=5e9851&_nc_ht=scontent-vie1-1.cdninstagram.com&_nc_ohc=mKCyLxJA8IIQ7kNvwFdhK2H&efg=eyJ2ZW5jb2RlX3RhZyI6Inhwdl9wcm9ncmVzc2l2ZS5JTlNUQUdSQU0uQ0xJUFMuQzMuNzIwLmRhc2hfYmFzZWxpbmVfMV92MSIsInhwdl9hc3NldF9pZCI6MTEyOTYxOTc5ODM5MjMwNywiYXNzZXRfYWdlX2RheXMiOjc5MywidmlfdXNlY2FzZV9pZCI6MTAwOTksImR1cmF0aW9uX3MiOjM3LCJ1cmxnZW5fc291cmNlIjoid3d3In0%3D&ccb=17-1&_nc_gid=I10clCqDxAiQaR7eZy9p5A&_nc_zt=28&vs=84bfc9097bc5f4cd&_nc_vs=HBksFQIYT2lnX3hwdl9yZWVsc19wZXJtYW5lbnRfcHJvZC9CQjQ0MUU4NkQ4N0IwRDQ0OEEzNDE0MzQ4OTc3MDRCMF92aWRlb19kYXNoaW5pdC5tcDQVAALIARIAFQIYOnBhc3N0aHJvdWdoX2V2ZXJzdG9yZS9HSWxWblJqZUsta1h1QUVHQUhwVEpDNk9md010YnFfRUFBQUYVAgLIARIAKAAYABsCiAd1c2Vfb2lsATEScHJvZ3Jlc3NpdmVfcmVjaXBlATEVAAAm5veDrcPYgQQVAigCQzMsF0BC2bpeNT99GBJkYXNoX2Jhc2VsaW5lXzFfdjERAHX-B2XmnQEA&oh=00_Aftb8B0Ayl_P_m-5YEIsaC_T1-TqWZC8quLtldlBLEWyHw&oe=699E1D8F,678.0,10733.0,10733.0,2023-12-22T12:35:16.000Z,[],Emilio del Río Sanz,emilio.delrio,1468032168,clips,37.70100021362305,"{'artist_name': 'emilio.delrio', 'song_name': 'Original audio', 'uses_original_audio': True, 'should_mute_audio': False, 'should_mute_audio_reason': '', 'audio_id': '1868253933591626'}",,,"[{'full_name': 'Cruz Roja en La Rioja', 'id': '733387157', 'is_private': False, 'is_verified': False, 'profile_pic_id': '3517091583720875077', 'profile_pic_url': 'https://scontent-vie1-1.cdninstagram.com/v/t51.2885-19/469633692_587146477012100_5614240699844455020_n.jpg?stp=dst-jpg_e0_s150x150_tt6&efg=eyJ2ZW5jb2RlX3RhZyI6InByb2ZpbGVfcGljLmRqYW5nby4zOTkuYzIifQ&_nc_ht=scontent-vie1-1.cdninstagram.com&_nc_cat=108&_nc_oc=Q6cZ2QGpqy3_UXM1wbFrbYzUioy_G7ChME9CRPhm3vxG_BmmvHwaHFxzz_jQRB6upJ_uN5E&_nc_ohc=eemGCIZSryYQ7kNvwGrmyAi&_nc_gid=I10clCqDxAiQaR7eZy9p5A&edm=AMKDjl4BAAAA&ccb=7-5&ig_cache_key=GJwK-huEhDGxARYCAGzqxMUryulNbkULAAAB1501500j-ccb7-5&oh=00_AftO5fX2gOekT61nuEP-DUYJJJqBE0Xvr4EP6oNCszmU0g&oe=69A2001B&_nc_sid=472314', 'username': 'cruzrojarioja'}, {'full_name': 'Banc de Sang i Teixits', 'id': '1371432955', 'is_private': False, 'is_verified': True, 'profile_pic_id': '3286828155757952756', 'profile_pic_url': 'https://scontent-vie1-1.cdninstagram.com/v/t51.2885-19/420581900_337998762486975_125960660322236996_n.jpg?stp=dst-jpg_e0_s150x150_tt6&efg=eyJ2ZW5jb2RlX3RhZyI6InByb2ZpbGVfcGljLmRqYW5nby42NDAuYzIifQ&_nc_ht=scontent-vie1-1.cdninstagram.com&_nc_cat=103&_nc_oc=Q6cZ2QGpqy3_UXM1wbFrbYzUioy_G7ChME9CRPhm3vxG_BmmvHwaHFxzz_jQRB6upJ_uN5E&_nc_ohc=3ti8_p29EX4Q7kNvwHeig_D&_nc_gid=I10clCqDxAiQaR7eZy9p5A&edm=AMKDjl4BAAAA&ccb=7-5&ig_cache_key=GAySERm-LCx4aDMBAEQ6Lp6NgL8BbkULAAAB1501500j-ccb7-5&oh=00_AfuzlEnkkWeWX1GzqdVhP5YbLZZtCJVsdGeUEQTKYfkrYw&oe=69A1E9B1&_nc_sid=472314', 'username': 'donarsang'}, {'full_name': 'Cruz Roja Donación de Sangre', 'id': '2096243578', 'is_private': False, 'is_verified': False, 'profile_pic_id': '2593777869379997998', 'profile_pic_url': 'https://scontent-vie1-1.cdninstagram.com/v/t51.2885-19/198996086_335425761273286_3569083548977225028_n.jpg?stp=dst-jpg_e0_s150x150_tt6&efg=eyJ2ZW5jb2RlX3RhZyI6InByb2ZpbGVfcGljLmRqYW5nby4xMDgwLmMyIn0&_nc_ht=scontent-vie1-1.cdninstagram.com&_nc_cat=110&_nc_oc=Q6cZ2QGpqy3_UXM1wbFrbYzUioy_G7ChME9CRPhm3vxG_BmmvHwaHFxzz_jQRB6upJ_uN5E&_nc_ohc=_MSNX-FDogAQ7kNvwE6FNfM&_nc_gid=I10clCqDxAiQaR7eZy9p5A&edm=AMKDjl4BAAAA&ccb=7-5&ig_cache_key=GHZw3AvGZVllETEBAERdevaT7ocxbkULAAAB1501500j-ccb7-5&oh=00_AfuA49cY-xWKV4Hmfl4uO5_hM6RIlKvBdJc3eVgAezpZyA&oe=69A1F1ED&_nc_sid=472314', 'username': 'cruzrojadonasangre'}, {'full_name': 'Cruz Roja en la Comunidad de Madrid 📍', 'id': '4289462610', 'is_private': False, 'is_verified': False, 'profile_pic_id': '3516433691519190459', 'profile_pic_url': 'https://scontent-vie1-1.cdninstagram.com/v/t51.2885-19/469317336_1326442955455547_6242861954696010951_n.jpg?stp=dst-jpg_e0_s150x150_tt6&efg=eyJ2ZW5jb2RlX3RhZyI6InByb2ZpbGVfcGljLmRqYW5nby4xMDgwLmMyIn0&_nc_ht=scontent-vie1-1.cdninstagram.com&_nc_cat=111&_nc_oc=Q6cZ2QGpqy3_UXM1wbFrbYzUioy_G7ChME9CRPhm3vxG_BmmvHwaHFxzz_jQRB6upJ_uN5E&_nc_ohc=iZjC635vbRoQ7kNvwFzymFs&_nc_gid=I10clCqDxAiQaR7eZy9p5A&edm=AMKDjl4BAAAA&ccb=7-5&ig_cache_key=GNg2_Rs7vCyRZLYEAMfcdCffGaNWbkULAAAB1501500j-ccb7-5&oh=00_AfssuNOcZtmrUA3uvtZ9_5obz5imUGnwmZ-Rfkz_7ijK1w&oe=69A1EB6F&_nc_sid=472314', 'username': 'cruzrojamadrid'}, {'full_name': 'Cruz Roja en Málaga', 'id': '5608751883', 'is_private': False, 'is_verified': False, 'profile_pic_id': '3516564718059887340', 'profile_pic_url': 'https://scontent-vie1-1.cdninstagram.com/v/t51.2885-19/469273485_501527886257658_7251014235443422175_n.jpg?stp=dst-jpg_e0_s150x150_tt6&efg=eyJ2ZW5jb2RlX3RhZyI6InByb2ZpbGVfcGljLmRqYW5nby4xMDgwLmMyIn0&_nc_ht=scontent-vie1-1.cdninstagram.com&_nc_cat=106&_nc_oc=Q6cZ2QGpqy3_UXM1wbFrbYzUioy_G7ChME9CRPhm3vxG_BmmvHwaHFxzz_jQRB6upJ_uN5E&_nc_ohc=4MPuaHHlmFkQ7kNvwEUVA_N&_nc_gid=I10clCqDxAiQaR7eZy9p5A&edm=AMKDjl4BAAAA&ccb=7-5&ig_cache_key=GI2L_Bv6XYEPI8gBAN-j55QHx6BkbkULAAAB1501500j-ccb7-5&oh=00_AfuciYJbpbppky5tNyr7EqETs6bduyjMfydOzCgxv93NWw&oe=69A206F3&_nc_sid=472314', 'username': 'cruzrojamalaga'}, {'full_name': 'DONACIÓN DE SANGRE', 'id': '14048543077', 'is_private': False, 'is_verified': False, 'profile_pic_id': '2388015474489953423', 'profile_pic_url': 'https://scontent-vie1-1.cdninstagram.com/v/t51.2885-19/118524111_2763834110560844_3967184860213691958_n.jpg?stp=dst-jpg_e0_s150x150_tt6&efg=eyJ2ZW5jb2RlX3RhZyI6InByb2ZpbGVfcGljLmRqYW5nby4xMDgwLmMyIn0&_nc_ht=scontent-vie1-1.cdninstagram.com&_nc_cat=108&_nc_oc=Q6cZ2QGpqy3_UXM1wbFrbYzUioy_G7ChME9CRPhm3vxG_BmmvHwaHFxzz_jQRB6upJ_uN5E&_nc_ohc=VEIcvZONZCoQ7kNvwGWYywm&_nc_gid=I10clCqDxAiQaR7eZy9p5A&edm=AMKDjl4BAAAA&ccb=7-5&ig_cache_key=GM_IEAdMymBGsdEJADZGWH_cRQ43bkULAAAB1501500j-ccb7-5&oh=00_AfudzAk49WzZloQJYgPL2O8PNG-ZX5tIWrzNe2AKd-sRcg&oe=69A218A4&_nc_sid=472314', 'username': 'donacion_desangrecmm'}, {'full_name': 'Donacion_Sangre', 'id': '24774907553', 'is_private': False, 'is_verified': False, 'profile_pic_id': '2176338841450192739', 'profile_pic_url': 'https://scontent-vie1-1.cdninstagram.com/v/t51.2885-19/73425446_448471769140306_1544811277224771584_n.jpg?stp=dst-jpg_e0_s150x150_tt6&efg=eyJ2ZW5jb2RlX3RhZyI6InByb2ZpbGVfcGljLmRqYW5nby4yOTAuYzIifQ&_nc_ht=scontent-vie1-1.cdninstagram.com&_nc_cat=110&_nc_oc=Q6cZ2QGpqy3_UXM1wbFrbYzUioy_G7ChME9CRPhm3vxG_BmmvHwaHFxzz_jQRB6upJ_uN5E&_nc_ohc=t1aATkHEVe0Q7kNvwH-uARh&_nc_gid=I10clCqDxAiQaR7eZy9p5A&edm=AMKDjl4BAAAA&ccb=7-5&ig_cache_key=GCZiYARSzH344ZcBAAAAAACsRXAVbkULAAAB1501500j-ccb7-5&oh=00_AfsIjkldS5lW8hPW2UTkW4JiEsW_tyq2WD3aYgwZj527uA&oe=69A2096C&_nc_sid=472314', 'username': 'donacion_sangre'}, {'full_name': 'CAMPAÑA DE DONACIÓN DE SANGRE  ❤️', 'id': '62934489959', 'is_private': False, 'is_verified': False, 'profile_pic_id': '3228053142321368283', 'profile_pic_url': 'https://scontent-vie1-1.cdninstagram.com/v/t51.2885-19/398230007_265162709387350_5912162446538526981_n.jpg?stp=dst-jpg_e0_s150x150_tt6&efg=eyJ2ZW5jb2RlX3RhZyI6InByb2ZpbGVfcGljLmRqYW5nby4xMDgwLmMyIn0&_nc_ht=scontent-vie1-1.cdninstagram.com&_nc_cat=110&_nc_oc=Q6cZ2QGpqy3_UXM1wbFrbYzUioy_G7ChME9CRPhm3vxG_BmmvHwaHFxzz_jQRB6upJ_uN5E&_nc_ohc=ZLGEDOVoxuoQ7kNvwG6mBx-&_nc_gid=I10clCqDxAiQaR7eZy9p5A&edm=AMKDjl4BAAAA&ccb=7-5&ig_cache_key=GPeBvBdWyBkBKvEAAAVRVdBrOAxSbkULAAAB1501500j-ccb7-5&oh=00_Afs3G2Db9eqSTdLxQjm4MnYbZMeJJ1fldqAfvoEFoNs6MQ&oe=69A21AD8&_nc_sid=472314', 'username': 'donacion5to_2023'}]",,,,
https://www.instagram.com/p/CqklGx6oec7/,,,,https://www.instagram.com/explore/tags/donacionsangre,3072744039408330555,Video,CqklGx6oec7,"𝐃𝐎𝐍𝐀𝐂𝐈𝐎́𝐍 𝐃𝐄 𝐒𝐀𝐍𝐆𝐑𝐄
📅5 Abril
📌Centro de Salud calle Magacela
.
.
#donantes #donacionsangre #DonaVida","['donantes', 'donacionsangre', 'DonaVida']",[],0.0,,[],720.0,1280.0,https://scontent-vie1-1.cdninstagram.com/v/t51.71878-15/499715797_10003263956362355_7938229049719030516_n.jpg?stp=dst-jpg_e15_s360x360_tt6&_nc_cat=110&ig_cache_key=MzA3Mjc0NDAzOTQwODMzMDU1NQ%3D%3D.3-ccb7-5&ccb=7-5&_nc_sid=58cdad&efg=eyJ2ZW5jb2RlX3RhZyI6InhwaWRzLjE0NDB4ODEwLnNkci5DMyJ9&_nc_ohc=xI6he2gAxyMQ7kNvwFVpfbQ&_nc_oc=AdmxXR1EYJ_eBBuRqpyBrNnBB5a385dXtJ4hZh3ki8c4ml70Df-SRoh04SQcpg_Tw8I&_nc_ad=z-m&_nc_cid=0&_nc_zt=23&_nc_ht=scontent-vie1-1.cdninstagram.com&_nc_gid=I10clCqDxAiQaR7eZy9p5A&oh=00_AftNvv6k2EJBPr7bm7e4H3XvqxkILjNXhi5Hb2Acs-3epw&oe=69A1F88E,[],https://scontent-vie1-1.cdninstagram.com/o1/v/t2/f2/m82/AQNCuKZ8uMXxIQu2aeXKtwGI6HFm4MZusPaO-dSIWsRghP_QUp4lCigJKYaRSbriS9NYP2jEk21vB1almysXb-UXNFGof_hiil7U_Yo.mp4?_nc_cat=103&_nc_sid=5e9851&_nc_ht=scontent-vie1-1.cdninstagram.com&_nc_ohc=OtV_X8ykffcQ7kNvwHbaMUJ&efg=eyJ2ZW5jb2RlX3RhZyI6Inhwdl9wcm9ncmVzc2l2ZS5JTlNUQUdSQU0uQ0xJUFMuQzMuMTI4MC5kYXNoX2Jhc2VsaW5lXzFfdjEiLCJ4cHZfYXNzZXRfaWQiOjYxODY4MTI2NzQ2NzQxODgsImFzc2V0X2FnZV9kYXlzIjoxMDU2LCJ2aV91c2VjYXNlX2lkIjoxMDA5OSwiZHVyYXRpb25fcyI6NSwidXJsZ2VuX3NvdXJjZSI6Ind3dyJ9&ccb=17-1&_nc_gid=I10clCqDxAiQaR7eZy9p5A&_nc_zt=28&vs=620aa30536def967&_nc_vs=HBkcFQIYT2lnX3hwdl9yZWVsc19wZXJtYW5lbnRfcHJvZC82NDQ5NDk4NTlDNzRBRjAxNEQxQjZDRjMwRUE0NENCRF92aWRlb19kYXNoaW5pdC5tcDQVAALIARIAKAAYABsCiAd1c2Vfb2lsATEScHJvZ3Jlc3NpdmVfcmVjaXBlATEVAAAmmLigvPK3_RUVAigCQzMsF0AUAAAAAAAAGBJkYXNoX2Jhc2VsaW5lXzFfdjERAHX-B2XmnQEA&oh=00_Afs2capcvICCP7K909e1vysCBJgKwOnjTGTKKTZkXzps7w&oe=699E0998,32.0,1625.0,1625.0,2023-04-03T11:01:09.000Z,[],Ayuntamiento Vva De La Serena,aytovvaserena,599229454,clips,5.0,{'uses_original_audio': True},,,,,,,
https://www.instagram.com/p/CseBGLVoxCQ/,,,,https://www.instagram.com/explore/tags/donacionsangre,3106925615469760656,Video,CseBGLVoxCQ,#humor #sayayin #donacionsangre,"['humor', 'sayayin', 'donacionsangre']",[],2.0,,[],1296.0,720.0,https://scontent-vie1-1.cdninstagram.com/v/t15.5256-10/622736349_1222339339990563_2947712929414173954_n.jpg?stp=dst-jpg_e15_p360x360_tt6&_nc_cat=105&ig_cache_key=MzEwNjkyNTYxNTQ2OTc2MDY1Ng%3D%3D.3-ccb7-5&ccb=7-5&_nc_sid=58cdad&efg=eyJ2ZW5jb2RlX3RhZyI6InhwaWRzLjcyMHgxMjk2LnNkci5DMyJ9&_nc_ohc=dfxCDv6JbYIQ7kNvwGl9zx5&_nc_oc=AdkmGD3LsM6cALB83wvDAVzYRUkAHDxRFPlnD1oRBqgDuMhT6CVy-g-pK6oLXxzdNfo&_nc_ad=z-m&_nc_cid=0&_nc_zt=23&_nc_ht=scontent-vie1-1.cdninstagram.com&_nc_gid=I10clCqDxAiQaR7eZy9p5A&oh=00_Afs9uJ3j_1O1ScGd-MKEYd0CHFR-MRzsuaUiKwZWFTo0Ow&oe=69A1E865,[],https://scontent-vie1-1.cdninstagram.com/o1/v/t2/f2/m412/AQOJEqAXZ39OY0VQq1VQzv_QaM-lsYB0fHUbK8Vwdrzq7KPTtIzVmBkFFpZh8tv7sSujpwh9I_rSo7ZU1d2gCw.mp4?_nc_cat=103&_nc_sid=8bf8fe&_nc_ht=scontent-vie1-1.cdninstagram.com&_nc_ohc=xDvNLZyPrEoQ7kNvwE7jmqR&efg=eyJ2ZW5jb2RlX3RhZyI6Inhwdl9wcm9ncmVzc2l2ZS5JTlNUQUdSQU0uQ0xJUFMuQzMuMjM2LnN2ZV9zZCIsInhwdl9hc3NldF9pZCI6NTg1NjkyODgzNjU1MjE1LCJhc3NldF9hZ2VfZGF5cyI6MTAwOSwidmlfdXNlY2FzZV9pZCI6MTAxMjAsImR1cmF0aW9uX3MiOjE4LCJ1cmxnZW5fc291cmNlIjoid3d3In0%3D&ccb=17-1&_nc_gid=I10clCqDxAiQaR7eZy9p5A&_nc_zt=28&oh=00_AftOOy21Ap1qwRNG_qdyuoY2ex4DfCJq_rgKxwG0U8LDDA&oe=69A21861,1.0,19.0,19.0,2023-05-20T14:53:41.000Z,[],Victor Manuel Sanchez Bernal,victor.s1411,5427280852,clips,18.321,"{'artist_name': 'victor.s1411', 'song_name': 'Original audio', 'uses_original_audio': True, 'should_mute_audio': False, 'should_mute_audio_reason': '', 'audio_id': '909298423706359'}",,,,,,,
https://www.instagram.com/p/CaFSryAFWQB/,,,,https://www.instagram.com/explore/tags/donacionsangre,2775706918806971393,Video,CaFSryAFWQB,"💙 Estamos llegando a la recta final de #SangValentí y, hoy el Campeón Mundial de 125cc @nicoterol18 te invita a participar en #sangvalentidiocesa si todavía no lo has hecho. ¡No lo dudes, no te arrepentirás!
@colegiosdiocesanos 
.
.
.
#somospaulas #paulasalcoy #colegiosdiocesanosvalencia #amaoscomoyoosheamado #curso2122 #educacion #familia #proyecto #donacionsangre #alumnos","['SangValentí', 'sangvalentidiocesa', 'somospaulas', 'paulasalcoy', 'colegiosdiocesanosvalencia', 'amaoscomoyoosheamado', 'curso2122', 'educacion', 'familia', 'proyecto', 'donacionsangre', 'alumnos']","['nicoterol18', 'colegiosdiocesanos']",0.0,,[],1094.0,616.0,https://scontent-vie1-1.cdninstagram.com/v/t51.71878-15/498285553_29375232925458578_5410479446637461220_n.jpg?stp=dst-jpg_e15_s640x640_tt6&_nc_cat=100&ig_cache_key=Mjc3NTcwNjkxODgwNjk3MTM5Mw%3D%3D.3-ccb7-5&ccb=7-5&_nc_sid=58cdad&efg=eyJ2ZW5jb2RlX3RhZyI6InhwaWRzLjYxNngxMDk0LnNkci5DMyJ9&_nc_ohc=EHVhS7XF3JgQ7kNvwFMhX7u&_nc_oc=Adm4LkfRe2L02QSZSofo5YRnVLGDBac3pd8-hp6-bIF6bAwAVI9HhUU27SIGYnDjBsY&_nc_ad=z-m&_nc_cid=0&_nc_zt=23&_nc_ht=scontent-vie1-1.cdninstagram.com&_nc_gid=I10clCqDxAiQaR7eZy9p5A&oh=00_AftKb7wSCSuQ4QV2CS-KeKXIcjT05XjdbgHaAdmJtMeE2g&oe=69A21915,[],https://scontent-vie1-1.cdninstagram.com/o1/v/t2/f2/m86/AQPyLqYr7BQRKZk7GkT9N36uyypTrnEcURaJtTnSFfD985eAqSBmB38cQCZdPMJV9idLq4eqaPTah-7uKXCl3kpA-8TGp5Q148eGu4c.mp4?_nc_cat=111&_nc_sid=5e9851&_nc_ht=scontent-vie1-1.cdninstagram.com&_nc_ohc=UFQVAYWEh-EQ7kNvwFI3WmH&efg=eyJ2ZW5jb2RlX3RhZyI6Inhwdl9wcm9ncmVzc2l2ZS5JTlNUQUdSQU0uQ0xJUFMuQzMuNjE2LmRhc2hfYmFzZWxpbmVfMV92MSIsInhwdl9hc3NldF9pZCI6Njg2NDgyNTU5MDI1OTI5OSwiYXNzZXRfYWdlX2RheXMiOjE0NjYsInZpX3VzZWNhc2VfaWQiOjEwMDk5LCJkdXJhdGlvbl9zIjozNCwidXJsZ2VuX3NvdXJjZSI6Ind3dyJ9&ccb=17-1&_nc_gid=I10clCqDxAiQaR7eZy9p5A&_nc_zt=28&vs=872bd4a98d7544cd&_nc_vs=HBksFQIYUmlnX3hwdl9yZWVsc19wZXJtYW5lbnRfc3JfcHJvZC9COTQ4RTdDOUUwNDlERjdENjIxOURCRjAwQUZGQzVCMV92aWRlb19kYXNoaW5pdC5tcDQVAALIARIAFQIYOnBhc3N0aHJvdWdoX2V2ZXJzdG9yZS9HQWkwVHhDLUIzOEU5N1FaQU9fcWc2WnMxWGRFYnFfRUFBQUYVAgLIARIAKAAYABsCiAd1c2Vfb2lsATEScHJvZ3Jlc3NpdmVfcmVjaXBlATEVAAAmxvmErLjhsRgVAigCQzMsF0BBIgxJul41GBJkYXNoX2Jhc2VsaW5lXzFfdjERAHX-B2XmnQEA&oh=00_Afveyj0sb8hHAlwRNJTths66EdaEAGGJpSO9WvjGi4r_VQ&oe=699E1AA4,43.0,1056.0,1056.0,2022-02-17T15:05:02.000Z,[],Col. San Vicente de Paúl Alcoy,laspaulasalcoy,1678821776,clips,34.26900100708008,"{'artist_name': 'laspaulasalcoy', 'song_name': 'Original audio', 'uses_original_audio': True, 'should_mute_audio': False, 'should_mute_audio_reason': '', 'audio_id': '3075920059340451'}",Colegio San Vicente de Paúl - Alcoy,312978268,,,,,
https://www.instagram.com/p/DKuQ32YIN2S/,,,,https://www.instagram.com/explore/tags/donacionsangre,3651930554546314642,Video,DKuQ32YIN2S,"Te invitamos en #HospitalMédicaSanMiguel  a ser parte de la campaña de donación altruista de sangre, 💪 ¡Sé un héroe sin capa! Tu donación altruista de sangre puede dar esperanza a familias enteras. ¡Comparte esta causa y anima a más personas a unirse! 
CONTÁCTANOS
🟢 WhatsApp ⁨￼⁨￼⁨987 871 5453
⁩☎️ (987) 872 01 03 
#TuHospitalEnCozumel  #Cozumel  #CentroDeDiagnostico #HospitalMédicaSanMiguel #DonaSangre #SalvaVidas 
.
.
#donaciondesangre #donacionsangre #sangrecozumel #hospitalcozumel #islacozumel #cozumelisland","['HospitalMédicaSanMiguel', 'TuHospitalEnCozumel', 'Cozumel', 'CentroDeDiagnostico', 'DonaSangre', 'SalvaVidas', 'donaciondesangre', 'donacionsangre', 'sangrecozumel', 'hospitalcozumel', 'islacozumel', 'cozumelisland']",[],0.0,,[],360.0,640.0,https://scontent-vie1-1.cdninstagram.com/v/t51.75761-15/505418139_18276879262284731_7513594839057281896_n.jpg?stp=dst-jpg_e15_s360x360_tt6&_nc_cat=108&ig_cache_key=MzY1MTkzMDU1NDU0NjMxNDY0MjE4Mjc2ODc5MjU5Mjg0NzMx.3-ccb7-5&ccb=7-5&_nc_sid=58cdad&efg=eyJ2ZW5jb2RlX3RhZyI6InhwaWRzLjcyMHg0MDUuc2RyLkMzIn0%3D&_nc_ohc=eMVGMc97zF4Q7kNvwFh-_eH&_nc_oc=Adnre-C61UF1Qz-PRplrD799ir0QJvRFPh57hy7cHizbrOlQ_M9a_UXu3S7p9h-sxa0&_nc_ad=z-m&_nc_cid=0&_nc_zt=23&_nc_ht=scontent-vie1-1.cdninstagram.com&_nc_gid=I10clCqDxAiQaR7eZy9p5A&oh=00_Afs3iNLGFv8tJNKQpDw1jGwqOhqXKsu6O4u9ZUhm8Jgwxw&oe=69A210BB,[],https://scontent-vie1-1.cdninstagram.com/o1/v/t2/f2/m86/AQORtGoYq0cMWJBKn0Ffhzr9u3JDc74U5mRSq86LQTvOIideVmrpYrKQBsVkpYVyBiNw8IANgHCkfb6FbvWOMKMoR-EleN6Ra-cFQlU.mp4?_nc_cat=109&_nc_sid=5e9851&_nc_ht=scontent-vie1-1.cdninstagram.com&_nc_ohc=9_OshF9N7mwQ7kNvwH_074Z&efg=eyJ2ZW5jb2RlX3RhZyI6Inhwdl9wcm9ncmVzc2l2ZS5JTlNUQUdSQU0uQ0xJUFMuQzMuNjQwLmRhc2hfYmFzZWxpbmVfM192MSIsInhwdl9hc3NldF9pZCI6MTAzNjIzMTc0ODY5NTgyMSwiYXNzZXRfYWdlX2RheXMiOjI1NywidmlfdXNlY2FzZV9pZCI6MTAwOTksImR1cmF0aW9uX3MiOjkxLCJ1cmxnZW5fc291cmNlIjoid3d3In0%3D&ccb=17-1&_nc_gid=I10clCqDxAiQaR7eZy9p5A&_nc_zt=28&vs=2c7cad3431204774&_nc_vs=HBksFQIYUmlnX3hwdl9yZWVsc19wZXJtYW5lbnRfc3JfcHJvZC81RjRBRDcxM0VFOEUyNUZBQjRBNjc5NjBCQkIxOThBQV92aWRlb19kYXNoaW5pdC5tcDQVAALIARIAFQIYRmlnX3hwdl9yZWVsc19wZXJtYW5lbnRfc3JfcHJvZC82OTgyMzc1OTk0NzUwNDNfMzI3NDMyNTY1MTA5NjE1ODczNS5tcDQVAgLIARIAKAAYABsCiAd1c2Vfb2lsATEScHJvZ3Jlc3NpdmVfcmVjaXBlATEVAAAmmtzJlNCc1wMVAigCQzMsF0BW9U_fO2RaGBJkYXNoX2Jhc2VsaW5lXzNfdjERAHX-B2XmnQEA&oh=00_AftIu72lpezVocZiVOxOs1FaUUWMovjrr9v01G4xxd5oCQ&oe=699E2702,1.0,134.0,134.0,2025-06-10T14:01:48.000Z,[],Cozumel Hospital | Hospital Médica San Miguel,hospitalmedicasanmiguel,8565212730,clips,91.83999633789062,"{'artist_name': 'hospitalmedicasanmiguel', 'song_name': 'Original audio', 'uses_original_audio': True, 'should_mute_audio': False, 'should_mute_audio_reason': '', 'audio_id': '1912004339598965'}","Cozumel, Mexico",144298078992150,,,,,
https://www.instagram.com/p/DIMZTrHvZe3/,,,,https://www.instagram.com/explore/tags/donacionsangre,3606368704750524343,Video,DIMZTrHvZe3,LA TRAGEDIA DEL JETSET #jetset #rubbyperez #tragediaeneljetset #fyp #foryou #donacionsangre #911 #paratiiiiiiiiiiiiiiiiiiiiiiiiiiiiiii,"['jetset', 'rubbyperez', 'tragediaeneljetset', 'fyp', 'foryou', 'donacionsangre', '911', 'paratiiiiiiiiiiiiiiiiiiiiiiiiiiiiiii']",[],5.0,,[],640.0,360.0,https://scontent-vie1-1.cdninstagram.com/v/t51.75761-15/489117426_18498463225004968_4166860175662687058_n.jpg?stp=dst-jpg_e15_s640x640_tt6&_nc_cat=111&ig_cache_key=MzYwNjM2ODcwNDc1MDUyNDM0Mw%3D%3D.3-ccb7-5&ccb=7-5&_nc_sid=58cdad&efg=eyJ2ZW5jb2RlX3RhZyI6InhwaWRzLjExNzB4MjA4MC5zZHIuQzMifQ%3D%3D&_nc_ohc=zcfEWW8S_2IQ7kNvwGUTu9U&_nc_oc=AdkCMPLRQ9XzYw4hIVLiB6o7Yy4vgTAuCQOEPEheWe6AJP_F99XbIHZrfz8jd34f-ks&_nc_ad=z-m&_nc_cid=0&_nc_zt=23&_nc_ht=scontent-vie1-1.cdninstagram.com&_nc_gid=I10clCqDxAiQaR7eZy9p5A&oh=00_AftJmnVO23XjXOb7mIFwAmFaeLoY-NXUNDTwTx_mns98NA&oe=69A1FC68,[],https://scontent-vie1-1.cdninstagram.com/o1/v/t2/f2/m86/AQMDQpOPUt2vDRPXWr3cL6QJFvLhRGAHAopcRrrw4YgCfmAb1oByS_dlCSAlaWeMdZOiBvpe5-RTJ08xT51ObdLqWIY-rNZivGxtsk4.mp4?_nc_cat=105&_nc_sid=5e9851&_nc_ht=scontent-vie1-1.cdninstagram.com&_nc_ohc=-tXEyB1BSWkQ7kNvwGg1h5m&efg=eyJ2ZW5jb2RlX3RhZyI6Inhwdl9wcm9ncmVzc2l2ZS5JTlNUQUdSQU0uQ0xJUFMuQzMuMzYwLmRhc2hfYmFzZWxpbmVfM192MSIsInhwdl9hc3NldF9pZCI6NTcwODg3NTg4NzA1NDc2LCJhc3NldF9hZ2VfZGF5cyI6MzIwLCJ2aV91c2VjYXNlX2lkIjoxMDA5OSwiZHVyYXRpb25fcyI6MTIxLCJ1cmxnZW5fc291cmNlIjoid3d3In0%3D&ccb=17-1&_nc_gid=I10clCqDxAiQaR7eZy9p5A&_nc_zt=28&vs=34bcac27c0e52b28&_nc_vs=HBksFQIYUmlnX3hwdl9yZWVsc19wZXJtYW5lbnRfc3JfcHJvZC9BNDQwQzY0MEY3RTVFQjFGMTE2Q0UyRjhFNzQ0NjFBRl92aWRlb19kYXNoaW5pdC5tcDQVAALIARIAFQIYR2lnX3hwdl9yZWVsc19wZXJtYW5lbnRfc3JfcHJvZC8yMzU0MzExOTQxNTk4ODY0XzU2MTYzMDA4OTc2MTA1Mzg3MjQubXA0FQICyAESACgAGAAbAogHdXNlX29pbAExEnByb2dyZXNzaXZlX3JlY2lwZQExFQAAJojT8_6DzoMCFQIoAkMzLBdAXlmp--dsixgSZGFzaF9iYXNlbGluZV8zX3YxEQB1_gdl5p0BAA&oh=00_AfuZJlgyUjNh3vupDeid1ESgsREVADo_mjGF9fNaWloKIg&oe=699DFE9A,19.0,1867.0,1867.0,2025-04-09T01:08:58.000Z,[],Lainer Thomas • Vlog | Viajes | Entrevistas,aventurerotvshow,1782340967,clips,121.4010009765625,"{'artist_name': 'Los Hermanos Rosario', 'song_name': 'Tu vas a volar', 'uses_original_audio': False, 'should_mute_audio': False, 'should_mute_audio_reason': '', 'audio_id': '335397610505542'}",,,,,,,
https://www.instagram.com/p/CaH6z1jM0rn/,,,,https://www.instagram.com/explore/tags/donacionsangre,2776446344187038439,Video,CaH6z1jM0rn,"💙 Un año más damos por concluido el proyecto de Sang Valentí. Gracias a los más de 400 donantes, prensa y comunidad educativa en general por haber hecho otro año posible. Formamos parte de algo muy grande. 🥰 #somospaulas 
.
.
.
#somospaulas #paulasalcoy #colegiosdiocesanosvalencia #amaoscomoyoosheamado #curso2122 #educacion #familia #proyecto #donacionsangre #alumnos","['somospaulas', 'paulasalcoy', 'colegiosdiocesanosvalencia', 'amaoscomoyoosheamado', 'curso2122', 'educacion', 'familia', 'proyecto', 'donacionsangre', 'alumnos']",[],0.0,,[],1280.0,720.0,https://scontent-vie1-1.cdninstagram.com/v/t51.71878-15/497682080_1673707726646832_9210266496027704520_n.jpg?stp=dst-jpg_e15_s640x640_tt6&_nc_cat=107&ig_cache_key=Mjc3NjQ0NjM0NDE4NzAzODQzOQ%3D%3D.3-ccb7-5&ccb=7-5&_nc_sid=58cdad&efg=eyJ2ZW5jb2RlX3RhZyI6InhwaWRzLjcyMHgxMjgwLnNkci5DMyJ9&_nc_ohc=7JXRgdiK76EQ7kNvwHrzsWL&_nc_oc=AdnJQSQ-9gQofRL6HmJRyUymbyzRUA0V9tSGAiNefDX1BFBfZw_yEKdXpuI81p9ss0A&_nc_ad=z-m&_nc_cid=0&_nc_zt=23&_nc_ht=scontent-vie1-1.cdninstagram.com&_nc_gid=I10clCqDxAiQaR7eZy9p5A&oh=00_AfvqimmfCqsgWf_OSxgqqeEHEISSYhxujEbRRH0wSw8mVw&oe=69A1F8D2,[],https://scontent-vie1-1.cdninstagram.com/o1/v/t2/f2/m86/AQMQuRjNGAqMONHDD6tSIiuS0zEys9GceWnmne8NQsJrSihBUwHyQzhfQHEGxNroUs3TeDEwWsLCnYKXhCpziRWYaEtl6ZkIu97H3Ec.mp4?_nc_cat=100&_nc_sid=5e9851&_nc_ht=scontent-vie1-1.cdninstagram.com&_nc_ohc=OAGL-x7CFYMQ7kNvwHBmIMo&efg=eyJ2ZW5jb2RlX3RhZyI6Inhwdl9wcm9ncmVzc2l2ZS5JTlNUQUdSQU0uQ0xJUFMuQzMuNzIwLmRhc2hfYmFzZWxpbmVfMV92MSIsInhwdl9hc3NldF9pZCI6OTQ2MjMzMTEyNzI3NjM0LCJhc3NldF9hZ2VfZGF5cyI6MTQ2NSwidmlfdXNlY2FzZV9pZCI6MTAwOTksImR1cmF0aW9uX3MiOjE3LCJ1cmxnZW5fc291cmNlIjoid3d3In0%3D&ccb=17-1&_nc_gid=I10clCqDxAiQaR7eZy9p5A&_nc_zt=28&vs=8a4e931ed9814f7c&_nc_vs=HBksFQIYUmlnX3hwdl9yZWVsc19wZXJtYW5lbnRfc3JfcHJvZC9BNDQ5NDFFQzVFNTlGNEIwNjhGMkFBMDZBQjNDNjU5M192aWRlb19kYXNoaW5pdC5tcDQVAALIARIAFQIYOnBhc3N0aHJvdWdoX2V2ZXJzdG9yZS9HRnRYVnhDd3pOQnpNY29SQUlmanJMbFRTSWtSYnFfRUFBQUYVAgLIARIAKAAYABsCiAd1c2Vfb2lsATEScHJvZ3Jlc3NpdmVfcmVjaXBlATEVAAAmpMH4iIKmrgMVAigCQzMsF0Ax5mZmZmZmGBJkYXNoX2Jhc2VsaW5lXzFfdjERAHX-B2XmnQEA&oh=00_AftWH875j0Bp3T3ZxOO6zN1M5CTaKEz3rYx9VI4ZAG2BGg&oe=699E0E59,117.0,1021.0,1021.0,2022-02-18T15:30:33.000Z,[],Col. San Vicente de Paúl Alcoy,laspaulasalcoy,1678821776,clips,17.899999618530273,"{'artist_name': 'laspaulasalcoy', 'song_name': 'Original audio', 'uses_original_audio': True, 'should_mute_audio': False, 'should_mute_audio_reason': '', 'audio_id': '969941337278227'}",Colegio San Vicente de Paúl - Alcoy,312978268,,,,,
https://www.instagram.com/p/DIVz5P1iSxw/,,,,https://www.instagram.com/explore/tags/donacionsangre,3609018910793870448,Video,DIVz5P1iSxw,"Dejando un poco de batería y reguetón con sangre latina en Italia 🕺🏻

Después de unos exámenes de sangre para ver si era una candidata idónea, por haber nacido en Ecuador y haber viajado a países que consideran de riesgo. DONE! 

El proceso aquí es súper completo: primero te hacen análisis para ver si puedes donar, luego antes de la donación te vuelven a revisar que todo esté bien. Donas, y después te tienen en observación un rato. Fue mi primera vez y sí… estuvo medio heavy, comiendo queso, galletas, capuchino 🤘🏽¡aguante, aguante! A ver si sobrevive jaja 

De pomasqui a Italia jaja sangre transfronteriza 

#donacionsangre #volunteer #italy #avis","['donacionsangre', 'volunteer', 'italy', 'avis']",[],2.0,,[],1280.0,720.0,https://scontent-vie1-1.cdninstagram.com/v/t51.75761-15/489738361_18499875508048999_6168926446684522143_n.jpg?stp=dst-jpg_e15_s640x640_tt6&_nc_cat=103&ig_cache_key=MzYwOTAxODkxMDc5Mzg3MDQ0OA%3D%3D.3-ccb7-5&ccb=7-5&_nc_sid=58cdad&efg=eyJ2ZW5jb2RlX3RhZyI6InhwaWRzLjI0MjR4NDMwNC5zZHIuQzMifQ%3D%3D&_nc_ohc=mMbpld22TQwQ7kNvwE0d0gQ&_nc_oc=Adk4bwbBrVwjpu_MumYsjkz22YeUxVNhzJ1NzBT6wTkHFsPRDEr1JTQvPII-xuiNLX8&_nc_ad=z-m&_nc_cid=0&_nc_zt=23&_nc_ht=scontent-vie1-1.cdninstagram.com&_nc_gid=I10clCqDxAiQaR7eZy9p5A&oh=00_Afsu8G4ybj1azvGSpQdrKNCoB2CYPraEGIUjWk3aGpyPbw&oe=69A1F3AC,[],https://scontent-vie1-1.cdninstagram.com/o1/v/t2/f2/m367/AQPCaNPELLw3-Yr64-2yFpAw2Pmd6j5QIuo3T53mjh6PN242PIULzbCb2hfBPoA0aNlT9GvwaIs5hMdIY4Wspu8t6iQVSTm1sXr8kjE.mp4?_nc_cat=110&_nc_sid=5e9851&_nc_ht=scontent-vie1-1.cdninstagram.com&_nc_ohc=X1dYA2o74qgQ7kNvwH_9wtg&efg=eyJ2ZW5jb2RlX3RhZyI6Inhwdl9wcm9ncmVzc2l2ZS5JTlNUQUdSQU0uQ0xJUFMuQzMuNzIwLmRhc2hfYmFzZWxpbmVfMV92MSIsInhwdl9hc3NldF9pZCI6MTE3MzEwMjg3NDMyMTY0NiwiYXNzZXRfYWdlX2RheXMiOjMxNywidmlfdXNlY2FzZV9pZCI6MTAwOTksImR1cmF0aW9uX3MiOjE3LCJ1cmxnZW5fc291cmNlIjoid3d3In0%3D&ccb=17-1&_nc_gid=I10clCqDxAiQaR7eZy9p5A&_nc_zt=28&vs=1b48ed09c534449e&_nc_vs=HBksFQIYQGlnX2VwaGVtZXJhbC82NzRDRDZERTIxQjlEMDIyMDk3MzIxM0E4RTY0RjY4NF92aWRlb19kYXNoaW5pdC5tcDQVAALIARIAFQIYRmlnX3hwdl9yZWVsc19wZXJtYW5lbnRfc3JfcHJvZC82ODk5MzU3MTM1Mzk4NzlfNDE3MTUxMTMzMDQ1Mzg3Mjc1OS5tcDQVAgLIARIAKAAYABsCiAd1c2Vfb2lsATEScHJvZ3Jlc3NpdmVfcmVjaXBlATEVAAAm3Ivfwcm7lQQVAigCQzMsF0AxbtkWhysCGBJkYXNoX2Jhc2VsaW5lXzFfdjERAHX-B2XmnQEA&oh=00_AfsbBg-anMONE3DMv91D93A5gtSQlfbvVoUkxpGIbkDQ2Q&oe=69A1FAEF,56.0,2382.0,2382.0,2025-04-12T09:32:11.000Z,[],Francisca Castellanos | Business Woman,fca.castellanos,228912998,clips,17.43600082397461,"{'artist_name': 'W Sound, Beéle, Ovy On The Drums', 'song_name': 'La Plena (W Sound 05)', 'uses_original_audio': False, 'should_mute_audio': False, 'should_mute_audio_reason': '', 'audio_id': '1390348298775925'}",Italy,270531492,,,,,
https://www.instagram.com/p/DGDvGgRs0Uj/,,,,https://www.instagram.com/explore/tags/donacionsangre,3567902484967146787,Video,DGDvGgRs0Uj,"❤️ Maratón de Donación de Sangre de Onda Cero Alicante ❤️ con el Centro de Transfusión de la GVA en la Diputación Provincial ❤️ Un programa muy especial!!! ❤️ ALICANTE ENAMORA ❤️

#sanvalentin #14defebrero #programaespecial #donacionsangre #de9a21horas","['sanvalentin', '14defebrero', 'programaespecial', 'donacionsangre', 'de9a21horas']",[],1.0,,[],1280.0,720.0,https://scontent-vie1-1.cdninstagram.com/v/t51.71878-15/479665671_1088268879980787_8962612577599735963_n.jpg?stp=dst-jpg_e15_p360x360_tt6&_nc_cat=105&ig_cache_key=MzU2NzkwMjQ4NDk2NzE0Njc4Nw%3D%3D.3-ccb7-5&ccb=7-5&_nc_sid=58cdad&efg=eyJ2ZW5jb2RlX3RhZyI6InhwaWRzLjY0MHgxMTM2LnNkci5DMyJ9&_nc_ohc=7CNxb9dCMbYQ7kNvwG283Bb&_nc_oc=Adm6BbN03cMpmCIu_Y1qarjqFU49G269PFNocaR-GlAf6-E7YiDah768tVPZCtqHYd4&_nc_ad=z-m&_nc_cid=0&_nc_zt=23&_nc_ht=scontent-vie1-1.cdninstagram.com&_nc_gid=I10clCqDxAiQaR7eZy9p5A&oh=00_AfuNvg7X3HNoAXqWQu40gDEuLwO5ZJu9pneyWT_uFzIbuw&oe=69A21E1F,[],https://scontent-vie1-1.cdninstagram.com/o1/v/t2/f2/m367/AQPGtm7KVlbTn-x77TFpmtFC-CLbfP1cLVX0O9mar-9i0wjbx4bDLwyHbZ90n_r-sGnulppRVwy3nSF4ZTg0hV2SVujgJaycTJQHlVQ.mp4?_nc_cat=100&_nc_sid=5e9851&_nc_ht=scontent-vie1-1.cdninstagram.com&_nc_ohc=QOAsIW3XtjgQ7kNvwEPBFW7&efg=eyJ2ZW5jb2RlX3RhZyI6Inhwdl9wcm9ncmVzc2l2ZS5JTlNUQUdSQU0uQ0xJUFMuQzMuNzIwLmRhc2hfYmFzZWxpbmVfMV92MSIsInhwdl9hc3NldF9pZCI6OTI2NTA0MTIyNjM3ODk0LCJhc3NldF9hZ2VfZGF5cyI6MzczLCJ2aV91c2VjYXNlX2lkIjoxMDA5OSwiZHVyYXRpb25fcyI6NDgsInVybGdlbl9zb3VyY2UiOiJ3d3cifQ%3D%3D&ccb=17-1&_nc_gid=I10clCqDxAiQaR7eZy9p5A&_nc_zt=28&vs=8da1697fb8f95af8&_nc_vs=HBksFQIYQGlnX2VwaGVtZXJhbC81NjREQzhCOUYwQUI5RkFGM0VGOUQwNUQyQTU3NUJCOV92aWRlb19kYXNoaW5pdC5tcDQVAALIARIAFQIYR2lnX3hwdl9yZWVsc19wZXJtYW5lbnRfc3JfcHJvZC8zNzYyMTYwNTY0MDA4MDEzXzE2ODE5NjIzMTcxOTgxMTE2MTYubXA0FQICyAESACgAGAAbAogHdXNlX29pbAExEnByb2dyZXNzaXZlX3JlY2lwZQExFQAAJoz55tHRqaUDFQIoAkMzLBdASEHrhR64UhgSZGFzaF9iYXNlbGluZV8xX3YxEQB1_gdl5p0BAA&oh=00_AfvTxvgrHqlwe2Hkh7eg7MP0Fp3YAZqeJwAyf_caIVjPog&oe=69A209C5,41.0,1797.0,1794.0,2025-02-14T15:43:46.000Z,[],Onda Cero Alicante,ondaceroalicante,1681965538,clips,48.51499938964844,"{'artist_name': 'Keith Merrill', 'song_name': 'Lovely Moments', 'uses_original_audio': False, 'should_mute_audio': False, 'should_mute_audio_reason': '', 'audio_id': '279445349477330'}",Diputación de Alicante,14149306,"[{'full_name': 'Jorge Juan Gutierrez Barrera', 'id': '280637847', 'is_private': True, 'is_verified': False, 'profile_pic_id': '2914845306986707485', 'profile_pic_url': 'https://scontent-vie1-1.cdninstagram.com/v/t51.2885-19/301812449_1281728265965089_7892164024734087512_n.jpg?stp=dst-jpg_e0_s150x150_tt6&efg=eyJ2ZW5jb2RlX3RhZyI6InByb2ZpbGVfcGljLmRqYW5nby4xMDgwLmMyIn0&_nc_ht=scontent-vie1-1.cdninstagram.com&_nc_cat=101&_nc_oc=Q6cZ2QGpqy3_UXM1wbFrbYzUioy_G7ChME9CRPhm3vxG_BmmvHwaHFxzz_jQRB6upJ_uN5E&_nc_ohc=F8rubiaWkl4Q7kNvwFJ1GvP&_nc_gid=I10clCqDxAiQaR7eZy9p5A&edm=AMKDjl4BAAAA&ccb=7-5&ig_cache_key=GOFK-REhzv2duY0EAFh5ZLNdmYZtbkULAAAB1501500j-ccb7-5&oh=00_AftzuVY9vQqnnOoTXM7HheN38EgYntlvZ3YqG8h00y8mWQ&oe=69A21266&_nc_sid=472314', 'username': 'jorgejuangutierrez'}, {'full_name': 'Diputación de Alicante', 'id': '1539486117', 'is_private': False, 'is_verified': False, 'profile_pic_id': '3816257520226814723', 'profile_pic_url': 'https://scontent-vie1-1.cdninstagram.com/v/t51.2885-19/619395355_18551667340030118_2931290471882023141_n.jpg?stp=dst-jpg_e0_s150x150_tt6&efg=eyJ2ZW5jb2RlX3RhZyI6InByb2ZpbGVfcGljLmRqYW5nby4xMDgwLmMyIn0&_nc_ht=scontent-vie1-1.cdninstagram.com&_nc_cat=102&_nc_oc=Q6cZ2QGpqy3_UXM1wbFrbYzUioy_G7ChME9CRPhm3vxG_BmmvHwaHFxzz_jQRB6upJ_uN5E&_nc_ohc=fGlTQ9UEGJQQ7kNvwHujKwD&_nc_gid=I10clCqDxAiQaR7eZy9p5A&edm=AMKDjl4BAAAA&ccb=7-5&ig_cache_key=GBs56ySmMMulpOhBAOXgA04nCa4obmNDAQAB1501500j-ccb7-5&oh=00_Afvc5w3ht2Ci9SGMbAtemxz6yd9q8gi6oKQLHv8tLV3BhQ&oe=69A1EB09&_nc_sid=472314', 'username': 'diputacionalicante'}, {'full_name': 'Renault Japemasa', 'id': '1818889629', 'is_private': False, 'is_verified': False, 'profile_pic_id': '3606128471339914106', 'profile_pic_url': 'https://scontent-vie1-1.cdninstagram.com/v/t51.2885-19/488863993_630990093428712_7117793063232082888_n.jpg?stp=dst-jpg_e0_s150x150_tt6&efg=eyJ2ZW5jb2RlX3RhZyI6InByb2ZpbGVfcGljLmRqYW5nby4xMDgwLmMyIn0&_nc_ht=scontent-vie1-1.cdninstagram.com&_nc_cat=100&_nc_oc=Q6cZ2QGpqy3_UXM1wbFrbYzUioy_G7ChME9CRPhm3vxG_BmmvHwaHFxzz_jQRB6upJ_uN5E&_nc_ohc=C5P8l9RRaEoQ7kNvwEkP2cm&_nc_gid=I10clCqDxAiQaR7eZy9p5A&edm=AMKDjl4BAAAA&ccb=7-5&ig_cache_key=GPl4Ix3oJ2DU4T0CAMgTsE4Ue8dibkULAAAB1501500j-ccb7-5&oh=00_Afvy3Vnu2KB8nuzVWdBtBTWx6RNoZheBxZleIhAkgg_4kQ&oe=69A21C11&_nc_sid=472314', 'username': 'renault_japemasa'}, {'full_name': 'Luz Sigüenza', 'id': '4058025555', 'is_private': False, 'is_verified': False, 'profile_pic_id': '3830406286152782513', 'profile_pic_url': 'https://scontent-vie1-1.cdninstagram.com/v/t51.2885-19/630141074_18440843365129556_2473799384599396285_n.jpg?stp=dst-jpg_e0_s150x150_tt6&efg=eyJ2ZW5jb2RlX3RhZyI6InByb2ZpbGVfcGljLmRqYW5nby4xMDgwLmMyIn0&_nc_ht=scontent-vie1-1.cdninstagram.com&_nc_cat=108&_nc_oc=Q6cZ2QGpqy3_UXM1wbFrbYzUioy_G7ChME9CRPhm3vxG_BmmvHwaHFxzz_jQRB6upJ_uN5E&_nc_ohc=TELQGiWyV4IQ7kNvwFzW-hf&_nc_gid=I10clCqDxAiQaR7eZy9p5A&edm=AMKDjl4BAAAA&ccb=7-5&ig_cache_key=GJIwjyVUHSNu2YNBAL1-oPxus1QibmNDAQAB1501500j-ccb7-5&oh=00_AfshQSSBgiCWJw2vpaBBkmDCpsh9y7yRLGs16K7Df20YSw&oe=69A1FA05&_nc_sid=472314', 'username': 'luz_siguenza'}, {'full_name': 'Carlos Jurado Solano', 'id': '4726834779', 'is_private': False, 'is_verified': False, 'profile_pic_id': '3170129979404161649', 'profile_pic_url': 'https://scontent-vie1-1.cdninstagram.com/v/t51.2885-19/367398409_1494372924650525_3942489269595603109_n.jpg?stp=dst-jpg_e0_s150x150_tt6&efg=eyJ2ZW5jb2RlX3RhZyI6InByb2ZpbGVfcGljLmRqYW5nby4xMDgwLmMyIn0&_nc_ht=scontent-vie1-1.cdninstagram.com&_nc_cat=105&_nc_oc=Q6cZ2QGpqy3_UXM1wbFrbYzUioy_G7ChME9CRPhm3vxG_BmmvHwaHFxzz_jQRB6upJ_uN5E&_nc_ohc=2XmNKIvxZZwQ7kNvwGE6lBX&_nc_gid=I10clCqDxAiQaR7eZy9p5A&edm=AMKDjl4BAAAA&ccb=7-5&ig_cache_key=GAkO5hUd9FXPH08FAKUACT0aibY2bkULAAAB1501500j-ccb7-5&oh=00_AfstZNMiiU5GYyXuEIq5kt10x82H8rZt0PzmCY_BK3ohMA&oe=69A20439&_nc_sid=472314', 'username': 'juradosolano'}, {'full_name': 'Juan De Dios Navarro', 'id': '18252578905', 'is_private': False, 'is_verified': False, 'profile_pic_id': '2110313390835922035', 'profile_pic_url': 'https://scontent-vie1-1.cdninstagram.com/v/t51.2885-19/67626168_643626232814059_3179964348252553216_n.jpg?stp=dst-jpg_e0_s150x150_tt6&efg=eyJ2ZW5jb2RlX3RhZyI6InByb2ZpbGVfcGljLmRqYW5nby4zOTAuYzIifQ&_nc_ht=scontent-vie1-1.cdninstagram.com&_nc_cat=107&_nc_oc=Q6cZ2QGpqy3_UXM1wbFrbYzUioy_G7ChME9CRPhm3vxG_BmmvHwaHFxzz_jQRB6upJ_uN5E&_nc_ohc=gKFIJSGPDjIQ7kNvwEWgdgj&_nc_gid=I10clCqDxAiQaR7eZy9p5A&edm=AMKDjl4BAAAA&ccb=7-5&ig_cache_key=GLjkBwTrmfnoX0kCAAAAAAC6gCEsbkULAAAB1501500j-ccb7-5&oh=00_Aft354sr-bApbpYiTdxV67OSIslVAjQMObDkQhlHEtQUXw&oe=69A1FB35&_nc_sid=472314', 'username': 'juande.navarro'}, {'full_name': 'Centre de Transfusió C.V.', 'id': '46692670236', 'is_private': False, 'is_verified': False, 'profile_pic_id': '3838745402816711113', 'profile_pic_url': 'https://scontent-vie1-1.cdninstagram.com/v/t51.2885-19/641055709_18068887691558237_2922326933659690013_n.jpg?stp=dst-jpg_e0_s150x150_tt6&efg=eyJ2ZW5jb2RlX3RhZyI6InByb2ZpbGVfcGljLmRqYW5nby4xMDgwLmMyIn0&_nc_ht=scontent-vie1-1.cdninstagram.com&_nc_cat=105&_nc_oc=Q6cZ2QGpqy3_UXM1wbFrbYzUioy_G7ChME9CRPhm3vxG_BmmvHwaHFxzz_jQRB6upJ_uN5E&_nc_ohc=KscpTkHBzdcQ7kNvwFhhBas&_nc_gid=I10clCqDxAiQaR7eZy9p5A&edm=AMKDjl4BAAAA&ccb=7-5&ig_cache_key=GN27NSZdfVfAjjFAAB2kV_7cMI4obmNDAQAB1501500j-ccb7-5&oh=00_AftmXEFwYBudg1vNTAjAIDW8CqNpldhf4HB-XbuFzlL5VQ&oe=69A208A4&_nc_sid=472314', 'username': 'gvadonasang'}, {'full_name': 'Hospes Hotels Alicante', 'id': '56065373201', 'is_private': False, 'is_verified': False, 'profile_pic_id': '2961071563905996827', 'profile_pic_url': 'https://scontent-vie1-1.cdninstagram.com/v/t51.2885-19/313847295_816469282770226_3882417983217264095_n.jpg?stp=dst-jpg_e0_s150x150_tt6&efg=eyJ2ZW5jb2RlX3RhZyI6InByb2ZpbGVfcGljLmRqYW5nby4xMDgwLmMyIn0&_nc_ht=scontent-vie1-1.cdninstagram.com&_nc_cat=110&_nc_oc=Q6cZ2QGpqy3_UXM1wbFrbYzUioy_G7ChME9CRPhm3vxG_BmmvHwaHFxzz_jQRB6upJ_uN5E&_nc_ohc=zIw5tRO_Mw4Q7kNvwHwXeN8&_nc_gid=I10clCqDxAiQaR7eZy9p5A&edm=AMKDjl4BAAAA&ccb=7-5&ig_cache_key=GP-ttBIyzZERk_YCAN-lQPeVHuE1bkULAAAB1501500j-ccb7-5&oh=00_AfsWKZnBNB6peufrJ2hzNlc8shajpVnkj3b0fO3K3hSMkQ&oe=69A21514&_nc_sid=472314', 'username': 'hospeshotelsalicante'}, {'full_name': 'Toni Robles', 'id': '66443948038', 'is_private': True, 'is_verified': False, 'profile_pic_id': '3370228640655771910', 'profile_pic_url': 'https://scontent-vie1-1.cdninstagram.com/v/t51.2885-19/443500233_1216486189345834_6548597533622961077_n.jpg?stp=dst-jpg_e0_s150x150_tt6&efg=eyJ2ZW5jb2RlX3RhZyI6InByb2ZpbGVfcGljLmRqYW5nby4xMDcwLmMyIn0&_nc_ht=scontent-vie1-1.cdninstagram.com&_nc_cat=110&_nc_oc=Q6cZ2QGpqy3_UXM1wbFrbYzUioy_G7ChME9CRPhm3vxG_BmmvHwaHFxzz_jQRB6upJ_uN5E&_nc_ohc=Y6FzJ7I8TKsQ7kNvwEDT93A&_nc_gid=I10clCqDxAiQaR7eZy9p5A&edm=AMKDjl4BAAAA&ccb=7-5&ig_cache_key=GMlGbxoqrDBDY1IEALWDmMjCSuFabkULAAAB1501500j-ccb7-5&oh=00_AftDRePbAPl5Ci6sA8GmPsbFakBA_t6EtGwr9XJ2hy874A&oe=69A20D0B&_nc_sid=472314', 'username': 'tonirobles10'}]","[{'full_name': 'Juan De Dios Navarro', 'id': '18252578905', 'is_private': False, 'is_verified': False, 'pk': '18252578905', 'profile_pic_id': '2110313390835922035', 'profile_pic_url': 'https://scontent-vie1-1.cdninstagram.com/v/t51.2885-19/67626168_643626232814059_3179964348252553216_n.jpg?stp=dst-jpg_e0_s150x150_tt6&efg=eyJ2ZW5jb2RlX3RhZyI6InByb2ZpbGVfcGljLmRqYW5nby4zOTAuYzIifQ&_nc_ht=scontent-vie1-1.cdninstagram.com&_nc_cat=107&_nc_oc=Q6cZ2QGpqy3_UXM1wbFrbYzUioy_G7ChME9CRPhm3vxG_BmmvHwaHFxzz_jQRB6upJ_uN5E&_nc_ohc=gKFIJSGPDjIQ7kNvwEWgdgj&_nc_gid=I10clCqDxAiQaR7eZy9p5A&edm=AMKDjl4BAAAA&ccb=7-5&ig_cache_key=GLjkBwTrmfnoX0kCAAAAAAC6gCEsbkULAAAB1501500j-ccb7-5&oh=00_Aft354sr-bApbpYiTdxV67OSIslVAjQMObDkQhlHEtQUXw&oe=69A1FB35&_nc_sid=472314', 'username': 'juande.navarro'}, {'full_name': 'Carlos Jurado Solano', 'id': '4726834779', 'is_private': False, 'is_verified': False, 'pk': '4726834779', 'profile_pic_id': '3170129979404161649', 'profile_pic_url': 'https://scontent-vie1-1.cdninstagram.com/v/t51.2885-19/367398409_1494372924650525_3942489269595603109_n.jpg?stp=dst-jpg_e0_s150x150_tt6&efg=eyJ2ZW5jb2RlX3RhZyI6InByb2ZpbGVfcGljLmRqYW5nby4xMDgwLmMyIn0&_nc_ht=scontent-vie1-1.cdninstagram.com&_nc_cat=105&_nc_oc=Q6cZ2QGpqy3_UXM1wbFrbYzUioy_G7ChME9CRPhm3vxG_BmmvHwaHFxzz_jQRB6upJ_uN5E&_nc_ohc=2XmNKIvxZZwQ7kNvwGE6lBX&_nc_gid=I10clCqDxAiQaR7eZy9p5A&edm=AMKDjl4BAAAA&ccb=7-5&ig_cache_key=GAkO5hUd9FXPH08FAKUACT0aibY2bkULAAAB1501500j-ccb7-5&oh=00_AfstZNMiiU5GYyXuEIq5kt10x82H8rZt0PzmCY_BK3ohMA&oe=69A20439&_nc_sid=472314', 'username': 'juradosolano'}]",0.0,3.0,
https://www.instagram.com/p/DHNOIcROd2b/,,,,https://www.instagram.com/explore/tags/donacionsangre,3588586630844898715,Video,DHNOIcROd2b,#donacionsangre #cruzroja #soltero #humillacionpublica,"['donacionsangre', 'cruzroja', 'soltero', 'humillacionpublica']",[],0.0,,[],640.0,360.0,https://scontent-vie1-1.cdninstagram.com/v/t51.71878-15/485088612_1171288524664467_2408860139208758853_n.jpg?stp=dst-jpg_e15_p360x360_tt6&_nc_cat=104&ig_cache_key=MzU4ODU4NjYzMDg0NDg5ODcxNQ%3D%3D.3-ccb7-5&ccb=7-5&_nc_sid=58cdad&efg=eyJ2ZW5jb2RlX3RhZyI6InhwaWRzLjY0MHgxMTM2LnNkci5DMyJ9&_nc_ohc=6oPiyAbW9kMQ7kNvwGpBV1l&_nc_oc=AdmuT1Bqj5VqfzRkveWhx1Q4bT5lW1MOSJA4DXspcXUq2prc8pdRY3JLfOy1CV0ELSA&_nc_ad=z-m&_nc_cid=0&_nc_zt=23&_nc_ht=scontent-vie1-1.cdninstagram.com&_nc_gid=I10clCqDxAiQaR7eZy9p5A&oh=00_AfviSB200X1GPMM7uiovpNp0BrZ-LPvFe0wcXgLXVC3Ylw&oe=69A1FBBB,[],https://scontent-vie1-1.cdninstagram.com/o1/v/t2/f2/m86/AQMIx9HHXMlM2O_heNF0ANtMGlje4YtZa0CWLkS1kF4fPmHAqGpuhsuYbFIy6ekYEPSl3-uATouRzfIUw2U4xR_s_x3itExQjgeYaVQ.mp4?_nc_cat=101&_nc_sid=5e9851&_nc_ht=scontent-vie1-1.cdninstagram.com&_nc_ohc=SbAUTWSWOiAQ7kNvwFYP0qB&efg=eyJ2ZW5jb2RlX3RhZyI6Inhwdl9wcm9ncmVzc2l2ZS5JTlNUQUdSQU0uQ0xJUFMuQzMuMzYwLmRhc2hfYmFzZWxpbmVfM192MSIsInhwdl9hc3NldF9pZCI6MTAzNDAwMjE4ODU0MTE3OSwiYXNzZXRfYWdlX2RheXMiOjM0NSwidmlfdXNlY2FzZV9pZCI6MTAwOTksImR1cmF0aW9uX3MiOjI5LCJ1cmxnZW5fc291cmNlIjoid3d3In0%3D&ccb=17-1&_nc_gid=I10clCqDxAiQaR7eZy9p5A&_nc_zt=28&vs=545f837c603310b4&_nc_vs=HBksFQIYUmlnX3hwdl9yZWVsc19wZXJtYW5lbnRfc3JfcHJvZC9COTQ4OTY2MDNBNzEzOUNEMEZERDUwRkVCOTYzMEE4NV92aWRlb19kYXNoaW5pdC5tcDQVAALIARIAFQIYRmlnX3hwdl9yZWVsc19wZXJtYW5lbnRfc3JfcHJvZC81MDg1ODAxODU2MzMwMDFfMzIxNDc5MDYwNjc5OTM2ODE4NS5tcDQVAgLIARIAKAAYABsCiAd1c2Vfb2lsATEScHJvZ3Jlc3NpdmVfcmVjaXBlATEVAAAm9vOo0uya1gMVAigCQzMsF0A9AAAAAAAAGBJkYXNoX2Jhc2VsaW5lXzNfdjERAHX-B2XmnQEA&oh=00_AfvXoTqVs494_9dZjAhXDkscOHXqAgfDjcmaIXAFFDLBmg&oe=699E27AA,1.0,170.0,170.0,2025-03-15T04:28:24.000Z,[],JuAn K CastAñeda,juankcastaneda_,1254707548,clips,29.48900032043457,"{'artist_name': 'Luis Miguel', 'song_name': 'Amarte es un placer', 'uses_original_audio': False, 'should_mute_audio': False, 'should_mute_audio_reason': '', 'audio_id': '657061027961129'}",,,,,,,
https://www.instagram.com/p/DJCv9gWyCYX/,,,,https://www.instagram.com/explore/tags/donacionsangre,3621667985175356951,Video,DJCv9gWyCYX,"Se necesitan donantes de sangre para el abuelito de una de nuestras amistades, les agradezco por la atención recuerda si estás arriba de 50 Kg y estás en condiciones para donar puedes comunicarte al número que está en la imágen.
Comunidad bonita de Tuxtla Gutiérrez, les agradezco mucho si nos ayudan a compartir está información 🙏🫂🇲🇽❤️‍🩹

#tuxtla #chiapas #donacionsangre #ayuda","['tuxtla', 'chiapas', 'donacionsangre', 'ayuda']",[],0.0,,[],640.0,360.0,https://scontent-vie1-1.cdninstagram.com/v/t51.71878-15/495028632_935074005253320_2855112608813139569_n.jpg?stp=dst-jpg_e15_s640x640_tt6&_nc_cat=103&ig_cache_key=MzYyMTY2Nzk4NTE3NTM1Njk1MQ%3D%3D.3-ccb7-5&ccb=7-5&_nc_sid=58cdad&efg=eyJ2ZW5jb2RlX3RhZyI6InhwaWRzLjY0MHgxMTM4LnNkci5DMyJ9&_nc_ohc=7kbsz0oxP0kQ7kNvwFFfHPM&_nc_oc=AdlB2ROEZ28iAlevoqCTUFXnCB76lD6pI-PLj9MFiIRQLoiUgl5R9m-FzdoFlYDdHHI&_nc_ad=z-m&_nc_cid=0&_nc_zt=23&_nc_ht=scontent-vie1-1.cdninstagram.com&_nc_gid=I10clCqDxAiQaR7eZy9p5A&oh=00_Aftsj7pO7twRiE0WaZNcIHH0EI_af7yNlgaMun93U-fxmw&oe=69A1FB1B,[],https://scontent-vie1-1.cdninstagram.com/o1/v/t2/f2/m86/AQPDajB-XULVZc9MGbiBHGBUii5nzsyRfMlgqBGE6W4a2kC-2FFd5uzIbQr7CUmFnDbePq7qDnMimoxvUOCRn10tiZlhsWiqNoq5Yls.mp4?_nc_cat=100&_nc_sid=5e9851&_nc_ht=scontent-vie1-1.cdninstagram.com&_nc_ohc=STNNVEfuY6AQ7kNvwEDdZW5&efg=eyJ2ZW5jb2RlX3RhZyI6Inhwdl9wcm9ncmVzc2l2ZS5JTlNUQUdSQU0uQ0xJUFMuQzMuMzYwLmRhc2hfYmFzZWxpbmVfM192MSIsInhwdl9hc3NldF9pZCI6NjY0MjQ5Nzg2MzE0Nzg1LCJhc3NldF9hZ2VfZGF5cyI6Mjk5LCJ2aV91c2VjYXNlX2lkIjoxMDA5OSwiZHVyYXRpb25fcyI6MjAsInVybGdlbl9zb3VyY2UiOiJ3d3cifQ%3D%3D&ccb=17-1&_nc_gid=I10clCqDxAiQaR7eZy9p5A&_nc_zt=28&vs=fe14dd1a52040401&_nc_vs=HBksFQIYUmlnX3hwdl9yZWVsc19wZXJtYW5lbnRfc3JfcHJvZC80NDRDQUY0MDZFNkJCMEQ4OURCQjY0RTkwREE4QkZBRV92aWRlb19kYXNoaW5pdC5tcDQVAALIARIAFQIYR2lnX3hwdl9yZWVsc19wZXJtYW5lbnRfc3JfcHJvZC8zODc4MTQ2MTYyNDM2NTA4XzQ0MjA2MDQwMDY2MzU0ODE0OTMubXA0FQICyAESACgAGAAbAogHdXNlX29pbAExEnByb2dyZXNzaXZlX3JlY2lwZQExFQAAJsLA8ci2iK4CFQIoAkMzLBdANAAAAAAAABgSZGFzaF9iYXNlbGluZV8zX3YxEQB1_gdl5p0BAA&oh=00_AfsBODG57VO_kaNZaUjdmq00VtJCjZnQDw0cmahZeaFJZw&oe=699E0671,7.0,680.0,680.0,2025-04-29T20:00:09.000Z,[],María Dariz,darizsomosafotografia,1393872248,clips,20.014999389648438,"{'artist_name': 'Vincenzo Crimaco', 'song_name': 'Serenidade', 'uses_original_audio': False, 'should_mute_audio': False, 'should_mute_audio_reason': '', 'audio_id': '1652086481908857'}",,,"[{'full_name': 'MDC', 'id': '43006465431', 'is_private': False, 'is_verified': False, 'profile_pic_id': '3817833515476503929', 'profile_pic_url': 'https://scontent-vie1-1.cdninstagram.com/v/t51.2885-19/620971774_18072043220433432_7687053823736276849_n.jpg?stp=dst-jpg_e0_s150x150_tt6&efg=eyJ2ZW5jb2RlX3RhZyI6InByb2ZpbGVfcGljLmRqYW5nby4xMDgwLmMyIn0&_nc_ht=scontent-vie1-1.cdninstagram.com&_nc_cat=100&_nc_oc=Q6cZ2QGpqy3_UXM1wbFrbYzUioy_G7ChME9CRPhm3vxG_BmmvHwaHFxzz_jQRB6upJ_uN5E&_nc_ohc=e8AHGmfVTkYQ7kNvwFgplqj&_nc_gid=I10clCqDxAiQaR7eZy9p5A&edm=AMKDjl4BAAAA&ccb=7-5&ig_cache_key=GP5GAyUY_oR0bTRAAHHnG5W55q1qbmNDAQAB1501500j-ccb7-5&oh=00_Aftu9mEJ41Xh4g860hx6FO__XBfp0I3WMuONmhLS4mNwyA&oe=69A20148&_nc_sid=472314', 'username': 'roble_de_mar_es'}]",,,,
https://www.instagram.com/p/DTmuQ7djStU/,,,,https://www.instagram.com/explore/tags/donacionsangre,3811937608113400660,Video,DTmuQ7djStU,"""resumen"" de comunicado después del alta del trasplante de médula.
#trasplantemédulaósea #donacionsangre #donacionplaquetas #altamedica #donarsangreesdonarvida #donarmedula #donarmedulaesdarvida","['trasplantemédulaósea', 'donacionsangre', 'donacionplaquetas', 'altamedica', 'donarsangreesdonarvida', 'donarmedula', 'donarmedulaesdarvida']",[],52.0,,[],1280.0,720.0,https://scontent-vie1-1.cdninstagram.com/v/t51.71878-15/588896409_25799890396365093_6768389264574187288_n.jpg?stp=dst-jpg_e15_p360x360_tt6&_nc_cat=104&ig_cache_key=MzgxMTkzNzYwODExMzQwMDY2MA%3D%3D.3-ccb7-5&ccb=7-5&_nc_sid=58cdad&efg=eyJ2ZW5jb2RlX3RhZyI6InhwaWRzLjY0MHgxMTM2LnNkci5DMyJ9&_nc_ohc=O0Nk_43Eu9QQ7kNvwHsQOeT&_nc_oc=AdkgCNzqSwAhBCWw6MjkMu7kAfS9jo4YA9YjcRlZyjGD9zrz6jQKS1eiE79l5o4ROQk&_nc_ad=z-m&_nc_cid=0&_nc_zt=23&_nc_ht=scontent-vie1-1.cdninstagram.com&_nc_gid=I10clCqDxAiQaR7eZy9p5A&oh=00_AfsPnfPiFLndoiOOfLnVjVSV1RnCZ-sE3hb0x2RyZp623A&oe=69A1FD16,[],https://scontent-vie1-1.cdninstagram.com/o1/v/t16/f2/m69/AQPBTxd8JMyvKjRvDIvqlaEUB8vU9A45YeMY0Cv2KCXVaE5qrBtCAkTudkSC3qq-IwIaSEmFVpVSa9H4RSEEP5NM.mp4?strext=1&_nc_cat=106&_nc_sid=5e9851&_nc_ht=scontent-vie1-1.cdninstagram.com&_nc_ohc=ir1GtBdEAbMQ7kNvwGCVAKB&efg=eyJ2ZW5jb2RlX3RhZyI6Inhwdl9wcm9ncmVzc2l2ZS5JTlNUQUdSQU0uQ0xJUFMuQzMuNzIwLmRhc2hfYmFzZWxpbmVfMV92MSIsInhwdl9hc3NldF9pZCI6MTc5MDQ3MTA0NjkzNDIyMDEsImFzc2V0X2FnZV9kYXlzIjozNywidmlfdXNlY2FzZV9pZCI6MTAwOTksImR1cmF0aW9uX3MiOjMzNywidXJsZ2VuX3NvdXJjZSI6Ind3dyJ9&ccb=17-1&_nc_gid=I10clCqDxAiQaR7eZy9p5A&_nc_zt=28&vs=14060d6770054a66&_nc_vs=HBksFQIYOnBhc3N0aHJvdWdoX2V2ZXJzdG9yZS9HSTJSMlNRV004UU5QeGtQQUhFcmpfbkRZV2hGYnNwVEFRQUYVAALIARIAFQIYUWlnX3hwdl9wbGFjZW1lbnRfcGVybWFuZW50X3YyLzcyNDU3MDJBMDQ4Qjg4OEI4MURCRUNDRkI4OTBDOEIwX2F1ZGlvX2Rhc2hpbml0Lm1wNBUCAsgBEgAoABgAGwKIB3VzZV9vaWwBMRJwcm9ncmVzc2l2ZV9yZWNpcGUBMRUAACbyz6a1qI_OPxUCKAJDMywXQHUOGJN0vGoYEmRhc2hfYmFzZWxpbmVfMV92MREAdf4HZeadAQA&oh=00_Afuy0JzFQQAXnfIFWJcrgDOSzgWXpiy-oMMGixL2gJuctw&oe=69A1FE46,79.0,1123.0,1123.0,2026-01-17T08:33:19.000Z,[],Javi-chan_98,jevi1998,355081451,clips,336.9750061035156,"{'artist_name': 'jevi1998', 'song_name': 'Original audio', 'uses_original_audio': True, 'should_mute_audio': False, 'should_mute_audio_reason': '', 'audio_id': '25591168637178972'}",Entrepuentes,799065216,"[{'full_name': 'shasta', 'id': '6749258954', 'is_private': False, 'is_verified': False, 'profile_pic_id': '3284092060252527477', 'profile_pic_url': 'https://scontent-vie1-1.cdninstagram.com/v/t51.2885-19/419831051_224945707347057_5838117729204784763_n.jpg?stp=dst-jpg_e0_s150x150_tt6&efg=eyJ2ZW5jb2RlX3RhZyI6InByb2ZpbGVfcGljLmRqYW5nby4xMDgwLmMyIn0&_nc_ht=scontent-vie1-1.cdninstagram.com&_nc_cat=109&_nc_oc=Q6cZ2QGpqy3_UXM1wbFrbYzUioy_G7ChME9CRPhm3vxG_BmmvHwaHFxzz_jQRB6upJ_uN5E&_nc_ohc=MCiemFOTDXgQ7kNvwF-XcmQ&_nc_gid=I10clCqDxAiQaR7eZy9p5A&edm=AMKDjl4BAAAA&ccb=7-5&ig_cache_key=GAsdBhlx7PpAlswAAHtOKZ4kKQVRbkULAAAB1501500j-ccb7-5&oh=00_Afu6_a089-L4TQ7_5WbJvyX83s8WWhDQVAhvz0QLjtOCoQ&oe=69A2134B&_nc_sid=472314', 'username': 'liidya_shasta'}, {'full_name': 'Javi', 'id': '75030981642', 'is_private': False, 'is_verified': False, 'profile_pic_id': '3653296262358308793', 'profile_pic_url': 'https://scontent-vie1-1.cdninstagram.com/v/t51.2885-19/504359173_17846127729501643_825281568079393446_n.jpg?stp=dst-jpg_e0_s150x150_tt6&efg=eyJ2ZW5jb2RlX3RhZyI6InByb2ZpbGVfcGljLmRqYW5nby4xMDgwLmMyIn0&_nc_ht=scontent-vie1-1.cdninstagram.com&_nc_cat=107&_nc_oc=Q6cZ2QGpqy3_UXM1wbFrbYzUioy_G7ChME9CRPhm3vxG_BmmvHwaHFxzz_jQRB6upJ_uN5E&_nc_ohc=7i4diPSvn7QQ7kNvwHHrYwU&_nc_gid=I10clCqDxAiQaR7eZy9p5A&edm=AMKDjl4BAAAA&ccb=7-5&ig_cache_key=GAXpDx7L5e5n9WY-AKayDLE2-XMLbvEnAQAB1501500j-ccb7-5&oh=00_AfvvuoYIifuxq0yRpPMYgXtA29PZ-OsSHO7KaOkLX2Qcxg&oe=69A1F966&_nc_sid=472314', 'username': '1corazonxti'}]","[{'full_name': 'shasta', 'id': '6749258954', 'is_private': False, 'is_verified': False, 'pk': '6749258954', 'profile_pic_id': '3284092060252527477', 'profile_pic_url': 'https://scontent-vie1-1.cdninstagram.com/v/t51.2885-19/419831051_224945707347057_5838117729204784763_n.jpg?stp=dst-jpg_e0_s150x150_tt6&efg=eyJ2ZW5jb2RlX3RhZyI6InByb2ZpbGVfcGljLmRqYW5nby4xMDgwLmMyIn0&_nc_ht=scontent-vie1-1.cdninstagram.com&_nc_cat=109&_nc_oc=Q6cZ2QGpqy3_UXM1wbFrbYzUioy_G7ChME9CRPhm3vxG_BmmvHwaHFxzz_jQRB6upJ_uN5E&_nc_ohc=MCiemFOTDXgQ7kNvwF-XcmQ&_nc_gid=I10clCqDxAiQaR7eZy9p5A&edm=AMKDjl4BAAAA&ccb=7-5&ig_cache_key=GAsdBhlx7PpAlswAAHtOKZ4kKQVRbkULAAAB1501500j-ccb7-5&oh=00_Afu6_a089-L4TQ7_5WbJvyX83s8WWhDQVAhvz0QLjtOCoQ&oe=69A2134B&_nc_sid=472314', 'username': 'liidya_shasta'}]",,,
https://www.instagram.com/p/C_ZVr6ogKoa/,,,,https://www.instagram.com/explore/tags/donacionsangre,3447882366599604762,Video,C_ZVr6ogKoa,"¿Cómo estás? La pregunta controversial.

#cancer #cáncer #leucemia #leucemiainfantil #lla #sobreviviente #sobrevivientes #transplante #acv #quimioterapia #radioterapia #guerrera #fractura #depresión #ansiedad #donación #donacionsangre #donaciónórganos #donaciónmédulaósea #leona #leones","['cancer', 'cáncer', 'leucemia', 'leucemiainfantil', 'lla', 'sobreviviente', 'sobrevivientes', 'transplante', 'acv', 'quimioterapia', 'radioterapia', 'guerrera', 'fractura', 'depresión', 'ansiedad', 'donación', 'donacionsangre', 'donaciónórganos', 'donaciónmédulaósea', 'leona', 'leones']",[],2.0,,[],640.0,360.0,https://scontent-vie1-1.cdninstagram.com/v/t51.71878-15/491459472_918323720352846_9182414438044751308_n.jpg?stp=dst-jpg_e15_s640x640_tt6&_nc_cat=110&ig_cache_key=MzQ0Nzg4MjM2NjU5OTYwNDc2Mg%3D%3D.3-ccb7-5&ccb=7-5&_nc_sid=58cdad&efg=eyJ2ZW5jb2RlX3RhZyI6InhwaWRzLjQ3Mng4Mzkuc2RyLkMzIn0%3D&_nc_ohc=IG465qjDquIQ7kNvwEUfpEJ&_nc_oc=Adls6iElz4ByAg45Kx56qfAqBs-Lje-XChkJwatnFqTc17XEMM_4O55d-VpeuIftcrE&_nc_ad=z-m&_nc_cid=0&_nc_zt=23&_nc_ht=scontent-vie1-1.cdninstagram.com&_nc_gid=I10clCqDxAiQaR7eZy9p5A&oh=00_Afsle3Trr_pl5h6V1adD5wB2KNyGIpw79R0U2QHUDhrNgg&oe=69A20B88,[],https://scontent-vie1-1.cdninstagram.com/o1/v/t2/f2/m86/AQOncVh6SPKo1zf3dRpe_zhN6IjDohklM5WeLUheDWjIZy2aJU8Ae6-oGWA2LwIUPIrUCJQekJHbLpQXG_a_Uf0jneN_X_g2NjgciLY.mp4?_nc_cat=100&_nc_sid=5e9851&_nc_ht=scontent-vie1-1.cdninstagram.com&_nc_ohc=gfDOzhKzTzwQ7kNvwEFDHcX&efg=eyJ2ZW5jb2RlX3RhZyI6Inhwdl9wcm9ncmVzc2l2ZS5JTlNUQUdSQU0uQ0xJUFMuQzMuMzYwLmRhc2hfYmFzZWxpbmVfM192MSIsInhwdl9hc3NldF9pZCI6NzU1NTI4NTE5OTY1NzAxLCJhc3NldF9hZ2VfZGF5cyI6NTM5LCJ2aV91c2VjYXNlX2lkIjoxMDA5OSwiZHVyYXRpb25fcyI6NzcsInVybGdlbl9zb3VyY2UiOiJ3d3cifQ%3D%3D&ccb=17-1&_nc_gid=I10clCqDxAiQaR7eZy9p5A&_nc_zt=28&vs=374835a9586ba8e4&_nc_vs=HBksFQIYUmlnX3hwdl9yZWVsc19wZXJtYW5lbnRfc3JfcHJvZC82RjQ0RDIwMjQ4MjgxMTc2NUE5QUVDN0QyNzBDNERBQV92aWRlb19kYXNoaW5pdC5tcDQVAALIARIAFQIYRmlnX3hwdl9yZWVsc19wZXJtYW5lbnRfc3JfcHJvZC84NjIzODMyMTU1MDUxODdfNjUzNzM0MjM3NDI0OTk5MTMyNS5tcDQVAgLIARIAKAAYABsCiAd1c2Vfb2lsATEScHJvZ3Jlc3NpdmVfcmVjaXBlATEVAAAmivDmkMbJ1wIVAigCQzMsF0BTWWhysCDFGBJkYXNoX2Jhc2VsaW5lXzNfdjERAHX-B2XmnQEA&oh=00_Afvy7WmBqqIHwz5-jdrRAMHBssSgpeL9VjfxkkVue2-C8w&oe=699DF5E9,33.0,604.0,604.0,2024-09-02T01:17:15.000Z,[],Flordeguerrera,flordeguerrera_,69365360733,clips,77.48400115966797,"{'artist_name': 'flordeguerrera_', 'song_name': 'Original audio', 'uses_original_audio': True, 'should_mute_audio': False, 'should_mute_audio_reason': '', 'audio_id': '1692985558192642'}",,,,,,,
https://www.instagram.com/p/ClIDk5SsUCd/,,,,https://www.instagram.com/explore/tags/donacionsangre,2974643283435798685,Video,ClIDk5SsUCd,"Hoy les quiero compartir una anécdota triste pero espero que de alguna forma pueda servir para concientizar acerca de la donación de sangre.
A mi amada y desaparecida hermana Lety, le tuvieron que retrasar una operación 3 días porque no tenían su tipo de sangre 🅾️ negativo, ustedes saben que los que tenemos este tipo de sangre sólo podemos recibir el mismo tipo.
Asi es que si tú tienes un tipo de sangre no tan común, piensa en donar, puedes salvar una vida!
Va por ti mi Lety adorada!! Donate Blood & Save a Life!",[],[],7.0,,[],1278.0,720.0,https://scontent-vie1-1.cdninstagram.com/v/t51.71878-15/498203696_932374945567569_3675271252390397703_n.jpg?stp=dst-jpg_e15_p360x360_tt6&_nc_cat=101&ig_cache_key=Mjk3NDY0MzI4MzQzNTc5ODY4NQ%3D%3D.3-ccb7-5&ccb=7-5&_nc_sid=58cdad&efg=eyJ2ZW5jb2RlX3RhZyI6InhwaWRzLjcyMHgxMjc4LnNkci5DMyJ9&_nc_ohc=FVvPqm4DWMUQ7kNvwGO4rCF&_nc_oc=AdmmoZsrP5SAkB-iga56xIUha3WJmdasAH87luHfhU6JqJQV-9PN_jZmKm-1IXdGhys&_nc_ad=z-m&_nc_cid=0&_nc_zt=23&_nc_ht=scontent-vie1-1.cdninstagram.com&_nc_gid=I10clCqDxAiQaR7eZy9p5A&oh=00_AfteOhWDBbaRJluYU_dXY8wvRaFmWRJg5wXepbgLh1vqLw&oe=69A21761,[],https://scontent-vie1-1.cdninstagram.com/o1/v/t2/f2/m82/AQN6ggD3HzBmnGAAsXMJTugiXfqniwWcx4CIhQbhjbjUjcX4F73os7V0auEaiGIsyIAAla9IImkXs7zG2NJrMclZtXx5nb40q1DItuU.mp4?_nc_cat=107&_nc_sid=5e9851&_nc_ht=scontent-vie1-1.cdninstagram.com&_nc_ohc=qWeQh3iN3v8Q7kNvwGplv-n&efg=eyJ2ZW5jb2RlX3RhZyI6Inhwdl9wcm9ncmVzc2l2ZS5JTlNUQUdSQU0uQ0xJUFMuQzMuNzIwLmRhc2hfYmFzZWxpbmVfMV92MSIsInhwdl9hc3NldF9pZCI6NDMyMzMxNzY1NTcxODkyLCJhc3NldF9hZ2VfZGF5cyI6MTE5MiwidmlfdXNlY2FzZV9pZCI6MTAwOTksImR1cmF0aW9uX3MiOjI1LCJ1cmxnZW5fc291cmNlIjoid3d3In0%3D&ccb=17-1&_nc_gid=I10clCqDxAiQaR7eZy9p5A&_nc_zt=28&vs=81c60deb0bc4a060&_nc_vs=HBksFQIYT2lnX3hwdl9yZWVsc19wZXJtYW5lbnRfcHJvZC8zRDQ1RDI0MUY0Njg1OUZBMzQzQ0E0MjhFQjZCQ0FBNl92aWRlb19kYXNoaW5pdC5tcDQVAALIARIAFQIYOnBhc3N0aHJvdWdoX2V2ZXJzdG9yZS9HQm5rMWhJTGpCNWdGbXdBQU9Sb0Z2UldMaU55YnFfRUFBQUYVAgLIARIAKAAYABsCiAd1c2Vfb2lsATEScHJvZ3Jlc3NpdmVfcmVjaXBlATEVAAAm6IT_1ILNxAEVAigCQzMsF0A5AAAAAAAAGBJkYXNoX2Jhc2VsaW5lXzFfdjERAHX-B2XmnQEA&oh=00_Aft1jVMRn-rZl00oP4m0DjbfT7KHgB0NFJuEpkmOe9P8zg&oe=699E0FE8,91.0,1038.0,957.0,2022-11-19T02:32:52.000Z,[],Rafa Sigler,rafasigler,266759728,clips,25.003999710083008,"{'artist_name': 'Whitesnake', 'song_name': 'Is This Love', 'uses_original_audio': False, 'should_mute_audio': False, 'should_mute_audio_reason': '', 'audio_id': '440306203438756'}","Los Angeles, California",110970792260960,"[{'full_name': 'American Red Cross', 'id': '24280769', 'is_private': False, 'is_verified': True, 'profile_pic_id': '2856879747885640388', 'profile_pic_url': 'https://scontent-vie1-1.cdninstagram.com/v/t51.2885-19/287106736_148390221101589_1028687409292567395_n.jpg?stp=dst-jpg_e0_s150x150_tt6&efg=eyJ2ZW5jb2RlX3RhZyI6InByb2ZpbGVfcGljLmRqYW5nby4zMzMuYzIifQ&_nc_ht=scontent-vie1-1.cdninstagram.com&_nc_cat=109&_nc_oc=Q6cZ2QGpqy3_UXM1wbFrbYzUioy_G7ChME9CRPhm3vxG_BmmvHwaHFxzz_jQRB6upJ_uN5E&_nc_ohc=EEXbEBCfMbUQ7kNvwEeZAPF&_nc_gid=I10clCqDxAiQaR7eZy9p5A&edm=AMKDjl4BAAAA&ccb=7-5&ig_cache_key=GLDmHBEVumrK9YYAAGPjzJ_-oUYObkULAAAB1501500j-ccb7-5&oh=00_AfunzEhamISTIl1o5WsOvdkRdElMLFfH0wpzaSHHCwyiSg&oe=69A1FEE9&_nc_sid=472314', 'username': 'americanredcross'}]",,0.0,81.0,
https://www.instagram.com/p/DTr2NiNjWjn/,,,,https://www.instagram.com/explore/tags/donacionsangre,3813379934098647271,Video,DTr2NiNjWjn,"Lunes 19 enero 😁
#trasplantemédulaósea 
#donarsangreesdonarvida 
#donarmedulaesdarvida 
#donacionplaquetas 
#donacionsangre 
#altamedica 
#donarmedula","['trasplantemédulaósea', 'donarsangreesdonarvida', 'donarmedulaesdarvida', 'donacionplaquetas', 'donacionsangre', 'altamedica', 'donarmedula']",[],2.0,,[],1280.0,720.0,https://scontent-vie1-1.cdninstagram.com/v/t51.71878-15/618887741_1986768625267859_7072486586953102681_n.jpg?stp=dst-jpg_e15_p360x360_tt6&_nc_cat=106&ig_cache_key=MzgxMzM3OTkzNDA5ODY0NzI3MQ%3D%3D.3-ccb7-5&ccb=7-5&_nc_sid=58cdad&efg=eyJ2ZW5jb2RlX3RhZyI6InhwaWRzLjY0MHgxMTM2LnNkci5DMyJ9&_nc_ohc=DRNUPMX7fvMQ7kNvwGlnCht&_nc_oc=AdlNws69MQmDwoSOQryit7VvEg_z0bPoijtrPkuE6VCKr9y44fVZoaoNcPFEBC2gs4w&_nc_ad=z-m&_nc_cid=0&_nc_zt=23&_nc_ht=scontent-vie1-1.cdninstagram.com&_nc_gid=I10clCqDxAiQaR7eZy9p5A&oh=00_AfuUMBK3ss6XQivYaqrqmhFfiFYqttd0AK_GYOzQm96N2A&oe=69A216D5,[],https://scontent-vie1-1.cdninstagram.com/o1/v/t16/f2/m69/AQMkWlM-r50E-Gk59ecRYHc4CDWgvmDsnl2RV43YOISUe8tETEY7oYUf3H-MW81gP1dbw-E1RTJKCJvgXGncrzFt.mp4?strext=1&_nc_cat=111&_nc_sid=5e9851&_nc_ht=scontent-vie1-1.cdninstagram.com&_nc_ohc=x7k23-i7gR4Q7kNvwH5HOrC&efg=eyJ2ZW5jb2RlX3RhZyI6Inhwdl9wcm9ncmVzc2l2ZS5JTlNUQUdSQU0uQ0xJUFMuQzMuNzIwLmRhc2hfYmFzZWxpbmVfMV92MSIsInhwdl9hc3NldF9pZCI6MTc5MDQ5NzUyOTEzNDIyMDEsImFzc2V0X2FnZV9kYXlzIjozNSwidmlfdXNlY2FzZV9pZCI6MTAwOTksImR1cmF0aW9uX3MiOjY2LCJ1cmxnZW5fc291cmNlIjoid3d3In0%3D&ccb=17-1&_nc_gid=I10clCqDxAiQaR7eZy9p5A&_nc_zt=28&vs=1de9aff965b58c35&_nc_vs=HBksFQIYOnBhc3N0aHJvdWdoX2V2ZXJzdG9yZS9HSEdRcnlRVU9LRm1YRndFQUhnVktBQjBnbWdPYnNwVEFRQUYVAALIARIAFQIYUWlnX3hwdl9wbGFjZW1lbnRfcGVybWFuZW50X3YyL0U1NDJFRTMxODA4OTMxQkY2NjM1NzU4RUFGNjdEQUJDX2F1ZGlvX2Rhc2hpbml0Lm1wNBUCAsgBEgAoABgAGwKIB3VzZV9vaWwBMRJwcm9ncmVzc2l2ZV9yZWNpcGUBMRUAACby9Z6_3Z7OPxUCKAJDMywXQFCPbItDlYEYEmRhc2hfYmFzZWxpbmVfMV92MREAdf4HZeadAQA&oh=00_Afutk3W-4q44IMXyN2qLI305v2FuvpaA5s1sQB5a8h2TdQ&oe=69A21915,21.0,375.0,375.0,2026-01-19T08:13:28.000Z,[],Javi-chan_98,jevi1998,355081451,clips,66.24600219726562,"{'artist_name': 'jevi1998', 'song_name': 'Original audio', 'uses_original_audio': True, 'should_mute_audio': False, 'should_mute_audio_reason': '', 'audio_id': '25766088756376095'}",Entrepuentes,799065216,"[{'full_name': 'shasta', 'id': '6749258954', 'is_private': False, 'is_verified': False, 'profile_pic_id': '3284092060252527477', 'profile_pic_url': 'https://scontent-vie1-1.cdninstagram.com/v/t51.2885-19/419831051_224945707347057_5838117729204784763_n.jpg?stp=dst-jpg_e0_s150x150_tt6&efg=eyJ2ZW5jb2RlX3RhZyI6InByb2ZpbGVfcGljLmRqYW5nby4xMDgwLmMyIn0&_nc_ht=scontent-vie1-1.cdninstagram.com&_nc_cat=109&_nc_oc=Q6cZ2QGpqy3_UXM1wbFrbYzUioy_G7ChME9CRPhm3vxG_BmmvHwaHFxzz_jQRB6upJ_uN5E&_nc_ohc=MCiemFOTDXgQ7kNvwF-XcmQ&_nc_gid=I10clCqDxAiQaR7eZy9p5A&edm=AMKDjl4BAAAA&ccb=7-5&ig_cache_key=GAsdBhlx7PpAlswAAHtOKZ4kKQVRbkULAAAB1501500j-ccb7-5&oh=00_Afu6_a089-L4TQ7_5WbJvyX83s8WWhDQVAhvz0QLjtOCoQ&oe=69A2134B&_nc_sid=472314', 'username': 'liidya_shasta'}, {'full_name': 'Javi', 'id': '75030981642', 'is_private': False, 'is_verified': False, 'profile_pic_id': '3653296262358308793', 'profile_pic_url': 'https://scontent-vie1-1.cdninstagram.com/v/t51.2885-19/504359173_17846127729501643_825281568079393446_n.jpg?stp=dst-jpg_e0_s150x150_tt6&efg=eyJ2ZW5jb2RlX3RhZyI6InByb2ZpbGVfcGljLmRqYW5nby4xMDgwLmMyIn0&_nc_ht=scontent-vie1-1.cdninstagram.com&_nc_cat=107&_nc_oc=Q6cZ2QGpqy3_UXM1wbFrbYzUioy_G7ChME9CRPhm3vxG_BmmvHwaHFxzz_jQRB6upJ_uN5E&_nc_ohc=7i4diPSvn7QQ7kNvwHHrYwU&_nc_gid=I10clCqDxAiQaR7eZy9p5A&edm=AMKDjl4BAAAA&ccb=7-5&ig_cache_key=GAXpDx7L5e5n9WY-AKayDLE2-XMLbvEnAQAB1501500j-ccb7-5&oh=00_AfvvuoYIifuxq0yRpPMYgXtA29PZ-OsSHO7KaOkLX2Qcxg&oe=69A1F966&_nc_sid=472314', 'username': '1corazonxti'}]",,,,
https://www.instagram.com/p/DQX1AoJiXb5/,,,,https://www.instagram.com/explore/tags/donacionsangre,3753701954011363065,Video,DQX1AoJiXb5,"muchísimas gracias @ninie.21 de nuevo por compartir su sangre para @etienigena, te agradecemos mucho todo tu apoyo y

estamos por siempre agradecidos

#joescacao #etienigena #donacionsangre #donasangre #donasangredonavida","['joescacao', 'etienigena', 'donacionsangre', 'donasangre', 'donasangredonavida']","['ninie.21', 'etienigena,']",0.0,,[],1920.0,1080.0,https://scontent-vie1-1.cdninstagram.com/v/t51.71878-15/570618089_1320284583442705_3507805634636601806_n.jpg?stp=dst-jpg_e15_p360x360_tt6&_nc_cat=101&ig_cache_key=Mzc1MzcwMTk1NDAxMTM2MzA2NQ%3D%3D.3-ccb7-5&ccb=7-5&_nc_sid=58cdad&efg=eyJ2ZW5jb2RlX3RhZyI6InhwaWRzLjY0MHgxMTM2LnNkci5DMyJ9&_nc_ohc=LSRd92JmmL0Q7kNvwHathCQ&_nc_oc=Adlo7ZoZZj2KPNqEaoxAsAOHu_tHj6iCjwuRTirdTv2eDS5DVD0B3mA0pwkOVxi9r7A&_nc_ad=z-m&_nc_cid=0&_nc_zt=23&_nc_ht=scontent-vie1-1.cdninstagram.com&_nc_gid=I10clCqDxAiQaR7eZy9p5A&oh=00_Aftjs7h94gsy-x9ZCyIqoi5RJFbdhvL7HbLUgDFIiD3q-Q&oe=69A1F07C,[],https://scontent-vie1-1.cdninstagram.com/o1/v/t2/f2/m86/AQOfquaaEvLg57tzblFybXIwxEnRtdx5yNyvj0aIfAE-4YEU5BwvdpER_inlA3zOzbKnAuCkS9o9GZ9AZPIHC89ynsMXuk1Kk7aPYOI.mp4?_nc_cat=100&_nc_sid=5e9851&_nc_ht=scontent-vie1-1.cdninstagram.com&_nc_ohc=hkPjvKIIvSYQ7kNvwEAPja7&efg=eyJ2ZW5jb2RlX3RhZyI6Inhwdl9wcm9ncmVzc2l2ZS5JTlNUQUdSQU0uQ0xJUFMuQzMuNzIwLmRhc2hfYmFzZWxpbmVfMV92MSIsInhwdl9hc3NldF9pZCI6MTEzOTk2OTA4NDk1ODUzMiwiYXNzZXRfYWdlX2RheXMiOjExNywidmlfdXNlY2FzZV9pZCI6MTAwOTksImR1cmF0aW9uX3MiOjE4LCJ1cmxnZW5fc291cmNlIjoid3d3In0%3D&ccb=17-1&_nc_gid=I10clCqDxAiQaR7eZy9p5A&_nc_zt=28&vs=ebd666fccb9c081f&_nc_vs=HBkcFQIYUmlnX3hwdl9yZWVsc19wZXJtYW5lbnRfc3JfcHJvZC9CMzQxNjg5RTc0RjJGRUYwNkM2NkNEODZDRTVEQjNBN192aWRlb19kYXNoaW5pdC5tcDQVAALIARIAKAAYABsCiAd1c2Vfb2lsATEScHJvZ3Jlc3NpdmVfcmVjaXBlATEVAAAmiJ3pxfeyhgQVAigCQzMsF0AyGZmZmZmaGBJkYXNoX2Jhc2VsaW5lXzFfdjERAHX-B2XmnQEA&oh=00_AftVI1EUmOek5Iq3BfBw4Rd3dcVxtY5sP2drpNFujfObiw&oe=699E01BD,8.0,139.0,139.0,2025-10-29T00:06:51.000Z,[],Joes Cacao,joescacao,5002256172,clips,18.188,"{'artist_name': 'joescacao', 'song_name': 'Mix', 'uses_original_audio': True, 'should_mute_audio': False, 'should_mute_audio_reason': '', 'audio_id': '1995973094586625'}",,,,,,,
https://www.instagram.com/p/DBM4SVdgo79/,,,,https://www.instagram.com/explore/tags/donacionsangre,3480404162649427709,Video,DBM4SVdgo79,"Miedo a la libertad
#cancer #cáncer #leucemia #leucemiainfantil #lla #sobreviviente #sobrevivientes #transplante #acv #quimioterapia #radioterapia #guerrera #fractura #depresión #ansiedad #donación #donacionsangre #donaciónórganos #donaciónmédulaósea #leona #leones #fundaleu #favaloro #favalorotransplantes #inclusión #silladeruedas","['cancer', 'cáncer', 'leucemia', 'leucemiainfantil', 'lla', 'sobreviviente', 'sobrevivientes', 'transplante', 'acv', 'quimioterapia', 'radioterapia', 'guerrera', 'fractura', 'depresión', 'ansiedad', 'donación', 'donacionsangre', 'donaciónórganos', 'donaciónmédulaósea', 'leona', 'leones', 'fundaleu', 'favaloro', 'favalorotransplantes', 'inclusión', 'silladeruedas']",[],1.0,,[],1280.0,720.0,https://scontent-vie1-1.cdninstagram.com/v/t51.71878-15/501992241_1044929130932732_6538807426010284103_n.jpg?stp=dst-jpg_e15_p360x360_tt6&_nc_cat=105&ig_cache_key=MzQ4MDQwNDE2MjY0OTQyNzcwOQ%3D%3D.3-ccb7-5&ccb=7-5&_nc_sid=58cdad&efg=eyJ2ZW5jb2RlX3RhZyI6InhwaWRzLjY0MHgxMTM2LnNkci5DMyJ9&_nc_ohc=bxNBjXI_7uEQ7kNvwGbhbSI&_nc_oc=AdnKioc2vZT6PXJYI1h4otKIC5Z-bCLn9cVVgLIA4za-yaz87lDhKjpudHym1DJU7sw&_nc_ad=z-m&_nc_cid=0&_nc_zt=23&_nc_ht=scontent-vie1-1.cdninstagram.com&_nc_gid=I10clCqDxAiQaR7eZy9p5A&oh=00_AfvEbNjD8CTNPksfwi9TnL0IvOuAwgev7-ZOXv9b6vjhIg&oe=69A21C39,[],https://scontent-vie1-1.cdninstagram.com/o1/v/t2/f2/m367/AQNMLjL5qozhN2Cp3hvrcoTC0FrMnw8letZgSgANMpjdcHk727SWMKRx2EMMXjzq2eUJ_ejPMq2yzKAhElx5KMiAuC8hO_lRrFfoA3I.mp4?_nc_cat=103&_nc_sid=5e9851&_nc_ht=scontent-vie1-1.cdninstagram.com&_nc_ohc=LJ7wLL0UML4Q7kNvwFqRqhi&efg=eyJ2ZW5jb2RlX3RhZyI6Inhwdl9wcm9ncmVzc2l2ZS5JTlNUQUdSQU0uQ0xJUFMuQzMuNzIwLmRhc2hfYmFzZWxpbmVfMV92MSIsInhwdl9hc3NldF9pZCI6ODkxOTc1Mzc5NTYxNDQyLCJhc3NldF9hZ2VfZGF5cyI6NDk0LCJ2aV91c2VjYXNlX2lkIjoxMDA5OSwiZHVyYXRpb25fcyI6ODYsInVybGdlbl9zb3VyY2UiOiJ3d3cifQ%3D%3D&ccb=17-1&_nc_gid=I10clCqDxAiQaR7eZy9p5A&_nc_zt=28&vs=53cd51ef6bb1319d&_nc_vs=HBksFQIYQGlnX2VwaGVtZXJhbC81MTQwNDFCRjQzRURFMzEzQUFEODMyQkVCRTlCNjlCMV92aWRlb19kYXNoaW5pdC5tcDQVAALIARIAFQIYR2lnX3hwdl9yZWVsc19wZXJtYW5lbnRfc3JfcHJvZC8yOTk4MDU0NTMzNjc5MjYwXzgyOTk0MTIyMDczMzQ5ODcwNzAubXA0FQICyAESACgAGAAbAogHdXNlX29pbAExEnByb2dyZXNzaXZlX3JlY2lwZQExFQAAJsSvrbrmz5UDFQIoAkMzLBdAVY_vnbItDhgSZGFzaF9iYXNlbGluZV8xX3YxEQB1_gdl5p0BAA&oh=00_AfsArOS_9hrU-qh9RHpSgi4Rq0r8W1e7FgFCO3-8WJcXwA&oe=69A21524,33.0,1011.0,1011.0,2024-10-16T22:09:41.000Z,[],Flordeguerrera,flordeguerrera_,69365360733,clips,86.26200103759766,"{'artist_name': 'flordeguerrera_', 'song_name': 'Original audio', 'uses_original_audio': True, 'should_mute_audio': False, 'should_mute_audio_reason': '', 'audio_id': '857493956470184'}",,,,,,,
https://www.instagram.com/p/C_wNdaWgExF/,,,,https://www.instagram.com/explore/tags/donacionsangre,3454320109957434437,Video,C_wNdaWgExF,"Estres post traumático. Parte 1.
#cancer #cáncer #leucemia #leucemiainfantil #lla #sobreviviente #sobrevivientes #transplante #acv #quimioterapia #radioterapia #guerrera #fractura #depresión #ansiedad #donación #donacionsangre #donaciónórganos #donaciónmédulaósea #leona #leones #fundaleu #favaloro #favalorotransplantes #inclusión #silladeruedas
#ptsd #estresposttraumatico","['cancer', 'cáncer', 'leucemia', 'leucemiainfantil', 'lla', 'sobreviviente', 'sobrevivientes', 'transplante', 'acv', 'quimioterapia', 'radioterapia', 'guerrera', 'fractura', 'depresión', 'ansiedad', 'donación', 'donacionsangre', 'donaciónórganos', 'donaciónmédulaósea', 'leona', 'leones', 'fundaleu', 'favaloro', 'favalorotransplantes', 'inclusión', 'silladeruedas', 'ptsd', 'estresposttraumatico']",[],4.0,,[],640.0,360.0,https://scontent-vie1-1.cdninstagram.com/v/t51.71878-15/503866570_1080877677426178_6821499596162198982_n.jpg?stp=dst-jpg_e15_p360x360_tt6&_nc_cat=101&ig_cache_key=MzQ1NDMyMDEwOTk1NzQzNDQzNw%3D%3D.3-ccb7-5&ccb=7-5&_nc_sid=58cdad&efg=eyJ2ZW5jb2RlX3RhZyI6InhwaWRzLjY0MHgxMTM2LnNkci5DMyJ9&_nc_ohc=nDZAf9wcji0Q7kNvwGxDHMx&_nc_oc=Adl8tDrN6IujII_T2_jrqswUs84X1bYLiWvJVw2RyDSKAeJAY2iBXLI7XzWte_wrmVI&_nc_ad=z-m&_nc_cid=0&_nc_zt=23&_nc_ht=scontent-vie1-1.cdninstagram.com&_nc_gid=I10clCqDxAiQaR7eZy9p5A&oh=00_AfuQC37k5_9VdjfgxMICNLi-KT8iaOyyYuFG7Yw9OCu0VA&oe=69A2068B,[],https://scontent-vie1-1.cdninstagram.com/o1/v/t2/f2/m86/AQMBRu4trP3Oxrb5kXyba1m-SF3UXMQlae2LzZtO2Y1GShEyydV_tGItYe1BpU_QMJJQOhnBBLEUJFL9DZbIyzlQCrxwIB6ThdRRy1Q.mp4?_nc_cat=108&_nc_sid=5e9851&_nc_ht=scontent-vie1-1.cdninstagram.com&_nc_ohc=F0HaJ8LwHHsQ7kNvwEioyVd&efg=eyJ2ZW5jb2RlX3RhZyI6Inhwdl9wcm9ncmVzc2l2ZS5JTlNUQUdSQU0uQ0xJUFMuQzMuMzYwLmRhc2hfYmFzZWxpbmVfM192MSIsInhwdl9hc3NldF9pZCI6ODkzNDg4NDE5NDk4NDM5LCJhc3NldF9hZ2VfZGF5cyI6NTMwLCJ2aV91c2VjYXNlX2lkIjoxMDA5OSwiZHVyYXRpb25fcyI6ODksInVybGdlbl9zb3VyY2UiOiJ3d3cifQ%3D%3D&ccb=17-1&_nc_gid=I10clCqDxAiQaR7eZy9p5A&_nc_zt=28&vs=748be94cb523b072&_nc_vs=HBksFQIYUmlnX3hwdl9yZWVsc19wZXJtYW5lbnRfc3JfcHJvZC8zMzRDQjNFQTQyOUJDODE0NTRBQjA5NjkxRThEMEQ4MF92aWRlb19kYXNoaW5pdC5tcDQVAALIARIAFQIYRmlnX3hwdl9yZWVsc19wZXJtYW5lbnRfc3JfcHJvZC81NDQzNjA0NDEyODAxMTNfMzYwMTE2NzUwMjEzNTMwOTM1NS5tcDQVAgLIARIAKAAYABsCiAd1c2Vfb2lsATEScHJvZ3Jlc3NpdmVfcmVjaXBlATEVAAAmjqfXve-nlgMVAigCQzMsF0BWTiTdLxqgGBJkYXNoX2Jhc2VsaW5lXzNfdjERAHX-B2XmnQEA&oh=00_Afs842w2jOsyT5sStQA2soOKmgZXV0dGOEJRLucnq1ea7g&oe=699DFD05,23.0,574.0,574.0,2024-09-10T22:25:28.000Z,[],Flordeguerrera,flordeguerrera_,69365360733,clips,89.27999877929688,"{'artist_name': 'flordeguerrera_', 'song_name': 'Original audio', 'uses_original_audio': True, 'should_mute_audio': False, 'should_mute_audio_reason': '', 'audio_id': '395979403533598'}",Fundación Favaloro,5941657,,,,,
https://www.instagram.com/p/C1aujHwJfB2/,,,,https://www.instagram.com/explore/tags/donacionsangre,3268129203255898230,Video,C1aujHwJfB2,"🩸 Dona sangre, salva vidas
¡Hagamos el cambio!

🙌Asiste a nuestra próxima campaña de donación de sangre, con tu donación estarás ayudando a pacientes de Fundación Castro-Limón.

👉 Regístrate enviando un whatsapp al (664) 310 2585
📌 Sábado 27 de Enero del 2024
🕐 De 8:00 am a 2:00 pm
📍Instalaciones de Fundación Castro-Limón

✨Recuerda que tu donación puede hacer la diferencia

#fundacioncastrolimon #cancerinfantil #EsperanzaDeVida #DonaSangre #donacionsangre #donasangresalvavidas","['fundacioncastrolimon', 'cancerinfantil', 'EsperanzaDeVida', 'DonaSangre', 'donacionsangre', 'donasangresalvavidas']",[],0.0,,[],854.0,480.0,https://scontent-vie1-1.cdninstagram.com/v/t51.71878-15/503236336_1227460268355321_3340165759766883493_n.jpg?stp=dst-jpg_e15_s640x640_tt6&_nc_cat=107&ig_cache_key=MzI2ODEyOTIwMzI1NTg5ODIzMA%3D%3D.3-ccb7-5&ccb=7-5&_nc_sid=58cdad&efg=eyJ2ZW5jb2RlX3RhZyI6InhwaWRzLjYxMngxMDg4LnNkci5DMyJ9&_nc_ohc=HZEr9ecU0UEQ7kNvwEdNcRG&_nc_oc=Adl7ph3DnmjX5fqAcoyA-66bDdt6N3G0sIeyg_6R0OxcSLFRiZu-Qf3y7y3mCqLHWmU&_nc_ad=z-m&_nc_cid=0&_nc_zt=23&_nc_ht=scontent-vie1-1.cdninstagram.com&_nc_gid=I10clCqDxAiQaR7eZy9p5A&oh=00_AfvhKylN7qSBrrPDL7Aq_3sA9JdeIG2FctbDR3pnex251A&oe=69A219E5,[],https://scontent-vie1-1.cdninstagram.com/o1/v/t2/f2/m82/AQN9-si6q1lDeNCMZtBIDYxDTU5-WAEjHudRJ9qD5APDRH5odCOmlgE28VtPMB6VtvY0TEoSBlQ7v7RLg5_0J23v9CnHBDc9SgBGSbY.mp4?_nc_cat=103&_nc_sid=5e9851&_nc_ht=scontent-vie1-1.cdninstagram.com&_nc_ohc=TFPYO-qkk1MQ7kNvwHSKwq6&efg=eyJ2ZW5jb2RlX3RhZyI6Inhwdl9wcm9ncmVzc2l2ZS5JTlNUQUdSQU0uQ0xJUFMuQzMuNDgwLmRhc2hfYmFzZWxpbmVfMV92MSIsInhwdl9hc3NldF9pZCI6OTE3ODM0MTUyNjUxMjY5LCJhc3NldF9hZ2VfZGF5cyI6Nzg3LCJ2aV91c2VjYXNlX2lkIjoxMDA5OSwiZHVyYXRpb25fcyI6MjEsInVybGdlbl9zb3VyY2UiOiJ3d3cifQ%3D%3D&ccb=17-1&_nc_gid=I10clCqDxAiQaR7eZy9p5A&_nc_zt=28&vs=56e320dd019cd462&_nc_vs=HBksFQIYT2lnX3hwdl9yZWVsc19wZXJtYW5lbnRfcHJvZC83NDQzNTQ2REU2RUFBODE0NTI5ODk2MUI4RkNENTU5QV92aWRlb19kYXNoaW5pdC5tcDQVAALIARIAFQIYOnBhc3N0aHJvdWdoX2V2ZXJzdG9yZS9HTUVvd2hqRDBDb29KRnNCQUM2Uy1QQnFwZWt2YnFfRUFBQUYVAgLIARIAKAAYABsCiAd1c2Vfb2lsATEScHJvZ3Jlc3NpdmVfcmVjaXBlATEVAAAmiqiNqv2woQMVAigCQzMsF0A1Cn752yLRGBJkYXNoX2Jhc2VsaW5lXzFfdjERAHX-B2XmnQEA&oh=00_AftPuPEjBneF2Rhl6wMWnOmbz-dvL3EgE6HE6dDuI29ltQ&oe=699E0E7C,11.0,804.0,804.0,2023-12-29T00:56:28.000Z,[],Fundación Castro-Limón ®️,fundacioncastrolimon,520803294,clips,21.041000366210938,"{'artist_name': 'fundacioncastrolimon', 'song_name': 'Original audio', 'uses_original_audio': True, 'should_mute_audio': False, 'should_mute_audio_reason': '', 'audio_id': '250011344777159'}",,,,,,,
https://www.instagram.com/p/CmeSXrMqRFz/,,,,https://www.instagram.com/explore/tags/donacionsangre,2998915193643798899,Video,CmeSXrMqRFz,"¿Disfrutar de la mejor navidad de tu vida? ¿Tu ilusión siempre ha sido tener más espacio para la familia y los amigos? o algo más íntimo y coqueto como un piso. En Keller Williams Kinver somos maestros en cumplir sueños y traerte todo lo que necesitas esta Navidad, crear nuevos recuerdos y sueños en tu nueva vivienda.

Creando tus nuevos sueños. ¡Feliz Navidad y Feliz nochebuena!

#granada #kwkinver #kellerwilliams #inmobiliariadegranada #inmobiliariasdegranada #granadainmo #granadainmobiliarias #agenteinmobiliario #emprendimientogranada #jovenesempresarios #jovenesempresariosdegranada #realestateagent #empresariosgranadinos #realtor #luxury #lifestyle #visionofcareer #venta #feliznavidad #felicesfiestas #navidad #navidad2022 #navidadkinver #donacionsangre","['granada', 'kwkinver', 'kellerwilliams', 'inmobiliariadegranada', 'inmobiliariasdegranada', 'granadainmo', 'granadainmobiliarias', 'agenteinmobiliario', 'emprendimientogranada', 'jovenesempresarios', 'jovenesempresariosdegranada', 'realestateagent', 'empresariosgranadinos', 'realtor', 'luxury', 'lifestyle', 'visionofcareer', 'venta', 'feliznavidad', 'felicesfiestas', 'navidad', 'navidad2022', 'navidadkinver', 'donacionsangre']",[],0.0,,[],852.0,480.0,https://scontent-vie1-1.cdninstagram.com/v/t51.71878-15/498182330_1361687994903634_2900561099286496032_n.jpg?stp=dst-jpg_e15_s360x360_tt6&_nc_cat=110&ig_cache_key=Mjk5ODkxNTE5MzY0Mzc5ODg5OQ%3D%3D.3-ccb7-5&ccb=7-5&_nc_sid=58cdad&efg=eyJ2ZW5jb2RlX3RhZyI6InhwaWRzLjg1Mng0ODAuc2RyLkMzIn0%3D&_nc_ohc=7ETYddOu34oQ7kNvwH1DhL8&_nc_oc=Admoe6SO4Sivzqb5gukDrIhLT811_Q1EPdDUeDTgBrMQdNqdfefq-Wa1fFmzYzOXAJE&_nc_ad=z-m&_nc_cid=0&_nc_zt=23&_nc_ht=scontent-vie1-1.cdninstagram.com&_nc_gid=I10clCqDxAiQaR7eZy9p5A&oh=00_AftpsiVMv3b5OvIir1ivvZP1ke1SDSMIpNXaKek-bFJWZQ&oe=69A21405,[],https://scontent-vie1-1.cdninstagram.com/o1/v/t2/f2/m82/AQPgLzbQTkVDoAYrQHSf8Pt4QVtS6zNhOujVZD3HdK0MVPdJSD-wAKraEXZYjwzEnfIdaBkvfUSy0E2MghbwKiqm8sVbHjSjhdcBcms.mp4?_nc_cat=111&_nc_sid=5e9851&_nc_ht=scontent-vie1-1.cdninstagram.com&_nc_ohc=v-pZg3ZF6kYQ7kNvwGVOxh9&efg=eyJ2ZW5jb2RlX3RhZyI6Inhwdl9wcm9ncmVzc2l2ZS5JTlNUQUdSQU0uQ0xJUFMuQzMuNDgwLmRhc2hfYmFzZWxpbmVfMV92MSIsInhwdl9hc3NldF9pZCI6ODE3MjY1NTI2MDEyNTUzLCJhc3NldF9hZ2VfZGF5cyI6MTE1OCwidmlfdXNlY2FzZV9pZCI6MTAwOTksImR1cmF0aW9uX3MiOjM5LCJ1cmxnZW5fc291cmNlIjoid3d3In0%3D&ccb=17-1&_nc_gid=I10clCqDxAiQaR7eZy9p5A&_nc_zt=28&vs=c8af7e2a1c759f03&_nc_vs=HBksFQIYT2lnX3hwdl9yZWVsc19wZXJtYW5lbnRfcHJvZC9EOTQyRTI4MzRDNTJCRjQzNjMyNTZBMjREMDhCQTNCM192aWRlb19kYXNoaW5pdC5tcDQVAALIARIAFQIYOnBhc3N0aHJvdWdoX2V2ZXJzdG9yZS9HUGNjQXhPOEI1OV8xXzRTQUYxTEUxSDZ5bGxMYnFfRUFBQUYVAgLIARIAKAAYABsCiAd1c2Vfb2lsATEScHJvZ3Jlc3NpdmVfcmVjaXBlATEVAAAmkurr1Y7T8wIVAigCQzMsF0BDogxJul41GBJkYXNoX2Jhc2VsaW5lXzFfdjERAHX-B2XmnQEA&oh=00_Aftcs8zCv8msKZxjrsLGLvIgE_qzUPZvaKxJQx_3Hhiwew&oe=699DFBAC,13.0,212.0,212.0,2022-12-22T14:16:52.000Z,[],Vicente García Guerrero,vicentegarciakwk,54042134699,clips,39.38100051879883,"{'artist_name': 'vicentegarciakwk', 'song_name': 'Original audio', 'uses_original_audio': True, 'should_mute_audio': False, 'should_mute_audio_reason': '', 'audio_id': '719392792795205'}",,,,,,,
https://www.instagram.com/p/DQNUo1CkuLn/,,,,https://www.instagram.com/explore/tags/donacionsangre,3750744831330280167,Video,DQNUo1CkuLn,"muchísimas gracias Nicol por tu hermosa donación de sangre para @etienigena, te agradecemos mucho tu apoyo también para encontrarnos donadores...

por siempre agradecidos

#joescacao #etienigena #donacionsangre #donasangre #donasangredonavida","['joescacao', 'etienigena', 'donacionsangre', 'donasangre', 'donasangredonavida']","['etienigena,']",1.0,,[],1920.0,1080.0,https://scontent-vie1-1.cdninstagram.com/v/t51.71878-15/569318246_25024386337228457_4177755158045463594_n.jpg?stp=dst-jpg_e15_p360x360_tt6&_nc_cat=105&ig_cache_key=Mzc1MDc0NDgzMTMzMDI4MDE2Nw%3D%3D.3-ccb7-5&ccb=7-5&_nc_sid=58cdad&efg=eyJ2ZW5jb2RlX3RhZyI6InhwaWRzLjY0MHgxMTM2LnNkci5DMyJ9&_nc_ohc=rOPK0128oiMQ7kNvwH822x8&_nc_oc=AdmKkiYpW-rpZIz_nA6xY5HzTq-qrZrwvq2cDdQHwCKBcbWeynot0bXoSy_Id6-v15Y&_nc_ad=z-m&_nc_cid=0&_nc_zt=23&_nc_ht=scontent-vie1-1.cdninstagram.com&_nc_gid=I10clCqDxAiQaR7eZy9p5A&oh=00_Afs4KZkEnpG2FPVTr8Zelqx9CL6VOgZkc4-2BENqSvE78w&oe=69A1F181,[],https://scontent-vie1-1.cdninstagram.com/o1/v/t2/f2/m412/AQN6VYH7yDkVlEXwjxgz2xk3Wmect3L0cUHZBuQoTFJbdc5CDa2BPeNiofBsOlNs6bOriBJq927NwnxpXzWvuWyxgUeqyhMCOhkymdtJdajjCg.mp4?_nc_cat=103&_nc_sid=5e9851&_nc_ht=scontent-vie1-1.cdninstagram.com&_nc_ohc=hc2pF_ldvToQ7kNvwH-wwt6&efg=eyJ2ZW5jb2RlX3RhZyI6Inhwdl9wcm9ncmVzc2l2ZS5JTlNUQUdSQU0uQ0xJUFMuQzMuMTA4MC5kYXNoX2gyNjQtYmFzaWMtZ2VuMl8xMDgwcCIsInhwdl9hc3NldF9pZCI6MTI4NzMxNzMxNjc0MTg5NywiYXNzZXRfYWdlX2RheXMiOjEyMSwidmlfdXNlY2FzZV9pZCI6MTA4MjcsImR1cmF0aW9uX3MiOjEwLCJ1cmxnZW5fc291cmNlIjoid3d3In0%3D&ccb=17-1&_nc_gid=I10clCqDxAiQaR7eZy9p5A&_nc_zt=28&vs=46b3304ba50deebc&_nc_vs=HBksFQIYRWZiX3Blcm1hbmVudC83NzRGMTM1NEQwRTM2REY3MDg2MjNGNTg2MzkyNDY4OV9tdF8wX3ZpZGVvX2Rhc2hpbml0Lm1wNBUAAsgBEgAVAhg6cGFzc3Rocm91Z2hfZXZlcnN0b3JlL0dNaEt4aUg4SU45Ql9Nc0NBQ2dhN1BONTh0Tjdic3RUQVFBRhUCAsgBEgAoABgAGwKIB3VzZV9vaWwBMRJwcm9ncmVzc2l2ZV9yZWNpcGUBMRUAACaSrIW23bPJBBUCKAJDMywXQCREGJN0vGoYGmRhc2hfaDI2NC1iYXNpYy1nZW4yXzEwODBwEQB1_gdllqkBAA&oh=00_Afs0qrHs-ylZo5MYMgRL1UluaPYVAdVPekljpinYmXThVg&oe=69A1EF15,17.0,293.0,293.0,2025-10-24T22:12:44.000Z,[],Joes Cacao,joescacao,5002256172,clips,10.133000373840332,"{'artist_name': 'Berliner Philharmoniker, Herbert von Karajan', 'song_name': 'Rossini: La gazza ladra: Overture', 'uses_original_audio': False, 'should_mute_audio': False, 'should_mute_audio_reason': '', 'audio_id': '436814333454944'}",,,,,,,
https://www.instagram.com/p/C_wN235AyAf/,,,,https://www.instagram.com/explore/tags/donacionsangre,3454321859661864991,Video,C_wN235AyAf,"Estres post traumatico parte 2.
#cancer #cáncer #leucemia #leucemiainfantil #lla #sobreviviente #sobrevivientes #transplante #acv #quimioterapia #radioterapia #guerrera #fractura #depresión #ansiedad #donación #donacionsangre #donaciónórganos #donaciónmédulaósea #leona #leones #fundaleu #favaloro #favalorotransplantes #inclusión #silladeruedas","['cancer', 'cáncer', 'leucemia', 'leucemiainfantil', 'lla', 'sobreviviente', 'sobrevivientes', 'transplante', 'acv', 'quimioterapia', 'radioterapia', 'guerrera', 'fractura', 'depresión', 'ansiedad', 'donación', 'donacionsangre', 'donaciónórganos', 'donaciónmédulaósea', 'leona', 'leones', 'fundaleu', 'favaloro', 'favalorotransplantes', 'inclusión', 'silladeruedas']",[],9.0,,[],640.0,360.0,https://scontent-vie1-1.cdninstagram.com/v/t51.71878-15/503301643_1175746767687742_4504217643843240749_n.jpg?stp=dst-jpg_e15_p360x360_tt6&_nc_cat=104&ig_cache_key=MzQ1NDMyMTg1OTY2MTg2NDk5MQ%3D%3D.3-ccb7-5&ccb=7-5&_nc_sid=58cdad&efg=eyJ2ZW5jb2RlX3RhZyI6InhwaWRzLjY0MHgxMTM2LnNkci5DMyJ9&_nc_ohc=VV4d-82VnVsQ7kNvwGk0fP3&_nc_oc=Admi-p4vkMKjJEzARlPMXdtevKLW8maA8a3cuxh36JgSW7iWjm6JwlxkYdGmYMS9_hM&_nc_ad=z-m&_nc_cid=0&_nc_zt=23&_nc_ht=scontent-vie1-1.cdninstagram.com&_nc_gid=I10clCqDxAiQaR7eZy9p5A&oh=00_Afv9uwlCnzEu77S0jOssWzM-iAjSeI-AJmZfp34kn6BMDQ&oe=69A213F5,[],https://scontent-vie1-1.cdninstagram.com/o1/v/t2/f2/m86/AQNzt4GVhtLoF_oQAGnf_2S2jSf0PDeH9EeGTVr-vtOTWqt9k5WX0hZRp0aSo7AZbnjcAkZESO6CsW5dVR6IwMlQKjQ99dvBlU996wU.mp4?_nc_cat=101&_nc_sid=5e9851&_nc_ht=scontent-vie1-1.cdninstagram.com&_nc_ohc=GQigd0sNI5wQ7kNvwFpmEaj&efg=eyJ2ZW5jb2RlX3RhZyI6Inhwdl9wcm9ncmVzc2l2ZS5JTlNUQUdSQU0uQ0xJUFMuQzMuMzYwLmRhc2hfYmFzZWxpbmVfM192MSIsInhwdl9hc3NldF9pZCI6OTg0NTA5MTEwMTQ0ODQzLCJhc3NldF9hZ2VfZGF5cyI6NTMwLCJ2aV91c2VjYXNlX2lkIjoxMDA5OSwiZHVyYXRpb25fcyI6ODUsInVybGdlbl9zb3VyY2UiOiJ3d3cifQ%3D%3D&ccb=17-1&_nc_gid=I10clCqDxAiQaR7eZy9p5A&_nc_zt=28&vs=d5d53b7097ef016f&_nc_vs=HBksFQIYUmlnX3hwdl9yZWVsc19wZXJtYW5lbnRfc3JfcHJvZC81MjQ2Njg1NzAyNDIxNTUzMzJGOTM1REQ1OUEwQzc5OF92aWRlb19kYXNoaW5pdC5tcDQVAALIARIAFQIYR2lnX3hwdl9yZWVsc19wZXJtYW5lbnRfc3JfcHJvZC8zNDA5NDMwNjI2MDI1ODgzXzY3OTU0ODcyMTM5ODcwOTYzNzcubXA0FQICyAESACgAGAAbAogHdXNlX29pbAExEnByb2dyZXNzaXZlX3JlY2lwZQExFQAAJpa9zrz82b8DFQIoAkMzLBdAVUqfvnbItBgSZGFzaF9iYXNlbGluZV8zX3YxEQB1_gdl5p0BAA&oh=00_Afspj0OgpkxgzXrHP7UZXRLMt1zHCcDkxDUdnRbS_rw1AA&oe=699DF4AA,36.0,553.0,553.0,2024-09-10T22:29:17.000Z,[],Flordeguerrera,flordeguerrera_,69365360733,clips,85.19400024414062,"{'artist_name': 'flordeguerrera_', 'song_name': 'Original audio', 'uses_original_audio': True, 'should_mute_audio': False, 'should_mute_audio_reason': '', 'audio_id': '1624438104782079'}",Fundación Favaloro,5941657,,,,,
https://www.instagram.com/p/CmwUIv3o2OA/,,,,https://www.instagram.com/explore/tags/donacionsangre,3003989513541477248,Video,CmwUIv3o2OA,"3, 2, 1, 2023 ya está aquí!! ¿Has pensado tus propósitos de nuevo año? ¿Tus metas y tus objetivos para este nuevo año? No te preocupes que tienes 365 días para cumplir sueños, para estar más con la familia, para empezar ese nuevo hobbie que siempre quisiste o apuntarte a esas clases de baile que querías. Empieza la cuenta atrás para que comience un año maravilloso.

#granada #kwkinver #kellerwilliams #inmobiliariadegranada #inmobiliariasdegranada #granadainmo #granadainmobiliarias #agenteinmobiliario #emprendimientogranada #jovenesempresarios #jovenesempresariosdegranada #realestateagent #empresariosgranadinos #realtor #luxury #lifestyle #visionofcareer #venta #feliznavidad #felicesfiestas #navidad #navidad2022 #navidadkinver #donacionsangre","['granada', 'kwkinver', 'kellerwilliams', 'inmobiliariadegranada', 'inmobiliariasdegranada', 'granadainmo', 'granadainmobiliarias', 'agenteinmobiliario', 'emprendimientogranada', 'jovenesempresarios', 'jovenesempresariosdegranada', 'realestateagent', 'empresariosgranadinos', 'realtor', 'luxury', 'lifestyle', 'visionofcareer', 'venta', 'feliznavidad', 'felicesfiestas', 'navidad', 'navidad2022', 'navidadkinver', 'donacionsangre']",[],0.0,,[],1280.0,720.0,https://scontent-vie1-1.cdninstagram.com/v/t51.71878-15/503807206_1698219667565357_6850453736179105811_n.jpg?stp=dst-jpg_e15_s360x360_tt6&_nc_cat=104&ig_cache_key=MzAwMzk4OTUxMzU0MTQ3NzI0OA%3D%3D.3-ccb7-5&ccb=7-5&_nc_sid=58cdad&efg=eyJ2ZW5jb2RlX3RhZyI6InhwaWRzLjEwODB4MTA4MC5zZHIuQzMifQ%3D%3D&_nc_ohc=Qd9OD88YDosQ7kNvwHIX2i0&_nc_oc=Adnu77SeH2rhQ1V9cJunZhYiH5E7x1nug1tHQK4DYykumODKxPtLIebgWTsTuT4KHgg&_nc_ad=z-m&_nc_cid=0&_nc_zt=23&_nc_ht=scontent-vie1-1.cdninstagram.com&_nc_gid=I10clCqDxAiQaR7eZy9p5A&oh=00_Aft877tKXFC5FqVO79PF15riHpMt8M8sxVq0F0vI31jDeA&oe=69A1E8BE,[],https://scontent-vie1-1.cdninstagram.com/o1/v/t2/f2/m82/AQP0aIvVAYKhaJCNZdlOxgCFl-jEknQtymjxxSRqHDyGxZVso4vy-XIYS9GXXLqOLU2SCobDnKaQs01ulbksM81g_QQBiHtUmxVMqjM.mp4?_nc_cat=105&_nc_sid=5e9851&_nc_ht=scontent-vie1-1.cdninstagram.com&_nc_ohc=fhufhfIPJFcQ7kNvwEGAQvs&efg=eyJ2ZW5jb2RlX3RhZyI6Inhwdl9wcm9ncmVzc2l2ZS5JTlNUQUdSQU0uQ0xJUFMuQzMuNzIwLmRhc2hfYmFzZWxpbmVfMV92MSIsInhwdl9hc3NldF9pZCI6MTE4ODU5NDk5MTg2MTE2MywiYXNzZXRfYWdlX2RheXMiOjExNTEsInZpX3VzZWNhc2VfaWQiOjEwMDk5LCJkdXJhdGlvbl9zIjoxNCwidXJsZ2VuX3NvdXJjZSI6Ind3dyJ9&ccb=17-1&_nc_gid=I10clCqDxAiQaR7eZy9p5A&_nc_zt=28&vs=63faf11b62a38d07&_nc_vs=HBksFQIYT2lnX3hwdl9yZWVsc19wZXJtYW5lbnRfcHJvZC9CMTQ2OUI1RTE5MDc3Q0VGNDJBNUE1NzQ0ODczM0M5OF92aWRlb19kYXNoaW5pdC5tcDQVAALIARIAFQIYOnBhc3N0aHJvdWdoX2V2ZXJzdG9yZS9HS0piS2hOU2FEQ2dUSkFDQUhLcHJ3TFZvdmdYYnFfRUFBQUYVAgLIARIAKAAYABsCiAd1c2Vfb2lsATEScHJvZ3Jlc3NpdmVfcmVjaXBlATEVAAAm1ras5KrBnAQVAigCQzMsF0AsAAAAAAAAGBJkYXNoX2Jhc2VsaW5lXzFfdjERAHX-B2XmnQEA&oh=00_Aftrb16e6NxRlv9tMftHwP62xMnBiRrr6CwaXG3OhNzozA&oe=699E27EE,10.0,88.0,88.0,2022-12-29T14:18:11.000Z,[],Vicente García Guerrero,vicentegarciakwk,54042134699,clips,14.071000099182129,"{'artist_name': 'vicentegarciakwk', 'song_name': 'Original audio', 'uses_original_audio': True, 'should_mute_audio': False, 'should_mute_audio_reason': '', 'audio_id': '532040715535690'}",,,,,,,
https://www.instagram.com/p/C_wOe9iAiMu/,,,,https://www.instagram.com/explore/tags/donacionsangre,3454324614497444654,Video,C_wOe9iAiMu,"Estres post traumatico parte 3.
#cancer #cáncer #leucemia #leucemiainfantil #lla #sobreviviente #sobrevivientes #transplante #acv #quimioterapia #radioterapia #guerrera #fractura #depresión #ansiedad #donación #donacionsangre #donaciónórganos #donaciónmédulaósea #leona #leones #fundaleu #favaloro #favalorotransplantes #inclusión #silladeruedas","['cancer', 'cáncer', 'leucemia', 'leucemiainfantil', 'lla', 'sobreviviente', 'sobrevivientes', 'transplante', 'acv', 'quimioterapia', 'radioterapia', 'guerrera', 'fractura', 'depresión', 'ansiedad', 'donación', 'donacionsangre', 'donaciónórganos', 'donaciónmédulaósea', 'leona', 'leones', 'fundaleu', 'favaloro', 'favalorotransplantes', 'inclusión', 'silladeruedas']",[],4.0,,[],640.0,360.0,https://scontent-vie1-1.cdninstagram.com/v/t51.71878-15/503119894_1370175684205374_5497863669203711985_n.jpg?stp=dst-jpg_e15_p360x360_tt6&_nc_cat=100&ig_cache_key=MzQ1NDMyNDYxNDQ5NzQ0NDY1NA%3D%3D.3-ccb7-5&ccb=7-5&_nc_sid=58cdad&efg=eyJ2ZW5jb2RlX3RhZyI6InhwaWRzLjY0MHgxMTM2LnNkci5DMyJ9&_nc_ohc=KEV33SW-XxYQ7kNvwEY-pcT&_nc_oc=AdlpVWke790um6dFqj7SrlJwmjv19xBxaSTE71m3-5KpmEhAtKph0Par9nEyhI3RTtc&_nc_ad=z-m&_nc_cid=0&_nc_zt=23&_nc_ht=scontent-vie1-1.cdninstagram.com&_nc_gid=I10clCqDxAiQaR7eZy9p5A&oh=00_AfvWC4OLKJGtyVEldrT2dNGTdb3T6zsJW63sjAmKMthyVQ&oe=69A1F6A5,[],https://scontent-vie1-1.cdninstagram.com/o1/v/t2/f2/m86/AQP0BbH1-YkLSwstJwlTsGSGMjB1cNX0jw1_qq7ZK7aNDVRYjZc_Ai-zSrqb1zIhkUNdl49C2dfHR6e3RsQNoWvd8-JeHKh1QFQQAcU.mp4?_nc_cat=101&_nc_sid=5e9851&_nc_ht=scontent-vie1-1.cdninstagram.com&_nc_ohc=wBqlV4IF4egQ7kNvwGXJme8&efg=eyJ2ZW5jb2RlX3RhZyI6Inhwdl9wcm9ncmVzc2l2ZS5JTlNUQUdSQU0uQ0xJUFMuQzMuMzYwLmRhc2hfYmFzZWxpbmVfM192MSIsInhwdl9hc3NldF9pZCI6MTE4ODgzMDQyMjMzOTkwMiwiYXNzZXRfYWdlX2RheXMiOjUzMCwidmlfdXNlY2FzZV9pZCI6MTAwOTksImR1cmF0aW9uX3MiOjg0LCJ1cmxnZW5fc291cmNlIjoid3d3In0%3D&ccb=17-1&_nc_gid=I10clCqDxAiQaR7eZy9p5A&_nc_zt=28&vs=9d4e6a67f4a9478f&_nc_vs=HBksFQIYUmlnX3hwdl9yZWVsc19wZXJtYW5lbnRfc3JfcHJvZC8zQzRBRDAzRTMxQ0Q3Q0U1NkNENzQwMTQ1QUQ4QzZCNl92aWRlb19kYXNoaW5pdC5tcDQVAALIARIAFQIYR2lnX3hwdl9yZWVsc19wZXJtYW5lbnRfc3JfcHJvZC84ODM1NzgyNjE5NzY4MDAzXzczNjY3OTU3NzIwNjcxODQyMjYubXA0FQICyAESACgAGAAbAogHdXNlX29pbAExEnByb2dyZXNzaXZlX3JlY2lwZQExFQAAJvzErPCEz5wEFQIoAkMzLBdAVTsi0OVgQhgSZGFzaF9iYXNlbGluZV8zX3YxEQB1_gdl5p0BAA&oh=00_Afs17rt5iNTRnzGfiWfJ3FE_k5zPMJ5TBmqU_s87Gu-9Gw&oe=699E0E0E,29.0,573.0,573.0,2024-09-10T22:34:18.000Z,[],Flordeguerrera,flordeguerrera_,69365360733,clips,84.96099853515625,"{'artist_name': 'flordeguerrera_', 'song_name': 'Original audio', 'uses_original_audio': True, 'should_mute_audio': False, 'should_mute_audio_reason': '', 'audio_id': '8066717360105346'}",Fundación Favaloro,5941657,,,,,
https://www.instagram.com/p/DQnnkXoDeKo/,,,,https://www.instagram.com/explore/tags/donarsangre,3758146437147124392,Video,DQnnkXoDeKo,"donar sangre es un acto amor, salvación y empatía 🩸

siempre habrá una gota para todos! 🫶🏻 - gotita 

#bancodesangre #donarsangre","['bancodesangre', 'donarsangre']",[],18.0,,[],854.0,480.0,https://scontent-vie1-1.cdninstagram.com/v/t51.71878-15/574039021_1364421191734150_1581749309246098543_n.jpg?stp=dst-jpg_e15_s640x640_tt6&_nc_cat=110&ig_cache_key=Mzc1ODE0NjQzNzE0NzEyNDM5Mg%3D%3D.3-ccb7-5&ccb=7-5&_nc_sid=58cdad&efg=eyJ2ZW5jb2RlX3RhZyI6InhwaWRzLjY0MHgxMTM4LnNkci5DMyJ9&_nc_ohc=p4eyX4bv5ocQ7kNvwEh3iaS&_nc_oc=Adk4spp0Cjy_gNXZTObCowvXzkCqb4NZlClpAS8jHnJlHzxwa_K3yCxloWUBG_hlDpw&_nc_ad=z-m&_nc_cid=0&_nc_zt=23&_nc_ht=scontent-vie1-1.cdninstagram.com&_nc_gid=OZEWEd7t49WPMisf2jcUmA&oh=00_AfuJg9ahAx44eNjawkoVog1r1fHjojXy7UviEu7PCUCSoQ&oe=69A1F179,[],https://scontent-vie1-1.cdninstagram.com/o1/v/t2/f2/m86/AQOlNy_i6Q3WU0Z4COsPaor1Gd8Ti716OuIKp30GXEh_XI3TyolC4Ig_usuKpRnGPFA9sOTjGM4bqeZlqv4ByuFml9B3_6ii_3qK0_g.mp4?_nc_cat=110&_nc_sid=5e9851&_nc_ht=scontent-vie1-1.cdninstagram.com&_nc_ohc=mG6RfcTifIUQ7kNvwEx5Gd-&efg=eyJ2ZW5jb2RlX3RhZyI6Inhwdl9wcm9ncmVzc2l2ZS5JTlNUQUdSQU0uQ0xJUFMuQzMuNDgwLmRhc2hfYmFzZWxpbmVfMV92MSIsInhwdl9hc3NldF9pZCI6NDI3MzA1MzI5MjkzMDQyOCwiYXNzZXRfYWdlX2RheXMiOjExMSwidmlfdXNlY2FzZV9pZCI6MTAwOTksImR1cmF0aW9uX3MiOjE0OCwidXJsZ2VuX3NvdXJjZSI6Ind3dyJ9&ccb=17-1&_nc_gid=OZEWEd7t49WPMisf2jcUmA&_nc_zt=28&vs=14c7283c7070bc93&_nc_vs=HBksFQIYUmlnX3hwdl9yZWVsc19wZXJtYW5lbnRfc3JfcHJvZC81MTRDREVDMTE4QkNGNEMwQzc3MUJCRTVDNDU4QUM5Ml92aWRlb19kYXNoaW5pdC5tcDQVAALIARIAFQIYR2lnX3hwdl9yZWVsc19wZXJtYW5lbnRfc3JfcHJvZC8xMTYxMTczMTA1NDYxOTIxXzc3NDQxMTA5MTE4NTg1MDc2NTIubXA0FQICyAESACgAGAAbAogHdXNlX29pbAExEnByb2dyZXNzaXZlX3JlY2lwZQExFQAAJviVjfq3lJcPFQIoAkMzLBdAYoIcrAgxJxgSZGFzaF9iYXNlbGluZV8xX3YxEQB1_gdl5p0BAA&oh=00_AftiGcEmrBYYrY_xiuagLlvmF1MBLkIIiw0vXoVjrBC_7Q&oe=699DFC77,74.0,870.0,870.0,2025-11-04T03:13:45.000Z,[],donación de ㅤ♡,donacionconamor_,78096714659,clips,148.0659942626953,"{'artist_name': 'donacionconamor_', 'song_name': 'Original audio', 'uses_original_audio': True, 'should_mute_audio': False, 'should_mute_audio_reason': '', 'audio_id': '849988561013135'}",,,,,,,
https://www.instagram.com/p/Ccbte8HM5En/,,,,https://www.instagram.com/explore/tags/donarsangre,2818046030073008423,Video,Ccbte8HM5En,"¿Si tienes tatuajes puedes donar sangre? 

Este mito ha generado mucho revuelo los últimos años y hoy @alessandrasc1 nos trae un nuevo fake news

#FakeNews #Alessandraenfakenews #tatuajes #sangre #donarsangre","['FakeNews', 'Alessandraenfakenews', 'tatuajes', 'sangre', 'donarsangre']",['alessandrasc1'],15.0,,[],1280.0,720.0,https://scontent-vie1-1.cdninstagram.com/v/t51.71878-15/496758391_9438473806250856_3807734096406076929_n.jpg?stp=dst-jpg_e15_s640x640_tt6&_nc_cat=110&ig_cache_key=MjgxODA0NjAzMDA3MzAwODQyMw%3D%3D.3-ccb7-5&ccb=7-5&_nc_sid=58cdad&efg=eyJ2ZW5jb2RlX3RhZyI6InhwaWRzLjEwODB4MTkyMC5zZHIuQzMifQ%3D%3D&_nc_ohc=WBmmptIAgDIQ7kNvwFnl2L9&_nc_oc=Adklkfh_g8SfQ31rcXhCeRtuU5ElLihZ2Y7iQclVm85MKwZ4KiXdZ9JaepdI1WH1Zfg&_nc_ad=z-m&_nc_cid=0&_nc_zt=23&_nc_ht=scontent-vie1-1.cdninstagram.com&_nc_gid=OZEWEd7t49WPMisf2jcUmA&oh=00_AfvaW4UsF3jCQsHSkjeff0UYXPEWfbb1Nq11lEBJgreF8g&oe=69A2005D,[],https://scontent-vie1-1.cdninstagram.com/o1/v/t2/f2/m86/AQNtsYtSkuHkBPZHrxZP-ot0kU16q0OMW4YNIEsoTc97piyiufu6Bx4Dqk7IOZutQSsZGdp2CqNKttL3eUhuCJkpl_g6ZzZep6cWB9c.mp4?_nc_cat=106&_nc_sid=5e9851&_nc_ht=scontent-vie1-1.cdninstagram.com&_nc_ohc=mAi7ZoNUAfEQ7kNvwF9E28l&efg=eyJ2ZW5jb2RlX3RhZyI6Inhwdl9wcm9ncmVzc2l2ZS5JTlNUQUdSQU0uQ0xJUFMuQzMuNzIwLmRhc2hfYmFzZWxpbmVfMV92MSIsInhwdl9hc3NldF9pZCI6NDc3MDY1NzM4NjM2NTg3OCwiYXNzZXRfYWdlX2RheXMiOjE0MDgsInZpX3VzZWNhc2VfaWQiOjEwMDk5LCJkdXJhdGlvbl9zIjo1MiwidXJsZ2VuX3NvdXJjZSI6Ind3dyJ9&ccb=17-1&_nc_gid=OZEWEd7t49WPMisf2jcUmA&_nc_zt=28&vs=75ee1cb61f6e9fee&_nc_vs=HBksFQIYUmlnX3hwdl9yZWVsc19wZXJtYW5lbnRfc3JfcHJvZC9GRDQ2RDM4MUE0RUU0NkY1QUMxQ0NFODc1ODVGOUVCRl92aWRlb19kYXNoaW5pdC5tcDQVAALIARIAFQIYOnBhc3N0aHJvdWdoX2V2ZXJzdG9yZS9HTFB6bkJEVTA0eUlJRzhEQU1jdkpSZjhnWVpDYnFfRUFBQUYVAgLIARIAKAAYABsCiAd1c2Vfb2lsATEScHJvZ3Jlc3NpdmVfcmVjaXBlATEVAAAm7I7gree4-RAVAigCQzMsF0BKFT987ZFoGBJkYXNoX2Jhc2VsaW5lXzFfdjERAHX-B2XmnQEA&oh=00_Afs8xgJuvYYw8H_B37O930m8swhEf6Mq7hmv2MKphmQAGA&oe=699E06F3,1048.0,59010.0,59010.0,2022-04-17T01:02:21.000Z,[],Caraota Digital,caraotadigital,991444155,clips,52.172000885009766,"{'artist_name': 'caraotadigital', 'song_name': 'Original audio', 'uses_original_audio': True, 'should_mute_audio': False, 'should_mute_audio_reason': '', 'audio_id': '554187756381219'}",,,,,,,
https://www.instagram.com/p/DKmSIWXNqKQ/,,,,https://www.instagram.com/explore/tags/donarsangre,3649684286635156112,Video,DKmSIWXNqKQ,"🩸 vida
#donasang #donarsangre 
@donarsang @sangpau","['donasang', 'donarsangre']","['donarsang', 'sangpau']",2.0,,[],1264.0,712.0,https://scontent-vie1-1.cdninstagram.com/v/t51.75761-15/504201675_18509985877027732_4022560778513651190_n.jpg?stp=dst-jpg_e15_s640x640_tt6&_nc_cat=100&ig_cache_key=MzY0OTY4NDI4NjYzNTE1NjExMg%3D%3D.3-ccb7-5&ccb=7-5&_nc_sid=58cdad&efg=eyJ2ZW5jb2RlX3RhZyI6InhwaWRzLjc1MHgxMzM0LnNkci5DMyJ9&_nc_ohc=RfIppkN2OLMQ7kNvwE8eixl&_nc_oc=Adku2swOQbpHA0gD4l1YaaN3yQIH3rTcp0kmporjGw74Ss1j10ropViqbpGU7hLnHl4&_nc_ad=z-m&_nc_cid=0&_nc_zt=23&_nc_ht=scontent-vie1-1.cdninstagram.com&_nc_gid=OZEWEd7t49WPMisf2jcUmA&oh=00_AfstYzoYaghMdTNkmaHiU1G7OfAedwH3TVlGiMi9K6s_HA&oe=69A2189A,[],https://scontent-vie1-1.cdninstagram.com/o1/v/t2/f2/m367/AQMH60LgOLrxMNv9bDVe3upFMQojk0N0p9uaikJJSJdhZu37HRquv8BBlKvtitzKdKZGNvWM3LjFXoMh6rA7rDHp5OAkqB5RkK10yyQ.mp4?_nc_cat=104&_nc_sid=5e9851&_nc_ht=scontent-vie1-1.cdninstagram.com&_nc_ohc=osAeGGbmHwMQ7kNvwHx2kaH&efg=eyJ2ZW5jb2RlX3RhZyI6Inhwdl9wcm9ncmVzc2l2ZS5JTlNUQUdSQU0uQ0xJUFMuQzMuNzEyLmRhc2hfYmFzZWxpbmVfMV92MSIsInhwdl9hc3NldF9pZCI6MTMxNTQxNDEzMDIxOTY2NiwiYXNzZXRfYWdlX2RheXMiOjI2MCwidmlfdXNlY2FzZV9pZCI6MTAwOTksImR1cmF0aW9uX3MiOjE0LCJ1cmxnZW5fc291cmNlIjoid3d3In0%3D&ccb=17-1&_nc_gid=OZEWEd7t49WPMisf2jcUmA&_nc_zt=28&vs=ab872761b4a33773&_nc_vs=HBksFQIYQGlnX2VwaGVtZXJhbC9GMDQ1QThBNEVGOUVFODVCQTUwNjlDMDE0RkNGNDE5Rl92aWRlb19kYXNoaW5pdC5tcDQVAALIARIAFQIYRmlnX3hwdl9yZWVsc19wZXJtYW5lbnRfc3JfcHJvZC83MTk4MDY3OTM4OTA0NTlfMjE1MDQzNDM5MjExMDc4MDM2MS5tcDQVAgLIARIAKAAYABsCiAd1c2Vfb2lsATEScHJvZ3Jlc3NpdmVfcmVjaXBlATEVAAAmpOq2_5aX1gQVAigCQzMsF0AsEOVgQYk3GBJkYXNoX2Jhc2VsaW5lXzFfdjERAHX-B2XmnQEA&oh=00_AfsrpJhe36YXJlwByqEjNfUyvOnh5cmyE9L5Ro8VAP-QbA&oe=69A1FBD9,-1.0,454.0,454.0,2025-06-07T11:38:24.000Z,[],Joel de Almeida,joeldealmeida,209243731,clips,14.032999992370605,"{'artist_name': 'Jarabe De Palo', 'song_name': 'Eso Que Tú Me Das', 'uses_original_audio': False, 'should_mute_audio': False, 'should_mute_audio_reason': '', 'audio_id': '237331447593251'}",Banc de Sang Sant Pau,627276667319336,,,0.0,0.0,
https://www.instagram.com/p/CNUfy3GK4gT/,,,,https://www.instagram.com/explore/tags/donarsangre,2545799523946170387,Video,CNUfy3GK4gT,"Bivac és una comunitat de persones que estimem la muntanya i ens agrada donar un cop de mà, perquè les persones puguin anar a dormir més contentes. 😴🏔️
Després de Setmana Santa les reserves de sang 🩸 baixen a causa del període vacacional. Estem organitzant l'acció: #Siporteslamuntanyaalasang una setmana en què animem tota la comunitat muntanyenca a donar sang i ajudar a aconseguir les donacions necessàries diàriament als hospitals de Catalunya. Suma't en aquesta cordada solidària, fas falta!!!
VINE A DONAR SANG
👉 Del 12 al 17 d'ABRIL
📍Catalunya ♥️ Os animamos a los que no estais en Catalunya a #donarsangre en vuestras comunidades
👉IMPORTANT necessari reservar CITA a la WEB (enllaç a la bio)
https://donarsang.gencat.cat/muntanya
•
@donarsang
@bivac_org
@feec_cat
@bomberscatalunya
@grifone_official
@ferrinoiberia
@matt.sports
#SiPorteslaMuntanyaalaSang #donarsang #feec#catalunya #bancdesangiteixits #donarsangresalvavidas #donarsangre #alpinismo #mountain #muntanya #BivacSolidari #VivacSolidario #pirineus #bancdesang#pirineos#pirineuscatalans#vivac#alpinisme#solidaritat#ayudaralosdemas","['Siporteslamuntanyaalasang', 'donarsangre', 'SiPorteslaMuntanyaalaSang', 'donarsang', 'feec', 'catalunya', 'bancdesangiteixits', 'donarsangresalvavidas', 'alpinismo', 'mountain', 'muntanya', 'BivacSolidari', 'VivacSolidario', 'pirineus', 'bancdesang', 'pirineos', 'pirineuscatalans', 'vivac', 'alpinisme', 'solidaritat', 'ayudaralosdemas']","['donarsang', 'bivac_org', 'feec_cat', 'bomberscatalunya', 'grifone_official', 'ferrinoiberia', 'matt.sports']",35.0,,[],1280.0,720.0,https://scontent-vie1-1.cdninstagram.com/v/t51.71878-15/496424208_1401748247513264_1740943314416683646_n.jpg?stp=dst-jpg_e15_s640x640_tt6&_nc_cat=103&ig_cache_key=MjU0NTc5OTUyMzk0NjE3MDM4Nw%3D%3D.3-ccb7-5&ccb=7-5&_nc_sid=58cdad&efg=eyJ2ZW5jb2RlX3RhZyI6InhwaWRzLjgyOHgxNDcyLnNkci5DMyJ9&_nc_ohc=IYSVHbcim-kQ7kNvwE9rKFz&_nc_oc=Adkv9yQAKsG7kQ8w0o7mth0l2bcctejWsdPHdUNpfO6wJG-areJEcO1gJ0Q0Syghbg0&_nc_ad=z-m&_nc_cid=0&_nc_zt=23&_nc_ht=scontent-vie1-1.cdninstagram.com&_nc_gid=OZEWEd7t49WPMisf2jcUmA&oh=00_AfvUrDgvnesaZVDYC6J9kU65CAZnooc7s3Ox3xhpRgtGzA&oe=69A20D61,[],https://scontent-vie1-1.cdninstagram.com/o1/v/t2/f2/m86/AQMQukxREDWT-yf2laB3GajTSC10qzORHtx06HOG23IFRbTNF1avUffIeBrN9MPvc5BQXXE_ua7CvSnoSuorUm9ZEJQRFiwcWe_t_Zs.mp4?_nc_cat=108&_nc_sid=5e9851&_nc_ht=scontent-vie1-1.cdninstagram.com&_nc_ohc=ME207jjQcC4Q7kNvwGjA6Cj&efg=eyJ2ZW5jb2RlX3RhZyI6Inhwdl9wcm9ncmVzc2l2ZS5JTlNUQUdSQU0uQ0xJUFMuQzMuNzIwLmRhc2hfYmFzZWxpbmVfMV92MSIsInhwdl9hc3NldF9pZCI6MTIzNjk2NjkxMzk5MTM5OSwiYXNzZXRfYWdlX2RheXMiOjE3ODQsInZpX3VzZWNhc2VfaWQiOjEwMTAxLCJkdXJhdGlvbl9zIjoyNSwidXJsZ2VuX3NvdXJjZSI6Ind3dyJ9&ccb=17-1&_nc_gid=OZEWEd7t49WPMisf2jcUmA&_nc_zt=28&vs=1679da3d44200149&_nc_vs=HBksFQIYUmlnX3hwdl9yZWVsc19wZXJtYW5lbnRfc3JfcHJvZC81RTQ1MzY0N0FDOTAxREEwRDk4ODNBQkJCMjk4NjM4MV92aWRlb19kYXNoaW5pdC5tcDQVAALIARIAFQIYOnBhc3N0aHJvdWdoX2V2ZXJzdG9yZS9HS0N4Ynh0ekhicUMwM1FGQUhQN050U2l5aU5mYnBrd0FBQUYVAgLIARIAKAAYABsCiAd1c2Vfb2lsATEScHJvZ3Jlc3NpdmVfcmVjaXBlATEVAAAmzouP2PnAsgQVAigCQzMsF0A5CHKwIMScGBJkYXNoX2Jhc2VsaW5lXzFfdjERAHX-B2XqnQEA&oh=00_AftudhbzYDK5t8U1ap0t5ByFAo1oscUthXz_xS9c48L2hg&oe=699E0FD9,768.0,21340.0,21340.0,2021-04-06T09:56:29.000Z,[],Gerard Olivé,xutonthetop,273589072,clips,25.054000854492188,"{'artist_name': 'xutonthetop', 'song_name': 'Original audio', 'uses_original_audio': True, 'should_mute_audio': False, 'should_mute_audio_reason': '', 'audio_id': '142641084457783'}",,,"[{'full_name': 'Banc de Sang i Teixits', 'id': '1371432955', 'is_private': False, 'is_verified': True, 'profile_pic_id': '3286828155757952756', 'profile_pic_url': 'https://scontent-vie1-1.cdninstagram.com/v/t51.2885-19/420581900_337998762486975_125960660322236996_n.jpg?stp=dst-jpg_e0_s150x150_tt6&efg=eyJ2ZW5jb2RlX3RhZyI6InByb2ZpbGVfcGljLmRqYW5nby42NDAuYzIifQ&_nc_ht=scontent-vie1-1.cdninstagram.com&_nc_cat=103&_nc_oc=Q6cZ2QGHMO9G52G1kYX9lCVCW6sW4YW1OO5jRSMYbVstfeTBsgoVOS7FZ74cGCz4dh7tQz0&_nc_ohc=3ti8_p29EX4Q7kNvwHeig_D&_nc_gid=OZEWEd7t49WPMisf2jcUmA&edm=AMKDjl4BAAAA&ccb=7-5&ig_cache_key=GAySERm-LCx4aDMBAEQ6Lp6NgL8BbkULAAAB1501500j-ccb7-5&oh=00_Afuvg9VDXq-1zCLvGfpQr23Zd3bkTutwluprCY3Q3klJQQ&oe=69A1E9B1&_nc_sid=472314', 'username': 'donarsang'}, {'full_name': 'Grifone', 'id': '1466426624', 'is_private': False, 'is_verified': False, 'profile_pic_id': '2658978198837065078', 'profile_pic_url': 'https://scontent-vie1-1.cdninstagram.com/v/t51.2885-19/241735271_171813098421463_6724421305327641223_n.jpg?stp=dst-jpg_e0_s150x150_tt6&efg=eyJ2ZW5jb2RlX3RhZyI6InByb2ZpbGVfcGljLmRqYW5nby4xMDgwLmMyIn0&_nc_ht=scontent-vie1-1.cdninstagram.com&_nc_cat=107&_nc_oc=Q6cZ2QGHMO9G52G1kYX9lCVCW6sW4YW1OO5jRSMYbVstfeTBsgoVOS7FZ74cGCz4dh7tQz0&_nc_ohc=E3PL_x1M7O0Q7kNvwFG7HAx&_nc_gid=OZEWEd7t49WPMisf2jcUmA&edm=AMKDjl4BAAAA&ccb=7-5&ig_cache_key=GGeWaA7X-LJaQ5wAAIdiH7iM8VFdbkULAAAB1501500j-ccb7-5&oh=00_AftmX7q22f849TUPwUy5jbRETl5zQLfLleN_JtjpQ8HK2w&oe=69A1F8C4&_nc_sid=472314', 'username': 'grifone_official'}, {'full_name': 'MATT Sports', 'id': '4698074467', 'is_private': False, 'is_verified': False, 'profile_pic_id': '3281493434928539769', 'profile_pic_url': 'https://scontent-vie1-1.cdninstagram.com/v/t51.2885-19/419572398_1850406152059012_413409441184676765_n.jpg?stp=dst-jpg_e0_s150x150_tt6&efg=eyJ2ZW5jb2RlX3RhZyI6InByb2ZpbGVfcGljLmRqYW5nby4xMDgwLmMyIn0&_nc_ht=scontent-vie1-1.cdninstagram.com&_nc_cat=104&_nc_oc=Q6cZ2QGHMO9G52G1kYX9lCVCW6sW4YW1OO5jRSMYbVstfeTBsgoVOS7FZ74cGCz4dh7tQz0&_nc_ohc=FZLPGrtqMCUQ7kNvwEqcqPP&_nc_gid=OZEWEd7t49WPMisf2jcUmA&edm=AMKDjl4BAAAA&ccb=7-5&ig_cache_key=GK4qAhmEOGJB75IGAJ37mkiyubwFbkULAAAB1501500j-ccb7-5&oh=00_AfuLgiRBCK8C3lgvLyLOWlopKjFtXJPmbSt-YeDxZ-_Nrw&oe=69A2031A&_nc_sid=472314', 'username': 'matt.sports'}, {'full_name': 'Ferrino Iberia', 'id': '6406881885', 'is_private': False, 'is_verified': False, 'profile_pic_id': '1647345201938721077', 'profile_pic_url': 'https://scontent-vie1-1.cdninstagram.com/v/t51.2885-19/23507940_1956656751241228_7289750590232461312_n.jpg?stp=dst-jpg_e0_s150x150_tt6&efg=eyJ2ZW5jb2RlX3RhZyI6InByb2ZpbGVfcGljLmRqYW5nby42NTQuYzIifQ&_nc_ht=scontent-vie1-1.cdninstagram.com&_nc_cat=104&_nc_oc=Q6cZ2QGHMO9G52G1kYX9lCVCW6sW4YW1OO5jRSMYbVstfeTBsgoVOS7FZ74cGCz4dh7tQz0&_nc_ohc=nxwGRiNu434Q7kNvwGvD04K&_nc_gid=OZEWEd7t49WPMisf2jcUmA&edm=AMKDjl4BAAAA&ccb=7-5&ig_cache_key=GOSzZgEM6JqmkfMGAAAAAACKZSplbkULAAAB1501500j-ccb7-5&oh=00_Afv_Vjaz8BfCUICxJQBwqzaO0yYBBz_hJzYnrQQjv8-F_Q&oe=69A1E96E&_nc_sid=472314', 'username': 'ferrinoiberia'}, {'full_name': 'Bivac Solidari', 'id': '35149809867', 'is_private': False, 'is_verified': False, 'profile_pic_id': '2321884750805646075', 'profile_pic_url': 'https://scontent-vie1-1.cdninstagram.com/v/t51.2885-19/75595331_2894614257324288_4316366253292781568_n.jpg?stp=dst-jpg_e0_s150x150_tt6&efg=eyJ2ZW5jb2RlX3RhZyI6InByb2ZpbGVfcGljLmRqYW5nby40MDAuYzIifQ&_nc_ht=scontent-vie1-1.cdninstagram.com&_nc_cat=100&_nc_oc=Q6cZ2QGHMO9G52G1kYX9lCVCW6sW4YW1OO5jRSMYbVstfeTBsgoVOS7FZ74cGCz4dh7tQz0&_nc_ohc=Q_Yqy8rsnM0Q7kNvwGWc0zg&_nc_gid=OZEWEd7t49WPMisf2jcUmA&edm=AMKDjl4BAAAA&ccb=7-5&ig_cache_key=GEN_gQQA0ZHmokgKAAAAAAA90OY7bkULAAAB1501500j-ccb7-5&oh=00_AfsC_HGmnt-xsqgWY4jG3hD6MbM2_K_cYek2PwcF2Sd5wA&oe=69A1F68B&_nc_sid=472314', 'username': 'bivac_org'}]",,,,
https://www.instagram.com/p/Ck965Q1AKmA/,,,,https://www.instagram.com/explore/tags/donarsangre,2971790350911318400,Video,Ck965Q1AKmA,Puedo donar sangre si me tatúo? #salud #medicina #tattoo #tatuajes #donación #donar #donarsangre #sangre,"['salud', 'medicina', 'tattoo', 'tatuajes', 'donación', 'donar', 'donarsangre', 'sangre']",[],3.0,,[],960.0,540.0,https://scontent-vie1-1.cdninstagram.com/v/t51.71878-15/496792943_1327829928514932_2246568280414265981_n.jpg?stp=dst-jpg_e15_s640x640_tt6&_nc_cat=105&ig_cache_key=Mjk3MTc5MDM1MDkxMTMxODQwMA%3D%3D.3-ccb7-5&ccb=7-5&_nc_sid=58cdad&efg=eyJ2ZW5jb2RlX3RhZyI6InhwaWRzLjU0MHg5NjAuc2RyLkMzIn0%3D&_nc_ohc=Q37n9mh9i8sQ7kNvwEGt_y3&_nc_oc=AdlwLhS2FheF7b14tsxAVfrdjy1E9Ru0ZPg9zEykwUQCNXfEjFgfOZhB_EHkxJshvtI&_nc_ad=z-m&_nc_cid=0&_nc_zt=23&_nc_ht=scontent-vie1-1.cdninstagram.com&_nc_gid=OZEWEd7t49WPMisf2jcUmA&oh=00_AftibIbc58tWoQ48jUwVMuulz2zzV_ejD85RgJKEpeu7_g&oe=69A1EBFF,[],https://scontent-vie1-1.cdninstagram.com/o1/v/t2/f2/m82/AQPY-iLcprBJNFhmmkrS4Z058HWl3tL1goB3EwZssUa6lcfUqpVKYbYeUI3-4rI3Tg1JtBezR_rkxhUk7uAvWJ9wPUHBaf5WI6IPukA.mp4?_nc_cat=106&_nc_sid=5e9851&_nc_ht=scontent-vie1-1.cdninstagram.com&_nc_ohc=7UtAYD0mVL8Q7kNvwE8fwT8&efg=eyJ2ZW5jb2RlX3RhZyI6Inhwdl9wcm9ncmVzc2l2ZS5JTlNUQUdSQU0uQ0xJUFMuQzMuNTQwLmRhc2hfYmFzZWxpbmVfMV92MSIsInhwdl9hc3NldF9pZCI6Nzk0NjQ4NTA4NDk5NzQ2LCJhc3NldF9hZ2VfZGF5cyI6MTE5NiwidmlfdXNlY2FzZV9pZCI6MTAwOTksImR1cmF0aW9uX3MiOjg2LCJ1cmxnZW5fc291cmNlIjoid3d3In0%3D&ccb=17-1&_nc_gid=OZEWEd7t49WPMisf2jcUmA&_nc_zt=28&vs=95a1b221f5f03230&_nc_vs=HBksFQIYT2lnX3hwdl9yZWVsc19wZXJtYW5lbnRfcHJvZC82QTRENkY3RDI4RjBENDE0Njg5M0QzQUU0N0VCQ0U4Ml92aWRlb19kYXNoaW5pdC5tcDQVAALIARIAFQIYOnBhc3N0aHJvdWdoX2V2ZXJzdG9yZS9HSmJyeUJKZXNsRmpDWW9CQU1WcmJRQWltZkU5YnFfRUFBQUYVAgLIARIAKAAYABsCiAd1c2Vfb2lsATEScHJvZ3Jlc3NpdmVfcmVjaXBlATEVAAAmxJyQ4dCu6QIVAigCQzMsF0BVkQYk3S8bGBJkYXNoX2Jhc2VsaW5lXzFfdjERAHX-B2XmnQEA&oh=00_Afu1UKP1DlJ1FvIhOMJCbQSCMk5ikonYRO4GRWYvZldYEw&oe=699DF367,109.0,2714.0,1056.0,2022-11-15T04:05:31.000Z,[],Dra Apokalips,apokkalips,55522953,clips,86.26599884033203,"{'artist_name': 'apokkalips', 'song_name': 'Original audio', 'uses_original_audio': True, 'should_mute_audio': False, 'should_mute_audio_reason': '', 'audio_id': '2025319717656615'}",,,,,1.0,1658.0,
https://www.instagram.com/p/DU6kvxqgQNJ/,,,,https://www.instagram.com/explore/tags/donarsangre,3835539645475652425,Video,DU6kvxqgQNJ,"La sangre puede marcar la diferencia para personas que enfrentan emergencias, cirugías, tratamientos contra el cáncer y enfermedades crónicas. Todo empieza cuando alguien decide donar. La cantante de pop latino Isadora Figueroa nos recuerda que, cuando nos apoyamos, ayudamos a salvar vidas en nuestra comunidad.

Ayúdanos a superar la grave escasez de sangre. Programa una cita para donar por el enlace en nuestra biografía.

#DonarSangre #DonaSangre #DonacionDeSangre #SalvaVida #BancoDeSangre","['DonarSangre', 'DonaSangre', 'DonacionDeSangre', 'SalvaVida', 'BancoDeSangre']",[],30.0,,[],1280.0,720.0,https://scontent-vie1-1.cdninstagram.com/v/t51.71878-15/636706230_1668406104123629_3154665409354086335_n.jpg?stp=dst-jpg_e15_p360x360_tt6&_nc_cat=101&ig_cache_key=MzgzNTUzOTY0NTQ3NTY1MjQyNQ%3D%3D.3-ccb7-5&ccb=7-5&_nc_sid=58cdad&efg=eyJ2ZW5jb2RlX3RhZyI6InhwaWRzLjY0MHgxMTM2LnNkci5DMyJ9&_nc_ohc=eSuZklwU-rsQ7kNvwHk1p7Q&_nc_oc=AdknJ4CxL4djBuKK4oyGEygRLZT7VoN0j_4sZ7b76lXrOaEwfpKPt9SzHdGV1eJhtos&_nc_ad=z-m&_nc_cid=0&_nc_zt=23&_nc_ht=scontent-vie1-1.cdninstagram.com&_nc_gid=OZEWEd7t49WPMisf2jcUmA&oh=00_Afs3EwVdiUObAmdd8lKW60Wxzh2jUah0ipmCm68qTdSpkA&oe=69A20EED,[],https://scontent-vie1-1.cdninstagram.com/o1/v/t16/f2/m69/AQNGbHDlPhT1UyPnjnBDtCvbN2a2J8AMj0BBgoQXm1j1-uLKqn8natBiQSCb70pivQfBXRIPyzmYy38OFTLIepgS.mp4?strext=1&_nc_cat=111&_nc_sid=5e9851&_nc_ht=scontent-vie1-1.cdninstagram.com&_nc_ohc=vWhaGA69-fkQ7kNvwHCycwm&efg=eyJ2ZW5jb2RlX3RhZyI6Inhwdl9wcm9ncmVzc2l2ZS5JTlNUQUdSQU0uQ0xJUFMuQzMuNzIwLmRhc2hfYmFzZWxpbmVfMV92MSIsInhwdl9hc3NldF9pZCI6MTc5NDE2ODA0NTkxMTgwNzgsImFzc2V0X2FnZV9kYXlzIjo0LCJ2aV91c2VjYXNlX2lkIjoxMDA5OSwiZHVyYXRpb25fcyI6MTQsInVybGdlbl9zb3VyY2UiOiJ3d3cifQ%3D%3D&ccb=17-1&_nc_gid=OZEWEd7t49WPMisf2jcUmA&_nc_zt=28&vs=560560125ad40e62&_nc_vs=HBksFQIYOnBhc3N0aHJvdWdoX2V2ZXJzdG9yZS9HQjlHX2lYRWRWc3R3d1lMQUdneHlIQS1JV3RPYnNwVEFRQUYVAALIARIAFQIYUWlnX3hwdl9wbGFjZW1lbnRfcGVybWFuZW50X3YyL0E0NEU0MkY0RDdFRTkzOTU3N0RBRDdGMkRGMzNCNThDX2F1ZGlvX2Rhc2hpbml0Lm1wNBUCAsgBEgAoABgAGwKIB3VzZV9vaWwBMRJwcm9ncmVzc2l2ZV9yZWNpcGUBMRUAACb814OnoPfePxUCKAJDMywXQC2qfvnbItEYEmRhc2hfYmFzZWxpbmVfMV92MREAdf4HZeadAQA&oh=00_AfuArfcwdPIT9_Tft8fBJHP4UDI9YVY4PqGP7ag_21cvUg&oe=69A21505,680.0,16933.0,16933.0,2026-02-18T22:00:14.000Z,[],American Red Cross,americanredcross,24280769,clips,14.836999893188477,"{'artist_name': 'americanredcross', 'song_name': 'Original audio', 'uses_original_audio': True, 'should_mute_audio': False, 'should_mute_audio_reason': '', 'audio_id': '25613149575054149'}",,,"[{'full_name': 'ISADORA', 'id': '144308523', 'is_private': False, 'is_verified': True, 'profile_pic_id': '3658600248292677740', 'profile_pic_url': 'https://scontent-vie1-1.cdninstagram.com/v/t51.2885-19/503610125_18510580051052524_4029985304492925168_n.jpg?stp=dst-jpg_e0_s150x150_tt6&efg=eyJ2ZW5jb2RlX3RhZyI6InByb2ZpbGVfcGljLmRqYW5nby4xMDgwLmMyIn0&_nc_ht=scontent-vie1-1.cdninstagram.com&_nc_cat=104&_nc_oc=Q6cZ2QGHMO9G52G1kYX9lCVCW6sW4YW1OO5jRSMYbVstfeTBsgoVOS7FZ74cGCz4dh7tQz0&_nc_ohc=Wx5uqFBxL4oQ7kNvwH7C66w&_nc_gid=OZEWEd7t49WPMisf2jcUmA&edm=AMKDjl4BAAAA&ccb=7-5&ig_cache_key=GA17BB7sh4dERsNBAPBgWFxIYu03bvEnAQAB1501500j-ccb7-5&oh=00_AfuG0youGUxMglGBKY-P16rSMZJmQ2Fc-FynXMX-g4CV6g&oe=69A1F14F&_nc_sid=472314', 'username': 'isadorafigueroa'}]",,,,
https://www.instagram.com/p/CywEiYkv1pM/,,,,https://www.instagram.com/explore/tags/donarsangre,3220093688604482124,Video,CywEiYkv1pM,"¡Hola! Soy Coni 🙋🏻‍♀️ y hoy les vengo a contar un poquito más sobre mí…

¡Sumate a la colecta de sangre para niños del Hospital Gutiérrez! 🩸💪
Te esperamos el Miércoles 25 de Octubre en Villa Devoto.

✅ Fecha: 25/10
✅ Lugar: Colegio Cardenal Copello (Nueva York 3571)
✅ Horario: 8:30 a 12:30 hs.

Sacá tu turno para donar en https://turnosconqr.com/donar_sangre (podés encontrar el link en nuestra biografía)

Te espero 💖

#DonarSangre #VillaDevoto #HospitalRicardoGutiérrez #salvavidas","['DonarSangre', 'VillaDevoto', 'HospitalRicardoGutiérrez', 'salvavidas']",[],7.0,,[],852.0,480.0,https://scontent-vie1-1.cdninstagram.com/v/t51.71878-15/496495741_1249654183190718_6364091115648635209_n.jpg?stp=dst-jpg_e15_p360x360_tt6&_nc_cat=109&ig_cache_key=MzIyMDA5MzY4ODYwNDQ4MjEyNA%3D%3D.3-ccb7-5&ccb=7-5&_nc_sid=58cdad&efg=eyJ2ZW5jb2RlX3RhZyI6InhwaWRzLjQ4MHg4NTIuc2RyLkMzIn0%3D&_nc_ohc=f_klQoZrwFoQ7kNvwEqrCOg&_nc_oc=AdkPsQsC4ftAJX2GcO_5WJK0dYKj64wciWCAEleTH7fJQGnz7lGW3W_Ac287-fQR4rQ&_nc_ad=z-m&_nc_cid=0&_nc_zt=23&_nc_ht=scontent-vie1-1.cdninstagram.com&_nc_gid=OZEWEd7t49WPMisf2jcUmA&oh=00_AfvSBbbwkEbGBoY9InnU_tYGZXnurNHNd4QVkDn0APqCcw&oe=69A1FE0D,[],https://scontent-vie1-1.cdninstagram.com/o1/v/t2/f2/m82/AQNKyyREvM9_Q3ZwBjkghho_2ZofCLGf07w327EiOaZtfqWpn0Sxw2xNbrbEVT6i2361YjkGS1V_qQsr_2ZkntdwT9dN597ploY8RRQ.mp4?_nc_cat=108&_nc_sid=5e9851&_nc_ht=scontent-vie1-1.cdninstagram.com&_nc_ohc=DpYHIs6Y9vEQ7kNvwGTyXtF&efg=eyJ2ZW5jb2RlX3RhZyI6Inhwdl9wcm9ncmVzc2l2ZS5JTlNUQUdSQU0uQ0xJUFMuQzMuNDgwLmRhc2hfYmFzZWxpbmVfMV92MSIsInhwdl9hc3NldF9pZCI6ODgzMDQ4NjU5ODUxMjc0LCJhc3NldF9hZ2VfZGF5cyI6ODUzLCJ2aV91c2VjYXNlX2lkIjoxMDA5OSwiZHVyYXRpb25fcyI6NjgsInVybGdlbl9zb3VyY2UiOiJ3d3cifQ%3D%3D&ccb=17-1&_nc_gid=OZEWEd7t49WPMisf2jcUmA&_nc_zt=28&vs=54541b5dcd2612a5&_nc_vs=HBksFQIYT2lnX3hwdl9yZWVsc19wZXJtYW5lbnRfcHJvZC84MTQwMEE4N0M4QjNEOTEwMjEyMzdDQzE1RUZEMjFBNl92aWRlb19kYXNoaW5pdC5tcDQVAALIARIAFQIYOnBhc3N0aHJvdWdoX2V2ZXJzdG9yZS9HRTFVamhjMFJVd0ZtR2tKQU0xbzVsOVo1T3N2YnFfRUFBQUYVAgLIARIAKAAYABsCiAd1c2Vfb2lsATEScHJvZ3Jlc3NpdmVfcmVjaXBlATEVAAAmlOCEm5nIkQMVAigCQzMsF0BROZmZmZmaGBJkYXNoX2Jhc2VsaW5lXzFfdjERAHX-B2XmnQEA&oh=00_AfvDNdRCMqSnizHgrIIzhBnp-OGe5pGdyg90mfLsnBEaZQ&oe=699DF64D,104.0,2630.0,2630.0,2023-10-23T18:28:52.000Z,[],Red Solidaria Copello,red_solidaria_copello,1402644733,clips,68.9000015258789,"{'artist_name': 'red_solidaria_copello', 'song_name': 'Original audio', 'uses_original_audio': True, 'should_mute_audio': False, 'should_mute_audio_reason': '', 'audio_id': '1976076396119160'}","Villa Devoto, Buenos Aires, Argentina",235020781,"[{'full_name': 'Coni Pantuso', 'id': '283878031', 'is_private': False, 'is_verified': False, 'profile_pic_id': '3768668652829490784', 'profile_pic_url': 'https://scontent-vie1-1.cdninstagram.com/v/t51.2885-19/582653022_18539945008038032_3759231815078686008_n.jpg?stp=dst-jpg_e0_s150x150_tt6&efg=eyJ2ZW5jb2RlX3RhZyI6InByb2ZpbGVfcGljLmRqYW5nby4xMDgwLmMyIn0&_nc_ht=scontent-vie1-1.cdninstagram.com&_nc_cat=108&_nc_oc=Q6cZ2QGHMO9G52G1kYX9lCVCW6sW4YW1OO5jRSMYbVstfeTBsgoVOS7FZ74cGCz4dh7tQz0&_nc_ohc=UA9yWtBkLoMQ7kNvwFJDIbz&_nc_gid=OZEWEd7t49WPMisf2jcUmA&edm=AMKDjl4BAAAA&ccb=7-5&ig_cache_key=GF6UuiKQAFxU_91BADitHCZreSs0bmNDAQAB1501500j-ccb7-5&oh=00_AfsmP720WIiEDf21eikxPqN2yhQM6vfdNzc9PSh_E0l9RA&oe=69A20446&_nc_sid=472314', 'username': 'constanza.pantuso'}]",,,,
https://www.instagram.com/p/DQdG-0SESwu/,,,,https://www.instagram.com/explore/tags/donarsangre,3755188369321176110,Video,DQdG-0SESwu,"El sueño ✨✨✨

#brazotes #bancodesangre #donarsangre","['brazotes', 'bancodesangre', 'donarsangre']",[],1.0,,[],1280.0,720.0,https://scontent-vie1-1.cdninstagram.com/v/t51.71878-15/572820823_2314170675704629_1582490206214581251_n.jpg?stp=dst-jpg_e15_p360x360_tt6&_nc_cat=101&ig_cache_key=Mzc1NTE4ODM2OTMyMTE3NjExMA%3D%3D.3-ccb7-5&ccb=7-5&_nc_sid=58cdad&efg=eyJ2ZW5jb2RlX3RhZyI6InhwaWRzLjY0MHgxMTM2LnNkci5DMyJ9&_nc_ohc=2hejx3eb32QQ7kNvwEe-wCB&_nc_oc=AdkWw1ymb5S04viGM5aGWVCZL15Vr4LTxhzfHthehwRBOZ1vpwgKkUmq6wx6PMMebuI&_nc_ad=z-m&_nc_cid=0&_nc_zt=23&_nc_ht=scontent-vie1-1.cdninstagram.com&_nc_gid=OZEWEd7t49WPMisf2jcUmA&oh=00_Afv0gSOQbT8yjZJcd_bDkhW8u1G8dyJrAO8ty_krvodA-g&oe=69A1F9DA,[],https://scontent-vie1-1.cdninstagram.com/o1/v/t2/f2/m86/AQOQOe3gUHi7LzxCIpsZZCDVS8n26AlahnzpAwxTIRgEi5zeyV9w2M69dEsc2N1wkZdGB_oWnTVzJPMh2XKyp66Z8a0hPSUBoV12eWI.mp4?_nc_cat=101&_nc_sid=5e9851&_nc_ht=scontent-vie1-1.cdninstagram.com&_nc_ohc=RuOV8zqh0c0Q7kNvwHUjPB9&efg=eyJ2ZW5jb2RlX3RhZyI6Inhwdl9wcm9ncmVzc2l2ZS5JTlNUQUdSQU0uQ0xJUFMuQzMuNzIwLmRhc2hfYmFzZWxpbmVfMV92MSIsInhwdl9hc3NldF9pZCI6MjQ2MTczMjM4MzQ2Mjk5MTIsImFzc2V0X2FnZV9kYXlzIjoxMTUsInZpX3VzZWNhc2VfaWQiOjEwMDk5LCJkdXJhdGlvbl9zIjo1OCwidXJsZ2VuX3NvdXJjZSI6Ind3dyJ9&ccb=17-1&_nc_gid=OZEWEd7t49WPMisf2jcUmA&_nc_zt=28&vs=4fbc1c976156d356&_nc_vs=HBksFQIYUmlnX3hwdl9yZWVsc19wZXJtYW5lbnRfc3JfcHJvZC8xMDQ4NkIzNEIyRTYyQUI5MUMwRURCQTY2NzU3MkM5Q192aWRlb19kYXNoaW5pdC5tcDQVAALIARIAFQIYRWlnX3hwdl9yZWVsc19wZXJtYW5lbnRfc3JfcHJvZC8xMTM2Nzc0NzA4NTIzNjk3XzI2ODkyMjA3OTk4OTIxMDE2Lm1wNBUCAsgBEgAoABgAGwKIB3VzZV9vaWwBMRJwcm9ncmVzc2l2ZV9yZWNpcGUBMRUAACaw_N6n69S6VxUCKAJDMywXQE1RBiTdLxsYEmRhc2hfYmFzZWxpbmVfMV92MREAdf4HZeadAQA&oh=00_Afs85-aFxJUkYgPoLMlYvAwq2Oc1jDKrwXbc_kubUJMeVg&oe=699E0B52,8.0,285.0,285.0,2025-10-31T01:16:15.000Z,[],Laura Aguila,laugdl,38806597,clips,58.632999420166016,"{'artist_name': 'laugdl', 'song_name': 'Original audio', 'uses_original_audio': True, 'should_mute_audio': False, 'should_mute_audio_reason': '', 'audio_id': '1399302794864965'}",,,,,,,
https://www.instagram.com/p/CiQOPUQs8s3/,,,,https://www.instagram.com/explore/tags/donarsangre,2922898783361813303,Video,CiQOPUQs8s3,"Día +62❣
Hoy se cumplen 2 meses del acto de amor mas grande...gracias Dios por cuidar de tus hijos y elegirme para ser su madre terrenal💖

#donarsalvavidas #donarsangre #donarmédulaósea","['donarsalvavidas', 'donarsangre', 'donarmédulaósea']",[],3.0,,[],720.0,720.0,https://scontent-vie1-1.cdninstagram.com/v/t51.71878-15/503320826_1239118077788564_7848799393349515050_n.jpg?stp=dst-jpg_e15_s360x360_tt6&_nc_cat=111&ig_cache_key=MjkyMjg5ODc4MzM2MTgxMzMwMw%3D%3D.3-ccb7-5&ccb=7-5&_nc_sid=58cdad&efg=eyJ2ZW5jb2RlX3RhZyI6InhwaWRzLjEwODB4MTA4MC5zZHIuQzMifQ%3D%3D&_nc_ohc=pK3iipUwGlMQ7kNvwFgE-0X&_nc_oc=AdnECo4faGHnoNs2--1gSWwI1XXtNQ2p94VQo30F9vLvalgBKTYqLaN3wgUro0D8pLo&_nc_ad=z-m&_nc_cid=0&_nc_zt=23&_nc_ht=scontent-vie1-1.cdninstagram.com&_nc_gid=OZEWEd7t49WPMisf2jcUmA&oh=00_AfszIY5tyVIFUIvrjQQhdojCF-s2xCPRHKCao5TYFNrL5w&oe=69A1E93C,[],https://scontent-vie1-1.cdninstagram.com/o1/v/t2/f2/m86/AQOFye0KGuyh_1EJA5JfcidfqkQt3wwRse0M2Lo0LgcwVYBFtFHV0mmOhj8LspDIaqk904CSUMEPEX7sJbBy20_IXxyp3Kdg4OCYxw4.mp4?_nc_cat=104&_nc_sid=5e9851&_nc_ht=scontent-vie1-1.cdninstagram.com&_nc_ohc=zgtYWP3ojqQQ7kNvwFSc9T0&efg=eyJ2ZW5jb2RlX3RhZyI6Inhwdl9wcm9ncmVzc2l2ZS5JTlNUQUdSQU0uQ0xJUFMuQzMuNzIwLmRhc2hfYmFzZWxpbmVfMV92MSIsInhwdl9hc3NldF9pZCI6NjA3NTExODgwOTQ5MTkwLCJhc3NldF9hZ2VfZGF5cyI6MTI2MywidmlfdXNlY2FzZV9pZCI6MTAwOTksImR1cmF0aW9uX3MiOjU1LCJ1cmxnZW5fc291cmNlIjoid3d3In0%3D&ccb=17-1&_nc_gid=OZEWEd7t49WPMisf2jcUmA&_nc_zt=28&vs=e928eeb04a912a25&_nc_vs=HBksFQIYUmlnX3hwdl9yZWVsc19wZXJtYW5lbnRfc3JfcHJvZC8xQjRFNUFBODIyNkY3QzFBRDk3NDQzQ0FBMTNBMjZBMl92aWRlb19kYXNoaW5pdC5tcDQVAALIARIAFQIYOnBhc3N0aHJvdWdoX2V2ZXJzdG9yZS9HSGRKUGhMTmJjZXZ4ZFFEQUZ0TWxzSnZTSTQ3YnFfRUFBQUYVAgLIARIAKAAYABsCiAd1c2Vfb2lsATEScHJvZ3Jlc3NpdmVfcmVjaXBlATEVAAAmjPfineyhlAIVAigCQzMsF0BLgAAAAAAAGBJkYXNoX2Jhc2VsaW5lXzFfdjERAHX-B2XmnQEA&oh=00_Afu503D9t2KDcfDzYgad7o61Myd_qPk49J00z6tYJ5tC2A&oe=699E24B9,156.0,931.0,931.0,2022-09-08T17:11:28.000Z,[],Noelia Aloy,noealoy,1528417692,clips,55.007999420166016,"{'artist_name': 'noealoy', 'song_name': 'Original audio', 'uses_original_audio': True, 'should_mute_audio': False, 'should_mute_audio_reason': '', 'audio_id': '404308085172846'}",Hospital Privado de Córdoba,406001062,,,,,
https://www.instagram.com/p/DUQh4FBDE-T/,,,,https://www.instagram.com/explore/tags/donarsangre,3823705072849407891,Video,DUQh4FBDE-T,"Poder donar sangre significa que cumples unos criterios básicos de seguridad en ese momento ✅: peso mínimo ⚖️, hemoglobina adecuada 🧪, constantes estables ❤️ y ausencia de determinadas enfermedades o conductas de riesgo. Todo esto protege tanto al donante como al receptor 🤝.

Pero donar sangre no equivale a “tener una salud perfecta” 🚫🩺. La analítica previa es muy básica y no sustituye a una revisión médica completa. Por ejemplo, no detecta colesterol alto, hipertensión leve, diabetes inicial u otros problemas que pueden no dar síntomas 🔍.

Eso sí, la sangre donada se analiza después para descartar infecciones transmisibles 🦠, y si aparece alguna alteración relevante te avisarían 📞. Aun así, no es un chequeo médico completo.

Conclusión ✨: poder donar suele indicar que estás razonablemente sano en ese momento, pero no es una garantía absoluta de salud 🧠💡.
Donar es un acto solidario ❤️… y cuidarse sigue siendo imprescindible.

¿Tú pensabas que si podías donar sangre significaba que estabas totalmente sano?

#donarsangre #saludpublica #divulgacionsanitaria #saludbasadaenevidencia #farmacia","['donarsangre', 'saludpublica', 'divulgacionsanitaria', 'saludbasadaenevidencia', 'farmacia']",[],11.0,,[],1024.0,576.0,https://scontent-vie1-1.cdninstagram.com/v/t51.82787-15/627200874_18556615444061889_5562095128913434858_n.jpg?stp=dst-jpg_e15_s640x640_tt6&_nc_cat=107&ig_cache_key=MzgyMzcwNTA3Mjg0OTQwNzg5MTE4NTU2NjE1NDM4MDYxODg5.3-ccb7-5&ccb=7-5&_nc_sid=58cdad&efg=eyJ2ZW5jb2RlX3RhZyI6InhwaWRzLjg2NHgxNTM2LnNkci5DMyJ9&_nc_ohc=wYajO0RORYQQ7kNvwGkdViI&_nc_oc=AdkxOyuPol2QA270izJpGwsGWkXQNGPIJyGowN392TzuGl331sprUw50QaBF5j6B5es&_nc_ad=z-m&_nc_cid=0&_nc_zt=23&_nc_ht=scontent-vie1-1.cdninstagram.com&_nc_gid=OZEWEd7t49WPMisf2jcUmA&oh=00_AfudYxU8yC_sd2eNFBYrF8_rbbeWrBxrqk3dqV3TRhg_jw&oe=69A20FF1,[],https://scontent-vie1-1.cdninstagram.com/o1/v/t2/f2/m86/AQP9LT1bePpr2tsUf5xjZcP_-ORFRJueQXdvnwcX_Zs1WINUR3-Xk2Mzl3vF2EjwISSKg9U2bkEdaCOlpy-h7IKfgLXRwRSx7c-CgEw.mp4?_nc_cat=111&_nc_sid=5e9851&_nc_ht=scontent-vie1-1.cdninstagram.com&_nc_ohc=MGqTJ-ru3joQ7kNvwEHPvuu&efg=eyJ2ZW5jb2RlX3RhZyI6Inhwdl9wcm9ncmVzc2l2ZS5JTlNUQUdSQU0uQ0xJUFMuQzMuNTc2LmRhc2hfYmFzZWxpbmVfMV92MSIsInhwdl9hc3NldF9pZCI6MTc5NDA1ODc0OTMxMzI4OTcsImFzc2V0X2FnZV9kYXlzIjoyMCwidmlfdXNlY2FzZV9pZCI6MTAwOTksImR1cmF0aW9uX3MiOjU5LCJ1cmxnZW5fc291cmNlIjoid3d3In0%3D&ccb=17-1&_nc_gid=OZEWEd7t49WPMisf2jcUmA&_nc_zt=28&vs=fbae56faca4c0654&_nc_vs=HBksFQIYUmlnX3hwdl9yZWVsc19wZXJtYW5lbnRfc3JfcHJvZC9FQTQ4Rjg3NjZDNTYzNTUxNjhFQzU5RTdFMTVBNDhBMl92aWRlb19kYXNoaW5pdC5tcDQVAALIARIAFQIYUWlnX3hwdl9wbGFjZW1lbnRfcGVybWFuZW50X3YyL0JDNEYyOTI0QTgyRTExNjhBQzRFOTJGNzZERjU3RUEzX2F1ZGlvX2Rhc2hpbml0Lm1wNBUCAsgBEgAoABgAGwKIB3VzZV9vaWwBMRJwcm9ncmVzc2l2ZV9yZWNpcGUBMRUAACbCqbiJ0bfePxUCKAJDMywXQE2IcrAgxJwYEmRhc2hfYmFzZWxpbmVfMV92MREAdf4HZeadAQA&oh=00_Afu65WZ1ZauN3XW8YOCm_zjAfSsV9t5eWK5nlL0Tusv54w&oe=699E1600,-1.0,3584.0,3584.0,2026-02-02T14:07:02.000Z,[],Cristina Carrillo,cris__carrillo,1386941888,clips,59.066001892089844,"{'artist_name': 'cris__carrillo', 'song_name': 'Original audio', 'uses_original_audio': True, 'should_mute_audio': False, 'should_mute_audio_reason': '', 'audio_id': '33529157156730410'}",Cadiz-San Fernando,613019669,"[{'full_name': '📸INFLUBLOGGERS • OFFICIAL ACCOUNT', 'id': '44207041945', 'is_private': True, 'is_verified': False, 'profile_pic_id': '3832799084885445592', 'profile_pic_url': 'https://scontent-vie1-1.cdninstagram.com/v/t51.2885-19/628522292_18091889957473946_6950895928300609495_n.jpg?stp=dst-jpg_e0_s150x150_tt6&efg=eyJ2ZW5jb2RlX3RhZyI6InByb2ZpbGVfcGljLmRqYW5nby4xMDE2LmMyIn0&_nc_ht=scontent-vie1-1.cdninstagram.com&_nc_cat=102&_nc_oc=Q6cZ2QGHMO9G52G1kYX9lCVCW6sW4YW1OO5jRSMYbVstfeTBsgoVOS7FZ74cGCz4dh7tQz0&_nc_ohc=nVWN-ms7jhYQ7kNvwHV4j1p&_nc_gid=OZEWEd7t49WPMisf2jcUmA&edm=AMKDjl4BAAAA&ccb=7-5&ig_cache_key=GDR9diWaDjtiekZAANcfEfUEi3ZgbmNDAQAB1501500j-ccb7-5&oh=00_Afsy1hih5Zgt48a7je1jhvLZkQjUe20vb2KMOQRrw2ZSIA&oe=69A20156&_nc_sid=472314', 'username': 'influbloggers'}, {'full_name': '▪️▫️▪️Agencia de Influencers ▪️▫️▪️', 'id': '72662837214', 'is_private': True, 'is_verified': False, 'profile_pic_id': '3591166592590930946', 'profile_pic_url': 'https://scontent-vie1-1.cdninstagram.com/v/t51.2885-19/484547102_1479983912975379_5493064006339832735_n.jpg?stp=dst-jpg_e0_s150x150_tt6&efg=eyJ2ZW5jb2RlX3RhZyI6InByb2ZpbGVfcGljLmRqYW5nby4xMDgwLmMyIn0&_nc_ht=scontent-vie1-1.cdninstagram.com&_nc_cat=103&_nc_oc=Q6cZ2QGHMO9G52G1kYX9lCVCW6sW4YW1OO5jRSMYbVstfeTBsgoVOS7FZ74cGCz4dh7tQz0&_nc_ohc=QbjQraVrgqAQ7kNvwHD4nub&_nc_gid=OZEWEd7t49WPMisf2jcUmA&edm=AMKDjl4BAAAA&ccb=7-5&ig_cache_key=GB6a4RwT-GebCUIFAJ_rXjqcSDtMbkULAAAB1501500j-ccb7-5&oh=00_AftFCLocpIIT6k2gvdbRv7LL4A5CoYsbCTBKXp7tfR0wvA&oe=69A201D7&_nc_sid=472314', 'username': 'zara.adicction'}]",,,,
https://www.instagram.com/p/DECbo-5sUx2/,,,,https://www.instagram.com/explore/tags/donarsangre,3531506621386673270,Video,DECbo-5sUx2,"Si te tienen que poner sangre 🩸 y sales hablando en latín, es que te han puesto la mía 😁 
¡Anímate a donar sangre! Luego te dan un café 😁
.
#Donación #donarsangre #donarsalvavidas #donarsangresalvavidas #donarsangreesdonarvida #donar #cruzroja #donarestábien #latínlovers #latinlovers #calamaresalaromana #locosporlosclasicos #pequeñahistoriadelamitologíaclásica","['Donación', 'donarsangre', 'donarsalvavidas', 'donarsangresalvavidas', 'donarsangreesdonarvida', 'donar', 'cruzroja', 'donarestábien', 'latínlovers', 'latinlovers', 'calamaresalaromana', 'locosporlosclasicos', 'pequeñahistoriadelamitologíaclásica']",[],37.0,,[],1280.0,720.0,https://scontent-vie1-1.cdninstagram.com/v/t51.75761-15/470900653_18484313128000169_8341643983258843728_n.jpg?stp=dst-jpg_e15_s640x640_tt6&_nc_cat=110&ig_cache_key=MzUzMTUwNjYyMTM4NjY3MzI3MA%3D%3D.3-ccb7-5&ccb=7-5&_nc_sid=58cdad&_nc_aid=2427&efg=eyJ2ZW5jb2RlX3RhZyI6InhwaWRzLjExNzl4MjA5Ni5zZHIuQzMifQ%3D%3D&_nc_ohc=9pxB1z-BjzsQ7kNvwGO5kVM&_nc_oc=AdmOJ-TedlB0sU6fhTOdyvAQa0IfmB1VXja0wPGA6BSJkg0tpjX8pTZHq1djIJPkErI&_nc_ad=z-m&_nc_cid=0&_nc_zt=23&_nc_ht=scontent-vie1-1.cdninstagram.com&_nc_gid=OZEWEd7t49WPMisf2jcUmA&oh=00_Afthdzme7JnI6nzX9F1RtLHDRLnonM1Dy0Avu7XX91OBSw&oe=69A1EBED,[],https://scontent-vie1-1.cdninstagram.com/o1/v/t2/f2/m367/AQNOoFXmdf8ssvrfPFZA9-6ZE_h5A6o17HC-zwBE5sxfmXAxqhTZy66TpFvFSwKXIhjSj5VDqew88hPaECcCSzd0bw-zmOnKgcRdeck.mp4?_nc_cat=106&_nc_sid=5e9851&_nc_ht=scontent-vie1-1.cdninstagram.com&_nc_ohc=zZokR8DUjgAQ7kNvwF5bhya&efg=eyJ2ZW5jb2RlX3RhZyI6Inhwdl9wcm9ncmVzc2l2ZS5JTlNUQUdSQU0uQ0xJUFMuQzMuNzIwLmRhc2hfYmFzZWxpbmVfMV92MSIsInhwdl9hc3NldF9pZCI6NTY3MjQzNzU2MDY1MDMwLCJhc3NldF9hZ2VfZGF5cyI6NDI0LCJ2aV91c2VjYXNlX2lkIjoxMDA5OSwiZHVyYXRpb25fcyI6MjYsInVybGdlbl9zb3VyY2UiOiJ3d3cifQ%3D%3D&ccb=17-1&_nc_gid=OZEWEd7t49WPMisf2jcUmA&_nc_zt=28&vs=6f0f0463c0bf070c&_nc_vs=HBksFQIYQGlnX2VwaGVtZXJhbC9BRTREMDMwQjIyRjYyQ0UyQTE4NDgwQUE0NkE2QURCM192aWRlb19kYXNoaW5pdC5tcDQVAALIARIAFQIYRmlnX3hwdl9yZWVsc19wZXJtYW5lbnRfc3JfcHJvZC80NjI1ODI0Mjk5NTEzODlfNjUwMzQ0NzU0Mzk2NDY0NDYwNC5tcDQVAgLIARIAKAAYABsCiAd1c2Vfb2lsATEScHJvZ3Jlc3NpdmVfcmVjaXBlATEVAAAmjMSmqff5gQIVAigCQzMsF0A6vCj1wo9cGBJkYXNoX2Jhc2VsaW5lXzFfdjERAHX-B2XmnQEA&oh=00_Aft0QvQQlbIj5toe93CpXZwtWcf1rBK1L2uGL8cmGqmw-g&oe=69A1F81B,577.0,10388.0,10388.0,2024-12-26T10:31:44.000Z,[],Emilio del Río Sanz,emilio.delrio,1468032168,clips,26.746999740600586,"{'artist_name': 'emilio.delrio', 'song_name': 'Original audio', 'uses_original_audio': True, 'should_mute_audio': False, 'should_mute_audio_reason': '', 'audio_id': '1314500889977028'}",Hospital Central de la Cruz Roja San José y Santa Adela,1397759117142761,"[{'full_name': 'Cruz Roja Hondureña', 'id': '717984555', 'is_private': False, 'is_verified': True, 'profile_pic_id': '3278891512963404217', 'profile_pic_url': 'https://scontent-vie1-1.cdninstagram.com/v/t51.2885-19/418648386_389574896897299_6954701987980817667_n.jpg?stp=dst-jpg_e0_s150x150_tt6&efg=eyJ2ZW5jb2RlX3RhZyI6InByb2ZpbGVfcGljLmRqYW5nby42MzcuYzIifQ&_nc_ht=scontent-vie1-1.cdninstagram.com&_nc_cat=107&_nc_oc=Q6cZ2QGHMO9G52G1kYX9lCVCW6sW4YW1OO5jRSMYbVstfeTBsgoVOS7FZ74cGCz4dh7tQz0&_nc_ohc=s-M6_M7U9esQ7kNvwF3Kd75&_nc_gid=OZEWEd7t49WPMisf2jcUmA&edm=AMKDjl4BAAAA&ccb=7-5&ig_cache_key=GEIR9BgTzVf5UGIBAAO1TEicEIRgbkULAAAB1501500j-ccb7-5&oh=00_AfscHlWRCZtyB2KacQ-quRXJxrF8Eu1noLcpfU6f5G-65g&oe=69A2050A&_nc_sid=472314', 'username': 'cruzrojahondurena'}, {'full_name': 'Cruz Roja en La Rioja', 'id': '733387157', 'is_private': False, 'is_verified': False, 'profile_pic_id': '3517091583720875077', 'profile_pic_url': 'https://scontent-vie1-1.cdninstagram.com/v/t51.2885-19/469633692_587146477012100_5614240699844455020_n.jpg?stp=dst-jpg_e0_s150x150_tt6&efg=eyJ2ZW5jb2RlX3RhZyI6InByb2ZpbGVfcGljLmRqYW5nby4zOTkuYzIifQ&_nc_ht=scontent-vie1-1.cdninstagram.com&_nc_cat=108&_nc_oc=Q6cZ2QGHMO9G52G1kYX9lCVCW6sW4YW1OO5jRSMYbVstfeTBsgoVOS7FZ74cGCz4dh7tQz0&_nc_ohc=eemGCIZSryYQ7kNvwGrmyAi&_nc_gid=OZEWEd7t49WPMisf2jcUmA&edm=AMKDjl4BAAAA&ccb=7-5&ig_cache_key=GJwK-huEhDGxARYCAGzqxMUryulNbkULAAAB1501500j-ccb7-5&oh=00_AfvkxvJwR4qhjBvoMPafmGLMSldXiU_WhX1FMN1IYTAUUQ&oe=69A2001B&_nc_sid=472314', 'username': 'cruzrojarioja'}, {'full_name': 'Cruz Roja Donación de Sangre', 'id': '2096243578', 'is_private': False, 'is_verified': False, 'profile_pic_id': '2593777869379997998', 'profile_pic_url': 'https://scontent-vie1-1.cdninstagram.com/v/t51.2885-19/198996086_335425761273286_3569083548977225028_n.jpg?stp=dst-jpg_e0_s150x150_tt6&efg=eyJ2ZW5jb2RlX3RhZyI6InByb2ZpbGVfcGljLmRqYW5nby4xMDgwLmMyIn0&_nc_ht=scontent-vie1-1.cdninstagram.com&_nc_cat=110&_nc_oc=Q6cZ2QGHMO9G52G1kYX9lCVCW6sW4YW1OO5jRSMYbVstfeTBsgoVOS7FZ74cGCz4dh7tQz0&_nc_ohc=_MSNX-FDogAQ7kNvwE6FNfM&_nc_gid=OZEWEd7t49WPMisf2jcUmA&edm=AMKDjl4BAAAA&ccb=7-5&ig_cache_key=GHZw3AvGZVllETEBAERdevaT7ocxbkULAAAB1501500j-ccb7-5&oh=00_AftIJ-LJEdDURT9dI62rTLiNruk3xgnR8BUtR7bCBZxWaw&oe=69A1F1ED&_nc_sid=472314', 'username': 'cruzrojadonasangre'}, {'full_name': 'Cruz Roja Española', 'id': '2285914219', 'is_private': False, 'is_verified': True, 'profile_pic_id': '3517101430302456849', 'profile_pic_url': 'https://scontent-vie1-1.cdninstagram.com/v/t51.2885-19/469535417_467365752652442_2965124042362280989_n.jpg?stp=dst-jpg_e0_s150x150_tt6&efg=eyJ2ZW5jb2RlX3RhZyI6InByb2ZpbGVfcGljLmRqYW5nby4yMDAuYzIifQ&_nc_ht=scontent-vie1-1.cdninstagram.com&_nc_cat=102&_nc_oc=Q6cZ2QGHMO9G52G1kYX9lCVCW6sW4YW1OO5jRSMYbVstfeTBsgoVOS7FZ74cGCz4dh7tQz0&_nc_ohc=zkFMMZWKHr0Q7kNvwHibfTx&_nc_gid=OZEWEd7t49WPMisf2jcUmA&edm=AMKDjl4BAAAA&ccb=7-5&ig_cache_key=GLmK-BuawqoREakBAB1c_UubPCYpbkULAAAB1501500j-ccb7-5&oh=00_AfsVvyrFe0mtJh5cYUmpFvOdjc_ozYw9bUXMbT6mMkPBwg&oe=69A202F0&_nc_sid=472314', 'username': 'cruzrojaesp'}, {'full_name': 'Cruz Roja en la Comunidad de Madrid 📍', 'id': '4289462610', 'is_private': False, 'is_verified': False, 'profile_pic_id': '3516433691519190459', 'profile_pic_url': 'https://scontent-vie1-1.cdninstagram.com/v/t51.2885-19/469317336_1326442955455547_6242861954696010951_n.jpg?stp=dst-jpg_e0_s150x150_tt6&efg=eyJ2ZW5jb2RlX3RhZyI6InByb2ZpbGVfcGljLmRqYW5nby4xMDgwLmMyIn0&_nc_ht=scontent-vie1-1.cdninstagram.com&_nc_cat=111&_nc_oc=Q6cZ2QGHMO9G52G1kYX9lCVCW6sW4YW1OO5jRSMYbVstfeTBsgoVOS7FZ74cGCz4dh7tQz0&_nc_ohc=iZjC635vbRoQ7kNvwFzymFs&_nc_gid=OZEWEd7t49WPMisf2jcUmA&edm=AMKDjl4BAAAA&ccb=7-5&ig_cache_key=GNg2_Rs7vCyRZLYEAMfcdCffGaNWbkULAAAB1501500j-ccb7-5&oh=00_AfsL95Ju6LnbJwiYsfSU1FlCjU9RyjVJSYY4vkcD06nRjw&oe=69A1EB6F&_nc_sid=472314', 'username': 'cruzrojamadrid'}, {'full_name': 'Cruz Roja en Castilla y León', 'id': '8252513862', 'is_private': False, 'is_verified': False, 'profile_pic_id': '3516400385581443412', 'profile_pic_url': 'https://scontent-vie1-1.cdninstagram.com/v/t51.2885-19/469180454_914540877442647_2056022224128984947_n.jpg?stp=dst-jpg_e0_s150x150_tt6&efg=eyJ2ZW5jb2RlX3RhZyI6InByb2ZpbGVfcGljLmRqYW5nby4xMDgwLmMyIn0&_nc_ht=scontent-vie1-1.cdninstagram.com&_nc_cat=103&_nc_oc=Q6cZ2QGHMO9G52G1kYX9lCVCW6sW4YW1OO5jRSMYbVstfeTBsgoVOS7FZ74cGCz4dh7tQz0&_nc_ohc=e-8NYBY3-vMQ7kNvwHXevfZ&_nc_gid=OZEWEd7t49WPMisf2jcUmA&edm=AMKDjl4BAAAA&ccb=7-5&ig_cache_key=GCYg9xtX7iEkxT8DAHNHhM9RdYgcbkULAAAB1501500j-ccb7-5&oh=00_AfuemCzykUww8UjfbMY4qOjtBxzbdrls3acY6g5zgoTKTQ&oe=69A1EB1D&_nc_sid=472314', 'username': 'cruzroja_castillayleon'}, {'full_name': 'Banco de Sangre y Tejidos de Aragón', 'id': '8342477885', 'is_private': False, 'is_verified': False, 'profile_pic_id': '2657646006030045708', 'profile_pic_url': 'https://scontent-vie1-1.cdninstagram.com/v/t51.2885-19/241282388_575079646856497_5869621239360275023_n.jpg?stp=dst-jpg_e0_s150x150_tt6&efg=eyJ2ZW5jb2RlX3RhZyI6InByb2ZpbGVfcGljLmRqYW5nby4zMjAuYzIifQ&_nc_ht=scontent-vie1-1.cdninstagram.com&_nc_cat=101&_nc_oc=Q6cZ2QGHMO9G52G1kYX9lCVCW6sW4YW1OO5jRSMYbVstfeTBsgoVOS7FZ74cGCz4dh7tQz0&_nc_ohc=Jh4Y4IGfhKkQ7kNvwF4nEAA&_nc_gid=OZEWEd7t49WPMisf2jcUmA&edm=AMKDjl4BAAAA&ccb=7-5&ig_cache_key=GFStYQ4xhREqCAsCAE9CKCprFXVRbkULAAAB1501500j-ccb7-5&oh=00_Afu00WMwelymdykVt0lmB51nBZtu1mhnIrSalSKlCNvNvg&oe=69A21CBA&_nc_sid=472314', 'username': 'bancosangrearagon'}, {'full_name': 'Donación de sangre Carlos Pellegrini, Santa Fe', 'id': '17331978899', 'is_private': False, 'is_verified': False, 'profile_pic_id': '3124223026374927450', 'profile_pic_url': 'https://scontent-vie1-1.cdninstagram.com/v/t51.2885-19/353943500_680839063852978_7229901814562509652_n.jpg?stp=dst-jpg_e0_s150x150_tt6&efg=eyJ2ZW5jb2RlX3RhZyI6InByb2ZpbGVfcGljLmRqYW5nby43NjEuYzIifQ&_nc_ht=scontent-vie1-1.cdninstagram.com&_nc_cat=110&_nc_oc=Q6cZ2QGHMO9G52G1kYX9lCVCW6sW4YW1OO5jRSMYbVstfeTBsgoVOS7FZ74cGCz4dh7tQz0&_nc_ohc=8l7zf7UcEYUQ7kNvwG5RUyQ&_nc_gid=OZEWEd7t49WPMisf2jcUmA&edm=AMKDjl4BAAAA&ccb=7-5&ig_cache_key=GMy-GBWy14wyOGsCAFRT8wllxVVkbkULAAAB1501500j-ccb7-5&oh=00_Afseoq68tkb0NzUIxWe2t4K_Ij9jNFlj-B6mNC5CSw8vpg&oe=69A1F638&_nc_sid=472314', 'username': 'somosdonantes.cp'}, {'full_name': 'Cruz Roja Cuenca', 'id': '20458605162', 'is_private': False, 'is_verified': False, 'profile_pic_id': '2573385240884930410', 'profile_pic_url': 'https://scontent-vie1-1.cdninstagram.com/v/t51.2885-19/185779966_846497982878539_8369983138566630833_n.jpg?stp=dst-jpg_e0_s150x150_tt6&efg=eyJ2ZW5jb2RlX3RhZyI6InByb2ZpbGVfcGljLmRqYW5nby4xMDgwLmMyIn0&_nc_ht=scontent-vie1-1.cdninstagram.com&_nc_cat=107&_nc_oc=Q6cZ2QGHMO9G52G1kYX9lCVCW6sW4YW1OO5jRSMYbVstfeTBsgoVOS7FZ74cGCz4dh7tQz0&_nc_ohc=UUMKkC3g7WsQ7kNvwEUCung&_nc_gid=OZEWEd7t49WPMisf2jcUmA&edm=AMKDjl4BAAAA&ccb=7-5&ig_cache_key=GP7GEgtLk5Kr4gEDALHtRYZRJyh0bkULAAAB1501500j-ccb7-5&oh=00_AfvCx2D59ARH5Ei-bubly-uU1TUHaNlOOa1ktXWGW3gRgw&oe=69A1EE22&_nc_sid=472314', 'username': 'cruzrojacuenca'}, {'full_name': 'Donacion_Sangre', 'id': '24774907553', 'is_private': False, 'is_verified': False, 'profile_pic_id': '2176338841450192739', 'profile_pic_url': 'https://scontent-vie1-1.cdninstagram.com/v/t51.2885-19/73425446_448471769140306_1544811277224771584_n.jpg?stp=dst-jpg_e0_s150x150_tt6&efg=eyJ2ZW5jb2RlX3RhZyI6InByb2ZpbGVfcGljLmRqYW5nby4yOTAuYzIifQ&_nc_ht=scontent-vie1-1.cdninstagram.com&_nc_cat=110&_nc_oc=Q6cZ2QGHMO9G52G1kYX9lCVCW6sW4YW1OO5jRSMYbVstfeTBsgoVOS7FZ74cGCz4dh7tQz0&_nc_ohc=t1aATkHEVe0Q7kNvwH-uARh&_nc_gid=OZEWEd7t49WPMisf2jcUmA&edm=AMKDjl4BAAAA&ccb=7-5&ig_cache_key=GCZiYARSzH344ZcBAAAAAACsRXAVbkULAAAB1501500j-ccb7-5&oh=00_AfvCQipt41eMu1Uq9jILw0jiSghdBTJjQDiYkmFsdv8W0Q&oe=69A2096C&_nc_sid=472314', 'username': 'donacion_sangre'}, {'full_name': 'Dona sangre Madrid', 'id': '44192450521', 'is_private': False, 'is_verified': False, 'profile_pic_id': '2422751330339938085', 'profile_pic_url': 'https://scontent-vie1-1.cdninstagram.com/v/t51.2885-19/121725887_370867354125777_1250806580642554507_n.jpg?stp=dst-jpg_e0_s150x150_tt6&efg=eyJ2ZW5jb2RlX3RhZyI6InByb2ZpbGVfcGljLmRqYW5nby40NjguYzIifQ&_nc_ht=scontent-vie1-1.cdninstagram.com&_nc_cat=109&_nc_oc=Q6cZ2QGHMO9G52G1kYX9lCVCW6sW4YW1OO5jRSMYbVstfeTBsgoVOS7FZ74cGCz4dh7tQz0&_nc_ohc=zwT9I3Fz4GoQ7kNvwHy-F_1&_nc_gid=OZEWEd7t49WPMisf2jcUmA&edm=AMKDjl4BAAAA&ccb=7-5&ig_cache_key=GL9jQQfRxeZITVEBAIui60H1wVsRbkULAAAB1501500j-ccb7-5&oh=00_AftK7PNuvXs42WDGnLysZGHkfZQnErwvafdbFtBTtw6ycQ&oe=69A211BC&_nc_sid=472314', 'username': 'donasangrevida'}]",,,,
https://www.instagram.com/p/DUSDNdDDPWo/,,,,https://www.instagram.com/explore/tags/donarsangre,3824133152273397160,Video,DUSDNdDDPWo,"Influencer pide ayuda urgente para @_la_riri
🚨💔 La influencer azzucar_morena_ publicó un reel llorando para pedir ayuda urgente para su amiga @_la_riri, quien se encuentra en estado crítico tras un grave accidente.
Solicitan donaciones de sangre O+ para la paciente ingresada en el hospital La Benéfica, en La Habana.

Una vez más, las redes se convierten en un llamado solidario. ¿Puedes ayudar o compartir? 🩸🙏

#AyudaUrgente #Cuba #DonarSangre #Solidaridad","['AyudaUrgente', 'Cuba', 'DonarSangre', 'Solidaridad']","['_la_riri', '_la_riri,']",237.0,,[],1920.0,1080.0,https://scontent-vie1-1.cdninstagram.com/v/t51.71878-15/627357326_1410812287370359_7642205276784614310_n.jpg?stp=dst-jpg_e15_p360x360_tt6&_nc_cat=102&ig_cache_key=MzgyNDEzMzE1MjI3MzM5NzE2MA%3D%3D.3-ccb7-5&ccb=7-5&_nc_sid=58cdad&efg=eyJ2ZW5jb2RlX3RhZyI6InhwaWRzLjY0MHgxMTM2LnNkci5DMyJ9&_nc_ohc=gxYaYxUY5KUQ7kNvwHNMaUQ&_nc_oc=AdlBkN8dgq7Lo870HKwsHWlRn6K1u0cOJh_TkQums8ms75OYMMtr1-0Ray1nyli6FDc&_nc_ad=z-m&_nc_cid=0&_nc_zt=23&_nc_ht=scontent-vie1-1.cdninstagram.com&_nc_gid=OZEWEd7t49WPMisf2jcUmA&oh=00_AfuYd3d0NeC1NxxLAQWJKAFruiK5yEi6Bf49PBx1ZZS0LA&oe=69A2002B,[],https://scontent-vie1-1.cdninstagram.com/o1/v/t2/f2/m86/AQOOsAP9TEB_9LxErxpWVLE-6GOyE19ieraidSWtc3s7OWJ_IyXzKwwnGMXsNAGkuHPbuYsdi1JcYQ3g0UnDhXP9yS5U9UEUUg8WBU8.mp4?_nc_cat=109&_nc_sid=5e9851&_nc_ht=scontent-vie1-1.cdninstagram.com&_nc_ohc=i85_IMUWcvoQ7kNvwHCta6w&efg=eyJ2ZW5jb2RlX3RhZyI6Inhwdl9wcm9ncmVzc2l2ZS5JTlNUQUdSQU0uQ0xJUFMuQzMuNzIwLmRhc2hfYmFzZWxpbmVfMV92MSIsInhwdl9hc3NldF9pZCI6MTgxNzAwODU0ODQzODM0MzEsImFzc2V0X2FnZV9kYXlzIjoyMCwidmlfdXNlY2FzZV9pZCI6MTAwOTksImR1cmF0aW9uX3MiOjE3NiwidXJsZ2VuX3NvdXJjZSI6Ind3dyJ9&ccb=17-1&_nc_gid=OZEWEd7t49WPMisf2jcUmA&_nc_zt=28&vs=c4c1adcaa432e615&_nc_vs=HBksFQIYUmlnX3hwdl9yZWVsc19wZXJtYW5lbnRfc3JfcHJvZC83QzQ1NzcyQTEzOTA1MjdEMDUyNjk3RDRBMDNBNzk5MF92aWRlb19kYXNoaW5pdC5tcDQVAALIARIAFQIYUWlnX3hwdl9wbGFjZW1lbnRfcGVybWFuZW50X3YyLzIzNDMxMTE0Q0I2NUJENjI3RDI4RTAxMUIxMjYyQjg1X2F1ZGlvX2Rhc2hpbml0Lm1wNBUCAsgBEgAoABgAGwKIB3VzZV9vaWwBMRJwcm9ncmVzc2l2ZV9yZWNpcGUBMRUAACaOs66tlubGQBUCKAJDMywXQGYQAAAAAAAYEmRhc2hfYmFzZWxpbmVfMV92MREAdf4HZeadAQA&oh=00_AfvuyY6RpEZSm6637IOQSsqRH1wi_aHWCk-1T9Dr5TfPLQ&oe=699DF656,10269.0,221954.0,221954.0,2026-02-03T04:18:00.000Z,[],Noticias de La Familia Cubana,noticias_lfc,11319511430,clips,176.51600646972656,"{'artist_name': 'noticias_lfc', 'song_name': 'Original audio', 'uses_original_audio': True, 'should_mute_audio': False, 'should_mute_audio_reason': '', 'audio_id': '25229529773396654'}",,,"[{'full_name': 'La Familia Cubana', 'id': '3030411318', 'is_private': False, 'is_verified': False, 'profile_pic_id': '3475960033626067599', 'profile_pic_url': 'https://scontent-vie1-1.cdninstagram.com/v/t51.2885-19/462731363_2813999542114524_2683693528634907578_n.jpg?stp=dst-jpg_e0_s150x150_tt6&efg=eyJ2ZW5jb2RlX3RhZyI6InByb2ZpbGVfcGljLmRqYW5nby4xMDA1LmMyIn0&_nc_ht=scontent-vie1-1.cdninstagram.com&_nc_cat=100&_nc_oc=Q6cZ2QGHMO9G52G1kYX9lCVCW6sW4YW1OO5jRSMYbVstfeTBsgoVOS7FZ74cGCz4dh7tQz0&_nc_ohc=sjvhhHDQgmoQ7kNvwHbDNC4&_nc_gid=OZEWEd7t49WPMisf2jcUmA&edm=AMKDjl4BAAAA&ccb=7-5&ig_cache_key=GGO4lBvcGBtTUf8JALpbTKQLZT4lbkULAAAB1501500j-ccb7-5&oh=00_AftZyTF9YfN--BI_3JYskuiYZuVj69GLByQu1xvZxwosPA&oe=69A20555&_nc_sid=472314', 'username': 'lafamiliacubana'}, {'full_name': 'Clips de La Familia Cubana', 'id': '47305396414', 'is_private': False, 'is_verified': True, 'profile_pic_id': '3816092194973733437', 'profile_pic_url': 'https://scontent-vie1-1.cdninstagram.com/v/t51.2885-19/621730375_18074735102580415_7332664059824444835_n.jpg?stp=dst-jpg_e0_s150x150_tt6&efg=eyJ2ZW5jb2RlX3RhZyI6InByb2ZpbGVfcGljLmRqYW5nby4xMDI0LmMyIn0&_nc_ht=scontent-vie1-1.cdninstagram.com&_nc_cat=107&_nc_oc=Q6cZ2QGHMO9G52G1kYX9lCVCW6sW4YW1OO5jRSMYbVstfeTBsgoVOS7FZ74cGCz4dh7tQz0&_nc_ohc=J-EU1QpvkkkQ7kNvwHrd2Iz&_nc_gid=OZEWEd7t49WPMisf2jcUmA&edm=AMKDjl4BAAAA&ccb=7-5&ig_cache_key=GEfaDiW-1jI14DZAAKMVHL8c28JlbmNDAQAB1501500j-ccb7-5&oh=00_AfsZSeLSMI8MJ0lwaDn835qC9JaUmSxlgdpnTXq6rpykKQ&oe=69A20775&_nc_sid=472314', 'username': 'clips_lfc'}]","[{'full_name': 'La Familia Cubana', 'id': '3030411318', 'is_private': False, 'is_verified': False, 'pk': '3030411318', 'profile_pic_id': '3475960033626067599', 'profile_pic_url': 'https://scontent-vie1-1.cdninstagram.com/v/t51.2885-19/462731363_2813999542114524_2683693528634907578_n.jpg?stp=dst-jpg_e0_s150x150_tt6&efg=eyJ2ZW5jb2RlX3RhZyI6InByb2ZpbGVfcGljLmRqYW5nby4xMDA1LmMyIn0&_nc_ht=scontent-vie1-1.cdninstagram.com&_nc_cat=100&_nc_oc=Q6cZ2QGHMO9G52G1kYX9lCVCW6sW4YW1OO5jRSMYbVstfeTBsgoVOS7FZ74cGCz4dh7tQz0&_nc_ohc=sjvhhHDQgmoQ7kNvwHbDNC4&_nc_gid=OZEWEd7t49WPMisf2jcUmA&edm=AMKDjl4BAAAA&ccb=7-5&ig_cache_key=GGO4lBvcGBtTUf8JALpbTKQLZT4lbkULAAAB1501500j-ccb7-5&oh=00_AftZyTF9YfN--BI_3JYskuiYZuVj69GLByQu1xvZxwosPA&oe=69A20555&_nc_sid=472314', 'username': 'lafamiliacubana'}, {'full_name': 'Clips de La Familia Cubana', 'id': '47305396414', 'is_private': False, 'is_verified': True, 'pk': '47305396414', 'profile_pic_id': '3816092194973733437', 'profile_pic_url': 'https://scontent-vie1-1.cdninstagram.com/v/t51.2885-19/621730375_18074735102580415_7332664059824444835_n.jpg?stp=dst-jpg_e0_s150x150_tt6&efg=eyJ2ZW5jb2RlX3RhZyI6InByb2ZpbGVfcGljLmRqYW5nby4xMDI0LmMyIn0&_nc_ht=scontent-vie1-1.cdninstagram.com&_nc_cat=107&_nc_oc=Q6cZ2QGHMO9G52G1kYX9lCVCW6sW4YW1OO5jRSMYbVstfeTBsgoVOS7FZ74cGCz4dh7tQz0&_nc_ohc=J-EU1QpvkkkQ7kNvwHrd2Iz&_nc_gid=OZEWEd7t49WPMisf2jcUmA&edm=AMKDjl4BAAAA&ccb=7-5&ig_cache_key=GEfaDiW-1jI14DZAAKMVHL8c28JlbmNDAQAB1501500j-ccb7-5&oh=00_AfsZSeLSMI8MJ0lwaDn835qC9JaUmSxlgdpnTXq6rpykKQ&oe=69A20775&_nc_sid=472314', 'username': 'clips_lfc'}]",,,
https://www.instagram.com/p/DQt-SrsDEjl/,,,,https://www.instagram.com/explore/tags/donarsangre,3759935226668402917,Video,DQt-SrsDEjl,"LA DOLCE VITA DE VALDECILLA
& @hospitalvaldecilla @fundacionvaldecilla 

DONA SANGRE 🩸 EN MOVEMBER, por ti, por mi, por todos nuestros compañeros, y por todos nosotros los primeros 🥇 . 

Máxima potenciaaaa !!!

TELÉFONO ☎️ DE CITAS:
Para donar podéis reservar cita a través de: 🧑🏽‍💻 APP «Cita previa Banco de Sangre» 🔗 Web citapreviabs.fmvaldecilla.es 📞 Teléfono 640 244 120 / 942 202

#ladolcevitasantander #movilidad #movilidadsostenible #santander #cantabriainfinita #moto #donarsangre","['ladolcevitasantander', 'movilidad', 'movilidadsostenible', 'santander', 'cantabriainfinita', 'moto', 'donarsangre']","['hospitalvaldecilla', 'fundacionvaldecilla']",0.0,,[],1280.0,720.0,https://scontent-vie1-1.cdninstagram.com/v/t51.71878-15/573278643_2356554444799792_2594417950321018618_n.jpg?stp=dst-jpg_e15_p360x360_tt6&_nc_cat=104&ig_cache_key=Mzc1OTkzNTIyNjY2ODQwMjkxNzEzMjI1Mjk5MTIzOTczOTc%3D.3-ccb7-5&ccb=7-5&_nc_sid=58cdad&efg=eyJ2ZW5jb2RlX3RhZyI6InhwaWRzLjY0MHgxMTM2LnNkci5DMyJ9&_nc_ohc=NNTx6aKlHa4Q7kNvwEenUN_&_nc_oc=Adl68HT-bPSX31JQFXNAt6f5n1GjVdbDk192JM1Uf9vggS2sW2DZPaw3Q7wy1UOWqOo&_nc_ad=z-m&_nc_cid=0&_nc_zt=23&_nc_ht=scontent-vie1-1.cdninstagram.com&_nc_gid=OZEWEd7t49WPMisf2jcUmA&oh=00_Afs5DdVg3X7YmldITnqjdtgfpULVjczlNjY9-uGBOUafWQ&oe=69A1EBEB,[],https://scontent-vie1-1.cdninstagram.com/o1/v/t2/f2/m86/AQOUkZY2Pf5yVUkqrnh_aAR-znVmZaFjVysBavqMB8r-92FoKpcgux8IaD5Y4OcvQ7q4QP9qQK8gUSsM7eFKdNRNNbUN2GoOSMAtn0U.mp4?_nc_cat=100&_nc_sid=5e9851&_nc_ht=scontent-vie1-1.cdninstagram.com&_nc_ohc=wONuXmekwCcQ7kNvwGRuLXv&efg=eyJ2ZW5jb2RlX3RhZyI6Inhwdl9wcm9ncmVzc2l2ZS5JTlNUQUdSQU0uQ0xJUFMuQzMuNzIwLmRhc2hfYmFzZWxpbmVfMV92MSIsInhwdl9hc3NldF9pZCI6MTMyMjUyMjM3OTA2NDgxNywiYXNzZXRfYWdlX2RheXMiOjEwOCwidmlfdXNlY2FzZV9pZCI6MTAwOTksImR1cmF0aW9uX3MiOjc5LCJ1cmxnZW5fc291cmNlIjoid3d3In0%3D&ccb=17-1&_nc_gid=OZEWEd7t49WPMisf2jcUmA&_nc_zt=28&vs=a835f959d8674f27&_nc_vs=HBksFQIYUmlnX3hwdl9yZWVsc19wZXJtYW5lbnRfc3JfcHJvZC81MTRDNTEwMkYwRjA3QzM2RjZCOTkwMjdCNzRBN0JBNF92aWRlb19kYXNoaW5pdC5tcDQVAALIARIAFQIYR2lnX3hwdl9yZWVsc19wZXJtYW5lbnRfc3JfcHJvZC8yMjYyMjU3NDA3NTgzMTgxXzI5MjE0OTA2MjU5NjA2MTQxNjEubXA0FQICyAESACgAGAAbAogHdXNlX29pbAExEnByb2dyZXNzaXZlX3JlY2lwZQExFQAAJuLX5Mn3tNkEFQIoAkMzLBdAU9mZmZmZmhgSZGFzaF9iYXNlbGluZV8xX3YxEQB1_gdl5p0BAA&oh=00_AfsoiqkIE2eWh3SMVoXQWe7WM_U2vo72EFo_aMY_GEiVSA&oe=699E02A5,18.0,943.0,943.0,2025-11-06T14:27:16.000Z,[],César Benet,cesarbenet,355002150,clips,79.4000015258789,"{'artist_name': 'cesarbenet', 'song_name': 'Original audio', 'uses_original_audio': True, 'should_mute_audio': False, 'should_mute_audio_reason': '', 'audio_id': '1109265468085948'}",,,"[{'full_name': 'HOSPITAL VALDECILLA', 'id': '31854026047', 'is_private': False, 'is_verified': False, 'profile_pic_id': '2269132494954313232', 'profile_pic_url': 'https://scontent-vie1-1.cdninstagram.com/v/t51.2885-19/90343539_503448603654285_2597459047955300352_n.jpg?stp=dst-jpg_e0_s150x150_tt6&efg=eyJ2ZW5jb2RlX3RhZyI6InByb2ZpbGVfcGljLmRqYW5nby4xMDgwLmMyIn0&_nc_ht=scontent-vie1-1.cdninstagram.com&_nc_cat=109&_nc_oc=Q6cZ2QGHMO9G52G1kYX9lCVCW6sW4YW1OO5jRSMYbVstfeTBsgoVOS7FZ74cGCz4dh7tQz0&_nc_ohc=cxk74FDhGAoQ7kNvwEiARJb&_nc_gid=OZEWEd7t49WPMisf2jcUmA&edm=AMKDjl4BAAAA&ccb=7-5&ig_cache_key=GHOIYgWN_C5D4skBAAAAAAA_BwwkbkULAAAB1501500j-ccb7-5&oh=00_AfvZQOAqrHfqNoLTeHG8Klq27-Yod-ooJnF4K21zBfrkaw&oe=69A1FC0E&_nc_sid=472314', 'username': 'hospitalvaldecilla'}, {'full_name': 'Fundación Marqués de Valdecilla', 'id': '54054500753', 'is_private': False, 'is_verified': False, 'profile_pic_id': '2872126861593325625', 'profile_pic_url': 'https://scontent-vie1-1.cdninstagram.com/v/t51.2885-19/291321366_1072882760102207_659515661583524750_n.jpg?stp=dst-jpg_e0_s150x150_tt6&efg=eyJ2ZW5jb2RlX3RhZyI6InByb2ZpbGVfcGljLmRqYW5nby4zMjAuYzIifQ&_nc_ht=scontent-vie1-1.cdninstagram.com&_nc_cat=111&_nc_oc=Q6cZ2QGHMO9G52G1kYX9lCVCW6sW4YW1OO5jRSMYbVstfeTBsgoVOS7FZ74cGCz4dh7tQz0&_nc_ohc=fyGAxnvZKm8Q7kNvwEuUttx&_nc_gid=OZEWEd7t49WPMisf2jcUmA&edm=AMKDjl4BAAAA&ccb=7-5&ig_cache_key=GBY2XRE-Mc37x88DAI4jfvz-EScJbkULAAAB1501500j-ccb7-5&oh=00_AfuZ2B7IyBxMEyrN0-mVm7cUhoiEt6ubtPPcichcrGw9sg&oe=69A1FE12&_nc_sid=472314', 'username': 'fundacionvaldecilla'}]",,,,
https://www.instagram.com/p/DIHUlQpPc0a/,,,,https://www.instagram.com/explore/tags/donarsangre,3604940548156017946,Video,DIHUlQpPc0a,La importancia de la DONACIÓN de SANGRE y sus BENEFICIOS. Descubre cómo una donación puede cambiar vidas. ¡Tú también puedes ser un héroe! #DonarSangre #SalvaVidas #HeroesCotidianos #Solidaridad #CambioPositivo #salud,"['DonarSangre', 'SalvaVidas', 'HeroesCotidianos', 'Solidaridad', 'CambioPositivo', 'salud']",[],50.0,,[],1280.0,720.0,https://scontent-vie1-1.cdninstagram.com/v/t51.71878-15/503391329_1013066497607318_5518296926668716730_n.jpg?stp=dst-jpg_e15_s640x640_tt6&_nc_cat=102&ig_cache_key=MzYwNDk0MDU0ODE1NjAxNzk0Ng%3D%3D.3-ccb7-5&ccb=7-5&_nc_sid=58cdad&efg=eyJ2ZW5jb2RlX3RhZyI6InhwaWRzLjEwODB4MTkyMC5zZHIuQzMifQ%3D%3D&_nc_ohc=9ndE11r_CREQ7kNvwG6k2Oj&_nc_oc=Adk6_YYdB9LhkMs7CvcK_hZq4EPISNpzeH0RCUrMHp6-_f0jKtkkOmxLDBZFZgYlMys&_nc_ad=z-m&_nc_cid=0&_nc_zt=23&_nc_ht=scontent-vie1-1.cdninstagram.com&_nc_gid=OZEWEd7t49WPMisf2jcUmA&oh=00_AfvOfw0_53IR7MH_HC23vpV796FszMuxS1CbiE3lyZRZlA&oe=69A21CCE,[],https://scontent-vie1-1.cdninstagram.com/o1/v/t2/f2/m367/AQNJ67sq6zsC3sR5JQjH33VjsLBHkCSkXkiF0i9dOKmbxca6RzcbQ5dVInVxySfYy1xQMccxKLeWpMDFouwT-y0Hqoodca7dcu9RBuk.mp4?_nc_cat=100&_nc_sid=5e9851&_nc_ht=scontent-vie1-1.cdninstagram.com&_nc_ohc=lOUjTIUJqYsQ7kNvwHSi1FA&efg=eyJ2ZW5jb2RlX3RhZyI6Inhwdl9wcm9ncmVzc2l2ZS5JTlNUQUdSQU0uQ0xJUFMuQzMuNzIwLmRhc2hfYmFzZWxpbmVfMV92MSIsInhwdl9hc3NldF9pZCI6OTcyMTIyMTcxNzAxNzUxLCJhc3NldF9hZ2VfZGF5cyI6MzIyLCJ2aV91c2VjYXNlX2lkIjoxMDA5OSwiZHVyYXRpb25fcyI6NzksInVybGdlbl9zb3VyY2UiOiJ3d3cifQ%3D%3D&ccb=17-1&_nc_gid=OZEWEd7t49WPMisf2jcUmA&_nc_zt=28&vs=a2053079f74b99a1&_nc_vs=HBksFQIYQGlnX2VwaGVtZXJhbC8yQjQ2MDdCNEJCQjgyRTA5RjEzNkNGNjMyMzE1RTZCMV92aWRlb19kYXNoaW5pdC5tcDQVAALIARIAFQIYR2lnX3hwdl9yZWVsc19wZXJtYW5lbnRfc3JfcHJvZC8xMDUwNTYyMDYzNTU3MTc2XzMzMjY2ODgwNDkzODgyNDg4MjMubXA0FQICyAESACgAGAAbAogHdXNlX29pbAExEnByb2dyZXNzaXZlX3JlY2lwZQExFQAAJu7nx8v6iLoDFQIoAkMzLBdAU7u2RaHKwRgSZGFzaF9iYXNlbGluZV8xX3YxEQB1_gdl5p0BAA&oh=00_AfvIFT1dOKuzrEpQmEYhl9YmWq22yHUwKpqTWdCutOtc1w&oe=69A217A9,2076.0,28318.0,28318.0,2025-04-06T18:00:48.000Z,[],OMAIGA,omaigamx,69681717558,clips,78.93299865722656,"{'artist_name': 'omaigamx', 'song_name': 'Original audio', 'uses_original_audio': True, 'should_mute_audio': False, 'should_mute_audio_reason': '', 'audio_id': '1290071452090534'}",,,,,,,
https://www.instagram.com/p/DL_HDxRs3-h/,,,,https://www.instagram.com/explore/tags/donarsangre,3674686866351947681,Video,DL_HDxRs3-h,"habías escuchado alguno de estos? 😂
por suerte con @donarg.sangre nunca fue tan fácil donar! 

#donarsangre #medicina","['donarsangre', 'medicina']",['donarg.sangre'],37.0,,[],1920.0,1080.0,https://scontent-vie1-1.cdninstagram.com/v/t51.82787-15/518358475_18511870996046325_3240978883301331691_n.jpg?stp=dst-jpg_e15_s640x640_tt6&_nc_cat=107&ig_cache_key=MzY3NDY4Njg2NjM1MTk0NzY4MTE4NTExODcwOTkzMDQ2MzI1.3-ccb7-5&ccb=7-5&_nc_sid=58cdad&efg=eyJ2ZW5jb2RlX3RhZyI6InhwaWRzLjMyMTJ4NTcxMi5zZHIuQzMifQ%3D%3D&_nc_ohc=bTIUlOfCiTgQ7kNvwEv6zRW&_nc_oc=AdkgW7Hf2Tto87MFNkENfOGEKdhfdgr_GKkdxY6m3cdJxktSNZX-AqL1OaqZyHh0P2E&_nc_ad=z-m&_nc_cid=0&_nc_zt=23&_nc_ht=scontent-vie1-1.cdninstagram.com&_nc_gid=OZEWEd7t49WPMisf2jcUmA&oh=00_AfunWTZJAsG4uv8Tg-M_Fq3HpoduqApvlZwv6a5Yq8yMQg&oe=69A1F298,[],https://scontent-vie1-1.cdninstagram.com/o1/v/t2/f2/m367/AQNxxmj4hxdIwsAwqOjWoGs7jndKjwAMWj6ccrBP6oN2FjZ_0okw-jSbUwDSo9QzPt5ymVx38IWyyP-GTHwdPBfwG4dQ3ixbtwZTLm8.mp4?_nc_cat=111&_nc_sid=5e9851&_nc_ht=scontent-vie1-1.cdninstagram.com&_nc_ohc=CMrjyMDlmTQQ7kNvwGic_Uf&efg=eyJ2ZW5jb2RlX3RhZyI6Inhwdl9wcm9ncmVzc2l2ZS5JTlNUQUdSQU0uQ0xJUFMuQzMuNzIwLmRhc2hfYmFzZWxpbmVfMV92MSIsInhwdl9hc3NldF9pZCI6NTIzNTU4NDA0MTExMTc4LCJhc3NldF9hZ2VfZGF5cyI6MjI2LCJ2aV91c2VjYXNlX2lkIjoxMDA5OSwiZHVyYXRpb25fcyI6OTksInVybGdlbl9zb3VyY2UiOiJ3d3cifQ%3D%3D&ccb=17-1&_nc_gid=OZEWEd7t49WPMisf2jcUmA&_nc_zt=28&vs=4e7bea2ccbdfb33c&_nc_vs=HBksFQIYQGlnX2VwaGVtZXJhbC9GRDQ4QkZFRDM3REQyMjE4RThBMDZFQjcxNjcyQzJCRV92aWRlb19kYXNoaW5pdC5tcDQVAALIARIAFQIYR2lnX3hwdl9yZWVsc19wZXJtYW5lbnRfc3JfcHJvZC8xMzAzOTk5NzM0MzkxMTEzXzY2ODczMjM2ODAyNjY5OTY1ODAubXA0FQICyAESACgAGAAbAogHdXNlX29pbAExEnByb2dyZXNzaXZlX3JlY2lwZQExFQAAJpTtkYuOi-4BFQIoAkMzLBdAWMqfvnbItBgSZGFzaF9iYXNlbGluZV8xX3YxEQB1_gdl5p0BAA&oh=00_AfupI62Rocug5Gdak6pkIikpPgRFdYFrAFelbSpGSigQCA&oe=69A20C1C,950.0,46219.0,46219.0,2025-07-11T23:36:59.000Z,[],SOL LAMANNA,sollamanna,298222324,clips,99.16999816894531,"{'artist_name': 'sollamanna', 'song_name': 'Original audio', 'uses_original_audio': True, 'should_mute_audio': False, 'should_mute_audio_reason': '', 'audio_id': '749970770942431'}",,,"[{'full_name': 'DonARG🩸', 'id': '32943235256', 'is_private': False, 'is_verified': False, 'profile_pic_id': '3657050683930321347', 'profile_pic_url': 'https://scontent-vie1-1.cdninstagram.com/v/t51.2885-19/508858661_18067626743099257_5351718766052687576_n.jpg?stp=dst-jpg_e0_s150x150_tt6&efg=eyJ2ZW5jb2RlX3RhZyI6InByb2ZpbGVfcGljLmRqYW5nby4xMDgwLmMyIn0&_nc_ht=scontent-vie1-1.cdninstagram.com&_nc_cat=101&_nc_oc=Q6cZ2QGHMO9G52G1kYX9lCVCW6sW4YW1OO5jRSMYbVstfeTBsgoVOS7FZ74cGCz4dh7tQz0&_nc_ohc=Xh59CkIQOI0Q7kNvwG-rdhQ&_nc_gid=OZEWEd7t49WPMisf2jcUmA&edm=AMKDjl4BAAAA&ccb=7-5&ig_cache_key=GCWRVB557-QpaTBAANi_XPTcH0VKbvEnAQAB1501500j-ccb7-5&oh=00_AfuDPdFx92faT1xpOnlIS8IJrCAzsS4zS5FFgJsR8A4h4Q&oe=69A1F258&_nc_sid=472314', 'username': 'donarg.sangre'}]","[{'full_name': 'DonARG🩸', 'id': '32943235256', 'is_private': False, 'is_verified': False, 'pk': '32943235256', 'profile_pic_id': '3657050683930321347', 'profile_pic_url': 'https://scontent-vie1-1.cdninstagram.com/v/t51.2885-19/508858661_18067626743099257_5351718766052687576_n.jpg?stp=dst-jpg_e0_s150x150_tt6&efg=eyJ2ZW5jb2RlX3RhZyI6InByb2ZpbGVfcGljLmRqYW5nby4xMDgwLmMyIn0&_nc_ht=scontent-vie1-1.cdninstagram.com&_nc_cat=101&_nc_oc=Q6cZ2QGHMO9G52G1kYX9lCVCW6sW4YW1OO5jRSMYbVstfeTBsgoVOS7FZ74cGCz4dh7tQz0&_nc_ohc=Xh59CkIQOI0Q7kNvwG-rdhQ&_nc_gid=OZEWEd7t49WPMisf2jcUmA&edm=AMKDjl4BAAAA&ccb=7-5&ig_cache_key=GCWRVB557-QpaTBAANi_XPTcH0VKbvEnAQAB1501500j-ccb7-5&oh=00_AfuDPdFx92faT1xpOnlIS8IJrCAzsS4zS5FFgJsR8A4h4Q&oe=69A1F258&_nc_sid=472314', 'username': 'donarg.sangre'}]",,,
https://www.instagram.com/p/DTyMHOWj1y9/,,,,https://www.instagram.com/explore/tags/donarsangre,3815165107341581501,Video,DTyMHOWj1y9,"De usar niños pobres a inyectar leche: la historia de la sangre es un horror 🤣

Una sola donación salva 3 vidas y solo le toma 10 minutos.

#DatosCuriosos #DonarSangre #SalvaVidas #Colombia #Historia","['DatosCuriosos', 'DonarSangre', 'SalvaVidas', 'Colombia', 'Historia']",[],435.0,,[],1920.0,1080.0,https://scontent-vie1-1.cdninstagram.com/v/t51.82787-15/619501230_18553387657006955_3715152856840750753_n.jpg?stp=dst-jpg_e15_s640x640_tt6&_nc_cat=111&ig_cache_key=MzgxNTE2NTEwNzM0MTU4MTUwMTE4NTUzMzg3NjU0MDA2OTU1.3-ccb7-5&ccb=7-5&_nc_sid=58cdad&efg=eyJ2ZW5jb2RlX3RhZyI6InhwaWRzLjEyOTB4MjI5NC5zZHIuQzMifQ%3D%3D&_nc_ohc=YFXtXuK0HAAQ7kNvwG6uEq0&_nc_oc=Adns8a5UV32EpF8kb40g6KAsF_3iAWYKzxKmu-2j3s4cAEfVXR_W31stSjFSejLmOvQ&_nc_ad=z-m&_nc_cid=0&_nc_zt=23&_nc_ht=scontent-vie1-1.cdninstagram.com&_nc_gid=OZEWEd7t49WPMisf2jcUmA&oh=00_AfsrP65-pjsyue1rJzg6c7iT5nJzBuvLNBrfV7sjseFtrg&oe=69A1EF71,[],https://scontent-vie1-1.cdninstagram.com/o1/v/t16/f2/m69/AQP_FCTr-IS0s2-SWmGXbIiVSgV8IEGMppdOiPiIUZYYDAMkJE95g4MZeWoZCl_a6NVqF8I1IWB1wCmsKqLF3KLo.mp4?strext=1&_nc_cat=109&_nc_sid=5e9851&_nc_ht=scontent-vie1-1.cdninstagram.com&_nc_ohc=eO3XYMBH060Q7kNvwFTcy4g&efg=eyJ2ZW5jb2RlX3RhZyI6Inhwdl9wcm9ncmVzc2l2ZS5JTlNUQUdSQU0uQ0xJUFMuQzMuNzIwLmRhc2hfYmFzZWxpbmVfMV92MSIsInhwdl9hc3NldF9pZCI6MTc5Mzk0MDEzNTAxMDQ4NzgsImFzc2V0X2FnZV9kYXlzIjozMiwidmlfdXNlY2FzZV9pZCI6MTAwOTksImR1cmF0aW9uX3MiOjE3NSwidXJsZ2VuX3NvdXJjZSI6Ind3dyJ9&ccb=17-1&_nc_gid=OZEWEd7t49WPMisf2jcUmA&_nc_zt=28&vs=caaa85cdcc104a2b&_nc_vs=HBksFQIYOnBhc3N0aHJvdWdoX2V2ZXJzdG9yZS9HS2FxMUNTMGdSelpnaGtEQU1mTktUckRnZzlvYnNwVEFRQUYVAALIARIAFQIYUWlnX3hwdl9wbGFjZW1lbnRfcGVybWFuZW50X3YyLzQ5NDFBMUU3RjVEMTA3MDcxNDg3MTVFQTdEMEY0NkI1X2F1ZGlvX2Rhc2hpbml0Lm1wNBUCAsgBEgAoABgAGwKIB3VzZV9vaWwBMRJwcm9ncmVzc2l2ZV9yZWNpcGUBMRUAACbcnKbPy_LdPxUCKAJDMywXQGXu6XjU_fQYEmRhc2hfYmFzZWxpbmVfMV92MREAdf4HZeadAQA&oh=00_AftzeI2O8XhI0QogwLIzCJ4VpnuEUZnQZoIAewHuTVqJxw&oe=69A205D3,37542.0,347123.0,347123.0,2026-01-21T19:21:08.000Z,[],Huny Najar,unicornia_najar,225798954,clips,175.46600341796875,"{'artist_name': 'unicornia_najar', 'song_name': 'Original audio', 'uses_original_audio': True, 'should_mute_audio': False, 'should_mute_audio_reason': '', 'audio_id': '33437601302553306'}",,,,,,,
https://www.instagram.com/p/DTqavUIjOZN/,,,,https://www.instagram.com/explore/tags/donarsangre,3812977635165529677,Video,DTqavUIjOZN,"🩸💉 Cada vez que te sacan sangre (en una donación o en una analítica), se activan mecanismos fisiológicos muy precisos: algunos empiezan en horas, otros tardan semanas, y no todos los componentes sanguíneos siguen el mismo ritmo

🏥🧑‍🧑‍🧒‍🧒 Mientras tanto, en una donación, esa sangre extraída no va directamente a otra persona: se analiza, se separa, se conserva cada componente bajo condiciones estrictas y tiene una fecha límite real

🔁🩸En el vídeo te explico qué se regenera primero, qué tarda más, cómo se mantiene la sangre fuera del cuerpo y en qué se situaciones se usan los diferentes tipos de componentes sanguíneos

🇪🇸Al final, te doy las gracias

👉🎥 Si te interesa entender qué pasa de verdad con tu sangre cuando la donas, míralo hasta el final

#sangre #donar #donarsangre #globulosrojos #blood","['sangre', 'donar', 'donarsangre', 'globulosrojos', 'blood']",[],243.0,,[],1920.0,1080.0,https://scontent-vie1-1.cdninstagram.com/v/t51.82787-15/618863635_17872613964504732_2244528329963479852_n.jpg?stp=dst-jpg_e15_s640x640_tt6&_nc_cat=101&ig_cache_key=MzgxMjk3NzYzNTE2NTUyOTY3NzE3ODcyNjEzOTU4NTA0NzMy.3-ccb7-5&ccb=7-5&_nc_sid=58cdad&efg=eyJ2ZW5jb2RlX3RhZyI6InhwaWRzLjEwODB4MTkyMC5zZHIuQzMifQ%3D%3D&_nc_ohc=qN3PqFlTu8kQ7kNvwFX29pg&_nc_oc=AdkQAAcMiVXx49FCRg4qtbu8dQdqimnDYIyAbih97D1U0bvuSZDYzD5oMcdpgJG22wI&_nc_ad=z-m&_nc_cid=0&_nc_zt=23&_nc_ht=scontent-vie1-1.cdninstagram.com&_nc_gid=OZEWEd7t49WPMisf2jcUmA&oh=00_AfsXCFeq7PuwmiZODHHynChrLKc2BlhXPhQ9AJOBeBdD8w&oe=69A1F8FA,[],https://scontent-vie1-1.cdninstagram.com/o1/v/t16/f2/m69/AQOO3jTZ1zJPbxMdZC9rk2FdV3yPTLAD1vbsA08ofvZtxcLWlYybY51gET5FC2Q2eTSim_BuxgosEiYeU7rqC2dg.mp4?strext=1&_nc_cat=110&_nc_sid=5e9851&_nc_ht=scontent-vie1-1.cdninstagram.com&_nc_ohc=LXCykF2omsQQ7kNvwGEDCig&efg=eyJ2ZW5jb2RlX3RhZyI6Inhwdl9wcm9ncmVzc2l2ZS5JTlNUQUdSQU0uQ0xJUFMuQzMuNzIwLmRhc2hfYmFzZWxpbmVfMV92MSIsInhwdl9hc3NldF9pZCI6MTc4NzI2MDU5OTM1MDQ3MzIsImFzc2V0X2FnZV9kYXlzIjozNSwidmlfdXNlY2FzZV9pZCI6MTAwOTksImR1cmF0aW9uX3MiOjc1LCJ1cmxnZW5fc291cmNlIjoid3d3In0%3D&ccb=17-1&_nc_gid=OZEWEd7t49WPMisf2jcUmA&_nc_zt=28&vs=2a0f5209c3ccf0f7&_nc_vs=HBksFQIYOnBhc3N0aHJvdWdoX2V2ZXJzdG9yZS9HTEVleFNSVXZrTE9hZVlHQUEwVUJ6ZTg0YnA1YnNwVEFRQUYVAALIARIAFQIYUWlnX3hwdl9wbGFjZW1lbnRfcGVybWFuZW50X3YyLzFENEU5MjE3OTlGNUIxMUUyQUU5MzNCQzQ4MkZFOTg0X2F1ZGlvX2Rhc2hpbml0Lm1wNBUCAsgBEgAoABgAGwKIB3VzZV9vaWwBMRJwcm9ncmVzc2l2ZV9yZWNpcGUBMRUAACa4v6C3y8K_PxUCKAJDMywXQFLd0vGp--cYEmRhc2hfYmFzZWxpbmVfMV92MREAdf4HZeadAQA&oh=00_Aft6AizMWS9HVFzFPmWCdZITdf9GCT1zSBo5GsDNii5CLA&oe=69A20842,2276.0,28248.0,28248.0,2026-01-18T18:55:52.000Z,[],Laura Pinillas González,celulau.bio,75144512731,clips,75.48799896240234,"{'artist_name': 'celulau.bio', 'song_name': 'Original audio', 'uses_original_audio': True, 'should_mute_audio': False, 'should_mute_audio_reason': '', 'audio_id': '26420312004236708'}",,,,,,,
https://www.instagram.com/p/DR5vJchDZzh/,,,,https://www.instagram.com/explore/tags/donarsangre,3781260719434865889,Video,DR5vJchDZzh,#humor #donarsangre #humillacion,"['humor', 'donarsangre', 'humillacion']",[],134.0,,[],1280.0,720.0,https://scontent-vie1-1.cdninstagram.com/v/t51.71878-15/589308775_700930086116202_2979772779708549107_n.jpg?stp=dst-jpg_e15_p360x360_tt6&_nc_cat=110&ig_cache_key=Mzc4MTI2MDcxOTQzNDg2NTg4OQ%3D%3D.3-ccb7-5&ccb=7-5&_nc_sid=58cdad&efg=eyJ2ZW5jb2RlX3RhZyI6InhwaWRzLjY0MHgxMTM2LnNkci5DMyJ9&_nc_ohc=2amfT2ToxC4Q7kNvwE4XuQk&_nc_oc=AdkUbt7CSsXccCBMH1xiV6el5hkZ5m48hx5tIiO--C993ZxvuNQwtyj9r_BzO477HBM&_nc_ad=z-m&_nc_cid=0&_nc_zt=23&_nc_ht=scontent-vie1-1.cdninstagram.com&_nc_gid=OZEWEd7t49WPMisf2jcUmA&oh=00_Afvb0gHUD7um8Zm1F2K2Px1YX5x-qMi7ueYMucrZYCjVHQ&oe=69A214DE,[],https://scontent-vie1-1.cdninstagram.com/o1/v/t2/f2/m86/AQPzZ_OIVaehfJrIxez-LnQznsrfCi7WirHSz4WMWKp14A3X00TIPfnewptGJ7XTafOVhpUodqqQOpd2SHPj0_-TiVJyLAx8CYAViIA.mp4?_nc_cat=108&_nc_sid=5e9851&_nc_ht=scontent-vie1-1.cdninstagram.com&_nc_ohc=YeF__1c5_SgQ7kNvwECAZed&efg=eyJ2ZW5jb2RlX3RhZyI6Inhwdl9wcm9ncmVzc2l2ZS5JTlNUQUdSQU0uQ0xJUFMuQzMuNzIwLmRhc2hfYmFzZWxpbmVfMV92MSIsInhwdl9hc3NldF9pZCI6MTYzNjUzNTg1NzMxNDE4MywiYXNzZXRfYWdlX2RheXMiOjc5LCJ2aV91c2VjYXNlX2lkIjoxMDA5OSwiZHVyYXRpb25fcyI6NywidXJsZ2VuX3NvdXJjZSI6Ind3dyJ9&ccb=17-1&_nc_gid=OZEWEd7t49WPMisf2jcUmA&_nc_zt=28&vs=836e77416540d42f&_nc_vs=HBksFQIYUmlnX3hwdl9yZWVsc19wZXJtYW5lbnRfc3JfcHJvZC9GMzQ4QUQxNEYzQURFQ0I2RDkxODk5NDdGMTY1MzU4NF92aWRlb19kYXNoaW5pdC5tcDQVAALIARIAFQIYR2lnX3hwdl9yZWVsc19wZXJtYW5lbnRfc3JfcHJvZC8yMjk2NDM2MjY3NTE5OTgxXzc4MzExNTI5MDAzMzg5ODc5MjYubXA0FQICyAESACgAGAAbAogHdXNlX29pbAExEnByb2dyZXNzaXZlX3JlY2lwZQExFQAAJo7m_6b2mugFFQIoAkMzLBdAHTMzMzMzMxgSZGFzaF9iYXNlbGluZV8xX3YxEQB1_gdl5p0BAA&oh=00_AfsUlztvK6gDuXmzSSnQ1XbjNKrdJhsvVJxtEwBBPACUnQ&oe=699DF7A5,20527.0,530067.0,530067.0,2025-12-06T00:37:20.000Z,[],Jp,jptradin.g,78044686907,clips,7.73199987411499,"{'artist_name': 'jptradin.g', 'song_name': 'Original audio', 'uses_original_audio': True, 'should_mute_audio': False, 'should_mute_audio_reason': '', 'audio_id': '25207105282279570'}",,,,,,,True
https://www.instagram.com/p/DTx234ZjQXb/,,,,https://www.instagram.com/explore/tags/donarsangre,3815071694000555483,Video,DTx234ZjQXb,".

Me sale del corazón y del alma intentar ayudar en todo lo que pueda tras lo ocurrido con el accidente de tren en Adamuz. En este vídeo os comparto diferentes formas de colaborar: donando sangre, aportando en las páginas oficiales o simplemente difundiendo. Si gracias a que habéis visto esto, aunque sea solo una persona decide ayudar o donar, yo ya me sentiré inmensamente feliz. Es una manera muy bonita de estar presentes y apoyar a quienes lo necesitan ahora mismo.

#DonarSangre #BancDeSang #DonarSalvaVidas #AyudaAdamuz #DonarEsAyudar","['DonarSangre', 'BancDeSang', 'DonarSalvaVidas', 'AyudaAdamuz', 'DonarEsAyudar']",[],81.0,,[],1920.0,1080.0,https://scontent-vie1-1.cdninstagram.com/v/t51.82787-15/619986664_17920963476236634_6069038915651824796_n.jpg?stp=dst-jpg_e15_s640x640_tt6&_nc_cat=105&ig_cache_key=MzgxNTA3MTY5NDAwMDU1NTQ4MzE3OTIwOTYzNDczMjM2NjM0.3-ccb7-5&ccb=7-5&_nc_sid=58cdad&efg=eyJ2ZW5jb2RlX3RhZyI6InhwaWRzLjEyOTZ4MjMwMi5zZHIuQzMifQ%3D%3D&_nc_ohc=5fA11o8dUe0Q7kNvwEoZ8DC&_nc_oc=AdmQqVSYT7PPqUY7PszqvM8ONeItcKS2-YKSZt3odjqdPZ7FIno7_3X7iSC6QtYLbBA&_nc_ad=z-m&_nc_cid=0&_nc_zt=23&_nc_ht=scontent-vie1-1.cdninstagram.com&_nc_gid=OZEWEd7t49WPMisf2jcUmA&oh=00_AfsGAN6Dlhlq3Bn0Qh48HQpJQHzjy10QOxipgu6eN9HAtQ&oe=69A200FA,[],https://scontent-vie1-1.cdninstagram.com/o1/v/t16/f2/m69/AQPijbbuB8ttos2ZeqLUtDAffk5mfgvFd5JoWVND6oCOSxnk9GE431ergLJ7jo3IniZly7KfNLVwZmziyLgIjZ3L.mp4?strext=1&_nc_cat=110&_nc_sid=5e9851&_nc_ht=scontent-vie1-1.cdninstagram.com&_nc_ohc=vCgiM8N307UQ7kNvwETG7x_&efg=eyJ2ZW5jb2RlX3RhZyI6Inhwdl9wcm9ncmVzc2l2ZS5JTlNUQUdSQU0uQ0xJUFMuQzMuNzIwLmRhc2hfYmFzZWxpbmVfMV92MSIsInhwdl9hc3NldF9pZCI6MTc5MDg1ODA5ODUzMDA3ODYsImFzc2V0X2FnZV9kYXlzIjozMiwidmlfdXNlY2FzZV9pZCI6MTAwOTksImR1cmF0aW9uX3MiOjcyLCJ1cmxnZW5fc291cmNlIjoid3d3In0%3D&ccb=17-1&_nc_gid=OZEWEd7t49WPMisf2jcUmA&_nc_zt=28&vs=e046b5e462f00afb&_nc_vs=HBksFQIYOnBhc3N0aHJvdWdoX2V2ZXJzdG9yZS9HRlNkMlNTX2dFYkswQlFJQU9ZX3lHa2pCakJGYnNwVEFRQUYVAALIARIAFQIYUWlnX3hwdl9wbGFjZW1lbnRfcGVybWFuZW50X3YyLzRENDcxNzg4MUQxMjkyOTE3RDEzMDk4MzZGODExOEJDX2F1ZGlvX2Rhc2hpbml0Lm1wNBUCAsgBEgAoABgAGwKIB3VzZV9vaWwBMRJwcm9ncmVzc2l2ZV9yZWNpcGUBMRUAACbknPuAzvDPPxUCKAJDMywXQFIgAAAAAAAYEmRhc2hfYmFzZWxpbmVfMV92MREAdf4HZeadAQA&oh=00_AfuMNLzBasvne3F9rlImcjB5KVAt10fiY4EjqhR-LzVIwQ&oe=69A1ED56,772.0,25960.0,25960.0,2026-01-21T16:15:00.000Z,[],Sietenfamilia | Family lifestyle ⛰️,sietenfamilia,66966028633,clips,72.5,"{'artist_name': 'sietenfamilia', 'song_name': 'Original audio', 'uses_original_audio': True, 'should_mute_audio': False, 'should_mute_audio_reason': '', 'audio_id': '25452180331144042'}",,,"[{'full_name': 'Banc de Sang i Teixits', 'id': '1371432955', 'is_private': False, 'is_verified': True, 'profile_pic_id': '3286828155757952756', 'profile_pic_url': 'https://scontent-vie1-1.cdninstagram.com/v/t51.2885-19/420581900_337998762486975_125960660322236996_n.jpg?stp=dst-jpg_e0_s150x150_tt6&efg=eyJ2ZW5jb2RlX3RhZyI6InByb2ZpbGVfcGljLmRqYW5nby42NDAuYzIifQ&_nc_ht=scontent-vie1-1.cdninstagram.com&_nc_cat=103&_nc_oc=Q6cZ2QGHMO9G52G1kYX9lCVCW6sW4YW1OO5jRSMYbVstfeTBsgoVOS7FZ74cGCz4dh7tQz0&_nc_ohc=3ti8_p29EX4Q7kNvwHeig_D&_nc_gid=OZEWEd7t49WPMisf2jcUmA&edm=AMKDjl4BAAAA&ccb=7-5&ig_cache_key=GAySERm-LCx4aDMBAEQ6Lp6NgL8BbkULAAAB1501500j-ccb7-5&oh=00_Afuvg9VDXq-1zCLvGfpQr23Zd3bkTutwluprCY3Q3klJQQ&oe=69A1E9B1&_nc_sid=472314', 'username': 'donarsang'}, {'full_name': 'Banc de Sang Terrassa', 'id': '2095962553', 'is_private': False, 'is_verified': False, 'profile_pic_id': '3078540748110279444', 'profile_pic_url': 'https://scontent-vie1-1.cdninstagram.com/v/t51.2885-19/340709312_740517547698747_1242880648291865329_n.jpg?stp=dst-jpg_e0_s150x150_tt6&efg=eyJ2ZW5jb2RlX3RhZyI6InByb2ZpbGVfcGljLmRqYW5nby4xMDgwLmMyIn0&_nc_ht=scontent-vie1-1.cdninstagram.com&_nc_cat=103&_nc_oc=Q6cZ2QGHMO9G52G1kYX9lCVCW6sW4YW1OO5jRSMYbVstfeTBsgoVOS7FZ74cGCz4dh7tQz0&_nc_ohc=2v_4_jNLpBAQ7kNvwEQNhUF&_nc_gid=OZEWEd7t49WPMisf2jcUmA&edm=AMKDjl4BAAAA&ccb=7-5&ig_cache_key=GMDPThQ7amEtf6ECAPHSpFNdmT8RbkULAAAB1501500j-ccb7-5&oh=00_AfsnHx2AnI5f4k63wD7q7vXmmc_kdykC88x5G4LiP1BdZA&oe=69A2123C&_nc_sid=472314', 'username': 'donarsangterrassa'}]","[{'full_name': 'Banc de Sang Terrassa', 'id': '2095962553', 'is_private': False, 'is_verified': False, 'pk': '2095962553', 'profile_pic_id': '3078540748110279444', 'profile_pic_url': 'https://scontent-vie1-1.cdninstagram.com/v/t51.2885-19/340709312_740517547698747_1242880648291865329_n.jpg?stp=dst-jpg_e0_s150x150_tt6&efg=eyJ2ZW5jb2RlX3RhZyI6InByb2ZpbGVfcGljLmRqYW5nby4xMDgwLmMyIn0&_nc_ht=scontent-vie1-1.cdninstagram.com&_nc_cat=103&_nc_oc=Q6cZ2QGHMO9G52G1kYX9lCVCW6sW4YW1OO5jRSMYbVstfeTBsgoVOS7FZ74cGCz4dh7tQz0&_nc_ohc=2v_4_jNLpBAQ7kNvwEQNhUF&_nc_gid=OZEWEd7t49WPMisf2jcUmA&edm=AMKDjl4BAAAA&ccb=7-5&ig_cache_key=GMDPThQ7amEtf6ECAPHSpFNdmT8RbkULAAAB1501500j-ccb7-5&oh=00_AfsnHx2AnI5f4k63wD7q7vXmmc_kdykC88x5G4LiP1BdZA&oe=69A2123C&_nc_sid=472314', 'username': 'donarsangterrassa'}]",,,
https://www.instagram.com/p/DGF9hFeRqaH/,,,,https://www.instagram.com/explore/tags/donarsangre,3568528834217551495,Video,DGF9hFeRqaH,"""El cáncer es una bala que atraviesa todo el cuerpo. El del paciente y el de sus familias. Atraviesa la cabeza, el corazón, la rutina, las relaciones, las prioridades... Atraviesa absolutamente todo.....""

 A un año de haber escrito esto, lo replicó pero está vez agrego que el cáncer te quita muchísimo pero también te da... Te da ganas de vivir al máximo cada instante, ganas de agradecer, ganas de ayudar a otros, ganas de ser mejor persona...

15 de febrero #diadelcancerinfantil ❤️‍🩹🎗️ Gracias Ame x ser tan fuerte, tan dulce, tan Resiliente.... Gracias por ir ganando... 

Gracias Dios, y gracias Amelita por quedarte con nosotros ✨🎗️
.
.
.
.#cancerinfantil #donarsangre #darvidaenvida #donarplaquetas #leucemiainfantil","['diadelcancerinfantil', 'cancerinfantil', 'donarsangre', 'darvidaenvida', 'donarplaquetas', 'leucemiainfantil']",[],67.0,,[],854.0,480.0,https://scontent-vie1-1.cdninstagram.com/v/t51.71878-15/479540309_469122682801105_481666749702022647_n.jpg?stp=dst-jpg_e15_s640x640_tt6&_nc_cat=105&ig_cache_key=MzU2ODUyODgzNDIxNzU1MTQ5NQ%3D%3D.3-ccb7-5&ccb=7-5&_nc_sid=58cdad&efg=eyJ2ZW5jb2RlX3RhZyI6InhwaWRzLjY0MHgxMTM4LnNkci5DMyJ9&_nc_ohc=OafdGCw-BBYQ7kNvwE8O2Hn&_nc_oc=Adl_tEvzZ0NfBEKk0HfyREvDCssf56K_bDCUnoQzUcrgwPsW_T7Usjzb5kbB2E335sY&_nc_ad=z-m&_nc_cid=0&_nc_zt=23&_nc_ht=scontent-vie1-1.cdninstagram.com&_nc_gid=OZEWEd7t49WPMisf2jcUmA&oh=00_Aftbnvi8-Xcg5-d51EnMDEL-fD4nwqsuwu-hBkNKQ-hUNg&oe=69A215AA,[],https://scontent-vie1-1.cdninstagram.com/o1/v/t2/f2/m367/AQOMSPJpmqOw-hJFevua1W7whHKH1qWIJyWonqx7ZOamdkhGpgtDhYlJeiw3np1T23F0KQdRoTg3gX859nI8ylN5cO2fw2xpVsIC2Ms.mp4?_nc_cat=108&_nc_sid=5e9851&_nc_ht=scontent-vie1-1.cdninstagram.com&_nc_ohc=JHp6_Mn9kbsQ7kNvwEJqpXk&efg=eyJ2ZW5jb2RlX3RhZyI6Inhwdl9wcm9ncmVzc2l2ZS5JTlNUQUdSQU0uQ0xJUFMuQzMuNDgwLmRhc2hfYmFzZWxpbmVfMV92MSIsInhwdl9hc3NldF9pZCI6MTY5NTM1NjIwNDc1MTAyNiwiYXNzZXRfYWdlX2RheXMiOjM3MiwidmlfdXNlY2FzZV9pZCI6MTAwOTksImR1cmF0aW9uX3MiOjIxLCJ1cmxnZW5fc291cmNlIjoid3d3In0%3D&ccb=17-1&_nc_gid=OZEWEd7t49WPMisf2jcUmA&_nc_zt=28&vs=f245c7bca30ffe06&_nc_vs=HBksFQIYQGlnX2VwaGVtZXJhbC85MDQ0RTlFNzlCNEUyOTQ5QzJFMUMwNEIwRDY0NDJCMF92aWRlb19kYXNoaW5pdC5tcDQVAALIARIAFQIYR2lnX3hwdl9yZWVsc19wZXJtYW5lbnRfc3JfcHJvZC8xNDE2MTc3NDUyNjc3NDU4XzUwOTMwNjY1NDc3OTQ0NjIxNTUubXA0FQICyAESACgAGAAbAogHdXNlX29pbAExEnByb2dyZXNzaXZlX3JlY2lwZQExFQAAJuTi0IXc-oIGFQIoAkMzLBdANUzMzMzMzRgSZGFzaF9iYXNlbGluZV8xX3YxEQB1_gdl5p0BAA&oh=00_Afue2wfXk7piOcthA9Of6fdJ89xxeEu4vugkHhCgnH53hw&oe=69A20D45,830.0,24412.0,24412.0,2025-02-15T12:17:10.000Z,[],Julieta Díaz Braceli,juli.diaz.b,1017945888,clips,21.299999237060547,,,,,,,,
https://www.instagram.com/p/DRyD8WLAPoE/,,,,https://www.instagram.com/explore/tags/donarsangre,3779100378432338436,Video,DRyD8WLAPoE,"🙏🏻No solo Segu necesita un donante !! Muchos niños más también por eso te dejamos esta info !!!
🙌🏻🫶🏻Para ser donante de médula ósea en Argentina, debes tener entre 18 y 40 años, pesar más de 50 kg y gozar de buena salud. 
🩸El proceso inicial consiste en donar sangre en un centro habilitado, donde te inscribirán en el registro nacional y te harán un análisis de tu información genética. 📲Si en el futuro tus células son compatibles con un paciente que lo necesita, serás contactado para donar las células madre de médula ósea. 

#donarsangre #donarsangreesdonarvida #donantedemédula","['donarsangre', 'donarsangreesdonarvida', 'donantedemédula']",[],70.0,,[],1080.0,1916.0,https://scontent-vie1-1.cdninstagram.com/v/t51.71878-15/587285988_1404702377872647_3403657978981833984_n.jpg?stp=dst-jpg_e15_s360x360_tt6&_nc_cat=104&ig_cache_key=Mzc3OTEwMDM3ODQzMjMzODQzNg%3D%3D.3-ccb7-5&ccb=7-5&_nc_sid=58cdad&efg=eyJ2ZW5jb2RlX3RhZyI6InhwaWRzLjY0MHgzNjAuc2RyLkMzIn0%3D&_nc_ohc=tDheOO_asXcQ7kNvwFFaMct&_nc_oc=AdmgsfPVLXZNNVN8CbE559PvoCdOSruKruYJBmG_ax67gPeiG3rV-LBD53zMkQRkvog&_nc_ad=z-m&_nc_cid=0&_nc_zt=23&_nc_ht=scontent-vie1-1.cdninstagram.com&_nc_gid=OZEWEd7t49WPMisf2jcUmA&oh=00_AfvaHoIb80gemluOY827CkD2L5TCzHr_fXKFN2cZs9SmaA&oe=69A20740,[],https://scontent-vie1-1.cdninstagram.com/o1/v/t2/f2/m86/AQP_4GTUGhzB929uvVNn2ENekWhhvl67qsJloaVvQoUoHwNXsJsMmMO11UA2306RbbixynnH28Co-BUY9WS_D68fxjwbR4TlC6TdjLk.mp4?_nc_cat=108&_nc_sid=5e9851&_nc_ht=scontent-vie1-1.cdninstagram.com&_nc_ohc=Qm_7us7jbu8Q7kNvwGzpuoz&efg=eyJ2ZW5jb2RlX3RhZyI6Inhwdl9wcm9ncmVzc2l2ZS5JTlNUQUdSQU0uQ0xJUFMuQzMuMTI3Ni5kYXNoX2Jhc2VsaW5lXzFfdjEiLCJ4cHZfYXNzZXRfaWQiOjI4NjUyMTI4NTcwMTA5NDEsImFzc2V0X2FnZV9kYXlzIjo4MiwidmlfdXNlY2FzZV9pZCI6MTAwOTksImR1cmF0aW9uX3MiOjE0OSwidXJsZ2VuX3NvdXJjZSI6Ind3dyJ9&ccb=17-1&_nc_gid=OZEWEd7t49WPMisf2jcUmA&_nc_zt=28&vs=656300bce0e96fb0&_nc_vs=HBksFQIYUmlnX3hwdl9yZWVsc19wZXJtYW5lbnRfc3JfcHJvZC9GNDQ4QzExODQ2NEY1QzNBQzdDQkRBNzRBMkZFQ0VBQ192aWRlb19kYXNoaW5pdC5tcDQVAALIARIAFQIYRmlnX3hwdl9yZWVsc19wZXJtYW5lbnRfc3JfcHJvZC84NDA2Mjk1ODg4MTYzNDhfNTQyNDM4NDI3NDU1NTM3MDcwOC5tcDQVAgLIARIAKAAYABsCiAd1c2Vfb2lsATEScHJvZ3Jlc3NpdmVfcmVjaXBlATEVAAAm-qviqKv5lgoVAigCQzMsF0BipEGJN0vHGBJkYXNoX2Jhc2VsaW5lXzFfdjERAHX-B2XmnQEA&oh=00_AfuROrUZbwUjLYmsAk_gz9xE9YtmGYiCEkEW3q62Y7I9-w&oe=699E00D1,1751.0,177716.0,177716.0,2025-12-03T01:07:16.000Z,[],Jesi Villaverde,jesikvillaverde,376114487,clips,149.13299560546875,"{'artist_name': 'Lisandro Aristimuño', 'song_name': 'Canción de Amor', 'uses_original_audio': False, 'should_mute_audio': False, 'should_mute_audio_reason': '', 'audio_id': '344001466533225'}",,,"[{'full_name': 'Juan Pablo Franzoi', 'id': '320010330', 'is_private': False, 'is_verified': False, 'profile_pic_id': '3090497024701479608', 'profile_pic_url': 'https://scontent-vie1-1.cdninstagram.com/v/t51.2885-19/343445545_940309177111162_2043261359884160069_n.jpg?stp=dst-jpg_e0_s150x150_tt6&efg=eyJ2ZW5jb2RlX3RhZyI6InByb2ZpbGVfcGljLmRqYW5nby4xMDgwLmMyIn0&_nc_ht=scontent-vie1-1.cdninstagram.com&_nc_cat=110&_nc_oc=Q6cZ2QGHMO9G52G1kYX9lCVCW6sW4YW1OO5jRSMYbVstfeTBsgoVOS7FZ74cGCz4dh7tQz0&_nc_ohc=2CoMkWA7SG4Q7kNvwE_ySje&_nc_gid=OZEWEd7t49WPMisf2jcUmA&edm=AMKDjl4BAAAA&ccb=7-5&ig_cache_key=GCmQeBR6EnvKNFcDAEVMLZNhH1scbkULAAAB1501500j-ccb7-5&oh=00_AftYIh6WsykpXwDe30GFAEcKf-XgKdLLJTZhzvlfKU2BPA&oe=69A1EB0D&_nc_sid=472314', 'username': 'juampifranzoi'}, {'full_name': 'Juan Pablo Franzoi', 'id': '8936415571', 'is_private': False, 'is_verified': False, 'profile_pic_id': '2928967281821402366', 'profile_pic_url': 'https://scontent-vie1-1.cdninstagram.com/v/t51.2885-19/307586461_609236937356342_7902974362704309517_n.jpg?stp=dst-jpg_e0_s150x150_tt6&efg=eyJ2ZW5jb2RlX3RhZyI6InByb2ZpbGVfcGljLmRqYW5nby4xMDgwLmMyIn0&_nc_ht=scontent-vie1-1.cdninstagram.com&_nc_cat=102&_nc_oc=Q6cZ2QGHMO9G52G1kYX9lCVCW6sW4YW1OO5jRSMYbVstfeTBsgoVOS7FZ74cGCz4dh7tQz0&_nc_ohc=wVbTGr3x_i4Q7kNvwFI51DC&_nc_gid=OZEWEd7t49WPMisf2jcUmA&edm=AMKDjl4BAAAA&ccb=7-5&ig_cache_key=GJ1lVRI2NDwHGSoCAA1tAqZPAa1tbkULAAAB1501500j-ccb7-5&oh=00_Aft3VYkpbhIkuKjJknaGQXykR_0UzBLSCvbuxa1wUD4aIg&oe=69A1F7B9&_nc_sid=472314', 'username': 'franzoi_phoneservice'}, {'full_name': 'Lic.Jesica Villaverde/Esp. En Suelo Pelvico', 'id': '69286098744', 'is_private': False, 'is_verified': True, 'profile_pic_id': '3543645864875995098', 'profile_pic_url': 'https://scontent-vie1-1.cdninstagram.com/v/t51.2885-19/473563602_965425655504811_2140267508865191000_n.jpg?stp=dst-jpg_e0_s150x150_tt6&efg=eyJ2ZW5jb2RlX3RhZyI6InByb2ZpbGVfcGljLmRqYW5nby4xMDgwLmMyIn0&_nc_ht=scontent-vie1-1.cdninstagram.com&_nc_cat=103&_nc_oc=Q6cZ2QGHMO9G52G1kYX9lCVCW6sW4YW1OO5jRSMYbVstfeTBsgoVOS7FZ74cGCz4dh7tQz0&_nc_ohc=OGqnzA_pcx0Q7kNvwFjHTX0&_nc_gid=OZEWEd7t49WPMisf2jcUmA&edm=AMKDjl4BAAAA&ccb=7-5&ig_cache_key=GNIBOhyr30CtDG4DAFhMOK71wbMdbkULAAAB1501500j-ccb7-5&oh=00_AftErNUCb7lCqETJgBdCa5ofbdACjyPDhLOPftY6zyTclw&oe=69A1F97D&_nc_sid=472314', 'username': 'suelopelvicokumenes'}]","[{'full_name': 'Juan Pablo Franzoi', 'id': '320010330', 'is_private': False, 'is_verified': False, 'pk': '320010330', 'profile_pic_id': '3090497024701479608', 'profile_pic_url': 'https://scontent-vie1-1.cdninstagram.com/v/t51.2885-19/343445545_940309177111162_2043261359884160069_n.jpg?stp=dst-jpg_e0_s150x150_tt6&efg=eyJ2ZW5jb2RlX3RhZyI6InByb2ZpbGVfcGljLmRqYW5nby4xMDgwLmMyIn0&_nc_ht=scontent-vie1-1.cdninstagram.com&_nc_cat=110&_nc_oc=Q6cZ2QGHMO9G52G1kYX9lCVCW6sW4YW1OO5jRSMYbVstfeTBsgoVOS7FZ74cGCz4dh7tQz0&_nc_ohc=2CoMkWA7SG4Q7kNvwE_ySje&_nc_gid=OZEWEd7t49WPMisf2jcUmA&edm=AMKDjl4BAAAA&ccb=7-5&ig_cache_key=GCmQeBR6EnvKNFcDAEVMLZNhH1scbkULAAAB1501500j-ccb7-5&oh=00_AftYIh6WsykpXwDe30GFAEcKf-XgKdLLJTZhzvlfKU2BPA&oe=69A1EB0D&_nc_sid=472314', 'username': 'juampifranzoi'}, {'full_name': 'Lic.Jesica Villaverde/Esp. En Suelo Pelvico', 'id': '69286098744', 'is_private': False, 'is_verified': True, 'pk': '69286098744', 'profile_pic_id': '3543645864875995098', 'profile_pic_url': 'https://scontent-vie1-1.cdninstagram.com/v/t51.2885-19/473563602_965425655504811_2140267508865191000_n.jpg?stp=dst-jpg_e0_s150x150_tt6&efg=eyJ2ZW5jb2RlX3RhZyI6InByb2ZpbGVfcGljLmRqYW5nby4xMDgwLmMyIn0&_nc_ht=scontent-vie1-1.cdninstagram.com&_nc_cat=103&_nc_oc=Q6cZ2QGHMO9G52G1kYX9lCVCW6sW4YW1OO5jRSMYbVstfeTBsgoVOS7FZ74cGCz4dh7tQz0&_nc_ohc=OGqnzA_pcx0Q7kNvwFjHTX0&_nc_gid=OZEWEd7t49WPMisf2jcUmA&edm=AMKDjl4BAAAA&ccb=7-5&ig_cache_key=GNIBOhyr30CtDG4DAFhMOK71wbMdbkULAAAB1501500j-ccb7-5&oh=00_AftErNUCb7lCqETJgBdCa5ofbdACjyPDhLOPftY6zyTclw&oe=69A1F97D&_nc_sid=472314', 'username': 'suelopelvicokumenes'}]",,,
https://www.instagram.com/p/C2pgMb_LQdY/,,,,https://www.instagram.com/explore/tags/donarsangre,3290302594943879000,Video,C2pgMb_LQdY,"📢 Hace algunos días Facundo Arana se unió al piloto y acróbata Jorge Malatini para realizar acrobacias aéreas sobre la costa de Mar del Plata, con el objetivo de concientizar sobre la importancia de donar sangre. Volando a baja altura, desplegaron una bandera con el mensaje “Donar sangre salva vidas”, en un espectáculo que tuvo lugar en un fin de semana con playas llenas de turistas y marplatenses.

#facundoarana #donarsangre #mardelplata #visionshow","['facundoarana', 'donarsangre', 'mardelplata', 'visionshow']",[],4.0,,[],1280.0,720.0,https://scontent-vie1-1.cdninstagram.com/v/t51.71878-15/504196703_1433026481030307_4934719386422395756_n.jpg?stp=dst-jpg_e15_s640x640_tt6&_nc_cat=101&ig_cache_key=MzI5MDMwMjU5NDk0Mzg3OTAwMA%3D%3D.3-ccb7-5&ccb=7-5&_nc_sid=58cdad&efg=eyJ2ZW5jb2RlX3RhZyI6InhwaWRzLjEwODB4MTkyMC5zZHIuQzMifQ%3D%3D&_nc_ohc=O-UvQpIUMZoQ7kNvwFB8dR3&_nc_oc=Adke4yg5r5pBTOmb80AdlluTlvOAOoz-0rx-fIW831-nL6SO5BO7IJZqW6fevN2JVPY&_nc_ad=z-m&_nc_cid=0&_nc_zt=23&_nc_ht=scontent-vie1-1.cdninstagram.com&_nc_gid=OZEWEd7t49WPMisf2jcUmA&oh=00_Afv1wTsLB41GBVhmzKpEwG4RjrAl2kYg8MqrzgV2aZrEFg&oe=69A1E76B,[],https://scontent-vie1-1.cdninstagram.com/o1/v/t2/f2/m82/AQNRfJAm8jCuQ5FlIvM4z-57Viecrxuv-TYJ8PnNybXG6GHVohNODIQwWyjAdpdHd-tUStcfTbtYjw4A7dqx0AgrLKcuwftKGbsi7-E.mp4?_nc_cat=102&_nc_sid=5e9851&_nc_ht=scontent-vie1-1.cdninstagram.com&_nc_ohc=bVx9XoUE3ncQ7kNvwH1Wfle&efg=eyJ2ZW5jb2RlX3RhZyI6Inhwdl9wcm9ncmVzc2l2ZS5JTlNUQUdSQU0uQ0xJUFMuQzMuNzIwLmRhc2hfYmFzZWxpbmVfMV92MSIsInhwdl9hc3NldF9pZCI6MTExNjA5NDQ1NjA1Njg0NiwiYXNzZXRfYWdlX2RheXMiOjc1NiwidmlfdXNlY2FzZV9pZCI6MTAwOTksImR1cmF0aW9uX3MiOjE1LCJ1cmxnZW5fc291cmNlIjoid3d3In0%3D&ccb=17-1&_nc_gid=OZEWEd7t49WPMisf2jcUmA&_nc_zt=28&vs=3e7e356144e2c0f0&_nc_vs=HBksFQIYT2lnX3hwdl9yZWVsc19wZXJtYW5lbnRfcHJvZC9CNTRCNzNCMTZGNUY3MjI1NzlCNzM0QUVEQUE0MEU5OV92aWRlb19kYXNoaW5pdC5tcDQVAALIARIAFQIYOnBhc3N0aHJvdWdoX2V2ZXJzdG9yZS9HQTBlTlJrV2VSNnRrOEVEQU5IN3FpT3pScW9yYnFfRUFBQUYVAgLIARIAKAAYABsCiAd1c2Vfb2lsATEScHJvZ3Jlc3NpdmVfcmVjaXBlATEVAAAmnLC22Z_F-wMVAigCQzMsF0AuEOVgQYk3GBJkYXNoX2Jhc2VsaW5lXzFfdjERAHX-B2XmnQEA&oh=00_Afuw0LwU1om1zAmbdq5C-5FjngfvZI06bt1RpoKkN2YuEw&oe=699E173F,128.0,17058.0,15572.0,2024-01-28T15:12:29.000Z,[],VISIONSHOW,visionshowtv,278809726,clips,15.032999992370605,"{'artist_name': 'visionshowtv', 'song_name': 'Original audio', 'uses_original_audio': True, 'should_mute_audio': False, 'should_mute_audio_reason': '', 'audio_id': '7567832803247480'}",,,,,11.0,1486.0,
https://www.instagram.com/p/DQUYWaJkavt/,,,,https://www.instagram.com/explore/tags/donarsangre,3752731482529049581,Video,DQUYWaJkavt,"Fui a donar sangre
#standup #standupcomedy #comedia #donarsangre #chistes","['standup', 'standupcomedy', 'comedia', 'donarsangre', 'chistes']",[],5.0,,[],1920.0,1080.0,https://scontent-vie1-1.cdninstagram.com/v/t51.71878-15/573337512_832018336245414_1637255388559016350_n.jpg?stp=dst-jpegr_e15_p360x360_tt6&_nc_cat=109&ig_cache_key=Mzc1MjczMTQ4MjUyOTA0OTU4MQ%3D%3D.3-ccb7-5&ccb=7-5&_nc_sid=58cdad&efg=eyJ2ZW5jb2RlX3RhZyI6InhwaWRzLjY0MHgxMTM2Lmhkci5DMyJ9&_nc_ohc=wF1r3JLEE70Q7kNvwEY3Y9k&_nc_oc=AdlvNIBM8V2eS5NmIfl49POkOZ87z_mkjKB0mM0hv3v2oGUfbnyZ4pzjFROsHN1buuU&_nc_ad=z-m&_nc_cid=0&_nc_zt=23&se=-1&_nc_ht=scontent-vie1-1.cdninstagram.com&_nc_gid=OZEWEd7t49WPMisf2jcUmA&oh=00_AfsQ6bC0HyPHPdnSiuO7jJfvXp8IfbsCUlXMOW_AanMsXw&oe=69A1F131,[],https://scontent-vie1-1.cdninstagram.com/o1/v/t2/f2/m86/AQMNyyqEvDFlLfV-I27pz-ZSGgDyfDWhkyYkYcIWRkRx2NxdsCqPxsMbQgTiBB9exkypbfTVM2ih5sRg9bN_7T9P0WYFZPHSwYsqupI.mp4?_nc_cat=109&_nc_sid=5e9851&_nc_ht=scontent-vie1-1.cdninstagram.com&_nc_ohc=rrGcbYDlvCMQ7kNvwGuliSU&efg=eyJ2ZW5jb2RlX3RhZyI6Inhwdl9wcm9ncmVzc2l2ZS5JTlNUQUdSQU0uQ0xJUFMuQzMuNzIwLmRhc2hfYmFzZWxpbmVfMV92MSIsInhwdl9hc3NldF9pZCI6MTM1NTIzODg2OTY2NDQ1OCwiYXNzZXRfYWdlX2RheXMiOjExOCwidmlfdXNlY2FzZV9pZCI6MTAwOTksImR1cmF0aW9uX3MiOjI5LCJ1cmxnZW5fc291cmNlIjoid3d3In0%3D&ccb=17-1&_nc_gid=OZEWEd7t49WPMisf2jcUmA&_nc_zt=28&vs=4897c7cf22d94843&_nc_vs=HBksFQIYUmlnX3hwdl9yZWVsc19wZXJtYW5lbnRfc3JfcHJvZC80NTRBNzZBMzg3RTU5MEI3OUQyQkUyRjQxMDhERTBBRF92aWRlb19kYXNoaW5pdC5tcDQVAALIARIAFQIYRmlnX3hwdl9yZWVsc19wZXJtYW5lbnRfc3JfcHJvZC84MzE5Mzk4NDU5MDc1NjFfNzkyNzk5NjAxNTE5MjM0ODQ2Ni5tcDQVAgLIARIAKAAYABsCiAd1c2Vfb2lsATEScHJvZ3Jlc3NpdmVfcmVjaXBlATEVAAAmlIvMtqSl6AQVAigCQzMsF0A9ogxJul41GBJkYXNoX2Jhc2VsaW5lXzFfdjERAHX-B2XmnQEA&oh=00_AfuJGgRUM0NZnz1tE11iQWEGqhQJcUkQRkkoKJsuQaOmXA&oe=699E0BBE,60.0,2065.0,2016.0,2025-10-27T15:56:06.000Z,[],Aиdy Macias,ellaesandy,1105495910,clips,29.60300064086914,"{'artist_name': 'ellaesandy', 'song_name': 'Original audio', 'uses_original_audio': True, 'should_mute_audio': False, 'should_mute_audio_reason': '', 'audio_id': '1331951961472128'}",,,,,1.0,49.0,
https://www.instagram.com/p/CqvcnnANcpK/,,,,https://www.instagram.com/explore/tags/donarsangre,3075802937758698058,Video,CqvcnnANcpK,"HASTA SIEMPRE JES !

Me quedo con tus consejos como: “Disfrutá de cada atardecer, porque aún sabiendo que volverá a ocurrir mañana, siempre puede ser el último”
O cuando me me dijiste “Marce !, me gustaría cumplir el sueño de volar en globo antes de irme” y cuando te lo confirmé, me dijiste feliz: “Que bueno!… por fin vamos a tener un video juntos”.

Quiero agradecerte todo el tiempo que compartiste conmigo, cuando muchos se mueven por esta vida diciendo que no tienen tiempo, vos compartiste tu tiempo, lo mas sagrado que tenemos, y mas aún, sabiendo que solo te quedaban 3 semanas de vida.

Te gustaban mis videos y te los sabias de memoria.
Por eso te dedico uno mas, un último video para vos, con un atardecer incluido. 💪😊.
Amiga Gladiadora de la vida…. 
Te queremos todos los que tuvimos la suerte de conocerte.
Jes Querida!! Me cuesta despedirme, pero te lo voy a decir con una sonrisa como viviste vos hasta el último de tus días.
Buen viaje amiga… y hasta siempre ♥️
.
.
.
.
#vivir #donarsangre #donarsalvavidas #nopierdaseltiempo #life #volar #donarmedulaesdarvida","['vivir', 'donarsangre', 'donarsalvavidas', 'nopierdaseltiempo', 'life', 'volar', 'donarmedulaesdarvida']",[],138.0,,[],1280.0,720.0,https://scontent-vie1-1.cdninstagram.com/v/t51.71878-15/500217680_1390257595428988_6690881046766865446_n.jpg?stp=dst-jpg_e15_s640x640_tt6&_nc_cat=108&ig_cache_key=MzA3NTgwMjkzNzc1ODY5ODA1OA%3D%3D.3-ccb7-5&ccb=7-5&_nc_sid=58cdad&efg=eyJ2ZW5jb2RlX3RhZyI6InhwaWRzLjIwNjJ4MzY2NC5zZHIuQzMifQ%3D%3D&_nc_ohc=uJ88JkG9ikMQ7kNvwFODL4g&_nc_oc=Adn5_OVN3gFaOZoGpnBKDGeGk6swPDL9EncccOObDhTrpmr96KA30JrisGNYUF_J-rQ&_nc_ad=z-m&_nc_cid=0&_nc_zt=23&_nc_ht=scontent-vie1-1.cdninstagram.com&_nc_gid=OZEWEd7t49WPMisf2jcUmA&oh=00_AftiQUr7c4K-ypsusp8nXI8lJrxMu98J2Bcq27BPcHxK2g&oe=69A2057A,[],https://scontent-vie1-1.cdninstagram.com/o1/v/t2/f2/m82/AQMg58H7QUN47s-DuZfRHaOO4jEs_T-4DVMfMeV1bL6ggXsnDfTsZ_VGU-xyKSpmv59O49KWXf6MUPS514CjMufzOaPjENeqH8y2K1s.mp4?_nc_cat=101&_nc_sid=5e9851&_nc_ht=scontent-vie1-1.cdninstagram.com&_nc_ohc=SR_Ofk6DBtAQ7kNvwHuLoad&efg=eyJ2ZW5jb2RlX3RhZyI6Inhwdl9wcm9ncmVzc2l2ZS5JTlNUQUdSQU0uQ0xJUFMuQzMuNzIwLmRhc2hfYmFzZWxpbmVfMV92MSIsInhwdl9hc3NldF9pZCI6OTI1NDkwMTA4NTcyNDA4LCJhc3NldF9hZ2VfZGF5cyI6MTA1MiwidmlfdXNlY2FzZV9pZCI6MTAwOTksImR1cmF0aW9uX3MiOjEzOSwidXJsZ2VuX3NvdXJjZSI6Ind3dyJ9&ccb=17-1&_nc_gid=OZEWEd7t49WPMisf2jcUmA&_nc_zt=28&vs=eba692f2d316c61d&_nc_vs=HBksFQIYT2lnX3hwdl9yZWVsc19wZXJtYW5lbnRfcHJvZC9ERDQyN0JCQkE5NEFCNTdGMzBEMzYzQTMxQkQ1RTM5OF92aWRlb19kYXNoaW5pdC5tcDQVAALIARIAFQIYOnBhc3N0aHJvdWdoX2V2ZXJzdG9yZS9HRGt6SUJSZy1qQVJnT2NBQUtkUFJpZEdGQVVrYnFfRUFBQUYVAgLIARIAKAAYABsCiAd1c2Vfb2lsATEScHJvZ3Jlc3NpdmVfcmVjaXBlATEVAAAm8IvR0s7upAMVAigCQzMsF0BhYQ5WBBiTGBJkYXNoX2Jhc2VsaW5lXzFfdjERAHX-B2XmnQEA&oh=00_Afsj1lFupLFg3PU_0964Bp8t4qQiWBluVtkz2BicLt8aIg&oe=699DFF16,994.0,12584.0,12063.0,2023-04-07T16:24:00.000Z,[],Marcelo Casoy,marcelocasoy,702525102,clips,139.03799438476562,"{'artist_name': 'marcelocasoy', 'song_name': 'Original audio', 'uses_original_audio': True, 'should_mute_audio': False, 'should_mute_audio_reason': '', 'audio_id': '956589975497503'}",Somewhere Around the Globe,605978336,"[{'full_name': 'Jes Guido', 'id': '463710343', 'is_private': False, 'is_verified': False, 'profile_pic_id': '3057973874478642815', 'profile_pic_url': 'https://scontent-vie1-1.cdninstagram.com/v/t51.2885-19/335525211_521377186833257_3926742717964554383_n.jpg?stp=dst-jpg_e0_s150x150_tt6&efg=eyJ2ZW5jb2RlX3RhZyI6InByb2ZpbGVfcGljLmRqYW5nby4xMDgwLmMyIn0&_nc_ht=scontent-vie1-1.cdninstagram.com&_nc_cat=105&_nc_oc=Q6cZ2QGHMO9G52G1kYX9lCVCW6sW4YW1OO5jRSMYbVstfeTBsgoVOS7FZ74cGCz4dh7tQz0&_nc_ohc=IG9MiL2XGrMQ7kNvwFzoS1g&_nc_gid=OZEWEd7t49WPMisf2jcUmA&edm=AMKDjl4BAAAA&ccb=7-5&ig_cache_key=GFu1-xNp4wOWMNoBAI8QoXyyl342bkULAAAB1501500j-ccb7-5&oh=00_Afvm_Bk5y5TfANj1m7s0eAo_zLGVm0UxfwLUYqHiNpJMKw&oe=69A20FF5&_nc_sid=472314', 'username': 'jesguidook'}]",,0.0,521.0,
https://www.instagram.com/p/DUT9Dzlkt3H/,,,,https://www.instagram.com/explore/tags/donarsangre,3824669050954505671,Video,DUT9Dzlkt3H,"Solo 1 de cada 100 donantes en Venezuela lo hace de forma voluntaria. La mayoría dona por reposición, cuando la emergencia ya está encima.

⚠️ Esta realidad pone en riesgo el sistema de salud y la vida de muchos pacientes que dependen de una transfusión oportuna.

💸 Pagar por sangre no es ético, ni seguro. Puede llevar a que se mienta en los cuestionarios, comprometiendo la salud del receptor.

✨ La donación voluntaria, altruista y frecuente es la única forma de garantizar un suministro seguro y disponible en todo momento.

Hoy puedes ser ese héroe que no lleva capa… solo extiende el brazo y salva vidas. 🙌

#DonaciónVoluntaria #DonarSangre #DonarSalvaVidas #Hemovital #CaracasVe Venezuela CulturaDeDonación SaludYVida BancoDeSangre TransfusiónSegura HéroesAnónimos","['DonaciónVoluntaria', 'DonarSangre', 'DonarSalvaVidas', 'Hemovital', 'CaracasVe']",[],9.0,,[],1280.0,720.0,https://scontent-vie1-1.cdninstagram.com/v/t51.82787-15/627029894_18551020312009648_1390199573335347087_n.jpg?stp=dst-jpg_e15_s640x640_tt6&_nc_cat=111&ig_cache_key=MzgyNDY2OTA1MDk1NDUwNTY3MTE4NTUxMDIwMzA5MDA5NjQ4.3-ccb7-5&ccb=7-5&_nc_sid=58cdad&efg=eyJ2ZW5jb2RlX3RhZyI6InhwaWRzLjcyMHgxMjgwLnNkci5DMyJ9&_nc_ohc=dQ2eU5yR7SIQ7kNvwG06Xip&_nc_oc=Adng5D326BEdD1CpRYDzsKdoK32fcyTg4kUom0zj-qx161WK7y8nKX_SL8FNEHG5pCU&_nc_ad=z-m&_nc_cid=0&_nc_zt=23&_nc_ht=scontent-vie1-1.cdninstagram.com&_nc_gid=OZEWEd7t49WPMisf2jcUmA&oh=00_Afs2WuLYjFS9W0ZoXjLs2093FMm5LLuDsPA2vr8kA2R1oQ&oe=69A20091,[],https://scontent-vie1-1.cdninstagram.com/o1/v/t2/f2/m86/AQPijymEGXyn4dlKanknDDkY2_0fGFNZ-Jk6tjQj2g06qg8saqHvUX8iJfuOOAwE2UFuerX6xxfiJ_zWvfwkv4PvqCMYdK9Jfy_-fhg.mp4?_nc_cat=109&_nc_sid=5e9851&_nc_ht=scontent-vie1-1.cdninstagram.com&_nc_ohc=LfP56QuRmoUQ7kNvwH9Xxnf&efg=eyJ2ZW5jb2RlX3RhZyI6Inhwdl9wcm9ncmVzc2l2ZS5JTlNUQUdSQU0uQ0xJUFMuQzMuNzIwLmRhc2hfYmFzZWxpbmVfMV92MSIsInhwdl9hc3NldF9pZCI6MTg1NTEwMTk0NzUwMDk2NDgsImFzc2V0X2FnZV9kYXlzIjoxOSwidmlfdXNlY2FzZV9pZCI6MTAwOTksImR1cmF0aW9uX3MiOjQxLCJ1cmxnZW5fc291cmNlIjoid3d3In0%3D&ccb=17-1&_nc_gid=OZEWEd7t49WPMisf2jcUmA&_nc_zt=28&vs=efd8132cacc9853d&_nc_vs=HBksFQIYUmlnX3hwdl9yZWVsc19wZXJtYW5lbnRfc3JfcHJvZC80QjQ1OThGNkZBOTY5RTVEODc5MzBGM0EzNTE0N0I4Ml92aWRlb19kYXNoaW5pdC5tcDQVAALIARIAFQIYUWlnX3hwdl9wbGFjZW1lbnRfcGVybWFuZW50X3YyLzJFNDY1RTcwODg4Njk2MTExRTgwNDlFNDhDQTRCRkJDX2F1ZGlvX2Rhc2hpbml0Lm1wNBUCAsgBEgAoABgAGwKIB3VzZV9vaWwBMRJwcm9ncmVzc2l2ZV9yZWNpcGUBMRUAACbggbzguYP0QRUCKAJDMywXQETEOVgQYk4YEmRhc2hfYmFzZWxpbmVfMV92MREAdf4HZeadAQA&oh=00_AfuTr_H9J4w_LzjlwnUMbzK_xTw1XBvX6ztVITMRpRZteQ&oe=699E248A,34.0,351.0,351.0,2026-02-03T22:02:20.000Z,[],Banco de Sangre Hemovital 🇻🇪,hemovital.ca,1259273647,clips,41.53900146484375,"{'artist_name': 'hemovital.ca', 'song_name': 'Original audio', 'uses_original_audio': True, 'should_mute_audio': False, 'should_mute_audio_reason': '', 'audio_id': '33672207302423998'}",Clínica Piedra Azul,614871469,,,,,
https://www.instagram.com/p/DA6amLeRGT1/,,,,https://www.instagram.com/explore/tags/donarsangre,3475207035338122485,Video,DA6amLeRGT1,"•
•
#humor #costeño #colombia #cdmx #donarsangre #latino","['humor', 'costeño', 'colombia', 'cdmx', 'donarsangre', 'latino']",[],30.0,,[],1024.0,576.0,https://scontent-vie1-1.cdninstagram.com/v/t51.71878-15/503162955_1679203789382809_7230641342966045328_n.jpg?stp=dst-jpg_e15_s640x640_tt6&_nc_cat=106&ig_cache_key=MzQ3NTIwNzAzNTMzODEyMjQ4NQ%3D%3D.3-ccb7-5&ccb=7-5&_nc_sid=58cdad&efg=eyJ2ZW5jb2RlX3RhZyI6InhwaWRzLjU3NngxMDI0LnNkci5DMyJ9&_nc_ohc=Mmb8CIoKoqQQ7kNvwFQJ9-2&_nc_oc=AdkM9Agrgm-fHavv1kEXczXlM4FcEyz9u2-bVadE5bhA25rxVfx9RWoTjvdRdNUzL6s&_nc_ad=z-m&_nc_cid=0&_nc_zt=23&_nc_ht=scontent-vie1-1.cdninstagram.com&_nc_gid=OZEWEd7t49WPMisf2jcUmA&oh=00_Afv8NowFxH7enz_tFhaTFNoE-kLB_6wbj_D5gmmpuDtJAw&oe=69A1F65F,[],https://scontent-vie1-1.cdninstagram.com/o1/v/t2/f2/m367/AQN_2ypIOh0cw-QD6H_P3wozaIUtlxsBvbPDgz3J5wN0EYKhadS19BTMWFqgFZ0ecMgMgYax4vOZ-NNWUjpYWFeYmpOigTiiAp7IzBA.mp4?_nc_cat=108&_nc_sid=5e9851&_nc_ht=scontent-vie1-1.cdninstagram.com&_nc_ohc=Ux5drYnnS7IQ7kNvwF9Q26W&efg=eyJ2ZW5jb2RlX3RhZyI6Inhwdl9wcm9ncmVzc2l2ZS5JTlNUQUdSQU0uQ0xJUFMuQzMuNTc2LmRhc2hfYmFzZWxpbmVfMV92MSIsInhwdl9hc3NldF9pZCI6MTUxOTMxNzcyMjAzODA4NCwiYXNzZXRfYWdlX2RheXMiOjUwMSwidmlfdXNlY2FzZV9pZCI6MTAwOTksImR1cmF0aW9uX3MiOjksInVybGdlbl9zb3VyY2UiOiJ3d3cifQ%3D%3D&ccb=17-1&_nc_gid=OZEWEd7t49WPMisf2jcUmA&_nc_zt=28&vs=1bec6f97acb1c9f3&_nc_vs=HBksFQIYQGlnX2VwaGVtZXJhbC9CQzQ4M0Y2OUU5MTQxMEVGNDdCQ0VGMjMzQzM0QUNBN192aWRlb19kYXNoaW5pdC5tcDQVAALIARIAFQIYOnBhc3N0aHJvdWdoX2V2ZXJzdG9yZS9HSFlva0Jzb1hzOXI3Z2dHQUNGMHhNbjM2eFlkYnFfRUFBQUYVAgLIARIAKAAYABsCiAd1c2Vfb2lsATEScHJvZ3Jlc3NpdmVfcmVjaXBlATEVAAAmiP37kffzsgUVAigCQzMsF0AiVP3ztkWiGBJkYXNoX2Jhc2VsaW5lXzFfdjERAHX-B2XmnQEA&oh=00_Afs3cSZugb4Ri13c6iOOa24BQhTOdmbpy2ASb89R0V2Gjw&oe=69A1F04D,518.0,12008.0,12008.0,2024-10-09T18:09:59.000Z,[],Juan Miguel Reales,miguelreales_,459769213,clips,9.166000366210938,"{'artist_name': 'miguelreales_', 'song_name': 'Original audio', 'uses_original_audio': True, 'should_mute_audio': False, 'should_mute_audio_reason': '', 'audio_id': '3690478767884602'}",,,,,,,
https://www.instagram.com/p/C-DqeSdSC4_/,,,,https://www.instagram.com/explore/tags/donarsangre,3423766941088099903,Video,C-DqeSdSC4_,"🙏🏽🙏🏽🙏🏽
.
.
.
.
.
.
.
.
.
.
#donarsangre #donarsangresalvavidas #sangre #donasangre #donarsalvavidas #donar #donaciondesangre #salud #queretaro #donarsang #donacion #solidaridad #biker #donarvida #ayuda #donaci #donavida #vida #hospital #bancdesang #donarest #hemoterapia #bien #colectadesangre #hemodonacion #hemoterapiabalestrini #comunidad #mexico #hospitalangeles #donarsangreesdonarvida","['donarsangre', 'donarsangresalvavidas', 'sangre', 'donasangre', 'donarsalvavidas', 'donar', 'donaciondesangre', 'salud', 'queretaro', 'donarsang', 'donacion', 'solidaridad', 'biker', 'donarvida', 'ayuda', 'donaci', 'donavida', 'vida', 'hospital', 'bancdesang', 'donarest', 'hemoterapia', 'bien', 'colectadesangre', 'hemodonacion', 'hemoterapiabalestrini', 'comunidad', 'mexico', 'hospitalangeles', 'donarsangreesdonarvida']",[],0.0,,[],638.0,360.0,https://scontent-vie1-1.cdninstagram.com/v/t51.71878-15/508006927_1418517325856271_6379140784194622865_n.jpg?stp=dst-jpg_e15_s640x640_tt6&_nc_cat=101&ig_cache_key=MzQyMzc2Njk0MTA4ODA5OTkwMw%3D%3D.3-ccb7-5&ccb=7-5&_nc_sid=58cdad&efg=eyJ2ZW5jb2RlX3RhZyI6InhwaWRzLjg5OHgxNTk2LnNkci5DMyJ9&_nc_ohc=Dx-QGEUFSPwQ7kNvwFq0WxM&_nc_oc=Adn__xs8D1PwxalA8OclOfxDpXK6rklpKqN17PIUYJNUC7ktMbun4mTiNZnBOTqsFGw&_nc_ad=z-m&_nc_cid=0&_nc_zt=23&_nc_ht=scontent-vie1-1.cdninstagram.com&_nc_gid=OZEWEd7t49WPMisf2jcUmA&oh=00_AfvfAklkIipigH4Th1aEfaE4ogk9myBMcEGhpDmtfeEoyw&oe=69A20372,[],https://scontent-vie1-1.cdninstagram.com/o1/v/t2/f2/m86/AQMKGsNxm24SkqNTq1vK0QSlp250l8GBFMyGdGgPabCutPlV0RtmEgVZQH7AlySPAM70w9FC7oKR41Kjh2oNcg.mp4?_nc_cat=110&_nc_sid=8bf8fe&_nc_ht=scontent-vie1-1.cdninstagram.com&_nc_ohc=n_-1Q8i2OUoQ7kNvwE9oXkZ&efg=eyJ2ZW5jb2RlX3RhZyI6Inhwdl9wcm9ncmVzc2l2ZS5JTlNUQUdSQU0uQ0xJUFMuQzMuNzIwLnByb2dyZXNzaXZlX2gyNjQtYmFzaWMtZ2VuMl83MjBwIiwieHB2X2Fzc2V0X2lkIjoxMTk4MTU4OTQxMjI1NDQ1LCJhc3NldF9hZ2VfZGF5cyI6NTcyLCJ2aV91c2VjYXNlX2lkIjoxMDA5OSwiZHVyYXRpb25fcyI6OCwidXJsZ2VuX3NvdXJjZSI6Ind3dyJ9&ccb=17-1&_nc_gid=OZEWEd7t49WPMisf2jcUmA&_nc_zt=28&oh=00_AfuoTIRgX08sXSKg-m1fuDgbsOO7uQiYzct3zCHzn3yooQ&oe=699E2785,932.0,224.0,181.0,2024-07-30T18:45:11.000Z,[],Miguel Angel,mikeltoon,405783065,clips,8.0,{'uses_original_audio': True},Queretaro,332705883,,,0.0,43.0,
https://www.instagram.com/p/DTV-_-XDcj0/,,,,https://www.instagram.com/explore/tags/donarsangre,3807226135181117684,Video,DTV-_-XDcj0,"🔴❤️ Hoy la Plaça Sant Jaume se ilumina de rojo por una razón que importa. En el corazón de Barcelona, esta luz apoya la Maratón de Donantes de Sangre, recordándonos que un solo gesto puede salvar vidas. Una ciudad solidaria también se ve… y se siente.

👉 Si puedes donar, hazlo. Si no, comparte.
Porque donar sangre es regalar tiempo, futuro y esperanza.

#DonarSangre #PlaçaSantJaume #BarcelonaSolidaria #VivirBarcelonaHoy #MaratoDeDonants","['DonarSangre', 'PlaçaSantJaume', 'BarcelonaSolidaria', 'VivirBarcelonaHoy', 'MaratoDeDonants']",[],27.0,,[],1920.0,1080.0,https://scontent-vie1-1.cdninstagram.com/v/t51.82787-15/614861147_17882795355434451_6510985256044944447_n.jpg?stp=dst-jpg_e15_s640x640_tt6&_nc_cat=100&ig_cache_key=MzgwNzIyNjEzNTE4MTExNzY4NDE3ODgyNzk1MzUyNDM0NDUx.3-ccb7-5&ccb=7-5&_nc_sid=58cdad&efg=eyJ2ZW5jb2RlX3RhZyI6InhwaWRzLjMyMTZ4NTcxMi5zZHIuQzMifQ%3D%3D&_nc_ohc=4ciS1bGWG6MQ7kNvwHthviR&_nc_oc=Adlwh_CE7R7_quML5mhLryXwGG9oE6mNoBxh79g9qUQ5s5ninpC284jkgJNTm43h2c4&_nc_ad=z-m&_nc_cid=0&_nc_zt=23&_nc_ht=scontent-vie1-1.cdninstagram.com&_nc_gid=OZEWEd7t49WPMisf2jcUmA&oh=00_Afth_JuVPn-y7ynzsUxiw_ZDE92Y1yxV_2xbqDxCNXmvaw&oe=69A2157C,[],https://scontent-vie1-1.cdninstagram.com/o1/v/t16/f2/m69/AQNi6BpLc9sjkHx575-YXWkLhHaiiqCVm4nwuJcrXHJ5s2M-MUSLr6NXJd2pOvEdW_LoTSp1TBMPS_2tQNSS-90n.mp4?strext=1&_nc_cat=107&_nc_sid=5e9851&_nc_ht=scontent-vie1-1.cdninstagram.com&_nc_ohc=klPR6KAwuS4Q7kNvwEc-hjq&efg=eyJ2ZW5jb2RlX3RhZyI6Inhwdl9wcm9ncmVzc2l2ZS5JTlNUQUdSQU0uQ0xJUFMuQzMuNzIwLmRhc2hfYmFzZWxpbmVfMV92MSIsInhwdl9hc3NldF9pZCI6ODc3MjM2ODc1MDI3MDkzLCJhc3NldF9hZ2VfZGF5cyI6NDMsInZpX3VzZWNhc2VfaWQiOjEwMDk5LCJkdXJhdGlvbl9zIjo0NCwidXJsZ2VuX3NvdXJjZSI6Ind3dyJ9&ccb=17-1&_nc_gid=OZEWEd7t49WPMisf2jcUmA&_nc_zt=28&vs=b064bf2f52e319c8&_nc_vs=HBksFQIYOnBhc3N0aHJvdWdoX2V2ZXJzdG9yZS9HTl8yZkNUTkR5aUpmVllHQUdnWWRiYUl1NnBzYnNwVEFRQUYVAALIARIAFQIYRWlnX3hwdl9yZWVsc19wZXJtYW5lbnRfc3JfcHJvZC82NTM0MzE3NjExMzAxNjNfMTcyMjgxNjYxMjg2NDI1OTI5Lm1wNBUCAsgBEgAoABgAGwKIB3VzZV9vaWwBMRJwcm9ncmVzc2l2ZV9yZWNpcGUBMRUAACaqio-F9PWOAxUCKAJDMywXQEYu2RaHKwIYEmRhc2hfYmFzZWxpbmVfMV92MREAdf4HZeadAQA&oh=00_Afu9NC8T1flazc-C8GCENLaUsTC8hggOl8HQ0DH6DmZVKw&oe=69A1EFAD,663.0,21579.0,21579.0,2026-01-10T20:26:07.000Z,[],Vivir Barcelona Hoy,vivirbarcelonahoy,73167074450,clips,44.36600112915039,"{'artist_name': 'vivirbarcelonahoy', 'song_name': 'Plaça Sant Jaume | Vivir Barcelona Hoy', 'uses_original_audio': True, 'should_mute_audio': False, 'should_mute_audio_reason': '', 'audio_id': '25648719674768622'}",Plaça Sant Jaume,215801362,,,,,
https://www.instagram.com/p/DUeaXqiDu3L/,,,,https://www.instagram.com/explore/tags/donarsangre,3827612708737314251,Video,DUeaXqiDu3L,"¿Fábricas de sangre universal? 🤔 Mm... no.

Vi este tema en LinkedIn y me generó mucha curiosidad. Pero, siguiendo un comentario de una profesional que admiro muchísimo en esta área (@paugaviriag ), me puse a revisar la evidencia y la realidad.

⚠️ Ojo: Difundir esto como una realidad actual puede reducir la donación voluntaria y dirigida, que hoy sigue siendo nuestra única fuente real de vida. 🩸

¡Compartí para que no circule información incompleta!

¿Qué pensás de estos avances? Te leo. 👇

#donarsangre #donacióndesangre #donantevoluntario","['donarsangre', 'donacióndesangre', 'donantevoluntario']",['paugaviriag'],12.0,,[],1920.0,1080.0,https://scontent-vie1-1.cdninstagram.com/v/t51.82787-15/627378298_18558953614035107_8849634630428200909_n.jpg?stp=dst-jpg_e15_s640x640_tt6&_nc_cat=111&ig_cache_key=MzgyNzYxMjcwODczNzMxNDI1MTE4NTU4OTUzNjA4MDM1MTA3.3-ccb7-5&ccb=7-5&_nc_sid=58cdad&efg=eyJ2ZW5jb2RlX3RhZyI6InhwaWRzLjIyNjh4NDAzMi5zZHIuQzMifQ%3D%3D&_nc_ohc=O1PumGDIyYUQ7kNvwHf88kr&_nc_oc=AdnDKHV7Cp4WuHtbwfkMyDPHeo39jWyt_6RQIWePIfrmXw6vTWbVPh2_DcJfygfYsFE&_nc_ad=z-m&_nc_cid=0&_nc_zt=23&_nc_ht=scontent-vie1-1.cdninstagram.com&_nc_gid=OZEWEd7t49WPMisf2jcUmA&oh=00_AfvwMgIDcwcLJc2y4_YgHd0TsjKLHN-EEzap2v3l9sZ_YA&oe=69A208EC,[],https://scontent-vie1-1.cdninstagram.com/o1/v/t16/f2/m69/AQPKpvKdblMcRrgE2mx67xQ6-dLAqgoiLe6LZe4Y50dsuaClHX77WU_9nvmMt3YZQIwBRTgbDQGJcx8nq0tTZX9Q.mp4?strext=1&_nc_cat=108&_nc_sid=5e9851&_nc_ht=scontent-vie1-1.cdninstagram.com&_nc_ohc=03gRfGjpwk8Q7kNvwFUeuP7&efg=eyJ2ZW5jb2RlX3RhZyI6Inhwdl9wcm9ncmVzc2l2ZS5JTlNUQUdSQU0uQ0xJUFMuQzMuNzIwLmRhc2hfYmFzZWxpbmVfMV92MSIsInhwdl9hc3NldF9pZCI6MTc5NDM2NTY3ODExMDcwNjUsImFzc2V0X2FnZV9kYXlzIjoxNSwidmlfdXNlY2FzZV9pZCI6MTAwOTksImR1cmF0aW9uX3MiOjY1LCJ1cmxnZW5fc291cmNlIjoid3d3In0%3D&ccb=17-1&_nc_gid=OZEWEd7t49WPMisf2jcUmA&_nc_zt=28&vs=90ded8f954f8296b&_nc_vs=HBksFQIYOnBhc3N0aHJvdWdoX2V2ZXJzdG9yZS9HT1J1aGlXc3NlY3B3aGdEQVBlNUlhUE1SN0Y3YnNwVEFRQUYVAALIARIAFQIYUWlnX3hwdl9wbGFjZW1lbnRfcGVybWFuZW50X3YyLzFDNDQ0MkM5NTk3QkM0REMyRUVBMjk5NDlDNzdDQTkxX2F1ZGlvX2Rhc2hpbml0Lm1wNBUCAsgBEgAoABgAGwKIB3VzZV9vaWwBMRJwcm9ncmVzc2l2ZV9yZWNpcGUBMRUAACbyvcaGperfPxUCKAJDMywXQFBGVgQYk3UYEmRhc2hfYmFzZWxpbmVfMV92MREAdf4HZeadAQA&oh=00_AfvJVeW_PVdc9PBnhmO08tENeV6DPmFoFJokBy9KtDW75Q&oe=69A1F8D4,585.0,48776.0,48776.0,2026-02-07T23:30:00.000Z,[],Antonio Baez,antonibaro_,588835106,clips,65.0989990234375,"{'artist_name': 'antonibaro_', 'song_name': 'Original audio', 'uses_original_audio': True, 'should_mute_audio': False, 'should_mute_audio_reason': '', 'audio_id': '25554228574262578'}",,,"[{'full_name': 'Paula Andrea Gaviria García', 'id': '264136123', 'is_private': False, 'is_verified': False, 'profile_pic_id': '3725531533236064488', 'profile_pic_url': 'https://scontent-vie1-1.cdninstagram.com/v/t51.2885-19/551967672_18522733057008124_3253960670549048689_n.jpg?stp=dst-jpg_e0_s150x150_tt6&efg=eyJ2ZW5jb2RlX3RhZyI6InByb2ZpbGVfcGljLmRqYW5nby4xMDgwLmMyIn0&_nc_ht=scontent-vie1-1.cdninstagram.com&_nc_cat=104&_nc_oc=Q6cZ2QGHMO9G52G1kYX9lCVCW6sW4YW1OO5jRSMYbVstfeTBsgoVOS7FZ74cGCz4dh7tQz0&_nc_ohc=QvgOnTfr5WQQ7kNvwHZUQMx&_nc_gid=OZEWEd7t49WPMisf2jcUmA&edm=AMKDjl4BAAAA&ccb=7-5&ig_cache_key=GLhb5iD84SHcU85BAHH9Kln9YygtbmNDAQAB1501500j-ccb7-5&oh=00_AftDDZI3xqfFtJxrQOLvh8AKf0qEh5bBEhzLzdPaROHZ8A&oe=69A1F466&_nc_sid=472314', 'username': 'paugaviriag'}]",,,,
https://www.instagram.com/p/C5s95qvijpq/,,,,https://www.instagram.com/explore/tags/donarsangre,3345320866971531882,Video,C5s95qvijpq,¡Tu donación de sangre salva vidas! 💖💉 Se necesitan 650 donaciones cada día en la Comunidad Valenciana para abastecer a los hospitales @gvadonasang #ComunidadValenciana #DonarSangre *publi,"['ComunidadValenciana', 'DonarSangre']",['gvadonasang'],1412.0,,[],1280.0,720.0,https://scontent-vie1-1.cdninstagram.com/v/t51.71878-15/497154906_1186359026132456_4140190106134464690_n.jpg?stp=dst-jpg_e15_s640x640_tt6&_nc_cat=107&ig_cache_key=MzM0NTMyMDg2Njk3MTUzMTg4Mg%3D%3D.3-ccb7-5&ccb=7-5&_nc_sid=58cdad&efg=eyJ2ZW5jb2RlX3RhZyI6InhwaWRzLjcyMHgxMjgwLnNkci5DMyJ9&_nc_ohc=MTCb4VfYHEoQ7kNvwEiAW3x&_nc_oc=AdmEZQwiU94Kfmr5SzlUjbJdvqJi5K2421vnDl_jPPqrL_WiEBeN2hxvwG5MA4SotM8&_nc_ad=z-m&_nc_cid=0&_nc_zt=23&_nc_ht=scontent-vie1-1.cdninstagram.com&_nc_gid=OZEWEd7t49WPMisf2jcUmA&oh=00_AfvrWjhKy4M5BHHfoCWyqGivWtZ-fUmoY7_aPaIfoDXGdw&oe=69A20495,[],https://scontent-vie1-1.cdninstagram.com/o1/v/t2/f2/m82/AQPcEJPSh9HxqjbLfBhjMRegn3WpQnRWkH-nCLdVrtGTsgQPtSyNUyHHwrBMjheRBxtI8aiKHfFJeRQrjoZOV5ZBQc0uRXtdglBefuE.mp4?_nc_cat=110&_nc_sid=5e9851&_nc_ht=scontent-vie1-1.cdninstagram.com&_nc_ohc=0NprBu6aonsQ7kNvwF62eXb&efg=eyJ2ZW5jb2RlX3RhZyI6Inhwdl9wcm9ncmVzc2l2ZS5JTlNUQUdSQU0uQ0xJUFMuQzMuNzIwLmRhc2hfYmFzZWxpbmVfMV92MSIsInhwdl9hc3NldF9pZCI6OTQ3MDUxMjI2NzI5OTA1LCJhc3NldF9hZ2VfZGF5cyI6NjgwLCJ2aV91c2VjYXNlX2lkIjoxMDA5OSwiZHVyYXRpb25fcyI6ODAsInVybGdlbl9zb3VyY2UiOiJ3d3cifQ%3D%3D&ccb=17-1&_nc_gid=OZEWEd7t49WPMisf2jcUmA&_nc_zt=28&vs=3efd47ef430947c6&_nc_vs=HBksFQIYT2lnX3hwdl9yZWVsc19wZXJtYW5lbnRfcHJvZC9GQzRFQkIwRjA4MkQ1NTVBQzlDMDNFM0YzQTdGRUNBQl92aWRlb19kYXNoaW5pdC5tcDQVAALIARIAFQIYOnBhc3N0aHJvdWdoX2V2ZXJzdG9yZS9HRWxJRnhwSXZsYW5ENHdNQUlZdk41TndoeDlwYnFfRUFBQUYVAgLIARIAKAAYABsCiAd1c2Vfb2lsATEScHJvZ3Jlc3NpdmVfcmVjaXBlATEVAAAm4ragv9HVrgMVAigCQzMsF0BUBDlYEGJOGBJkYXNoX2Jhc2VsaW5lXzFfdjERAHX-B2XmnQEA&oh=00_AftHMNjJt1NrJG6VMEmzWAtXvYc02NJUNeuhQf0Mh1NBBA&oe=699E19A7,89170.0,1350779.0,1333332.0,2024-04-13T13:03:35.000Z,[],Las aventuras de Nacho,nachter,2256909299,clips,80.06600189208984,"{'artist_name': 'nachter', 'song_name': 'Original audio', 'uses_original_audio': True, 'should_mute_audio': False, 'should_mute_audio_reason': '', 'audio_id': '1363375907631308'}",,,,,230.0,17447.0,
